NAME,total_population,total_commuters,public_transit_commuters,drove_alone,carpooled,worked_from_home,travel_time_total,commute_60_to_89_min,commute_90_plus_min,median_household_income,total_households_vehicles,zero_vehicle_households,total_pop_race,white_non_hispanic,black,asian,hispanic_latino,state,county,tract,county_name,GEOID
Census Tract 4001; Alameda County; California,3269,1582,145,630,141,92,1018,107,39,234236,1377,95,3269,2255,171,477,167,06,001,400100,Alameda,06001400100
Census Tract 4002; Alameda County; California,2147,1124,287,250,62,21,669,97,16,225500,876,83,2147,1500,38,251,159,06,001,400200,Alameda,06001400200
Census Tract 4003; Alameda County; California,5619,3301,921,918,115,97,2224,299,91,164000,2638,367,5619,3290,529,635,568,06,001,400300,Alameda,06001400300
Census Tract 4004; Alameda County; California,4278,2455,516,752,170,110,1749,172,80,158836,1760,249,4278,2740,499,373,306,06,001,400400,Alameda,06001400400
Census Tract 4005; Alameda County; California,3949,2210,395,859,108,37,1537,106,29,95078,1679,143,3949,1638,993,370,612,06,001,400500,Alameda,06001400500
Census Tract 4006; Alameda County; California,2058,1311,240,559,58,34,941,52,127,155893,768,72,2058,905,539,131,134,06,001,400600,Alameda,06001400600
Census Tract 4007; Alameda County; California,4758,3099,726,1047,234,52,2289,185,49,110556,2012,279,4758,2293,1101,398,470,06,001,400700,Alameda,06001400700
Census Tract 4008; Alameda County; California,4335,2831,485,1119,117,111,2113,206,152,97132,1885,189,4335,2228,643,695,387,06,001,400800,Alameda,06001400800
Census Tract 4009; Alameda County; California,2844,1942,317,890,154,23,1507,73,21,114583,1113,50,2844,1052,692,174,533,06,001,400900,Alameda,06001400900
Census Tract 4010; Alameda County; California,6277,3942,742,1200,249,103,2584,175,53,153654,2302,356,6277,2095,1478,464,1389,06,001,401000,Alameda,06001401000
Census Tract 4011; Alameda County; California,5537,3480,1314,1107,69,67,2720,248,171,93121,2649,410,5537,2325,906,1005,658,06,001,401100,Alameda,06001401100
Census Tract 4012; Alameda County; California,2994,2005,544,614,150,25,1473,228,0,115045,1429,163,2994,1718,239,441,387,06,001,401200,Alameda,06001401200
Census Tract 4013; Alameda County; California,4608,3085,665,983,145,380,2474,402,128,104226,2401,749,4608,1657,1325,827,393,06,001,401300,Alameda,06001401300
Census Tract 4014; Alameda County; California,5392,3202,850,1532,255,93,2875,272,149,95011,1741,286,5392,1380,1716,731,1175,06,001,401400,Alameda,06001401400
Census Tract 4015; Alameda County; California,3035,1709,337,853,40,104,1469,94,78,75568,1203,349,3035,662,1666,88,467,06,001,401500,Alameda,06001401500
Census Tract 4016; Alameda County; California,2403,1333,185,609,150,39,1063,24,23,88304,909,100,2403,446,788,265,697,06,001,401600,Alameda,06001401600
Census Tract 4017; Alameda County; California,3276,2224,431,1017,147,0,1681,240,30,145833,1406,60,3276,1487,452,551,549,06,001,401700,Alameda,06001401700
Census Tract 4018; Alameda County; California,1709,965,315,330,63,12,804,101,37,72401,693,192,1709,417,649,78,454,06,001,401800,Alameda,06001401800
Census Tract 4022; Alameda County; California,2337,1435,362,518,116,64,1139,94,59,96200,924,172,2337,747,647,295,537,06,001,402200,Alameda,06001402200
Census Tract 4024; Alameda County; California,2623,1156,357,448,22,81,1008,161,14,31279,1242,474,2623,349,1432,393,228,06,001,402400,Alameda,06001402400
Census Tract 4025; Alameda County; California,2010,738,265,314,40,23,666,217,33,34250,773,280,2010,314,878,388,235,06,001,402500,Alameda,06001402500
Census Tract 4026; Alameda County; California,1300,593,77,272,28,67,489,0,7,45560,615,187,1300,123,500,479,76,06,001,402600,Alameda,06001402600
Census Tract 4027; Alameda County; California,2039,1122,357,341,84,65,894,47,34,115750,735,190,2039,523,763,312,347,06,001,402700,Alameda,06001402700
Census Tract 4028.01; Alameda County; California,3254,1858,619,467,123,130,1440,243,36,74931,1707,735,3254,869,1411,620,148,06,001,402801,Alameda,06001402801
Census Tract 4028.02; Alameda County; California,1430,590,158,123,26,57,473,39,13,-666666666,717,446,1430,329,613,252,51,06,001,402802,Alameda,06001402802
Census Tract 4029; Alameda County; California,1828,918,347,186,12,79,663,81,17,37973,1236,727,1828,365,408,806,182,06,001,402900,Alameda,06001402900
Census Tract 4030; Alameda County; California,2897,1187,401,326,49,189,965,14,10,32077,1566,868,2897,250,146,2222,62,06,001,403000,Alameda,06001403000
Census Tract 4031; Alameda County; California,1941,1072,376,287,6,44,726,57,33,136071,960,353,1941,767,323,537,241,06,001,403100,Alameda,06001403100
Census Tract 4033.01; Alameda County; California,1830,923,235,338,114,171,858,212,42,34417,771,284,1830,187,51,1262,38,06,001,403301,Alameda,06001403301
Census Tract 4033.02; Alameda County; California,2556,2136,652,563,24,173,1602,236,45,148235,1416,231,2556,1317,123,559,158,06,001,403302,Alameda,06001403302
Census Tract 4034.01; Alameda County; California,2717,1556,413,477,73,205,1261,138,0,69984,1985,774,2717,1154,447,678,238,06,001,403401,Alameda,06001403401
Census Tract 4034.02; Alameda County; California,1134,925,427,136,132,95,810,113,0,89021,735,282,1134,493,172,152,135,06,001,403402,Alameda,06001403402
Census Tract 4035.01; Alameda County; California,4904,3069,720,1163,58,177,2359,246,101,104167,2714,749,4904,1874,740,1525,387,06,001,403501,Alameda,06001403501
Census Tract 4035.02; Alameda County; California,1919,1337,446,377,64,68,1013,115,78,108478,1118,181,1919,939,221,208,324,06,001,403502,Alameda,06001403502
Census Tract 4036; Alameda County; California,5056,3264,419,1236,82,484,2370,223,46,99925,2833,346,5056,1933,1174,497,857,06,001,403600,Alameda,06001403600
Census Tract 4037.01; Alameda County; California,2909,1853,323,645,87,126,1335,88,132,84063,1752,453,2909,1222,632,573,305,06,001,403701,Alameda,06001403701
Census Tract 4037.02; Alameda County; California,2238,1481,284,459,180,52,1002,84,38,115156,1202,204,2238,1224,369,264,244,06,001,403702,Alameda,06001403702
Census Tract 4038; Alameda County; California,4008,2407,297,889,211,120,1554,272,111,154524,1934,196,4008,2471,606,397,288,06,001,403800,Alameda,06001403800
Census Tract 4039; Alameda County; California,3883,2263,541,772,51,52,1554,148,100,126075,2157,196,3883,2436,360,584,433,06,001,403900,Alameda,06001403900
Census Tract 4040; Alameda County; California,3145,2052,335,745,78,182,1386,99,39,98214,1814,194,3145,1597,377,361,615,06,001,404000,Alameda,06001404000
Census Tract 4041.01; Alameda County; California,3208,2174,438,796,108,115,1657,281,78,128711,1767,249,3208,2365,269,287,141,06,001,404101,Alameda,06001404101
Census Tract 4041.02; Alameda County; California,2701,1446,276,511,109,101,1024,88,17,98472,1628,480,2701,1430,155,408,293,06,001,404102,Alameda,06001404102
Census Tract 4042; Alameda County; California,3894,1865,246,871,90,76,1283,116,10,247619,1460,26,3894,2606,192,435,286,06,001,404200,Alameda,06001404200
Census Tract 4043; Alameda County; California,3587,1837,251,748,63,37,1178,73,7,227237,1424,43,3587,2696,46,474,214,06,001,404300,Alameda,06001404300
Census Tract 4044; Alameda County; California,5823,2895,302,1436,201,34,1989,34,0,184737,2450,72,5823,3417,142,1095,182,06,001,404400,Alameda,06001404400
Census Tract 4045.01; Alameda County; California,1820,947,97,390,40,47,650,79,5,232112,685,23,1820,1197,94,142,116,06,001,404501,Alameda,06001404501
Census Tract 4045.02; Alameda County; California,6110,3254,348,1298,300,11,2015,283,111,227361,2582,32,6110,4030,353,1021,326,06,001,404502,Alameda,06001404502
Census Tract 4046; Alameda County; California,4934,2215,312,995,120,47,1503,227,74,222617,1935,72,4934,2872,263,662,216,06,001,404600,Alameda,06001404600
Census Tract 4047; Alameda County; California,2187,1154,107,425,118,5,681,135,11,250001,849,0,2187,1477,100,252,198,06,001,404700,Alameda,06001404700
Census Tract 4048; Alameda County; California,2744,1204,206,504,106,28,968,148,33,114083,1145,255,2744,1444,315,444,275,06,001,404800,Alameda,06001404800
Census Tract 4049; Alameda County; California,4669,2899,421,1184,170,56,1925,244,25,151860,2041,187,4669,2530,283,638,764,06,001,404900,Alameda,06001404900
Census Tract 4050; Alameda County; California,3665,2230,338,1179,110,9,1676,210,17,152857,1580,79,3665,2086,493,445,376,06,001,405000,Alameda,06001405000
Census Tract 4051; Alameda County; California,4508,2444,253,951,81,86,1494,191,68,250001,1702,17,4508,2986,255,547,305,06,001,405100,Alameda,06001405100
Census Tract 4052; Alameda County; California,4913,3025,470,1219,99,176,2113,222,115,105222,2292,322,4913,1670,680,1939,305,06,001,405200,Alameda,06001405200
Census Tract 4053.01; Alameda County; California,2872,2072,436,1006,81,11,1570,183,78,112656,1479,275,2872,1394,400,411,480,06,001,405301,Alameda,06001405301
Census Tract 4053.02; Alameda County; California,2559,1544,397,535,33,56,1067,164,0,63709,1539,473,2559,876,596,795,159,06,001,405302,Alameda,06001405302
Census Tract 4054.01; Alameda County; California,3541,2175,572,992,179,116,1935,324,106,70231,1584,415,3541,894,444,1132,834,06,001,405401,Alameda,06001405401
Census Tract 4054.02; Alameda County; California,3673,1907,379,830,156,28,1584,136,0,61204,1232,210,3673,746,561,1315,862,06,001,405402,Alameda,06001405402
Census Tract 4055; Alameda County; California,3537,1972,298,1260,77,16,1684,154,49,82222,1610,315,3537,756,690,1288,520,06,001,405500,Alameda,06001405500
Census Tract 4056; Alameda County; California,3044,2065,341,992,145,0,1519,143,55,80669,1447,284,3044,941,524,672,677,06,001,405600,Alameda,06001405600
Census Tract 4057; Alameda County; California,3522,2150,278,1463,158,11,1933,186,28,74547,1505,142,3522,530,985,934,876,06,001,405700,Alameda,06001405700
Census Tract 4058; Alameda County; California,4182,1973,144,1288,294,0,1862,119,5,67222,1342,105,4182,494,850,1815,864,06,001,405800,Alameda,06001405800
Census Tract 4059.01; Alameda County; California,3757,1685,293,813,220,20,1435,233,51,51292,1089,184,3757,189,643,1248,1266,06,001,405901,Alameda,06001405901
Census Tract 4059.02; Alameda County; California,3138,1611,223,967,112,60,1396,248,15,69097,923,124,3138,389,234,1270,916,06,001,405902,Alameda,06001405902
Census Tract 4060; Alameda County; California,4735,2530,500,1367,138,65,2219,42,90,56763,1816,438,4735,830,910,1939,963,06,001,406000,Alameda,06001406000
Census Tract 4061; Alameda County; California,4939,2360,323,1188,145,150,1855,123,86,64879,1810,217,4939,897,438,1003,2345,06,001,406100,Alameda,06001406100
Census Tract 4062.01; Alameda County; California,5072,2333,383,1283,279,78,2035,141,141,50417,1515,279,5072,284,695,1446,2455,06,001,406201,Alameda,06001406201
Census Tract 4062.02; Alameda County; California,4733,2056,443,910,223,214,1933,130,0,55000,1350,372,4733,316,592,722,2955,06,001,406202,Alameda,06001406202
Census Tract 4063; Alameda County; California,4556,2331,558,1137,230,49,2067,267,95,62837,1379,96,4556,482,880,980,1590,06,001,406300,Alameda,06001406300
Census Tract 4064; Alameda County; California,2598,973,145,485,153,39,842,108,26,72955,824,129,2598,609,430,564,816,06,001,406400,Alameda,06001406400
Census Tract 4065; Alameda County; California,6494,3124,411,2130,235,0,2836,322,69,67717,1920,226,6494,777,861,1370,3183,06,001,406500,Alameda,06001406500
Census Tract 4066.01; Alameda County; California,4531,2450,218,1280,390,38,1958,158,96,75000,1836,45,4531,1034,1302,808,1069,06,001,406601,Alameda,06001406601
Census Tract 4066.02; Alameda County; California,2540,1063,269,537,98,34,977,150,23,58869,925,149,2540,344,567,567,866,06,001,406602,Alameda,06001406602
Census Tract 4067; Alameda County; California,5380,3162,292,1574,281,26,2258,225,71,143887,2083,88,5380,2465,366,1082,919,06,001,406700,Alameda,06001406700
Census Tract 4068; Alameda County; California,3971,1942,178,1081,85,0,1365,128,86,131161,1409,31,3971,1127,833,743,965,06,001,406800,Alameda,06001406800
Census Tract 4069; Alameda County; California,3865,2320,85,1194,175,155,1622,170,45,137943,1579,92,3865,1533,656,887,323,06,001,406900,Alameda,06001406900
Census Tract 4070; Alameda County; California,6202,2934,254,1457,432,97,2292,88,58,89755,1995,208,6202,1135,970,1263,2257,06,001,407000,Alameda,06001407000
Census Tract 4071.01; Alameda County; California,4053,1576,102,858,299,126,1401,28,27,48281,1133,129,4053,471,749,974,1640,06,001,407101,Alameda,06001407101
Census Tract 4071.02; Alameda County; California,4268,1956,422,1141,116,16,1707,93,110,70284,1387,345,4268,320,1011,1165,1591,06,001,407102,Alameda,06001407102
Census Tract 4072; Alameda County; California,6544,3091,648,1682,234,134,2829,342,81,59937,1843,278,6544,920,211,648,4626,06,001,407200,Alameda,06001407200
Census Tract 4073; Alameda County; California,2459,1082,134,529,216,100,997,149,80,77813,649,54,2459,268,207,298,1604,06,001,407300,Alameda,06001407300
Census Tract 4074; Alameda County; California,4242,1730,96,1242,141,61,1550,90,117,57961,1273,199,4242,253,1548,466,1882,06,001,407400,Alameda,06001407400
Census Tract 4075; Alameda County; California,3988,1491,77,983,205,3,1337,57,25,46019,1292,268,3988,280,910,751,1912,06,001,407500,Alameda,06001407500
Census Tract 4076; Alameda County; California,6459,3458,304,2139,309,0,2860,213,132,86761,2043,73,6459,1637,1617,705,2189,06,001,407600,Alameda,06001407600
Census Tract 4077; Alameda County; California,4238,2169,334,1119,165,11,1684,300,87,116814,1684,72,4238,1896,897,325,769,06,001,407700,Alameda,06001407700
Census Tract 4078; Alameda County; California,2769,1267,274,592,51,71,1008,205,115,113438,744,53,2769,989,602,340,671,06,001,407800,Alameda,06001407800
Census Tract 4079; Alameda County; California,3088,1753,82,1003,227,0,1354,214,57,124523,1349,10,3088,1530,398,426,396,06,001,407900,Alameda,06001407900
Census Tract 4080; Alameda County; California,2860,1411,79,768,178,58,1113,210,18,192159,1074,61,2860,1736,235,459,326,06,001,408000,Alameda,06001408000
Census Tract 4081; Alameda County; California,7313,3783,299,1869,314,26,2716,317,187,166786,2922,13,7313,2731,1828,1806,539,06,001,408100,Alameda,06001408100
Census Tract 4082; Alameda County; California,4471,2442,285,1527,173,13,2034,328,117,79821,1922,325,4471,752,1811,156,1300,06,001,408200,Alameda,06001408200
Census Tract 4083; Alameda County; California,4791,2552,373,1427,157,0,2008,248,90,129295,1856,98,4791,1046,1827,539,1007,06,001,408300,Alameda,06001408300
Census Tract 4084; Alameda County; California,4077,2004,421,1115,308,0,1844,178,44,63994,1339,223,4077,181,1610,300,1922,06,001,408400,Alameda,06001408400
Census Tract 4085; Alameda County; California,5634,2613,241,1832,330,24,2499,220,43,61750,1667,253,5634,149,2216,202,2783,06,001,408500,Alameda,06001408500
Census Tract 4086; Alameda County; California,6519,3214,306,1908,336,0,2635,136,162,80114,1995,75,6519,398,2818,362,2695,06,001,408600,Alameda,06001408600
Census Tract 4087; Alameda County; California,7456,3068,612,1942,265,0,2861,311,85,45500,2664,248,7456,673,2414,477,3788,06,001,408700,Alameda,06001408700
Census Tract 4088; Alameda County; California,7968,3184,349,1864,294,27,3023,286,12,44100,2358,624,7968,328,2723,353,3644,06,001,408800,Alameda,06001408800
Census Tract 4089; Alameda County; California,3956,1665,234,1081,194,7,1625,204,84,44077,1133,153,3956,171,836,172,2694,06,001,408900,Alameda,06001408900
Census Tract 4090; Alameda County; California,5039,2070,72,1348,132,291,1937,144,53,70769,1048,66,5039,165,1477,390,2960,06,001,409000,Alameda,06001409000
Census Tract 4091; Alameda County; California,2532,1252,123,530,436,23,1134,177,15,72204,685,165,2532,256,516,168,1559,06,001,409100,Alameda,06001409100
Census Tract 4092; Alameda County; California,3615,1510,170,1019,279,9,1510,174,35,73621,1031,80,3615,45,987,164,2249,06,001,409200,Alameda,06001409200
Census Tract 4093; Alameda County; California,5743,2319,240,1683,300,38,2261,56,0,56058,1707,192,5743,129,1357,286,3769,06,001,409300,Alameda,06001409300
Census Tract 4094; Alameda County; California,4710,2063,70,1552,238,0,1897,84,83,66602,1335,79,4710,217,851,432,3107,06,001,409400,Alameda,06001409400
Census Tract 4095; Alameda County; California,4291,1558,209,1048,96,63,1422,126,140,54000,1100,133,4291,505,759,72,2755,06,001,409500,Alameda,06001409500
Census Tract 4096; Alameda County; California,5139,2136,263,1548,121,0,1947,128,0,54012,1751,158,5139,172,1247,77,3599,06,001,409600,Alameda,06001409600
Census Tract 4097; Alameda County; California,5240,2015,269,1519,131,9,1959,138,20,47161,1648,343,5240,424,1875,168,1906,06,001,409700,Alameda,06001409700
Census Tract 4098; Alameda County; California,3511,1818,248,1128,147,22,1589,188,52,106023,1185,174,3511,618,1762,220,529,06,001,409800,Alameda,06001409800
Census Tract 4099; Alameda County; California,3983,1927,46,1130,168,10,1354,33,39,176141,1417,19,3983,926,1635,245,536,06,001,409900,Alameda,06001409900
Census Tract 4100; Alameda County; California,3177,1561,130,1012,116,0,1273,147,58,154648,1241,44,3177,1038,1502,211,158,06,001,410000,Alameda,06001410000
Census Tract 4101; Alameda County; California,3172,1464,154,884,118,25,1250,190,69,84135,1143,95,3172,310,1645,326,564,06,001,410100,Alameda,06001410100
Census Tract 4102; Alameda County; California,3238,1653,84,1164,160,0,1467,193,33,75106,1106,107,3238,343,1432,152,1205,06,001,410200,Alameda,06001410200
Census Tract 4103; Alameda County; California,3893,1787,50,1300,302,0,1661,104,24,54698,1063,99,3893,79,642,54,3044,06,001,410300,Alameda,06001410300
Census Tract 4104; Alameda County; California,4687,2367,235,1424,354,53,2118,307,59,82188,1432,221,4687,218,1465,370,2415,06,001,410400,Alameda,06001410400
Census Tract 4105; Alameda County; California,3081,1199,364,546,151,29,1095,120,6,46031,1003,237,3081,662,1814,126,373,06,001,410500,Alameda,06001410500
Census Tract 4201; Alameda County; California,2631,1272,128,462,93,75,809,59,40,188125,1022,57,2631,1426,122,517,350,06,001,420100,Alameda,06001420100
Census Tract 4202; Alameda County; California,3275,1953,334,864,54,146,1438,216,33,140508,1303,93,3275,1148,185,1297,158,06,001,420200,Alameda,06001420200
Census Tract 4203.01; Alameda County; California,2645,1352,245,592,91,21,985,128,20,113188,1103,58,2645,1004,64,1143,230,06,001,420301,Alameda,06001420301
Census Tract 4203.02; Alameda County; California,2446,1179,213,458,28,36,885,90,47,121538,944,107,2446,849,287,834,171,06,001,420302,Alameda,06001420302
Census Tract 4204.01; Alameda County; California,1333,533,62,131,25,153,408,1,0,72708,437,124,1333,427,0,483,314,06,001,420401,Alameda,06001420401
Census Tract 4204.02; Alameda County; California,1661,787,227,135,27,4,431,67,0,58835,647,122,1661,531,52,536,468,06,001,420402,Alameda,06001420402
Census Tract 4205; Alameda County; California,2548,1307,162,564,115,29,964,100,62,127000,962,84,2548,1245,57,630,404,06,001,420500,Alameda,06001420500
Census Tract 4206; Alameda County; California,3488,1704,253,541,46,63,997,173,29,169868,1328,30,3488,2222,36,491,272,06,001,420600,Alameda,06001420600
Census Tract 4211; Alameda County; California,2108,1088,118,500,49,1,683,226,42,234243,835,30,2108,1615,35,217,111,06,001,421100,Alameda,06001421100
Census Tract 4212; Alameda County; California,3557,1666,190,533,117,62,955,120,22,247171,1399,41,3557,2473,24,710,70,06,001,421200,Alameda,06001421200
Census Tract 4213; Alameda County; California,4011,1971,219,565,149,28,1112,180,49,130500,1808,69,4011,2907,7,578,115,06,001,421300,Alameda,06001421300
Census Tract 4214; Alameda County; California,1638,771,96,231,103,37,491,89,17,208500,620,25,1638,1270,31,114,147,06,001,421400,Alameda,06001421400
Census Tract 4215; Alameda County; California,4064,1915,180,633,113,63,1052,143,28,201950,1565,32,4064,3312,65,368,185,06,001,421500,Alameda,06001421500
Census Tract 4216; Alameda County; California,3854,1674,232,714,28,103,1207,260,39,218390,1493,52,3854,2746,93,428,150,06,001,421600,Alameda,06001421600
Census Tract 4217; Alameda County; California,3421,1790,294,498,11,243,1267,66,46,108339,1669,231,3421,2234,140,786,199,06,001,421700,Alameda,06001421700
Census Tract 4218; Alameda County; California,2260,1176,232,468,27,68,913,85,38,171168,919,56,2260,1584,20,354,114,06,001,421800,Alameda,06001421800
Census Tract 4219; Alameda County; California,4141,2393,403,880,180,160,1716,233,113,160063,1676,177,4141,2089,549,871,298,06,001,421900,Alameda,06001421900
Census Tract 4220; Alameda County; California,2453,1676,310,496,145,249,1235,118,45,140331,1185,119,2453,1214,119,510,164,06,001,422000,Alameda,06001422000
Census Tract 4221; Alameda County; California,3200,1848,224,779,56,63,1205,160,29,124583,1368,124,3200,1495,374,455,641,06,001,422100,Alameda,06001422100
Census Tract 4222; Alameda County; California,3280,1762,408,495,80,94,1189,189,12,105750,1424,161,3280,2054,83,360,239,06,001,422200,Alameda,06001422200
Census Tract 4223; Alameda County; California,3567,1732,330,447,155,187,1336,105,40,93750,1654,393,3567,1875,444,717,245,06,001,422300,Alameda,06001422300
Census Tract 4224; Alameda County; California,4187,2272,542,452,68,569,1647,47,72,69717,1853,622,4187,1580,134,1650,522,06,001,422400,Alameda,06001422400
Census Tract 4225; Alameda County; California,4467,2359,292,413,73,1056,1920,112,47,58558,1667,363,4467,1994,183,1432,585,06,001,422500,Alameda,06001422500
Census Tract 4227; Alameda County; California,4803,1847,167,330,87,630,1408,17,51,42417,999,382,4803,1744,186,1597,793,06,001,422700,Alameda,06001422700
Census Tract 4228; Alameda County; California,8980,2835,500,359,41,848,1989,209,50,26056,1363,969,8980,2486,515,3674,1671,06,001,422800,Alameda,06001422800
Census Tract 4229.01; Alameda County; California,2024,1008,250,169,0,326,817,20,12,49604,849,373,2024,820,0,1040,51,06,001,422901,Alameda,06001422901
Census Tract 4229.02; Alameda County; California,3022,1331,245,207,43,350,888,57,71,-666666666,1369,694,3022,907,203,1189,209,06,001,422902,Alameda,06001422902
Census Tract 4230; Alameda County; California,4549,2827,638,463,110,292,1639,139,44,86917,1891,230,4549,2605,343,1011,374,06,001,423000,Alameda,06001423000
Census Tract 4231; Alameda County; California,4275,1808,444,620,18,211,1454,243,58,61161,2008,629,4275,1766,1015,601,434,06,001,423100,Alameda,06001423100
Census Tract 4232; Alameda County; California,3003,1397,162,498,89,33,945,217,11,80106,1131,285,3003,1176,527,178,1004,06,001,423200,Alameda,06001423200
Census Tract 4233; Alameda County; California,3476,1700,279,705,42,67,1207,87,95,83450,1429,226,3476,1595,690,206,579,06,001,423300,Alameda,06001423300
Census Tract 4234; Alameda County; California,5551,3306,766,1151,116,85,2572,191,90,107455,2159,322,5551,2613,737,593,1237,06,001,423400,Alameda,06001423400
Census Tract 4235; Alameda County; California,3540,1990,396,648,154,155,1609,119,15,89728,1518,358,3540,1935,357,490,594,06,001,423500,Alameda,06001423500
Census Tract 4236.01; Alameda County; California,2738,1565,264,561,62,165,1167,135,58,155857,1122,114,2738,1715,102,352,358,06,001,423601,Alameda,06001423601
Census Tract 4236.02; Alameda County; California,7198,3473,747,948,93,1039,2939,210,13,59297,2216,800,7198,3393,108,2166,1006,06,001,423602,Alameda,06001423602
Census Tract 4237; Alameda County; California,3606,1648,134,499,44,426,1183,166,24,108750,1205,230,3606,2179,86,533,603,06,001,423700,Alameda,06001423700
Census Tract 4238; Alameda County; California,3425,1568,225,536,40,46,1059,168,55,191838,1421,45,3425,2485,37,393,189,06,001,423800,Alameda,06001423800
Census Tract 4239.01; Alameda County; California,2258,1328,269,398,138,0,1004,167,17,105625,859,128,2258,1168,286,153,444,06,001,423901,Alameda,06001423901
Census Tract 4239.02; Alameda County; California,1512,926,197,281,10,107,660,49,50,171583,659,97,1512,1041,90,212,107,06,001,423902,Alameda,06001423902
Census Tract 4240.01; Alameda County; California,3631,1954,574,539,145,98,1463,151,93,87500,1398,255,3631,1683,658,508,593,06,001,424001,Alameda,06001424001
Census Tract 4240.02; Alameda County; California,2663,1417,245,701,27,44,1117,58,27,103393,1037,222,2663,1004,830,301,453,06,001,424002,Alameda,06001424002
Census Tract 4251.01; Alameda County; California,1754,1121,142,632,61,80,989,91,16,81722,1243,153,1754,797,104,420,186,06,001,425101,Alameda,06001425101
Census Tract 4251.02; Alameda County; California,3969,2894,529,864,263,241,1947,202,136,124375,2291,357,3969,1170,507,1589,399,06,001,425102,Alameda,06001425102
Census Tract 4251.03; Alameda County; California,3103,2170,307,797,308,150,1631,170,38,119301,1721,147,3103,971,826,928,215,06,001,425103,Alameda,06001425103
Census Tract 4251.04; Alameda County; California,4014,2484,472,848,86,39,1539,191,52,119083,1978,395,4014,1668,624,949,388,06,001,425104,Alameda,06001425104
Census Tract 4261; Alameda County; California,6300,2900,267,1329,241,47,1927,160,75,250001,2137,10,6300,4288,0,1549,152,06,001,426100,Alameda,06001426100
Census Tract 4262; Alameda County; California,4861,2174,244,930,226,46,1483,132,28,250001,1652,55,4861,3310,70,866,281,06,001,426200,Alameda,06001426200
Census Tract 4271; Alameda County; California,4222,1997,260,944,114,63,1443,202,23,215045,1375,0,4222,2448,51,776,628,06,001,427100,Alameda,06001427100
Census Tract 4272; Alameda County; California,4508,2403,156,1318,30,130,1837,182,74,118571,1602,146,4508,1468,149,1788,748,06,001,427200,Alameda,06001427200
Census Tract 4273; Alameda County; California,5283,2695,264,1452,84,98,2034,163,58,124432,2015,169,5283,1673,859,1929,430,06,001,427300,Alameda,06001427300
Census Tract 4276; Alameda County; California,4740,2481,248,1552,211,96,2201,150,155,91820,1882,270,4740,1352,738,1645,733,06,001,427600,Alameda,06001427600
Census Tract 4277; Alameda County; California,5009,2869,393,1370,207,123,2141,274,89,120804,2173,365,5009,3052,107,1129,530,06,001,427700,Alameda,06001427700
Census Tract 4278; Alameda County; California,4274,2379,402,1142,158,22,1771,207,94,132647,1778,156,4274,2198,187,978,402,06,001,427800,Alameda,06001427800
Census Tract 4279; Alameda County; California,4686,2567,436,1322,104,50,2053,435,267,108691,2009,214,4686,2441,31,1182,645,06,001,427900,Alameda,06001427900
Census Tract 4280; Alameda County; California,2906,1418,327,757,44,52,1208,218,52,90750,1261,51,2906,925,350,700,409,06,001,428000,Alameda,06001428000
Census Tract 4281; Alameda County; California,4866,2552,389,1333,136,12,1881,194,121,155071,1856,113,4866,2495,332,1102,470,06,001,428100,Alameda,06001428100
Census Tract 4282; Alameda County; California,6475,2990,362,1468,244,89,2285,234,165,103333,2712,148,6475,3329,215,1267,852,06,001,428200,Alameda,06001428200
Census Tract 4283.01; Alameda County; California,7203,3858,676,1814,373,93,3145,557,122,191875,2326,30,7203,1874,368,3730,684,06,001,428301,Alameda,06001428301
Census Tract 4283.02; Alameda County; California,7022,3397,373,1995,186,0,2623,385,100,225500,2516,50,7022,3110,61,2837,480,06,001,428302,Alameda,06001428302
Census Tract 4284; Alameda County; California,4756,2382,308,1178,114,12,1766,248,48,94231,1836,124,4756,1763,343,1242,783,06,001,428400,Alameda,06001428400
Census Tract 4285; Alameda County; California,3302,1785,311,873,30,103,1362,164,57,138571,1432,135,3302,1376,361,841,538,06,001,428500,Alameda,06001428500
Census Tract 4286; Alameda County; California,3235,1863,217,841,49,33,1230,77,12,116833,1552,106,3235,1374,193,1046,362,06,001,428600,Alameda,06001428600
Census Tract 4287; Alameda County; California,5078,2035,189,1015,177,50,1543,125,57,117153,1495,283,5078,1147,899,1946,683,06,001,428700,Alameda,06001428700
Census Tract 4301.01; Alameda County; California,7034,3611,185,2460,256,36,3005,296,135,204527,2257,13,7034,2381,206,3426,698,06,001,430101,Alameda,06001430101
Census Tract 4301.02; Alameda County; California,2459,1081,81,760,76,39,959,110,41,177250,925,11,2459,1314,22,563,355,06,001,430102,Alameda,06001430102
Census Tract 4302; Alameda County; California,7713,3388,244,2232,140,21,2775,581,139,183182,2372,62,7713,3950,266,2172,780,06,001,430200,Alameda,06001430200
Census Tract 4303; Alameda County; California,4290,2088,98,1413,215,0,1726,173,46,169646,1309,44,4290,1880,21,1054,1049,06,001,430300,Alameda,06001430300
Census Tract 4304; Alameda County; California,2155,1068,48,683,65,5,843,83,31,206750,711,29,2155,1004,92,763,142,06,001,430400,Alameda,06001430400
Census Tract 4305; Alameda County; California,6250,3194,565,2032,256,16,2877,470,72,99189,2105,32,6250,1507,2328,1265,970,06,001,430500,Alameda,06001430500
Census Tract 4306; Alameda County; California,6244,3309,160,2061,237,41,2513,286,73,144922,2207,64,6244,2404,245,2468,1002,06,001,430600,Alameda,06001430600
Census Tract 4307; Alameda County; California,4085,1842,184,1149,199,48,1606,330,90,115625,1362,31,4085,1575,203,1282,741,06,001,430700,Alameda,06001430700
Census Tract 4308; Alameda County; California,5814,2953,159,1946,322,79,2506,129,182,98038,2045,55,5814,2472,49,2038,943,06,001,430800,Alameda,06001430800
Census Tract 4309; Alameda County; California,5214,2538,131,1778,107,26,2055,169,137,105227,1770,155,5214,1463,338,1460,1475,06,001,430900,Alameda,06001430900
Census Tract 4310; Alameda County; California,3091,1567,197,1049,110,57,1445,138,57,87083,1111,109,3091,820,504,947,492,06,001,431000,Alameda,06001431000
Census Tract 4311; Alameda County; California,3259,2050,92,1288,152,28,1603,232,177,98255,1282,105,3259,839,903,490,856,06,001,431100,Alameda,06001431100
Census Tract 4312; Alameda County; California,5865,2798,129,2160,166,0,2455,267,152,106250,2462,240,5865,2114,830,812,1618,06,001,431200,Alameda,06001431200
Census Tract 4321; Alameda County; California,3892,2151,257,1224,80,35,1645,200,11,172278,1353,32,3892,1260,949,460,961,06,001,432100,Alameda,06001432100
Census Tract 4322; Alameda County; California,3987,1865,178,1147,164,82,1608,280,72,94276,1527,194,3987,1058,389,609,1469,06,001,432200,Alameda,06001432200
Census Tract 4323; Alameda County; California,4874,2748,307,1340,644,11,2341,349,54,154028,1713,61,4874,1214,614,1248,1463,06,001,432300,Alameda,06001432300
Census Tract 4324; Alameda County; California,6346,2990,190,2247,330,0,2866,328,59,82424,1738,148,6346,801,280,1286,3501,06,001,432400,Alameda,06001432400
Census Tract 4325.01; Alameda County; California,4892,2905,280,1857,432,64,2680,302,65,112531,1421,113,4892,989,183,2068,1356,06,001,432501,Alameda,06001432501
Census Tract 4325.02; Alameda County; California,5126,2789,340,1906,262,29,2547,166,112,97412,1412,104,5126,554,993,1889,1544,06,001,432502,Alameda,06001432502
Census Tract 4326.01; Alameda County; California,4092,2274,670,867,193,11,1741,268,69,91767,1767,251,4092,985,907,968,1015,06,001,432601,Alameda,06001432601
Census Tract 4326.02; Alameda County; California,3123,1788,282,1014,96,86,1540,120,56,109274,1276,126,3123,443,790,812,929,06,001,432602,Alameda,06001432602
Census Tract 4327; Alameda County; California,2755,1413,173,947,88,34,1273,133,140,92128,980,14,2755,1445,135,532,586,06,001,432700,Alameda,06001432700
Census Tract 4328; Alameda County; California,3862,1820,169,1205,67,20,1461,42,89,135313,1412,30,3862,1432,264,1301,535,06,001,432800,Alameda,06001432800
Census Tract 4330; Alameda County; California,3799,1851,161,1180,255,17,1666,142,94,96237,1354,49,3799,1349,309,1233,601,06,001,433000,Alameda,06001433000
Census Tract 4331.02; Alameda County; California,4445,2370,308,1579,198,0,2195,323,261,120577,1304,45,4445,332,309,2363,1293,06,001,433102,Alameda,06001433102
Census Tract 4331.03; Alameda County; California,3552,1962,134,1221,302,142,1844,176,76,72813,1400,89,3552,459,406,1080,1425,06,001,433103,Alameda,06001433103
Census Tract 4331.04; Alameda County; California,4398,1973,443,1060,205,40,1793,229,62,75841,1717,401,4398,1042,766,431,1673,06,001,433104,Alameda,06001433104
Census Tract 4332; Alameda County; California,8120,4051,264,2956,611,0,3861,217,33,78701,2629,304,8120,829,790,3361,2671,06,001,433200,Alameda,06001433200
Census Tract 4333; Alameda County; California,7367,3748,132,2673,514,50,3474,605,35,103792,1999,28,7367,1355,37,3611,2003,06,001,433300,Alameda,06001433300
Census Tract 4334; Alameda County; California,6040,3200,274,1980,443,45,2848,205,55,113633,2157,97,6040,810,514,3751,472,06,001,433400,Alameda,06001433400
Census Tract 4335; Alameda County; California,4311,2184,151,1532,138,23,1869,177,78,86250,1500,103,4311,1078,126,2083,903,06,001,433500,Alameda,06001433500
Census Tract 4336; Alameda County; California,5844,2627,216,1705,279,11,2258,486,77,85886,2174,397,5844,1656,296,2386,1156,06,001,433600,Alameda,06001433600
Census Tract 4337; Alameda County; California,3125,1538,45,900,368,0,1330,289,36,81992,980,24,3125,392,85,633,1623,06,001,433700,Alameda,06001433700
Census Tract 4338.01; Alameda County; California,3528,1948,70,1291,242,0,1777,87,10,94254,1072,41,3528,308,472,1010,1645,06,001,433801,Alameda,06001433801
Census Tract 4338.02; Alameda County; California,4301,2276,179,1516,209,0,2054,461,126,100784,1470,255,4301,340,541,2307,896,06,001,433802,Alameda,06001433802
Census Tract 4339; Alameda County; California,7187,2942,78,2269,361,25,2803,370,44,70552,2294,139,7187,623,1892,885,3058,06,001,433900,Alameda,06001433900
Census Tract 4340; Alameda County; California,5166,2401,120,1691,281,132,2282,147,53,48023,1666,287,5166,910,679,1062,2335,06,001,434000,Alameda,06001434000
Census Tract 4351.02; Alameda County; California,6137,2869,139,1756,376,174,2454,358,50,138859,1643,9,6137,1519,888,1337,1655,06,001,435102,Alameda,06001435102
Census Tract 4351.03; Alameda County; California,7774,4126,264,2380,545,0,3189,609,178,232569,2461,18,7774,2699,575,3170,487,06,001,435103,Alameda,06001435103
Census Tract 4351.04; Alameda County; California,6856,3123,314,2002,262,17,2609,355,184,112692,2472,109,6856,1055,506,2739,2116,06,001,435104,Alameda,06001435104
Census Tract 4352; Alameda County; California,4647,1974,148,1368,191,12,1728,375,64,134167,1442,32,4647,1073,1039,1017,1261,06,001,435200,Alameda,06001435200
Census Tract 4353; Alameda County; California,4812,2466,80,1637,166,3,2008,138,117,89205,1687,72,4812,1068,728,889,1622,06,001,435300,Alameda,06001435300
Census Tract 4354; Alameda County; California,5048,2483,155,1626,293,60,2144,548,134,80816,1918,357,5048,1173,797,917,1644,06,001,435400,Alameda,06001435400
Census Tract 4355; Alameda County; California,4153,1934,44,1510,87,52,1747,66,6,75139,1403,151,4153,1098,522,311,1986,06,001,435500,Alameda,06001435500
Census Tract 4356.01; Alameda County; California,5449,2403,85,1913,170,0,2186,129,17,81788,1533,125,5449,666,566,765,3092,06,001,435601,Alameda,06001435601
Census Tract 4356.02; Alameda County; California,5671,2200,83,1607,197,16,1945,153,74,86099,1637,107,5671,1123,763,491,2970,06,001,435602,Alameda,06001435602
Census Tract 4357; Alameda County; California,4819,2087,14,1726,158,19,1958,174,38,98125,1479,26,4819,1015,117,944,2414,06,001,435700,Alameda,06001435700
Census Tract 4358; Alameda County; California,5687,2687,100,1824,419,21,2467,274,87,100882,1721,0,5687,1181,256,1939,2188,06,001,435800,Alameda,06001435800
Census Tract 4359; Alameda County; California,5290,2738,104,2200,173,1,2576,266,41,113750,1529,70,5290,1525,35,2258,1318,06,001,435900,Alameda,06001435900
Census Tract 4360; Alameda County; California,5114,2487,154,1691,373,7,2247,242,50,111806,1408,32,5114,1385,31,1353,2067,06,001,436000,Alameda,06001436000
Census Tract 4361; Alameda County; California,5765,2907,248,1965,427,23,2667,261,77,104531,1699,228,5765,972,251,1877,1853,06,001,436100,Alameda,06001436100
Census Tract 4362; Alameda County; California,4128,1867,80,1354,186,103,1765,144,98,72740,1271,77,4128,437,528,401,2631,06,001,436200,Alameda,06001436200
Census Tract 4363.01; Alameda County; California,5255,2301,313,1216,251,0,1941,307,108,149063,1860,110,5255,325,565,1647,2413,06,001,436301,Alameda,06001436301
Census Tract 4363.02; Alameda County; California,3932,2058,137,1349,254,0,1787,64,130,90833,1304,126,3932,672,461,917,1793,06,001,436302,Alameda,06001436302
Census Tract 4364.02; Alameda County; California,2688,1140,72,797,85,7,984,126,30,152917,950,10,2688,1088,370,508,640,06,001,436402,Alameda,06001436402
Census Tract 4364.03; Alameda County; California,4519,2279,180,1516,287,25,2020,455,189,75179,1607,103,4519,1199,424,1044,1165,06,001,436403,Alameda,06001436403
Census Tract 4364.04; Alameda County; California,3232,1700,191,1054,111,0,1356,170,140,150903,1186,18,3232,1442,365,601,693,06,001,436404,Alameda,06001436404
Census Tract 4365; Alameda County; California,5289,2562,229,1700,293,0,2253,315,125,85319,1765,96,5289,689,508,1208,2579,06,001,436500,Alameda,06001436500
Census Tract 4366.01; Alameda County; California,6634,2948,116,2272,250,14,2652,198,202,77982,1913,109,6634,717,704,1201,3818,06,001,436601,Alameda,06001436601
Census Tract 4366.02; Alameda County; California,5255,2367,37,1721,313,41,2248,90,41,92125,1645,132,5255,345,324,1030,2801,06,001,436602,Alameda,06001436602
Census Tract 4367; Alameda County; California,3367,1567,86,1166,143,14,1409,360,77,100242,1150,20,3367,382,448,826,1603,06,001,436700,Alameda,06001436700
Census Tract 4368; Alameda County; California,4196,2224,147,1381,423,97,2056,190,52,103567,1357,87,4196,457,249,1030,2072,06,001,436800,Alameda,06001436800
Census Tract 4369; Alameda County; California,6403,3018,155,2194,359,0,2716,327,87,96719,1865,59,6403,776,446,1192,3687,06,001,436900,Alameda,06001436900
Census Tract 4370; Alameda County; California,3471,1505,72,1088,205,5,1376,244,83,115273,1113,69,3471,750,201,1054,1310,06,001,437000,Alameda,06001437000
Census Tract 4371.01; Alameda County; California,7960,4028,330,2675,386,0,3401,639,166,140682,2270,91,7960,817,499,3974,2184,06,001,437101,Alameda,06001437101
Census Tract 4371.02; Alameda County; California,4457,2042,2,1512,207,58,1877,98,51,82443,1509,156,4457,437,308,1554,1894,06,001,437102,Alameda,06001437102
Census Tract 4372; Alameda County; California,8491,3934,216,2917,284,0,3548,347,110,100946,2616,151,8491,969,546,3363,2719,06,001,437200,Alameda,06001437200
Census Tract 4373; Alameda County; California,3135,1538,46,1149,139,0,1425,103,61,59847,1050,213,3135,403,383,1043,1051,06,001,437300,Alameda,06001437300
Census Tract 4374; Alameda County; California,3733,1617,68,1228,167,24,1498,67,58,88750,1064,43,3733,570,140,849,1957,06,001,437400,Alameda,06001437400
Census Tract 4375; Alameda County; California,4172,1410,65,924,220,28,1265,13,0,84531,1166,137,4172,461,246,591,2335,06,001,437500,Alameda,06001437500
Census Tract 4376; Alameda County; California,3455,1449,74,1022,194,0,1363,139,9,112742,902,84,3455,396,327,1365,1080,06,001,437600,Alameda,06001437600
Census Tract 4377.01; Alameda County; California,3597,1593,94,974,297,57,1442,114,71,69592,1019,34,3597,358,562,742,1786,06,001,437701,Alameda,06001437701
Census Tract 4377.02; Alameda County; California,3880,1983,110,1124,670,0,1965,213,171,82034,1026,22,3880,215,74,114,3298,06,001,437702,Alameda,06001437702
Census Tract 4378; Alameda County; California,4940,2521,172,1970,134,1,2300,199,54,145962,1346,101,4940,758,380,1462,1832,06,001,437800,Alameda,06001437800
Census Tract 4379; Alameda County; California,2032,849,8,654,67,17,766,83,22,88700,670,53,2032,240,230,485,832,06,001,437900,Alameda,06001437900
Census Tract 4380; Alameda County; California,3645,1772,151,1006,262,0,1495,291,26,110481,1147,88,3645,839,418,1338,829,06,001,438000,Alameda,06001438000
Census Tract 4381; Alameda County; California,7953,4099,316,2937,201,22,3571,550,306,154318,2262,17,7953,977,502,3203,2933,06,001,438100,Alameda,06001438100
Census Tract 4382.01; Alameda County; California,4895,1953,115,1427,119,0,1754,187,91,105504,1205,70,4895,360,275,1061,2732,06,001,438201,Alameda,06001438201
Census Tract 4382.03; Alameda County; California,4091,1929,127,1140,217,0,1530,148,90,128568,1207,85,4091,1012,148,1810,860,06,001,438203,Alameda,06001438203
Census Tract 4382.04; Alameda County; California,6371,2706,154,1925,356,0,2462,294,42,98194,1987,83,6371,604,257,2544,2277,06,001,438204,Alameda,06001438204
Census Tract 4383; Alameda County; California,3899,1776,120,1070,277,27,1530,124,90,120469,862,15,3899,232,252,1830,1455,06,001,438300,Alameda,06001438300
Census Tract 4384; Alameda County; California,2671,1224,105,811,246,0,1171,84,57,98625,743,45,2671,417,290,1226,644,06,001,438400,Alameda,06001438400
Census Tract 4401; Alameda County; California,2661,772,49,500,90,5,648,70,27,104271,1013,162,2661,1077,138,653,550,06,001,440100,Alameda,06001440100
Census Tract 4402; Alameda County; California,5641,2401,49,1949,277,37,2342,177,60,114653,1439,24,5641,148,26,1343,3971,06,001,440200,Alameda,06001440200
Census Tract 4403.01; Alameda County; California,7074,3105,155,1931,462,0,2865,120,174,122093,2096,150,7074,2028,406,1811,2378,06,001,440301,Alameda,06001440301
Census Tract 4403.04; Alameda County; California,4662,2218,120,1411,313,17,1919,153,101,135392,1350,42,4662,482,370,3090,567,06,001,440304,Alameda,06001440304
Census Tract 4403.05; Alameda County; California,4064,1732,53,1111,174,0,1378,200,19,156528,1013,5,4064,859,52,2430,551,06,001,440305,Alameda,06001440305
Census Tract 4403.06; Alameda County; California,3787,1775,99,1050,292,63,1530,207,57,108155,1015,11,3787,346,223,2495,417,06,001,440306,Alameda,06001440306
Census Tract 4403.07; Alameda County; California,4481,1872,78,1181,183,0,1507,115,54,117938,1495,92,4481,611,259,2368,960,06,001,440307,Alameda,06001440307
Census Tract 4403.08; Alameda County; California,6011,2621,346,1314,389,4,2082,232,139,108403,1936,387,6011,767,247,3070,1561,06,001,440308,Alameda,06001440308
Census Tract 4403.31; Alameda County; California,3276,1700,65,1174,115,49,1423,71,37,128929,926,36,3276,378,124,1962,520,06,001,440331,Alameda,06001440331
Census Tract 4403.32; Alameda County; California,3203,1511,81,959,72,0,1116,148,106,184620,897,24,3203,258,50,2494,271,06,001,440332,Alameda,06001440332
Census Tract 4403.33; Alameda County; California,2732,1280,66,823,130,0,1067,119,28,113313,877,24,2732,194,22,2239,146,06,001,440333,Alameda,06001440333
Census Tract 4403.34; Alameda County; California,4041,1865,85,1207,225,0,1536,169,7,146523,1039,33,4041,430,233,2753,514,06,001,440334,Alameda,06001440334
Census Tract 4403.36; Alameda County; California,4248,2046,269,1161,147,9,1635,265,77,155625,1305,75,4248,624,534,2162,432,06,001,440336,Alameda,06001440336
Census Tract 4403.37; Alameda County; California,2852,1356,88,819,43,0,961,95,50,250001,734,0,2852,157,140,2226,259,06,001,440337,Alameda,06001440337
Census Tract 4403.38; Alameda County; California,4095,2165,458,1073,222,0,1771,281,56,144850,1657,89,4095,913,20,2650,386,06,001,440338,Alameda,06001440338
Census Tract 4411; Alameda County; California,4632,1988,70,1335,48,0,1461,31,36,154432,1811,74,4632,2042,2,1586,739,06,001,441100,Alameda,06001441100
Census Tract 4412; Alameda County; California,7354,3372,206,2077,122,11,2416,239,25,158446,2592,38,7354,2346,191,3390,900,06,001,441200,Alameda,06001441200
Census Tract 4413.01; Alameda County; California,3330,1716,68,883,121,6,1078,158,19,160714,1220,43,3330,663,363,1742,246,06,001,441301,Alameda,06001441301
Census Tract 4413.02; Alameda County; California,5828,2580,354,1160,139,15,1712,227,101,208590,1876,79,5828,918,158,3631,662,06,001,441302,Alameda,06001441302
Census Tract 4414.01; Alameda County; California,7549,3256,178,1818,277,43,2354,239,39,172083,2367,62,7549,1326,87,4931,742,06,001,441401,Alameda,06001441401
Census Tract 4414.02; Alameda County; California,5344,2335,169,1318,115,0,1641,288,87,180938,1796,68,5344,944,68,3508,383,06,001,441402,Alameda,06001441402
Census Tract 4415.01; Alameda County; California,5723,2431,107,1437,246,0,1830,210,68,184967,1663,9,5723,472,287,4453,287,06,001,441501,Alameda,06001441501
Census Tract 4415.03; Alameda County; California,7416,3384,321,1591,331,60,2350,506,61,221094,2268,22,7416,538,18,6267,320,06,001,441503,Alameda,06001441503
Census Tract 4415.21; Alameda County; California,6016,2647,260,1316,208,9,1886,360,62,229318,1832,53,6016,687,15,4339,332,06,001,441521,Alameda,06001441521
Census Tract 4415.22; Alameda County; California,5275,2226,64,1501,166,0,1731,161,95,178182,1466,38,5275,956,138,3663,364,06,001,441522,Alameda,06001441522
Census Tract 4415.23; Alameda County; California,4264,2022,108,923,123,0,1368,181,28,178417,1417,16,4264,486,179,3197,280,06,001,441523,Alameda,06001441523
Census Tract 4415.24; Alameda County; California,4111,1952,133,881,182,0,1196,160,40,247656,1247,37,4111,215,15,3760,41,06,001,441524,Alameda,06001441524
Census Tract 4415.25; Alameda County; California,1603,738,38,348,79,0,472,27,3,186354,587,63,1603,110,56,1136,181,06,001,441525,Alameda,06001441525
Census Tract 4416.01; Alameda County; California,4774,2162,94,1439,28,0,1618,271,59,189667,1544,24,4774,1485,390,2027,685,06,001,441601,Alameda,06001441601
Census Tract 4416.02; Alameda County; California,7509,3387,97,2256,297,36,2713,296,117,121667,2276,121,7509,2066,635,2578,1741,06,001,441602,Alameda,06001441602
Census Tract 4417.01; Alameda County; California,3884,1528,36,1035,98,40,1209,146,19,133606,1211,150,3884,455,18,2480,774,06,001,441701,Alameda,06001441701
Census Tract 4417.02; Alameda County; California,5037,2463,215,1523,215,69,2022,316,14,99181,2085,150,5037,936,504,2601,816,06,001,441702,Alameda,06001441702
Census Tract 4418; Alameda County; California,6209,2919,108,1489,133,8,1770,143,84,152667,2248,137,6209,2007,110,3607,346,06,001,441800,Alameda,06001441800
Census Tract 4419.21; Alameda County; California,3849,2303,189,1434,116,0,1786,272,71,163468,1286,0,3849,714,12,1937,924,06,001,441921,Alameda,06001441921
Census Tract 4419.23; Alameda County; California,5777,2497,215,1072,364,30,1691,179,44,132810,2233,228,5777,694,197,3958,750,06,001,441923,Alameda,06001441923
Census Tract 4419.24; Alameda County; California,7199,3485,299,1893,254,0,2516,508,129,177589,2542,69,7199,1191,109,4638,748,06,001,441924,Alameda,06001441924
Census Tract 4419.26; Alameda County; California,4210,1977,146,1139,154,64,1600,187,62,112941,1640,109,4210,540,137,2302,1038,06,001,441926,Alameda,06001441926
Census Tract 4419.27; Alameda County; California,4229,1987,126,1071,227,65,1543,265,48,131792,1565,235,4229,821,158,2379,428,06,001,441927,Alameda,06001441927
Census Tract 4419.28; Alameda County; California,3736,2030,217,849,60,44,1170,224,187,151902,1477,77,3736,627,493,2020,292,06,001,441928,Alameda,06001441928
Census Tract 4419.29; Alameda County; California,3064,1624,270,460,70,65,909,222,60,126111,1510,265,3064,657,26,2111,237,06,001,441929,Alameda,06001441929
Census Tract 4420; Alameda County; California,2979,1233,122,666,123,0,929,181,58,189821,957,0,2979,438,4,2014,292,06,001,442000,Alameda,06001442000
Census Tract 4421; Alameda County; California,5327,2594,127,1336,145,0,1664,220,19,227949,1592,6,5327,464,85,4448,65,06,001,442100,Alameda,06001442100
Census Tract 4422; Alameda County; California,7293,3544,68,1757,142,15,2082,233,113,231679,2199,64,7293,948,177,5550,426,06,001,442200,Alameda,06001442200
Census Tract 4423.01; Alameda County; California,5397,2354,55,1460,247,49,1851,254,44,148590,1525,69,5397,1061,128,3121,794,06,001,442301,Alameda,06001442301
Census Tract 4423.02; Alameda County; California,6186,2972,211,1773,218,7,2286,268,91,147684,2223,242,6186,901,350,3538,948,06,001,442302,Alameda,06001442302
Census Tract 4424; Alameda County; California,6417,3157,86,1924,408,147,2666,355,39,124886,1983,41,6417,1573,112,2805,1601,06,001,442400,Alameda,06001442400
Census Tract 4425.01; Alameda County; California,3280,1286,37,733,111,3,957,235,0,91867,1051,50,3280,438,104,1748,925,06,001,442501,Alameda,06001442501
Census Tract 4425.02; Alameda County; California,3866,2424,147,1291,285,54,1777,157,114,157760,1080,20,3866,676,164,1817,1149,06,001,442502,Alameda,06001442502
Census Tract 4426.01; Alameda County; California,3924,1544,97,959,274,16,1362,142,66,159000,1210,65,3924,1090,136,1449,1091,06,001,442601,Alameda,06001442601
Census Tract 4426.02; Alameda County; California,4663,2004,54,1208,87,8,1370,127,14,136513,1619,179,4663,1364,484,1605,812,06,001,442602,Alameda,06001442602
Census Tract 4427; Alameda County; California,3139,1366,53,833,160,14,1104,106,50,191760,1039,54,3139,946,33,1694,356,06,001,442700,Alameda,06001442700
Census Tract 4428; Alameda County; California,3115,1570,59,982,134,0,1283,86,35,169310,922,3,3115,752,23,1763,484,06,001,442800,Alameda,06001442800
Census Tract 4429; Alameda County; California,7780,3639,159,2041,167,92,2554,275,53,172578,2290,68,7780,1178,401,4616,1050,06,001,442900,Alameda,06001442900
Census Tract 4430.01; Alameda County; California,2762,1293,28,893,61,41,1023,112,13,149803,834,26,2762,497,135,1023,888,06,001,443001,Alameda,06001443001
Census Tract 4430.02; Alameda County; California,6599,2913,96,1950,113,11,2243,208,28,134309,1967,21,6599,1035,115,4032,1153,06,001,443002,Alameda,06001443002
Census Tract 4431.02; Alameda County; California,4816,1988,56,1218,83,38,1407,93,43,229008,1518,10,4816,509,0,3919,284,06,001,443102,Alameda,06001443102
Census Tract 4431.03; Alameda County; California,4125,1950,112,1119,117,10,1358,147,18,233906,1227,32,4125,775,50,3065,137,06,001,443103,Alameda,06001443103
Census Tract 4431.04; Alameda County; California,5567,2391,100,1283,236,53,1708,170,15,205515,1679,44,5567,752,349,4166,113,06,001,443104,Alameda,06001443104
Census Tract 4431.05; Alameda County; California,4668,2108,139,1241,125,37,1578,200,46,225795,1457,48,4668,489,20,3955,99,06,001,443105,Alameda,06001443105
Census Tract 4432; Alameda County; California,3611,1563,10,801,51,21,883,112,7,250001,1131,8,3611,516,11,2860,37,06,001,443200,Alameda,06001443200
Census Tract 4433.01; Alameda County; California,4399,1820,63,1168,72,38,1354,87,23,240927,1277,37,4399,791,45,3051,390,06,001,443301,Alameda,06001443301
Census Tract 4433.21; Alameda County; California,3372,1367,33,703,166,18,952,27,7,132188,1138,26,3372,106,57,2902,237,06,001,443321,Alameda,06001443321
Census Tract 4433.22; Alameda County; California,3311,1457,25,884,102,4,1018,57,0,203906,981,46,3311,621,36,2239,222,06,001,443322,Alameda,06001443322
Census Tract 4441; Alameda County; California,7211,3575,265,2266,308,42,2943,308,69,158011,2601,159,7211,2084,477,2275,1791,06,001,444100,Alameda,06001444100
Census Tract 4442; Alameda County; California,6782,3629,109,2311,485,100,3230,320,101,161307,2027,33,6782,1450,91,2821,2049,06,001,444200,Alameda,06001444200
Census Tract 4443.01; Alameda County; California,3698,1695,33,1226,97,24,1431,81,30,184583,1161,40,3698,1086,28,1298,956,06,001,444301,Alameda,06001444301
Census Tract 4443.03; Alameda County; California,0,0,0,0,0,0,0,0,0,-666666666,0,0,0,0,0,0,0,06,001,444303,Alameda,06001444303
Census Tract 4443.04; Alameda County; California,6408,3602,107,1877,255,19,2473,186,54,189750,1958,15,6408,787,52,3309,2045,06,001,444304,Alameda,06001444304
Census Tract 4444; Alameda County; California,5367,2529,70,1515,411,57,2163,218,48,109107,1476,125,5367,790,154,1301,2880,06,001,444400,Alameda,06001444400
Census Tract 4445; Alameda County; California,6988,3104,132,2094,252,60,2555,277,140,148750,1944,14,6988,1287,322,1851,3099,06,001,444500,Alameda,06001444500
Census Tract 4446.01; Alameda County; California,6081,3321,39,1807,533,87,2475,300,42,213021,1812,20,6081,1016,73,3632,1099,06,001,444601,Alameda,06001444601
Census Tract 4446.02; Alameda County; California,4935,2845,118,1576,284,15,1993,225,64,175250,1826,92,4935,762,287,3155,503,06,001,444602,Alameda,06001444602
Census Tract 4501.01; Alameda County; California,6883,4034,480,1991,272,145,2970,523,257,166898,2613,74,6883,1561,204,4113,546,06,001,450101,Alameda,06001450101
Census Tract 4501.02; Alameda County; California,7376,2920,497,1243,183,189,2153,413,269,189975,1815,64,7376,1428,1094,3530,1015,06,001,450102,Alameda,06001450102
Census Tract 4502; Alameda County; California,5272,2887,135,1953,49,0,2152,213,53,107111,2447,97,5272,2113,188,1839,486,06,001,450200,Alameda,06001450200
Census Tract 4503; Alameda County; California,5374,2710,206,1616,297,30,2219,331,113,136875,1879,103,5374,2542,337,1456,832,06,001,450300,Alameda,06001450300
Census Tract 4504; Alameda County; California,7886,3841,471,2288,216,58,3143,805,86,151272,2692,26,7886,2790,299,2489,1472,06,001,450400,Alameda,06001450400
Census Tract 4505.01; Alameda County; California,3400,1563,114,895,115,16,1148,134,92,186000,1284,45,3400,1823,0,1008,448,06,001,450501,Alameda,06001450501
Census Tract 4505.02; Alameda County; California,6266,3305,120,2411,209,13,2753,419,153,202003,2039,37,6266,2602,41,2755,557,06,001,450502,Alameda,06001450502
Census Tract 4506.01; Alameda County; California,3666,1705,55,1093,105,0,1255,256,29,230517,1352,6,3666,1735,27,1470,248,06,001,450601,Alameda,06001450601
Census Tract 4506.03; Alameda County; California,4897,2439,137,1456,121,0,1773,227,38,202238,1475,0,4897,2065,21,1897,736,06,001,450603,Alameda,06001450603
Census Tract 4506.04; Alameda County; California,4993,2403,93,1514,94,38,1860,253,40,180125,1706,42,4993,2650,22,1478,656,06,001,450604,Alameda,06001450604
Census Tract 4506.05; Alameda County; California,3814,1730,77,1021,206,50,1422,205,114,182500,1344,27,3814,1873,10,1385,340,06,001,450605,Alameda,06001450605
Census Tract 4506.06; Alameda County; California,6028,2990,273,1868,30,0,2194,471,251,235150,2049,42,6028,3011,0,2517,301,06,001,450606,Alameda,06001450606
Census Tract 4506.07; Alameda County; California,5182,3025,127,1715,232,146,2275,152,62,98214,2302,270,5182,1703,89,2320,753,06,001,450607,Alameda,06001450607
Census Tract 4506.08; Alameda County; California,4658,2291,219,1334,164,63,1866,465,35,250001,1404,36,4658,1925,78,2079,357,06,001,450608,Alameda,06001450608
Census Tract 4506.09; Alameda County; California,4928,2598,407,1376,207,32,2061,289,235,152857,1916,64,4928,2376,100,1569,681,06,001,450609,Alameda,06001450609
Census Tract 4507.01; Alameda County; California,8738,4074,317,1981,478,23,2860,565,225,250001,2663,0,8738,3949,145,3754,619,06,001,450701,Alameda,06001450701
Census Tract 4507.41; Alameda County; California,5742,2820,78,1506,205,43,1977,165,113,165000,1964,155,5742,2585,68,1541,1228,06,001,450741,Alameda,06001450741
Census Tract 4507.42; Alameda County; California,5495,2628,118,1621,188,11,1972,449,101,172760,2113,125,5495,2672,10,2000,503,06,001,450742,Alameda,06001450742
Census Tract 4507.43; Alameda County; California,7435,4248,352,2648,149,129,3555,724,183,155274,2832,111,7435,1486,588,3945,944,06,001,450743,Alameda,06001450743
Census Tract 4507.44; Alameda County; California,5818,2553,130,1565,46,75,1823,151,160,193214,2040,75,5818,2733,0,2008,757,06,001,450744,Alameda,06001450744
Census Tract 4507.45; Alameda County; California,6295,3046,430,1593,75,67,2224,426,277,200729,2255,100,6295,2093,28,3563,436,06,001,450745,Alameda,06001450745
Census Tract 4507.46; Alameda County; California,3229,1420,53,1068,56,11,1204,101,29,171736,1173,65,3229,1506,14,1039,600,06,001,450746,Alameda,06001450746
Census Tract 4507.50; Alameda County; California,6858,3463,535,1800,217,0,2577,449,491,153929,2666,158,6858,1340,244,4484,473,06,001,450750,Alameda,06001450750
Census Tract 4507.51; Alameda County; California,12662,6072,459,2698,348,21,3601,1023,269,250001,3573,8,12662,1600,340,9319,658,06,001,450751,Alameda,06001450751
Census Tract 4507.52; Alameda County; California,9631,5158,334,2556,362,60,3470,847,416,250001,2806,54,9631,1394,228,6842,685,06,001,450752,Alameda,06001450752
Census Tract 4511.02; Alameda County; California,3950,1901,71,1167,161,0,1426,75,153,246100,1266,8,3950,2904,20,564,290,06,001,451102,Alameda,06001451102
Census Tract 4511.03; Alameda County; California,1361,531,0,377,0,0,403,46,16,250001,383,0,1361,1174,24,0,163,06,001,451103,Alameda,06001451103
Census Tract 4511.04; Alameda County; California,7164,3417,107,2171,396,7,2749,332,350,177210,2172,113,7164,3870,3,1761,1289,06,001,451104,Alameda,06001451104
Census Tract 4512.01; Alameda County; California,7569,3644,50,2327,489,44,3017,358,214,109593,2744,155,7569,3620,124,1333,1881,06,001,451201,Alameda,06001451201
Census Tract 4512.02; Alameda County; California,5482,2975,79,2015,224,22,2411,402,98,170459,2112,23,5482,2466,51,1509,925,06,001,451202,Alameda,06001451202
Census Tract 4513; Alameda County; California,6393,3527,52,2520,135,81,2805,339,18,119928,2359,215,6393,3446,78,735,1696,06,001,451300,Alameda,06001451300
Census Tract 4514.01; Alameda County; California,6166,3132,106,2056,468,81,2758,290,226,113639,2250,52,6166,2426,330,552,2344,06,001,451401,Alameda,06001451401
Census Tract 4514.03; Alameda County; California,2184,1195,68,811,101,0,991,118,82,180197,763,14,2184,1276,35,186,512,06,001,451403,Alameda,06001451403
Census Tract 4514.04; Alameda County; California,6631,3565,172,2143,686,145,3225,230,181,105387,2146,167,6631,2098,70,423,3916,06,001,451404,Alameda,06001451404
Census Tract 4515.01; Alameda County; California,4496,2361,72,1555,168,16,1904,334,209,168580,1759,113,4496,2660,228,757,642,06,001,451501,Alameda,06001451501
Census Tract 4515.03; Alameda County; California,6104,3371,0,1983,275,33,2466,324,121,166898,2170,147,6104,3113,36,1268,1213,06,001,451503,Alameda,06001451503
Census Tract 4515.04; Alameda County; California,1539,919,19,666,16,7,738,143,62,162083,536,28,1539,706,0,328,410,06,001,451504,Alameda,06001451504
Census Tract 4515.05; Alameda County; California,3159,1758,12,1421,40,14,1561,142,81,221417,1189,0,3159,2095,32,444,402,06,001,451505,Alameda,06001451505
Census Tract 4515.06; Alameda County; California,3548,1878,32,1165,422,11,1681,89,123,123571,984,3,3548,1322,141,593,1294,06,001,451506,Alameda,06001451506
Census Tract 4516.01; Alameda County; California,5367,2655,30,1811,97,18,2014,172,22,194662,1786,20,5367,3774,0,828,497,06,001,451601,Alameda,06001451601
Census Tract 4516.02; Alameda County; California,6909,3735,70,2636,354,12,3193,212,217,140909,2656,165,6909,4522,152,568,1311,06,001,451602,Alameda,06001451602
Census Tract 4517.01; Alameda County; California,2936,1598,119,837,208,8,1209,171,100,186991,1039,69,2936,1595,125,562,369,06,001,451701,Alameda,06001451701
Census Tract 4517.03; Alameda County; California,3827,2147,67,1399,156,25,1754,249,56,194607,1321,25,3827,2317,28,741,506,06,001,451703,Alameda,06001451703
Census Tract 4517.04; Alameda County; California,4320,2160,20,1553,89,10,1691,109,25,149875,1566,20,4320,3001,10,671,519,06,001,451704,Alameda,06001451704
Census Tract 9819; Alameda County; California,25,25,0,0,20,0,20,0,0,-666666666,15,0,25,15,0,0,10,06,001,981900,Alameda,06001981900
Census Tract 9820; Alameda County; California,50,35,17,13,0,5,35,5,0,129167,32,4,50,25,5,17,0,06,001,982000,Alameda,06001982000
Census Tract 9821; Alameda County; California,923,382,77,17,34,209,357,4,3,-666666666,20,0,923,261,82,387,170,06,001,982100,Alameda,06001982100
Census Tract 9832; Alameda County; California,896,698,149,168,14,13,355,67,4,176103,535,11,896,485,124,171,43,06,001,983200,Alameda,06001983200
Census Tract 9900; Alameda County; California,0,0,0,0,0,0,0,0,0,-666666666,0,0,0,0,0,0,0,06,001,990000,Alameda,06001990000
Census Tract 3010; Contra Costa County; California,5329,2274,0,1729,253,14,2009,530,303,108882,1915,58,5329,2964,466,377,1274,06,013,301000,Contra Costa,06013301000
Census Tract 3020.05; Contra Costa County; California,7539,3674,29,3010,426,0,3521,453,922,95269,2279,98,7539,3693,1082,300,1792,06,013,302005,Contra Costa,06013302005
Census Tract 3020.06; Contra Costa County; California,4183,2443,77,2015,152,0,2300,525,253,136106,1305,55,4183,1879,329,456,1270,06,013,302006,Contra Costa,06013302006
Census Tract 3020.07; Contra Costa County; California,6652,2821,29,2044,173,30,2295,288,218,94507,1989,139,6652,3766,187,77,2312,06,013,302007,Contra Costa,06013302007
Census Tract 3020.09; Contra Costa County; California,6806,3421,111,2564,363,52,3130,691,446,126151,2111,52,6806,1438,1143,2098,1591,06,013,302009,Contra Costa,06013302009
Census Tract 3020.11; Contra Costa County; California,4915,2111,122,1461,192,0,1802,444,266,128703,1451,68,4915,1340,954,756,1498,06,013,302011,Contra Costa,06013302011
Census Tract 3020.12; Contra Costa County; California,5810,2590,44,1630,145,0,1819,520,124,144597,1556,62,5810,1969,528,309,2734,06,013,302012,Contra Costa,06013302012
Census Tract 3020.13; Contra Costa County; California,2961,1585,57,1114,212,0,1443,253,168,148003,1076,0,2961,1674,88,158,903,06,013,302013,Contra Costa,06013302013
Census Tract 3020.14; Contra Costa County; California,7602,3924,124,2821,515,0,3460,803,546,139369,2335,34,7602,3746,148,1001,2083,06,013,302014,Contra Costa,06013302014
Census Tract 3031.04; Contra Costa County; California,6060,2642,300,1644,280,13,2258,562,444,139292,1820,11,6060,2847,311,1007,1556,06,013,303104,Contra Costa,06013303104
Census Tract 3031.05; Contra Costa County; California,3326,1436,68,1024,45,0,1177,219,189,111291,930,76,3326,1039,581,400,1268,06,013,303105,Contra Costa,06013303105
Census Tract 3031.06; Contra Costa County; California,8245,3745,116,2841,327,86,3441,339,404,101985,2401,78,8245,2732,379,1032,3641,06,013,303106,Contra Costa,06013303106
Census Tract 3031.07; Contra Costa County; California,7260,3443,43,2226,260,172,2777,484,452,120026,2171,63,7260,2466,1048,1050,2302,06,013,303107,Contra Costa,06013303107
Census Tract 3032.02; Contra Costa County; California,9146,4198,49,3057,580,60,3826,572,517,164952,2715,42,9146,4565,1039,1188,1847,06,013,303202,Contra Costa,06013303202
Census Tract 3032.04; Contra Costa County; California,4735,2170,39,1546,45,49,1692,345,142,118487,1716,166,4735,2582,227,473,1256,06,013,303204,Contra Costa,06013303204
Census Tract 3032.06; Contra Costa County; California,5452,2562,46,1735,251,59,2234,483,198,156513,1490,66,5452,2488,786,828,691,06,013,303206,Contra Costa,06013303206
Census Tract 3032.07; Contra Costa County; California,8270,3737,444,1864,698,9,3031,543,852,110563,2106,35,8270,1781,2723,1517,1632,06,013,303207,Contra Costa,06013303207
Census Tract 3032.08; Contra Costa County; California,4060,1727,0,1390,141,0,1572,415,226,128309,1636,10,4060,2532,83,269,1004,06,013,303208,Contra Costa,06013303208
Census Tract 3032.09; Contra Costa County; California,5340,2593,186,1590,626,15,2417,516,310,138854,1478,48,5340,1336,591,2084,1211,06,013,303209,Contra Costa,06013303209
Census Tract 3032.10; Contra Costa County; California,3598,1227,0,894,95,8,997,196,39,100994,1853,78,3598,2876,83,293,261,06,013,303210,Contra Costa,06013303210
Census Tract 3032.11; Contra Costa County; California,4679,2536,0,1953,327,39,2319,378,542,163209,1530,10,4679,2099,336,349,1473,06,013,303211,Contra Costa,06013303211
Census Tract 3040.01; Contra Costa County; California,5895,2430,58,1531,340,29,2009,166,295,187105,2090,28,5895,3229,615,935,786,06,013,304001,Contra Costa,06013304001
Census Tract 3040.02; Contra Costa County; California,1997,750,0,580,118,23,721,244,49,78304,577,17,1997,1117,2,51,818,06,013,304002,Contra Costa,06013304002
Census Tract 3040.03; Contra Costa County; California,3279,1445,8,1072,116,89,1285,185,131,126232,1456,28,3279,2260,51,152,681,06,013,304003,Contra Costa,06013304003
Census Tract 3040.04; Contra Costa County; California,3634,1680,12,1000,199,0,1306,421,60,136438,1527,21,3634,2603,17,180,720,06,013,304004,Contra Costa,06013304004
Census Tract 3040.06; Contra Costa County; California,3292,1607,23,1285,81,9,1422,348,166,200990,1050,0,3292,1985,155,235,785,06,013,304006,Contra Costa,06013304006
Census Tract 3040.07; Contra Costa County; California,5509,2801,49,1735,498,0,2390,394,302,146806,1502,83,5509,2868,597,512,1013,06,013,304007,Contra Costa,06013304007
Census Tract 3050; Contra Costa County; California,7425,2881,113,1816,720,118,2815,383,349,56620,2353,354,7425,1564,1039,499,4021,06,013,305000,Contra Costa,06013305000
Census Tract 3060.02; Contra Costa County; California,4439,1694,87,1149,120,28,1408,255,45,100132,1473,12,4439,1589,284,697,1788,06,013,306002,Contra Costa,06013306002
Census Tract 3060.03; Contra Costa County; California,5166,2344,75,1525,450,118,2211,397,272,59275,1825,157,5166,1470,494,491,2395,06,013,306003,Contra Costa,06013306003
Census Tract 3060.04; Contra Costa County; California,3863,1469,25,1077,202,46,1370,418,240,90495,1300,42,3863,1552,294,73,1533,06,013,306004,Contra Costa,06013306004
Census Tract 3071.01; Contra Costa County; California,4696,1987,87,1398,266,0,1785,216,267,75139,1555,61,4696,1626,522,377,1994,06,013,307101,Contra Costa,06013307101
Census Tract 3071.02; Contra Costa County; California,5694,2638,307,1708,323,32,2417,377,220,75532,1900,179,5694,1160,561,193,3408,06,013,307102,Contra Costa,06013307102
Census Tract 3072.01; Contra Costa County; California,4224,1903,111,1121,400,46,1733,131,235,61196,1154,92,4224,944,450,19,2500,06,013,307201,Contra Costa,06013307201
Census Tract 3072.02; Contra Costa County; California,4481,1931,28,1158,519,116,1888,295,218,48125,1521,185,4481,535,1257,105,2030,06,013,307202,Contra Costa,06013307202
Census Tract 3072.04; Contra Costa County; California,4567,2175,259,1487,263,3,2076,345,248,101549,1515,27,4567,1544,385,388,1857,06,013,307204,Contra Costa,06013307204
Census Tract 3072.05; Contra Costa County; California,7818,4074,211,2677,492,132,3617,665,346,70419,2800,176,7818,2154,1718,573,2624,06,013,307205,Contra Costa,06013307205
Census Tract 3080.01; Contra Costa County; California,7523,3103,298,2195,210,35,2788,834,615,88908,2869,43,7523,2114,739,942,3438,06,013,308001,Contra Costa,06013308001
Census Tract 3080.02; Contra Costa County; California,4486,2330,192,1640,214,27,2089,394,357,123882,1501,67,4486,1046,924,799,1439,06,013,308002,Contra Costa,06013308002
Census Tract 3090; Contra Costa County; California,3600,1525,37,1160,121,80,1405,169,58,73025,1375,97,3600,1020,787,313,1278,06,013,309000,Contra Costa,06013309000
Census Tract 3100; Contra Costa County; California,6257,2839,167,1756,601,0,2629,354,298,67054,1988,334,6257,1077,985,327,3668,06,013,310000,Contra Costa,06013310000
Census Tract 3110; Contra Costa County; California,5392,2231,120,1566,424,27,2160,224,130,74667,1478,43,5392,598,525,500,3671,06,013,311000,Contra Costa,06013311000
Census Tract 3120; Contra Costa County; California,2818,1020,141,661,88,19,925,185,139,49125,781,130,2818,191,551,385,1265,06,013,312000,Contra Costa,06013312000
Census Tract 3131.02; Contra Costa County; California,4796,2166,187,1720,143,49,2114,325,344,95707,1568,140,4796,748,1241,666,1859,06,013,313102,Contra Costa,06013313102
Census Tract 3131.04; Contra Costa County; California,2909,1482,87,1117,78,45,1327,221,110,55476,990,145,2909,654,310,682,1162,06,013,313104,Contra Costa,06013313104
Census Tract 3131.05; Contra Costa County; California,6007,2795,134,2146,248,0,2571,341,409,76108,2053,104,6007,1669,1688,492,2046,06,013,313105,Contra Costa,06013313105
Census Tract 3131.06; Contra Costa County; California,7094,3805,234,2808,424,39,3505,607,214,133548,2130,0,7094,2583,517,882,2745,06,013,313106,Contra Costa,06013313106
Census Tract 3131.07; Contra Costa County; California,2718,1133,65,934,87,12,1098,233,46,140227,852,0,2718,724,526,289,1003,06,013,313107,Contra Costa,06013313107
Census Tract 3132.03; Contra Costa County; California,3382,1697,72,1183,265,21,1579,262,94,125694,1012,11,3382,785,303,458,1379,06,013,313203,Contra Costa,06013313203
Census Tract 3132.04; Contra Costa County; California,5864,2736,89,1838,330,0,2360,332,197,93006,1927,69,5864,1272,680,852,2768,06,013,313204,Contra Costa,06013313204
Census Tract 3132.05; Contra Costa County; California,1978,868,92,582,134,0,808,159,29,106317,545,18,1978,286,30,396,1165,06,013,313205,Contra Costa,06013313205
Census Tract 3132.06; Contra Costa County; California,6290,2618,129,1800,450,106,2495,440,279,81090,1604,62,6290,856,629,939,3741,06,013,313206,Contra Costa,06013313206
Census Tract 3141.02; Contra Costa County; California,6912,3622,341,2532,617,0,3520,783,209,93199,1923,145,6912,1093,598,1061,4031,06,013,314102,Contra Costa,06013314102
Census Tract 3141.03; Contra Costa County; California,5554,2478,146,1567,520,18,2363,250,128,77679,1513,0,5554,647,770,639,3388,06,013,314103,Contra Costa,06013314103
Census Tract 3141.05; Contra Costa County; California,3958,2249,10,1555,555,0,2156,354,192,89175,1265,99,3958,460,793,227,2150,06,013,314105,Contra Costa,06013314105
Census Tract 3141.06; Contra Costa County; California,4176,1317,16,748,490,2,1256,65,249,68352,997,45,4176,352,268,316,3057,06,013,314106,Contra Costa,06013314106
Census Tract 3142; Contra Costa County; California,7185,3003,213,2010,516,0,2897,458,291,70750,1747,46,7185,871,74,479,5622,06,013,314200,Contra Costa,06013314200
Census Tract 3150; Contra Costa County; California,3772,2039,47,1686,142,12,1887,151,23,94737,1186,68,3772,1099,559,573,1489,06,013,315000,Contra Costa,06013315000
Census Tract 3160; Contra Costa County; California,1112,384,2,348,4,0,354,17,37,46528,561,77,1112,527,210,17,170,06,013,316000,Contra Costa,06013316000
Census Tract 3170; Contra Costa County; California,1934,983,63,718,20,10,828,77,37,61250,968,57,1934,1432,41,145,207,06,013,317000,Contra Costa,06013317000
Census Tract 3180; Contra Costa County; California,3512,1688,87,1065,63,196,1463,207,62,96250,1459,136,3512,2544,178,203,498,06,013,318000,Contra Costa,06013318000
Census Tract 3190.01; Contra Costa County; California,4236,2504,172,1527,295,29,2042,209,119,137278,1612,17,4236,2044,184,489,1199,06,013,319001,Contra Costa,06013319001
Census Tract 3190.02; Contra Costa County; California,3943,1942,174,1106,292,73,1679,278,136,102198,1517,16,3943,2343,128,95,1102,06,013,319002,Contra Costa,06013319002
Census Tract 3200.01; Contra Costa County; California,3100,1499,40,992,307,0,1346,150,37,103194,1024,54,3100,1785,10,202,889,06,013,320001,Contra Costa,06013320001
Census Tract 3200.03; Contra Costa County; California,3068,1605,89,1226,15,35,1432,127,82,172500,1092,0,3068,1950,8,312,463,06,013,320003,Contra Costa,06013320003
Census Tract 3200.04; Contra Costa County; California,6599,3467,105,2313,245,57,2739,388,114,118109,2610,54,6599,3912,85,971,1210,06,013,320004,Contra Costa,06013320004
Census Tract 3211.01; Contra Costa County; California,6866,3545,57,2403,249,158,2926,285,217,145685,2516,72,6866,3569,224,700,1629,06,013,321101,Contra Costa,06013321101
Census Tract 3211.02; Contra Costa County; California,6133,3028,134,2051,318,0,2503,378,17,139167,2556,84,6133,4070,139,881,827,06,013,321102,Contra Costa,06013321102
Census Tract 3211.03; Contra Costa County; California,4546,2215,224,1400,113,18,1781,222,86,157893,1763,0,4546,3166,51,503,482,06,013,321103,Contra Costa,06013321103
Census Tract 3212; Contra Costa County; California,5616,2997,86,1828,566,64,2555,438,55,107025,2354,79,5616,2245,208,1996,703,06,013,321200,Contra Costa,06013321200
Census Tract 3220; Contra Costa County; California,6755,3231,81,2039,170,5,2434,225,50,159423,2458,133,6755,3651,117,1179,1040,06,013,322000,Contra Costa,06013322000
Census Tract 3230; Contra Costa County; California,4669,2485,111,1650,147,20,1979,311,61,130673,1725,40,4669,2981,20,566,827,06,013,323000,Contra Costa,06013323000
Census Tract 3240.02; Contra Costa County; California,4740,3147,278,2077,179,87,2762,498,178,103581,2464,240,4740,2520,496,963,525,06,013,324002,Contra Costa,06013324002
Census Tract 3240.03; Contra Costa County; California,3449,2330,553,1013,89,60,1838,203,63,110288,1908,41,3449,1857,293,905,334,06,013,324003,Contra Costa,06013324003
Census Tract 3240.04; Contra Costa County; California,2413,1397,294,725,53,40,1117,113,0,103333,1280,46,2413,1469,78,440,307,06,013,324004,Contra Costa,06013324004
Census Tract 3250; Contra Costa County; California,6161,3067,192,1573,416,149,2430,154,106,143520,2268,269,6161,3321,351,833,1143,06,013,325000,Contra Costa,06013325000
Census Tract 3260; Contra Costa County; California,3639,1617,116,920,156,33,1331,191,61,147569,1415,23,3639,2474,101,344,236,06,013,326000,Contra Costa,06013326000
Census Tract 3270.01; Contra Costa County; California,3479,1813,125,1292,76,19,1678,193,145,84294,1235,72,3479,1503,320,152,1407,06,013,327001,Contra Costa,06013327001
Census Tract 3270.02; Contra Costa County; California,3833,1997,103,1435,166,0,1704,180,65,93651,1509,149,3833,1612,82,724,1180,06,013,327002,Contra Costa,06013327002
Census Tract 3280; Contra Costa County; California,2326,1197,280,710,68,33,1091,244,27,52099,1432,347,2326,1101,107,461,589,06,013,328000,Contra Costa,06013328000
Census Tract 3290; Contra Costa County; California,6488,3206,232,2123,290,165,2885,192,174,108257,2089,190,6488,2422,482,582,2361,06,013,329000,Contra Costa,06013329000
Census Tract 3300; Contra Costa County; California,5587,3052,282,1933,354,1,2591,330,283,124833,2032,29,5587,2642,66,589,1780,06,013,330000,Contra Costa,06013330000
Census Tract 3310; Contra Costa County; California,7789,3558,432,2242,202,0,2942,524,117,100294,2816,204,7789,3364,347,1154,2080,06,013,331000,Contra Costa,06013331000
Census Tract 3320; Contra Costa County; California,8109,4161,310,2593,359,82,3373,546,201,123525,2789,90,8109,3422,147,1348,2418,06,013,332000,Contra Costa,06013332000
Census Tract 3331.01; Contra Costa County; California,3951,1888,58,1419,180,32,1697,184,115,114679,1509,35,3951,2314,79,623,810,06,013,333101,Contra Costa,06013333101
Census Tract 3331.02; Contra Costa County; California,4251,2167,239,1483,84,2,1949,304,76,115763,1518,29,4251,2647,94,729,500,06,013,333102,Contra Costa,06013333102
Census Tract 3332; Contra Costa County; California,5866,2831,274,1716,252,30,2578,415,85,122700,2090,39,5866,3289,159,515,949,06,013,333200,Contra Costa,06013333200
Census Tract 3340.01; Contra Costa County; California,3960,1938,139,1306,142,30,1640,194,28,110500,1392,145,3960,1879,18,961,688,06,013,334001,Contra Costa,06013334001
Census Tract 3340.06; Contra Costa County; California,4731,2245,144,1315,125,18,1639,155,56,154543,1657,51,4731,2550,257,581,805,06,013,334006,Contra Costa,06013334006
Census Tract 3340.07; Contra Costa County; California,3435,1555,63,976,121,47,1207,150,63,101458,1865,188,3435,1538,151,592,791,06,013,334007,Contra Costa,06013334007
Census Tract 3340.08; Contra Costa County; California,3793,2189,170,1441,145,59,1815,386,132,121212,1607,154,3793,1734,703,472,766,06,013,334008,Contra Costa,06013334008
Census Tract 3342; Contra Costa County; California,7547,3044,213,1426,319,22,2007,456,34,157768,2859,407,7547,5042,210,814,844,06,013,334200,Contra Costa,06013334200
Census Tract 3350; Contra Costa County; California,3612,1896,247,953,195,10,1476,198,133,150398,1159,16,3612,1733,27,451,851,06,013,335000,Contra Costa,06013335000
Census Tract 3361.01; Contra Costa County; California,4438,2524,342,1547,262,17,2290,254,107,79554,1608,46,4438,801,240,346,2930,06,013,336101,Contra Costa,06013336101
Census Tract 3361.03; Contra Costa County; California,4862,2189,146,1278,324,39,1837,93,60,65903,1633,167,4862,541,108,691,3296,06,013,336103,Contra Costa,06013336103
Census Tract 3361.04; Contra Costa County; California,2539,1419,256,751,363,10,1419,178,46,66887,1054,60,2539,707,280,260,1195,06,013,336104,Contra Costa,06013336104
Census Tract 3362.01; Contra Costa County; California,3376,1747,122,1078,310,109,1645,130,130,92708,1356,76,3376,1332,121,383,1361,06,013,336201,Contra Costa,06013336201
Census Tract 3362.02; Contra Costa County; California,6012,2909,117,1538,596,255,2785,100,152,71314,1728,81,6012,1165,264,742,3708,06,013,336202,Contra Costa,06013336202
Census Tract 3371; Contra Costa County; California,3160,1665,143,1185,142,9,1487,150,51,140972,1163,25,3160,1158,150,411,1129,06,013,337100,Contra Costa,06013337100
Census Tract 3372.01; Contra Costa County; California,3139,1638,64,1049,30,166,1331,233,167,70655,1213,60,3139,1522,27,308,862,06,013,337201,Contra Costa,06013337201
Census Tract 3372.02; Contra Costa County; California,5515,2780,304,1891,144,69,2531,435,150,89484,1992,216,5515,2911,141,563,1627,06,013,337202,Contra Costa,06013337202
Census Tract 3373; Contra Costa County; California,5994,2685,269,1680,220,19,2264,341,227,159250,2371,70,5994,3872,45,971,727,06,013,337300,Contra Costa,06013337300
Census Tract 3381.01; Contra Costa County; California,5543,2528,184,1533,492,30,2370,152,61,74156,1836,149,5543,2019,45,743,2527,06,013,338101,Contra Costa,06013338101
Census Tract 3381.02; Contra Costa County; California,3231,1762,279,986,91,8,1365,216,81,168922,1269,55,3231,1938,65,483,626,06,013,338102,Contra Costa,06013338102
Census Tract 3382.01; Contra Costa County; California,4019,1888,176,1060,69,17,1340,188,60,199773,1558,121,4019,2703,215,575,332,06,013,338201,Contra Costa,06013338201
Census Tract 3382.03; Contra Costa County; California,5431,3768,895,1541,372,1,2893,549,60,142840,2707,256,5431,2287,251,1604,981,06,013,338203,Contra Costa,06013338203
Census Tract 3382.04; Contra Costa County; California,6600,3712,608,1823,167,49,2832,438,243,140739,2981,78,6600,3699,339,1121,696,06,013,338204,Contra Costa,06013338204
Census Tract 3383.01; Contra Costa County; California,2910,1331,137,590,71,5,818,191,47,204196,1086,25,2910,1998,9,414,220,06,013,338301,Contra Costa,06013338301
Census Tract 3383.02; Contra Costa County; California,5513,2593,239,1318,210,115,1910,170,107,193873,2027,14,5513,3211,85,999,794,06,013,338302,Contra Costa,06013338302
Census Tract 3390.01; Contra Costa County; California,3659,2389,343,1236,163,183,2005,310,124,91188,1939,130,3659,2016,236,473,707,06,013,339001,Contra Costa,06013339001
Census Tract 3390.03; Contra Costa County; California,4153,2725,524,1241,82,274,2121,269,3,114362,2482,347,4153,2696,53,746,441,06,013,339003,Contra Costa,06013339003
Census Tract 3390.04; Contra Costa County; California,3319,2257,418,954,320,47,1747,254,159,137016,1774,127,3319,1845,91,710,479,06,013,339004,Contra Costa,06013339004
Census Tract 3400.01; Contra Costa County; California,6118,3088,389,1583,435,20,2561,491,211,119792,2221,59,6118,3427,290,903,1136,06,013,340001,Contra Costa,06013340001
Census Tract 3400.03; Contra Costa County; California,3718,1625,67,979,104,24,1281,138,36,160208,1487,42,3718,2190,35,871,419,06,013,340003,Contra Costa,06013340003
Census Tract 3400.04; Contra Costa County; California,3940,1902,181,880,91,51,1211,247,101,157631,1625,210,3940,2639,8,570,561,06,013,340004,Contra Costa,06013340004
Census Tract 3410; Contra Costa County; California,4760,2383,203,1533,55,44,1880,113,12,147701,2047,16,4760,3007,172,925,293,06,013,341000,Contra Costa,06013341000
Census Tract 3430.01; Contra Costa County; California,5940,3110,482,1621,210,53,2389,401,193,159744,2282,131,5940,4338,17,332,532,06,013,343001,Contra Costa,06013343001
Census Tract 3430.02; Contra Costa County; California,4658,2294,145,1264,172,122,1726,195,205,153080,1737,225,4658,2964,81,598,627,06,013,343002,Contra Costa,06013343002
Census Tract 3430.03; Contra Costa County; California,3847,1815,129,981,76,54,1300,135,55,160786,1392,15,3847,3048,27,432,143,06,013,343003,Contra Costa,06013343003
Census Tract 3451.01; Contra Costa County; California,6622,3271,135,1657,360,4,2242,334,152,173388,2119,100,6622,2356,64,2827,869,06,013,345101,Contra Costa,06013345101
Census Tract 3451.02; Contra Costa County; California,4533,2158,71,1491,77,17,1732,312,10,186632,1335,29,4533,2441,103,1256,620,06,013,345102,Contra Costa,06013345102
Census Tract 3451.03; Contra Costa County; California,5286,2661,130,1769,161,14,2155,448,158,220852,2000,169,5286,2819,99,1526,351,06,013,345103,Contra Costa,06013345103
Census Tract 3451.05; Contra Costa County; California,6233,2857,104,1735,106,24,1983,283,11,183444,2097,27,6233,3874,22,1384,496,06,013,345105,Contra Costa,06013345105
Census Tract 3451.11; Contra Costa County; California,5850,2878,140,1452,195,185,2026,245,164,153185,2037,72,5850,1695,78,3002,861,06,013,345111,Contra Costa,06013345111
Census Tract 3451.12; Contra Costa County; California,7723,3553,207,1942,186,87,2422,416,150,184091,2676,125,7723,2792,186,3769,502,06,013,345112,Contra Costa,06013345112
Census Tract 3451.13; Contra Costa County; California,4767,2253,44,1502,112,52,1710,292,149,222212,1743,83,4767,2347,61,1614,411,06,013,345113,Contra Costa,06013345113
Census Tract 3451.14; Contra Costa County; California,6571,2714,41,1754,46,0,1857,86,128,189967,2472,0,6571,5112,10,922,217,06,013,345114,Contra Costa,06013345114
Census Tract 3451.15; Contra Costa County; California,6758,2916,34,1835,105,98,2114,300,83,225625,2175,122,6758,3521,55,2746,208,06,013,345115,Contra Costa,06013345115
Census Tract 3451.16; Contra Costa County; California,2961,1560,70,1043,58,14,1185,123,92,208393,921,30,2961,1506,79,862,348,06,013,345116,Contra Costa,06013345116
Census Tract 3451.17; Contra Costa County; California,4652,2500,22,1544,52,0,1630,306,85,215938,1945,26,4652,2270,25,1384,503,06,013,345117,Contra Costa,06013345117
Census Tract 3451.18; Contra Costa County; California,3525,1755,108,1191,162,0,1461,220,163,126818,1612,109,3525,1551,200,1031,414,06,013,345118,Contra Costa,06013345118
Census Tract 3452.03; Contra Costa County; California,6954,3465,44,1771,242,182,2259,165,118,177356,2733,80,6954,5698,37,388,576,06,013,345203,Contra Costa,06013345203
Census Tract 3452.04; Contra Costa County; California,3152,1442,30,887,76,88,1081,162,25,237841,1083,20,3152,2575,0,258,283,06,013,345204,Contra Costa,06013345204
Census Tract 3452.05; Contra Costa County; California,5779,3218,65,2052,200,45,2362,205,104,163667,2334,26,5779,2653,118,1930,522,06,013,345205,Contra Costa,06013345205
Census Tract 3452.06; Contra Costa County; California,3622,1820,79,1289,71,29,1468,126,60,181369,1309,0,3622,2348,54,417,419,06,013,345206,Contra Costa,06013345206
Census Tract 3461.01; Contra Costa County; California,3364,1478,119,814,25,8,966,150,69,222857,1288,18,3364,2403,106,641,105,06,013,346101,Contra Costa,06013346101
Census Tract 3461.02; Contra Costa County; California,5396,2654,175,1566,195,45,1991,320,116,250001,1808,30,5396,3955,5,656,411,06,013,346102,Contra Costa,06013346102
Census Tract 3462.03; Contra Costa County; California,4033,1776,93,1078,0,13,1195,124,29,174375,1453,7,4033,3171,43,321,348,06,013,346203,Contra Costa,06013346203
Census Tract 3462.04; Contra Costa County; California,7894,3514,73,1933,182,58,2278,247,120,250001,2712,76,7894,5588,197,1455,383,06,013,346204,Contra Costa,06013346204
Census Tract 3462.05; Contra Costa County; California,4325,1513,125,991,48,13,1195,101,209,246888,1530,30,4325,3432,22,359,402,06,013,346205,Contra Costa,06013346205
Census Tract 3462.06; Contra Costa County; California,3216,1449,52,880,0,183,1115,198,81,223214,1174,106,3216,2140,94,519,392,06,013,346206,Contra Costa,06013346206
Census Tract 3470; Contra Costa County; California,6724,3163,386,1625,257,29,2338,427,167,237976,2226,44,6724,5069,44,690,530,06,013,347000,Contra Costa,06013347000
Census Tract 3480; Contra Costa County; California,4819,2073,253,1027,98,47,1501,147,18,250001,1536,31,4819,3847,0,349,243,06,013,348000,Contra Costa,06013348000
Census Tract 3490; Contra Costa County; California,5815,2616,259,872,57,0,1291,226,12,116875,2191,160,5815,4346,35,683,484,06,013,349000,Contra Costa,06013349000
Census Tract 3500; Contra Costa County; California,6150,3252,396,1744,152,63,2355,215,199,216875,2344,16,6150,4017,48,987,660,06,013,350000,Contra Costa,06013350000
Census Tract 3511.01; Contra Costa County; California,2737,318,7,215,0,0,222,7,8,76068,2029,108,2737,2431,0,245,16,06,013,351101,Contra Costa,06013351101
Census Tract 3511.03; Contra Costa County; California,1929,253,0,155,18,3,185,24,9,94444,1294,80,1929,1545,2,353,29,06,013,351103,Contra Costa,06013351103
Census Tract 3511.04; Contra Costa County; California,1667,159,0,64,6,0,70,0,6,61528,1220,83,1667,1430,10,125,84,06,013,351104,Contra Costa,06013351104
Census Tract 3511.05; Contra Costa County; California,1814,256,0,175,0,0,175,23,0,54167,1270,195,1814,1539,26,119,37,06,013,351105,Contra Costa,06013351105
Census Tract 3512; Contra Costa County; California,5525,2575,216,1189,50,17,1472,185,26,250001,1971,16,5525,4466,7,447,328,06,013,351200,Contra Costa,06013351200
Census Tract 3521.01; Contra Costa County; California,3628,1398,76,683,91,161,1022,121,54,250001,907,12,3628,2136,103,690,419,06,013,352101,Contra Costa,06013352101
Census Tract 3521.02; Contra Costa County; California,5187,2279,237,1043,66,125,1553,207,54,239886,1659,10,5187,3033,37,1070,647,06,013,352102,Contra Costa,06013352102
Census Tract 3522.01; Contra Costa County; California,6070,2879,181,1372,222,88,1883,163,67,173828,2315,22,6070,3661,31,1536,514,06,013,352201,Contra Costa,06013352201
Census Tract 3522.02; Contra Costa County; California,2674,1322,147,667,93,73,981,79,17,169591,1079,21,2674,1891,0,519,39,06,013,352202,Contra Costa,06013352202
Census Tract 3530.01; Contra Costa County; California,4420,2148,305,1070,159,0,1664,327,31,250001,1506,20,4420,2644,0,939,189,06,013,353001,Contra Costa,06013353001
Census Tract 3530.02; Contra Costa County; California,4182,1910,340,839,87,0,1266,110,35,250001,1535,30,4182,3144,32,484,222,06,013,353002,Contra Costa,06013353002
Census Tract 3540.01; Contra Costa County; California,2396,1031,169,532,40,11,766,92,48,216518,849,0,2396,1721,0,422,124,06,013,354001,Contra Costa,06013354001
Census Tract 3540.02; Contra Costa County; California,6943,2882,443,1297,99,20,1894,393,41,250001,2841,247,6943,5304,11,563,416,06,013,354002,Contra Costa,06013354002
Census Tract 3551.07; Contra Costa County; California,5607,2933,156,1909,493,6,2598,680,391,133603,1833,29,5607,1858,1010,621,1726,06,013,355107,Contra Costa,06013355107
Census Tract 3551.09; Contra Costa County; California,7471,3010,228,1993,356,1,2659,453,244,102062,1992,44,7471,2080,2077,1406,857,06,013,355109,Contra Costa,06013355109
Census Tract 3551.10; Contra Costa County; California,4112,1931,83,1430,153,0,1685,295,329,103438,1199,78,4112,908,1350,707,881,06,013,355110,Contra Costa,06013355110
Census Tract 3551.11; Contra Costa County; California,6569,3441,153,2434,294,26,2986,557,398,129306,2079,42,6569,1889,959,1316,2013,06,013,355111,Contra Costa,06013355111
Census Tract 3551.12; Contra Costa County; California,5800,2440,123,1171,182,155,1631,226,201,217835,2189,24,5800,4108,183,907,306,06,013,355112,Contra Costa,06013355112
Census Tract 3551.13; Contra Costa County; California,5423,2483,187,1417,87,73,1804,350,196,236818,1838,0,5423,2931,478,1194,418,06,013,355113,Contra Costa,06013355113
Census Tract 3551.15; Contra Costa County; California,10013,4955,229,2669,236,194,3409,503,251,156916,3802,86,10013,2313,558,5733,784,06,013,355115,Contra Costa,06013355115
Census Tract 3551.18; Contra Costa County; California,3769,2202,149,1502,176,18,1872,168,362,134178,1263,47,3769,624,633,898,1258,06,013,355118,Contra Costa,06013355118
Census Tract 3551.19; Contra Costa County; California,5288,2520,297,1614,240,0,2226,555,459,158343,1241,110,5288,1254,1492,833,1137,06,013,355119,Contra Costa,06013355119
Census Tract 3551.20; Contra Costa County; California,4036,1735,157,831,283,68,1384,195,364,94839,1381,37,4036,963,1507,472,855,06,013,355120,Contra Costa,06013355120
Census Tract 3551.21; Contra Costa County; California,6409,3224,162,2024,174,0,2371,283,319,244000,2092,22,6409,1575,310,4123,209,06,013,355121,Contra Costa,06013355121
Census Tract 3551.22; Contra Costa County; California,5559,2259,127,1163,159,0,1480,246,194,230833,1528,45,5559,1530,150,3107,355,06,013,355122,Contra Costa,06013355122
Census Tract 3551.23; Contra Costa County; California,3333,1450,129,705,61,0,917,264,200,250001,944,13,3333,266,113,2374,108,06,013,355123,Contra Costa,06013355123
Census Tract 3551.24; Contra Costa County; California,4601,2274,259,940,118,0,1323,384,157,250001,1350,21,4601,365,0,4036,59,06,013,355124,Contra Costa,06013355124
Census Tract 3551.25; Contra Costa County; California,4096,2149,91,1281,170,19,1581,479,131,250001,1159,45,4096,438,128,3032,340,06,013,355125,Contra Costa,06013355125
Census Tract 3551.26; Contra Costa County; California,5773,2451,200,1087,74,0,1428,298,160,250001,1558,31,5773,1361,152,3897,273,06,013,355126,Contra Costa,06013355126
Census Tract 3552.01; Contra Costa County; California,8114,4612,593,2984,596,0,4224,592,480,140337,2493,163,8114,774,770,4137,1458,06,013,355201,Contra Costa,06013355201
Census Tract 3552.02; Contra Costa County; California,3981,1463,285,785,270,0,1340,277,128,126537,971,32,3981,545,1289,1561,449,06,013,355202,Contra Costa,06013355202
Census Tract 3553.02; Contra Costa County; California,3454,1469,195,654,4,21,892,150,37,250001,1220,11,3454,2209,41,892,71,06,013,355302,Contra Costa,06013355302
Census Tract 3553.06; Contra Costa County; California,4550,2042,79,1344,167,37,1636,197,68,152645,1607,75,4550,3357,39,208,530,06,013,355306,Contra Costa,06013355306
Census Tract 3553.07; Contra Costa County; California,4397,1927,111,1445,67,6,1691,307,132,145430,1587,33,4397,2209,85,933,535,06,013,355307,Contra Costa,06013355307
Census Tract 3553.08; Contra Costa County; California,3570,1599,75,1133,86,17,1323,183,189,163243,1362,45,3570,2690,140,372,225,06,013,355308,Contra Costa,06013355308
Census Tract 3553.09; Contra Costa County; California,5150,2706,222,1645,203,86,2207,271,92,205208,1558,0,5150,3261,0,689,878,06,013,355309,Contra Costa,06013355309
Census Tract 3553.10; Contra Costa County; California,3070,1499,48,953,266,0,1267,150,170,106384,1195,0,3070,1676,112,325,798,06,013,355310,Contra Costa,06013355310
Census Tract 3560.01; Contra Costa County; California,4025,1949,269,1314,196,3,1800,161,191,127662,1145,0,4025,790,460,1025,1168,06,013,356001,Contra Costa,06013356001
Census Tract 3560.02; Contra Costa County; California,5688,2934,148,1868,174,48,2314,429,203,136008,2029,40,5688,1853,817,1743,976,06,013,356002,Contra Costa,06013356002
Census Tract 3570; Contra Costa County; California,3458,1828,41,1143,137,83,1473,202,134,95954,1623,93,3458,2357,314,130,545,06,013,357000,Contra Costa,06013357000
Census Tract 3580; Contra Costa County; California,5859,2824,205,1917,301,55,2625,257,299,68452,2206,220,5859,1608,974,1218,1518,06,013,358000,Contra Costa,06013358000
Census Tract 3591.02; Contra Costa County; California,5061,2452,347,1541,311,50,2268,358,380,114129,1823,84,5061,1315,849,1504,1120,06,013,359102,Contra Costa,06013359102
Census Tract 3591.03; Contra Costa County; California,5435,2846,70,1830,319,2,2250,188,129,99424,1949,110,5435,1646,730,1606,1130,06,013,359103,Contra Costa,06013359103
Census Tract 3591.04; Contra Costa County; California,2537,1453,413,682,93,0,1202,333,123,92423,1244,43,2537,461,790,658,296,06,013,359104,Contra Costa,06013359104
Census Tract 3591.05; Contra Costa County; California,4927,2731,210,1737,100,35,2125,343,245,155170,1805,46,4927,570,954,2211,925,06,013,359105,Contra Costa,06013359105
Census Tract 3592.02; Contra Costa County; California,6819,3454,165,2809,165,12,3184,410,215,132350,2357,306,6819,2348,460,1029,2436,06,013,359202,Contra Costa,06013359202
Census Tract 3592.03; Contra Costa County; California,7200,3592,274,2488,331,0,3228,620,300,127917,2268,55,7200,1973,1146,2657,1105,06,013,359203,Contra Costa,06013359203
Census Tract 3592.04; Contra Costa County; California,4340,2169,117,1559,158,0,1860,286,113,123250,1475,89,4340,700,886,1546,813,06,013,359204,Contra Costa,06013359204
Census Tract 3601.01; Contra Costa County; California,4224,1822,173,1373,179,6,1746,287,173,110433,1635,93,4224,1606,213,1075,1016,06,013,360101,Contra Costa,06013360101
Census Tract 3601.02; Contra Costa County; California,5030,2417,126,1514,303,8,1961,482,135,150325,1588,58,5030,2440,498,690,1045,06,013,360102,Contra Costa,06013360102
Census Tract 3602; Contra Costa County; California,5482,2819,153,2122,302,0,2612,493,86,114583,1803,42,5482,1268,538,1237,1707,06,013,360200,Contra Costa,06013360200
Census Tract 3610; Contra Costa County; California,4973,2516,113,1702,176,0,2068,247,78,110341,1770,60,4973,1493,527,973,1604,06,013,361000,Contra Costa,06013361000
Census Tract 3620; Contra Costa County; California,2832,1605,179,953,56,16,1210,215,16,112344,1169,48,2832,1555,216,320,556,06,013,362000,Contra Costa,06013362000
Census Tract 3630; Contra Costa County; California,7793,4037,356,2745,298,22,3617,733,235,100399,2764,95,7793,2344,1532,1894,1719,06,013,363000,Contra Costa,06013363000
Census Tract 3640.02; Contra Costa County; California,5426,2695,140,2064,258,0,2494,280,175,113519,1886,168,5426,1264,572,1246,2039,06,013,364002,Contra Costa,06013364002
Census Tract 3650.02; Contra Costa County; California,5171,2326,96,1389,547,0,2043,179,59,74545,1360,82,5171,261,779,353,3347,06,013,365002,Contra Costa,06013365002
Census Tract 3650.03; Contra Costa County; California,5416,2536,272,1201,439,0,2001,431,241,77653,2279,193,5416,1035,1576,867,1300,06,013,365003,Contra Costa,06013365003
Census Tract 3660.01; Contra Costa County; California,4690,2193,289,1563,129,0,2092,175,174,87778,1280,5,4690,350,350,1122,2625,06,013,366001,Contra Costa,06013366001
Census Tract 3660.02; Contra Costa County; California,6876,2936,188,1798,705,20,2769,407,164,77424,1806,226,6876,342,615,581,4588,06,013,366002,Contra Costa,06013366002
Census Tract 3671; Contra Costa County; California,5773,2943,334,2027,423,60,2844,484,185,66885,2022,74,5773,476,1699,1174,1812,06,013,367100,Contra Costa,06013367100
Census Tract 3672; Contra Costa County; California,5869,2711,111,1930,359,56,2528,445,114,90941,1762,245,5869,292,755,1366,3158,06,013,367200,Contra Costa,06013367200
Census Tract 3680.01; Contra Costa County; California,5013,2086,191,1354,337,21,1932,300,133,93636,1390,78,5013,438,590,237,3513,06,013,368001,Contra Costa,06013368001
Census Tract 3680.02; Contra Costa County; California,4102,1623,109,1158,225,65,1564,241,107,61855,1178,54,4102,213,423,247,3116,06,013,368002,Contra Costa,06013368002
Census Tract 3690.01; Contra Costa County; California,7347,3276,371,2178,349,76,3027,219,142,67994,2626,165,7347,854,578,2540,2918,06,013,369001,Contra Costa,06013369001
Census Tract 3690.02; Contra Costa County; California,2728,1330,41,830,278,13,1192,21,36,72821,1034,0,2728,1107,379,246,797,06,013,369002,Contra Costa,06013369002
Census Tract 3700; Contra Costa County; California,2960,1732,280,843,159,0,1314,119,65,160986,1129,44,2960,1451,157,599,599,06,013,370000,Contra Costa,06013370000
Census Tract 3710; Contra Costa County; California,5776,3406,301,2125,559,49,3151,662,60,94729,2113,36,5776,1543,590,888,2274,06,013,371000,Contra Costa,06013371000
Census Tract 3720; Contra Costa County; California,7610,4275,626,2902,449,109,4146,383,161,89964,2445,254,7610,777,433,1263,4856,06,013,372000,Contra Costa,06013372000
Census Tract 3730; Contra Costa County; California,4386,2181,417,1281,271,36,2016,211,139,83413,1349,104,4386,204,195,117,3550,06,013,373000,Contra Costa,06013373000
Census Tract 3740; Contra Costa County; California,4687,2089,235,1385,180,85,1907,247,34,83194,1780,230,4687,888,497,522,2635,06,013,374000,Contra Costa,06013374000
Census Tract 3750; Contra Costa County; California,5271,2225,123,1624,318,50,2119,223,68,74306,1351,159,5271,381,723,175,3922,06,013,375000,Contra Costa,06013375000
Census Tract 3760; Contra Costa County; California,6712,2831,252,1604,655,24,2717,329,243,64964,1763,171,6712,41,888,286,5160,06,013,376000,Contra Costa,06013376000
Census Tract 3770; Contra Costa County; California,7826,2747,222,1553,484,102,2471,365,93,41264,2579,648,7826,366,1720,509,4998,06,013,377000,Contra Costa,06013377000
Census Tract 3780; Contra Costa County; California,3887,2274,145,1228,85,96,1618,209,94,129870,1873,53,3887,2548,39,308,715,06,013,378000,Contra Costa,06013378000
Census Tract 3790; Contra Costa County; California,8383,3292,142,2400,370,19,3049,250,54,64518,1937,149,8383,177,1509,173,5972,06,013,379000,Contra Costa,06013379000
Census Tract 3800.01; Contra Costa County; California,2896,1889,153,1204,109,24,1509,137,183,117159,1720,29,2896,1196,543,582,356,06,013,380001,Contra Costa,06013380001
Census Tract 3800.02; Contra Costa County; California,3470,1425,210,689,118,13,1071,168,112,58571,1324,63,3470,774,864,591,899,06,013,380002,Contra Costa,06013380002
Census Tract 3810; Contra Costa County; California,6703,2723,249,2026,272,22,2612,542,177,70687,2231,367,6703,307,2237,470,3405,06,013,381000,Contra Costa,06013381000
Census Tract 3820; Contra Costa County; California,8477,3980,464,2571,519,50,3778,583,205,56378,3092,333,8477,1209,3521,559,2695,06,013,382000,Contra Costa,06013382000
Census Tract 3830; Contra Costa County; California,5848,3286,419,1764,281,93,2615,197,77,105905,2259,125,5848,2810,321,1074,856,06,013,383000,Contra Costa,06013383000
Census Tract 3840; Contra Costa County; California,3826,2056,342,955,110,20,1480,206,36,171645,1677,117,3826,2269,171,564,418,06,013,384000,Contra Costa,06013384000
Census Tract 3851; Contra Costa County; California,3100,1390,97,799,101,31,1075,167,31,170278,1252,10,3100,1583,143,837,310,06,013,385100,Contra Costa,06013385100
Census Tract 3852; Contra Costa County; California,1413,620,77,325,65,0,480,47,17,130804,557,10,1413,601,200,456,43,06,013,385200,Contra Costa,06013385200
Census Tract 3860; Contra Costa County; California,3758,1961,493,791,193,82,1625,176,5,64201,1541,266,3758,1053,235,1590,687,06,013,386000,Contra Costa,06013386000
Census Tract 3870; Contra Costa County; California,3090,1601,224,797,59,65,1212,158,72,105524,1211,55,3090,1394,135,923,265,06,013,387000,Contra Costa,06013387000
Census Tract 3880; Contra Costa County; California,2711,1445,260,571,153,28,1071,98,0,116250,1094,53,2711,1292,55,839,376,06,013,388000,Contra Costa,06013388000
Census Tract 3891; Contra Costa County; California,2455,1452,358,518,80,51,1017,77,32,108333,1076,178,2455,843,195,825,351,06,013,389100,Contra Costa,06013389100
Census Tract 3892; Contra Costa County; California,1955,1085,213,608,88,74,1022,88,42,85000,692,90,1955,384,48,952,469,06,013,389200,Contra Costa,06013389200
Census Tract 3901; Contra Costa County; California,2225,1044,93,525,104,0,742,113,44,174000,946,48,2225,1448,36,387,240,06,013,390100,Contra Costa,06013390100
Census Tract 3902; Contra Costa County; California,1820,909,215,255,30,38,604,92,39,183611,790,43,1820,1205,4,347,171,06,013,390200,Contra Costa,06013390200
Census Tract 3910; Contra Costa County; California,2568,1185,139,330,33,30,592,68,87,170625,1073,41,2568,1687,29,264,241,06,013,391000,Contra Costa,06013391000
Census Tract 3920; Contra Costa County; California,2588,1307,108,506,61,39,739,120,26,214464,1003,20,2588,1893,65,295,98,06,013,392000,Contra Costa,06013392000
Census Tract 3922.01; Contra Costa County; California,4867,2679,377,1618,276,0,2320,309,139,101648,1687,144,4867,308,523,2300,1172,06,013,392201,Contra Costa,06013392201
Census Tract 3922.02; Contra Costa County; California,4724,2479,21,1675,599,0,2330,359,96,110417,1456,0,4724,1217,245,412,2826,06,013,392202,Contra Costa,06013392202
Census Tract 3923; Contra Costa County; California,3754,1709,147,983,323,0,1457,395,95,163565,1051,15,3754,291,726,2303,276,06,013,392300,Contra Costa,06013392300
Census Tract 9800; Contra Costa County; California,507,0,0,0,0,0,0,0,0,-666666666,0,0,507,154,109,11,148,06,013,980000,Contra Costa,06013980000
Census Tract 9900; Contra Costa County; California,0,0,0,0,0,0,0,0,0,-666666666,0,0,0,0,0,0,0,06,013,990000,Contra Costa,06013990000
Census Tract 1011; Marin County; California,2496,1129,27,603,76,44,794,110,9,165938,1106,0,2496,1820,0,496,98,06,041,101100,Marin,06041101100
Census Tract 1012; Marin County; California,2770,1526,52,896,146,5,1164,148,6,153500,1064,0,2770,1798,91,156,466,06,041,101200,Marin,06041101200
Census Tract 1021; Marin County; California,2105,950,61,585,59,0,722,143,0,121845,985,12,2105,1478,13,182,298,06,041,102100,Marin,06041102100
Census Tract 1022.02; Marin County; California,5393,2684,51,1988,130,138,2316,107,75,116483,2077,60,5393,3919,425,298,603,06,041,102202,Marin,06041102202
Census Tract 1022.03; Marin County; California,5486,2364,147,1706,232,25,2110,217,90,78704,2354,199,5486,2981,13,442,1733,06,041,102203,Marin,06041102203
Census Tract 1031; Marin County; California,7228,3499,197,2285,316,54,2863,308,76,158977,2705,39,7228,5486,124,159,903,06,041,103100,Marin,06041103100
Census Tract 1032; Marin County; California,7457,2826,142,1904,155,77,2392,122,138,96731,2678,252,7457,4915,230,504,1503,06,041,103200,Marin,06041103200
Census Tract 1041.02; Marin County; California,5274,2497,97,1921,91,26,2214,129,47,99174,1915,4,5274,2043,324,462,2215,06,041,104102,Marin,06041104102
Census Tract 1041.03; Marin County; California,2884,1591,79,1036,22,0,1161,85,24,135341,1117,0,2884,1863,36,71,447,06,041,104103,Marin,06041104103
Census Tract 1041.04; Marin County; California,5173,2554,106,1649,366,16,2137,263,19,145995,2010,131,5173,3214,42,339,1352,06,041,104104,Marin,06041104104
Census Tract 1042; Marin County; California,5668,3068,93,2160,242,0,2559,292,120,105741,2385,99,5668,3803,83,162,951,06,041,104200,Marin,06041104200
Census Tract 1043; Marin County; California,1742,989,7,726,45,0,783,85,17,161923,722,6,1742,1426,0,86,173,06,041,104300,Marin,06041104300
Census Tract 1050.01; Marin County; California,4324,1555,71,1121,222,0,1441,101,25,90804,1390,47,4324,1675,446,570,1470,06,041,105001,Marin,06041105001
Census Tract 1050.02; Marin County; California,3030,1465,157,681,28,11,901,109,66,125169,1286,40,3030,2054,5,382,405,06,041,105002,Marin,06041105002
Census Tract 1060.01; Marin County; California,5466,3442,449,1856,688,58,3071,411,182,132379,2009,85,5466,2938,51,530,1634,06,041,106001,Marin,06041106001
Census Tract 1060.02; Marin County; California,5991,2688,95,1455,234,49,1892,96,52,119600,2226,141,5991,3453,553,305,1259,06,041,106002,Marin,06041106002
Census Tract 1070; Marin County; California,6334,3157,128,1844,118,74,2224,94,160,216524,2420,75,6334,4898,79,484,391,06,041,107000,Marin,06041107000
Census Tract 1081; Marin County; California,6701,3420,210,1676,158,65,2160,270,15,136970,2608,103,6701,5249,62,499,621,06,041,108100,Marin,06041108100
Census Tract 1082.01; Marin County; California,2365,970,32,752,43,70,897,121,0,88750,1063,257,2365,1014,56,114,1146,06,041,108201,Marin,06041108201
Census Tract 1082.02; Marin County; California,4777,1914,120,972,148,325,1635,269,19,109958,2003,463,4777,3109,143,413,871,06,041,108202,Marin,06041108202
Census Tract 1090.01; Marin County; California,3864,2081,182,1325,168,31,1734,206,12,96486,1722,187,3864,2169,37,271,1027,06,041,109001,Marin,06041109001
Census Tract 1090.02; Marin County; California,4345,2491,111,1248,97,115,1601,187,67,144043,2028,115,4345,3374,23,212,474,06,041,109002,Marin,06041109002
Census Tract 1101; Marin County; California,5703,2356,288,1088,141,136,1657,279,73,116122,2321,29,5703,4160,122,544,828,06,041,110100,Marin,06041110100
Census Tract 1102; Marin County; California,5261,2641,138,1640,47,0,1835,204,117,212411,2177,22,5261,4553,0,269,243,06,041,110200,Marin,06041110200
Census Tract 1110.01; Marin County; California,850,666,58,167,8,104,421,69,48,92339,474,73,850,663,0,115,72,06,041,111001,Marin,06041111001
Census Tract 1110.02; Marin County; California,4018,2392,100,1410,139,12,1702,81,25,87349,2156,216,4018,3156,23,51,734,06,041,111002,Marin,06041111002
Census Tract 1121; Marin County; California,4352,2481,73,1537,58,92,1775,143,0,113558,1933,24,4352,2899,11,152,1150,06,041,112100,Marin,06041112100
Census Tract 1122.02; Marin County; California,5808,2498,164,1121,592,34,1998,134,5,102944,1375,114,5808,855,140,386,4187,06,041,112202,Marin,06041112202
Census Tract 1122.03; Marin County; California,2498,1359,225,361,642,21,1352,189,19,94038,446,29,2498,32,0,51,2334,06,041,112203,Marin,06041112203
Census Tract 1122.04; Marin County; California,4266,2280,229,876,791,95,2193,265,23,71210,1000,116,4266,139,18,76,3904,06,041,112204,Marin,06041112204
Census Tract 1130; Marin County; California,3612,2117,74,1414,37,42,1585,146,151,135491,1607,69,3612,2919,78,81,253,06,041,113000,Marin,06041113000
Census Tract 1141; Marin County; California,5031,2634,77,1200,132,186,1680,242,39,131566,2124,12,5031,4104,64,184,399,06,041,114100,Marin,06041114100
Census Tract 1142; Marin County; California,3352,1652,37,980,59,40,1241,192,27,120121,1395,78,3352,2887,46,25,232,06,041,114200,Marin,06041114200
Census Tract 1150; Marin County; California,7965,3748,167,2326,120,119,2858,496,128,167306,2829,61,7965,6162,179,392,670,06,041,115000,Marin,06041115000
Census Tract 1160; Marin County; California,3143,1766,82,908,69,77,1206,131,37,178705,1291,53,3143,2778,6,118,30,06,041,116000,Marin,06041116000
Census Tract 1170; Marin County; California,4452,2299,100,1428,78,146,1752,185,58,172891,1813,139,4452,3615,16,225,422,06,041,117000,Marin,06041117000
Census Tract 1181; Marin County; California,2537,1077,49,546,56,114,772,57,29,250001,884,34,2537,2188,21,103,111,06,041,118100,Marin,06041118100
Census Tract 1191; Marin County; California,5149,2175,125,1052,134,61,1404,156,14,197847,1985,152,5149,4279,54,169,470,06,041,119100,Marin,06041119100
Census Tract 1192.01; Marin County; California,3812,1957,62,1286,209,45,1602,146,44,85739,2023,174,3812,2487,30,473,544,06,041,119201,Marin,06041119201
Census Tract 1192.02; Marin County; California,3704,1837,181,765,30,10,1059,164,20,250001,1415,39,3704,2819,1,368,259,06,041,119202,Marin,06041119202
Census Tract 1200.01; Marin County; California,1615,997,47,678,93,32,859,105,10,127396,706,0,1615,1285,0,137,29,06,041,120001,Marin,06041120001
Census Tract 1200.02; Marin County; California,4780,2113,213,860,136,89,1320,222,29,203393,2069,121,4780,3698,0,94,344,06,041,120002,Marin,06041120002
Census Tract 1211; Marin County; California,5749,2413,237,1102,180,12,1597,189,13,177754,2379,50,5749,4535,89,245,529,06,041,121100,Marin,06041121100
Census Tract 1212; Marin County; California,6256,3317,134,1722,58,28,1968,185,95,211083,2599,64,6256,4563,89,365,599,06,041,121200,Marin,06041121200
Census Tract 1220; Marin County; California,1559,0,0,0,0,0,0,0,0,-666666666,0,0,1559,357,571,78,454,06,041,122000,Marin,06041122000
Census Tract 1230; Marin County; California,2312,875,58,361,16,48,498,76,18,250001,879,9,2312,2024,12,69,130,06,041,123000,Marin,06041123000
Census Tract 1241; Marin County; California,5430,2963,182,1428,377,0,2025,194,35,202153,2251,14,5430,4302,46,611,126,06,041,124100,Marin,06041124100
Census Tract 1242; Marin County; California,5703,2166,344,778,51,42,1252,147,40,205179,2184,13,5703,4554,8,437,274,06,041,124200,Marin,06041124200
Census Tract 1250; Marin County; California,4534,2116,175,1293,100,61,1654,168,37,119069,1912,99,4534,3085,98,395,593,06,041,125000,Marin,06041125000
Census Tract 1261; Marin County; California,6105,2866,134,1345,193,241,1971,126,46,230057,2367,15,6105,5648,10,160,107,06,041,126100,Marin,06041126100
Census Tract 1262; Marin County; California,4180,1760,72,1272,28,26,1401,192,0,164615,1762,174,4180,2710,117,774,190,06,041,126200,Marin,06041126200
Census Tract 1270; Marin County; California,4588,2287,175,1126,180,38,1586,308,102,210865,1773,17,4588,3944,130,201,154,06,041,127000,Marin,06041127000
Census Tract 1281; Marin County; California,7360,3586,260,1629,417,105,2480,198,104,228652,2647,106,7360,5636,22,502,609,06,041,128100,Marin,06041128100
Census Tract 1282; Marin County; California,5297,2404,109,1183,144,19,1484,80,89,239625,1934,30,5297,4302,23,330,359,06,041,128200,Marin,06041128200
Census Tract 1290; Marin County; California,2922,1411,145,773,53,127,1153,151,47,70147,1208,102,2922,1011,802,297,449,06,041,129000,Marin,06041129000
Census Tract 1302.01; Marin County; California,3367,1769,171,858,83,18,1156,73,33,184814,1823,63,3367,2816,4,219,276,06,041,130201,Marin,06041130201
Census Tract 1302.03; Marin County; California,2100,1118,95,399,21,18,539,135,0,141172,1185,56,2100,1636,14,137,276,06,041,130203,Marin,06041130203
Census Tract 1302.04; Marin County; California,2448,1404,60,685,28,17,919,100,69,126694,1417,43,2448,2134,0,131,110,06,041,130204,Marin,06041130204
Census Tract 1311; Marin County; California,1286,613,21,278,38,51,409,49,51,191042,437,0,1286,1101,29,14,56,06,041,131100,Marin,06041131100
Census Tract 1321; Marin County; California,1742,933,0,569,47,58,693,168,18,96875,806,0,1742,1447,0,29,222,06,041,132100,Marin,06041132100
Census Tract 1322; Marin County; California,1806,885,0,489,37,24,550,150,23,76088,1008,46,1806,1603,0,0,102,06,041,132200,Marin,06041132200
Census Tract 1330; Marin County; California,2960,1654,3,1023,128,129,1295,155,132,132500,1242,4,2960,2575,16,26,273,06,041,133000,Marin,06041133000
Census Tract 9901; Marin County; California,0,0,0,0,0,0,0,0,0,-666666666,0,0,0,0,0,0,0,06,041,990100,Marin,06041990100
Census Tract 2002.01; Napa County; California,3906,1871,0,1447,77,43,1655,120,17,81875,1379,15,3906,2208,7,13,1638,06,055,200201,Napa,06055200201
Census Tract 2002.02; Napa County; California,2089,1009,0,783,9,26,889,10,20,69537,986,69,2089,958,12,42,1014,06,055,200202,Napa,06055200202
Census Tract 2002.03; Napa County; California,2062,942,33,667,80,68,868,96,50,79886,750,90,2062,857,45,7,1121,06,055,200203,Napa,06055200203
Census Tract 2003.01; Napa County; California,6120,3016,14,2345,214,40,2743,64,17,93400,2096,160,6120,2387,24,211,3292,06,055,200301,Napa,06055200301
Census Tract 2003.02; Napa County; California,2716,1198,0,972,67,3,1042,70,27,110673,909,0,2716,1483,37,132,933,06,055,200302,Napa,06055200302
Census Tract 2004; Napa County; California,3440,1464,2,1028,67,24,1140,52,46,128065,1488,9,3440,2478,23,119,659,06,055,200400,Napa,06055200400
Census Tract 2005.01; Napa County; California,5648,2786,30,2069,258,117,2571,199,28,92344,1687,40,5648,2285,18,37,3105,06,055,200501,Napa,06055200501
Census Tract 2005.03; Napa County; California,1785,1179,3,752,159,14,953,87,64,110179,723,15,1785,908,0,200,653,06,055,200503,Napa,06055200503
Census Tract 2005.04; Napa County; California,5956,3349,30,2408,226,179,3021,289,13,91379,2191,182,5956,2555,28,238,2868,06,055,200504,Napa,06055200504
Census Tract 2005.05; Napa County; California,2857,1694,25,1221,107,40,1487,49,25,84394,1168,26,2857,1154,0,249,1341,06,055,200505,Napa,06055200505
Census Tract 2006.01; Napa County; California,4949,2816,0,2150,414,15,2632,164,62,137679,1584,75,4949,2272,59,47,2229,06,055,200601,Napa,06055200601
Census Tract 2006.02; Napa County; California,4482,2035,35,1568,203,39,1853,174,74,100212,1880,199,4482,2446,0,128,1648,06,055,200602,Napa,06055200602
Census Tract 2007.03; Napa County; California,3036,1369,0,1001,57,0,1078,71,39,144625,1163,51,3036,2474,104,26,380,06,055,200703,Napa,06055200703
Census Tract 2007.04; Napa County; California,4930,2332,15,1713,326,102,2200,30,58,63462,1726,181,4930,2326,8,56,2327,06,055,200704,Napa,06055200704
Census Tract 2007.05; Napa County; California,2846,1626,31,1124,240,13,1493,81,74,100750,1122,52,2846,1742,31,13,970,06,055,200705,Napa,06055200705
Census Tract 2007.06; Napa County; California,3132,1509,0,1089,249,7,1345,86,36,136419,1132,0,3132,2111,1,42,833,06,055,200706,Napa,06055200706
Census Tract 2007.07; Napa County; California,3508,1791,9,1484,142,28,1686,73,50,119643,1466,143,3508,2303,61,178,681,06,055,200707,Napa,06055200707
Census Tract 2008.02; Napa County; California,6458,3278,18,2767,121,32,2990,176,23,106452,2236,129,6458,3222,60,90,2864,06,055,200802,Napa,06055200802
Census Tract 2008.03; Napa County; California,2236,947,40,549,68,30,702,36,49,135000,894,42,2236,1747,30,71,275,06,055,200803,Napa,06055200803
Census Tract 2008.04; Napa County; California,5411,2689,0,1891,580,33,2561,297,43,89924,1596,22,5411,1490,18,33,3748,06,055,200804,Napa,06055200804
Census Tract 2009; Napa County; California,438,40,16,24,0,0,40,16,0,-666666666,28,21,438,217,111,38,61,06,055,200900,Napa,06055200900
Census Tract 2010.03; Napa County; California,5018,2494,39,1830,181,6,2180,335,174,165833,1372,32,5018,767,611,2367,815,06,055,201003,Napa,06055201003
Census Tract 2010.04; Napa County; California,6844,3247,72,2307,464,2,2881,337,86,105703,1907,13,6844,1064,346,2460,2452,06,055,201004,Napa,06055201004
Census Tract 2010.05; Napa County; California,2688,1171,7,892,152,13,1071,70,65,100600,604,13,2688,604,78,686,1039,06,055,201005,Napa,06055201005
Census Tract 2010.06; Napa County; California,3436,1728,124,1209,254,5,1658,170,82,137292,900,20,3436,1337,158,697,945,06,055,201006,Napa,06055201006
Census Tract 2010.07; Napa County; California,3991,2014,53,1708,194,13,1968,181,82,133750,1092,60,3991,1097,127,1291,911,06,055,201007,Napa,06055201007
Census Tract 2011.01; Napa County; California,1894,895,21,611,93,13,763,48,36,116226,811,13,1894,1263,21,75,468,06,055,201101,Napa,06055201101
Census Tract 2011.02; Napa County; California,2053,854,0,484,211,32,731,37,0,134167,704,23,2053,1508,35,107,303,06,055,201102,Napa,06055201102
Census Tract 2012; Napa County; California,4587,1749,11,1291,316,0,1641,122,54,74154,1962,78,4587,2691,0,186,1620,06,055,201200,Napa,06055201200
Census Tract 2013; Napa County; California,3397,1295,20,761,9,249,1044,82,8,75134,1516,210,3397,2358,106,127,684,06,055,201300,Napa,06055201300
Census Tract 2014.01; Napa County; California,2548,1165,21,836,27,29,940,56,106,145682,1122,30,2548,1918,31,17,411,06,055,201401,Napa,06055201401
Census Tract 2014.02; Napa County; California,2415,1104,8,788,116,16,951,48,9,169028,1021,18,2415,2206,2,20,146,06,055,201402,Napa,06055201402
Census Tract 2014.03; Napa County; California,739,410,0,250,56,16,322,15,0,198603,259,0,739,580,0,6,31,06,055,201403,Napa,06055201403
Census Tract 2015; Napa County; California,1668,863,78,431,94,58,683,22,43,118500,726,46,1668,1097,0,24,490,06,055,201500,Napa,06055201500
Census Tract 2016.01; Napa County; California,2446,1065,0,779,117,52,957,25,30,130357,914,70,2446,1498,27,40,858,06,055,201601,Napa,06055201601
Census Tract 2016.02; Napa County; California,2980,1475,121,949,17,137,1257,46,7,150375,1552,149,2980,2407,0,58,393,06,055,201602,Napa,06055201602
Census Tract 2017; Napa County; California,4494,2273,12,1465,119,242,1889,78,75,115625,1432,26,4494,2532,133,566,886,06,055,201700,Napa,06055201700
Census Tract 2018; Napa County; California,1480,684,0,529,65,19,653,97,114,80313,545,9,1480,890,3,18,526,06,055,201800,Napa,06055201800
Census Tract 2019; Napa County; California,1510,824,20,404,56,48,579,38,16,127159,459,7,1510,834,21,38,528,06,055,201900,Napa,06055201900
Census Tract 2020; Napa County; California,5191,2656,36,2096,107,140,2456,139,62,96667,2116,83,5191,2970,29,113,2036,06,055,202000,Napa,06055202000
Census Tract 101.01; San Francisco County; California,2121,1022,244,179,15,106,581,13,0,83816,1222,486,2121,705,150,897,265,06,075,010101,San Francisco,06075010101
Census Tract 101.02; San Francisco County; California,1908,841,265,264,26,98,670,82,0,-666666666,922,354,1908,469,338,775,286,06,075,010102,San Francisco,06075010102
Census Tract 102.01; San Francisco County; California,2473,1728,250,279,59,265,998,117,59,147427,1308,432,2473,1759,185,175,266,06,075,010201,San Francisco,06075010201
Census Tract 102.02; San Francisco County; California,1859,1406,352,234,60,278,1022,21,27,208750,1084,173,1859,1179,58,329,63,06,075,010202,San Francisco,06075010202
Census Tract 103; San Francisco County; California,3925,2522,525,518,56,311,1582,100,43,149766,2087,654,3925,2322,0,1051,462,06,075,010300,San Francisco,06075010300
Census Tract 104.01; San Francisco County; California,2437,1144,91,308,83,284,863,37,0,173750,996,337,2437,1461,8,362,448,06,075,010401,San Francisco,06075010401
Census Tract 104.02; San Francisco County; California,2077,1290,192,233,0,283,749,105,42,202050,1293,459,2077,1325,9,395,181,06,075,010402,San Francisco,06075010402
Census Tract 105; San Francisco County; California,3108,1621,257,160,34,595,1136,133,53,187763,1792,655,3108,1538,16,1270,49,06,075,010500,San Francisco,06075010500
Census Tract 106; San Francisco County; California,3197,1947,517,255,20,699,1620,66,28,58060,1807,1160,3197,989,99,1607,249,06,075,010600,San Francisco,06075010600
Census Tract 107.01; San Francisco County; California,3424,1270,612,172,0,314,1100,153,67,24085,1886,1589,3424,69,0,3247,54,06,075,010701,San Francisco,06075010701
Census Tract 107.02; San Francisco County; California,1458,883,167,113,57,325,708,66,41,77524,675,358,1458,344,0,796,205,06,075,010702,San Francisco,06075010702
Census Tract 108; San Francisco County; California,4613,3188,681,642,109,1089,2590,86,343,145402,2401,674,4613,2167,384,1441,239,06,075,010800,San Francisco,06075010800
Census Tract 109.01; San Francisco County; California,2007,1519,451,403,73,198,1291,129,0,183194,1045,440,2007,1221,11,419,266,06,075,010901,San Francisco,06075010901
Census Tract 109.02; San Francisco County; California,2502,1849,213,296,68,223,1008,54,39,137141,1363,787,2502,1673,45,406,272,06,075,010902,San Francisco,06075010902
Census Tract 110.01; San Francisco County; California,2618,1836,416,291,78,406,1369,41,12,114137,1446,735,2618,1356,27,1145,68,06,075,011001,San Francisco,06075011001
Census Tract 110.02; San Francisco County; California,1907,1279,147,263,115,424,1037,52,0,-666666666,1212,465,1907,1051,0,686,65,06,075,011002,San Francisco,06075011002
Census Tract 111.01; San Francisco County; California,2502,1818,473,298,45,484,1454,202,109,116897,1495,804,2502,1036,70,1073,228,06,075,011101,San Francisco,06075011101
Census Tract 111.02; San Francisco County; California,2218,1524,375,147,0,631,1394,61,77,92000,1362,1002,2218,927,144,734,297,06,075,011102,San Francisco,06075011102
Census Tract 112; San Francisco County; California,2865,1771,335,240,45,580,1272,93,9,158750,1651,810,2865,1598,75,853,120,06,075,011200,San Francisco,06075011200
Census Tract 113; San Francisco County; California,2862,1268,281,152,54,433,937,25,91,31801,1383,943,2862,367,111,2216,108,06,075,011300,San Francisco,06075011300
Census Tract 117; San Francisco County; California,2056,1149,257,105,45,521,950,24,0,93500,1152,862,2056,761,63,746,270,06,075,011700,San Francisco,06075011700
Census Tract 118; San Francisco County; California,1695,823,268,44,27,318,688,76,21,41471,738,587,1695,134,35,1377,39,06,075,011800,San Francisco,06075011800
Census Tract 119.01; San Francisco County; California,2387,1657,280,176,18,739,1336,155,22,119464,1297,805,2387,1089,74,540,500,06,075,011901,San Francisco,06075011901
Census Tract 119.02; San Francisco County; California,2650,1522,391,134,28,578,1153,134,27,81995,1609,1066,2650,1277,39,1032,213,06,075,011902,San Francisco,06075011902
Census Tract 120.01; San Francisco County; California,1912,1395,307,131,53,395,1027,62,18,87796,1110,727,1912,608,23,470,390,06,075,012001,San Francisco,06075012001
Census Tract 120.02; San Francisco County; California,2102,1187,256,102,123,312,1035,94,43,53125,1339,991,2102,765,160,595,544,06,075,012002,San Francisco,06075012002
Census Tract 121; San Francisco County; California,3513,2452,528,243,68,988,2092,154,54,83906,2166,1686,3513,1650,163,1062,443,06,075,012100,San Francisco,06075012100
Census Tract 122.02; San Francisco County; California,2978,1210,337,80,31,483,1022,46,15,50583,1494,1052,2978,1153,341,887,412,06,075,012202,San Francisco,06075012202
Census Tract 122.03; San Francisco County; California,1763,725,220,89,0,274,694,140,13,33750,1091,896,1763,960,154,344,226,06,075,012203,San Francisco,06075012203
Census Tract 122.04; San Francisco County; California,2720,1547,271,107,22,734,1257,0,29,62704,1598,1416,2720,1058,0,772,803,06,075,012204,San Francisco,06075012204
Census Tract 123.01; San Francisco County; California,1901,746,327,31,13,249,669,24,40,25625,1291,1068,1901,556,165,568,520,06,075,012301,San Francisco,06075012301
Census Tract 123.02; San Francisco County; California,2614,1555,376,134,0,715,1373,96,76,43879,1918,1596,2614,1128,207,714,347,06,075,012302,San Francisco,06075012302
Census Tract 124.03; San Francisco County; California,2431,1112,485,205,61,184,1023,55,25,34732,1190,896,2431,446,45,1201,577,06,075,012403,San Francisco,06075012403
Census Tract 124.04; San Francisco County; California,2586,1182,559,56,0,319,1182,17,0,27852,1532,1312,2586,790,247,557,922,06,075,012404,San Francisco,06075012404
Census Tract 124.05; San Francisco County; California,3921,2690,763,377,9,536,1780,86,85,102358,2524,1760,3921,1282,683,971,597,06,075,012405,San Francisco,06075012405
Census Tract 124.06; San Francisco County; California,1533,725,161,87,0,353,632,12,0,32589,979,774,1533,475,190,554,237,06,075,012406,San Francisco,06075012406
Census Tract 125.02; San Francisco County; California,4629,1643,626,276,0,603,1570,54,0,21653,2246,1798,4629,781,445,1443,1460,06,075,012502,San Francisco,06075012502
Census Tract 125.03; San Francisco County; California,4368,1767,569,242,4,713,1587,136,59,39133,1919,1447,4368,831,466,1503,1405,06,075,012503,San Francisco,06075012503
Census Tract 125.04; San Francisco County; California,612,205,160,0,0,0,177,30,33,25667,340,260,612,67,28,286,187,06,075,012504,San Francisco,06075012504
Census Tract 126.01; San Francisco County; California,2164,1535,376,343,132,96,1076,147,16,180123,1325,427,2164,1431,0,319,201,06,075,012601,San Francisco,06075012601
Census Tract 126.02; San Francisco County; California,2768,1869,474,433,73,54,1251,116,62,189500,1404,430,2768,2104,0,267,144,06,075,012602,San Francisco,06075012602
Census Tract 127; San Francisco County; California,4021,2887,464,926,115,181,1883,106,74,236158,2145,278,4021,3127,62,258,370,06,075,012700,San Francisco,06075012700
Census Tract 128.01; San Francisco County; California,2591,1549,198,428,207,159,1034,144,0,250001,1213,230,2591,1880,0,158,407,06,075,012801,San Francisco,06075012801
Census Tract 128.02; San Francisco County; California,2027,1336,262,176,53,69,771,37,18,250001,925,181,2027,1456,3,158,365,06,075,012802,San Francisco,06075012802
Census Tract 129.01; San Francisco County; California,2816,2103,426,520,76,125,1320,181,71,220096,1385,282,2816,1943,2,469,265,06,075,012901,San Francisco,06075012901
Census Tract 129.02; San Francisco County; California,3322,2578,738,549,190,94,2005,57,65,205463,1861,679,3322,2473,33,332,165,06,075,012902,San Francisco,06075012902
Census Tract 130.01; San Francisco County; California,1592,1201,203,445,90,148,1116,87,4,191541,896,245,1592,1354,0,177,48,06,075,013001,San Francisco,06075013001
Census Tract 130.02; San Francisco County; California,2609,1767,397,302,51,159,975,266,7,210637,1236,419,2609,1794,0,262,215,06,075,013002,San Francisco,06075013002
Census Tract 131.01; San Francisco County; California,4269,2877,587,329,187,506,2036,84,144,219107,2345,720,4269,2768,64,1076,215,06,075,013101,San Francisco,06075013101
Census Tract 131.02; San Francisco County; California,2731,1740,286,539,79,143,1152,87,175,242969,1567,464,2731,1730,68,347,402,06,075,013102,San Francisco,06075013102
Census Tract 132; San Francisco County; California,3931,2277,289,523,191,207,1559,26,21,201464,2213,380,3931,2537,1,861,259,06,075,013200,San Francisco,06075013200
Census Tract 133; San Francisco County; California,4284,1991,486,622,121,133,1490,84,95,173851,1954,602,4284,2850,46,742,352,06,075,013300,San Francisco,06075013300
Census Tract 134.01; San Francisco County; California,1370,863,222,256,61,21,723,71,14,197581,755,161,1370,816,4,134,173,06,075,013401,San Francisco,06075013401
Census Tract 134.02; San Francisco County; California,2107,1353,215,473,106,20,903,75,0,213607,1164,198,2107,1669,115,86,145,06,075,013402,San Francisco,06075013402
Census Tract 135; San Francisco County; California,2471,1732,297,551,58,238,1271,76,34,175118,1641,517,2471,1714,10,305,314,06,075,013500,San Francisco,06075013500
Census Tract 151; San Francisco County; California,2799,1711,647,304,17,262,1360,136,49,170583,1720,812,2799,1455,104,929,183,06,075,015100,San Francisco,06075015100
Census Tract 152.01; San Francisco County; California,1612,996,260,319,139,108,843,80,13,92254,1049,547,1612,1031,58,350,64,06,075,015201,San Francisco,06075015201
Census Tract 152.02; San Francisco County; California,2212,1425,305,265,26,208,947,18,0,146250,1022,401,2212,1058,460,465,177,06,075,015202,San Francisco,06075015202
Census Tract 153; San Francisco County; California,2293,1524,420,276,68,209,1112,121,16,176090,1026,344,2293,1367,239,259,303,06,075,015300,San Francisco,06075015300
Census Tract 154.01; San Francisco County; California,3338,2239,639,380,166,175,1496,120,40,133925,1697,372,3338,1550,1,1264,298,06,075,015401,San Francisco,06075015401
Census Tract 154.02; San Francisco County; California,2848,1951,403,404,402,28,1237,81,60,231313,1297,116,2848,1836,0,449,434,06,075,015402,San Francisco,06075015402
Census Tract 155; San Francisco County; California,3708,1637,426,325,8,155,1031,73,100,92829,2249,1294,3708,1371,145,1213,676,06,075,015500,San Francisco,06075015500
Census Tract 156; San Francisco County; California,2988,1586,419,519,32,190,1199,173,12,99028,1381,393,2988,1097,107,1103,418,06,075,015600,San Francisco,06075015600
Census Tract 157.01; San Francisco County; California,4926,2730,922,746,12,434,2252,204,29,148542,1187,156,4926,2126,171,1445,805,06,075,015701,San Francisco,06075015701
Census Tract 157.02; San Francisco County; California,3273,2256,483,704,94,57,1686,63,61,209803,1309,142,3273,1851,73,323,354,06,075,015702,San Francisco,06075015702
Census Tract 158.01; San Francisco County; California,3394,1728,508,503,39,157,1397,91,55,121058,1415,323,3394,1219,870,919,257,06,075,015801,San Francisco,06075015801
Census Tract 158.02; San Francisco County; California,3340,2366,658,459,161,193,1659,202,49,158523,1633,536,3340,1828,272,440,363,06,075,015802,San Francisco,06075015802
Census Tract 159; San Francisco County; California,5245,2824,722,562,241,452,2134,368,88,114323,2129,857,5245,1550,796,1488,944,06,075,015900,San Francisco,06075015900
Census Tract 160; San Francisco County; California,2460,1499,287,518,6,306,1197,98,32,135246,1713,967,2460,910,141,786,228,06,075,016000,San Francisco,06075016000
Census Tract 161.01; San Francisco County; California,2355,788,278,128,0,67,528,84,12,28522,1555,882,2355,1007,358,749,155,06,075,016101,San Francisco,06075016101
Census Tract 161.02; San Francisco County; California,2618,875,542,272,0,36,863,142,0,-666666666,1179,654,2618,311,1127,569,312,06,075,016102,San Francisco,06075016102
Census Tract 162; San Francisco County; California,3230,2478,589,369,84,320,1815,189,94,181425,1847,943,3230,1705,168,798,349,06,075,016200,San Francisco,06075016200
Census Tract 163; San Francisco County; California,3942,2522,715,472,199,147,1736,171,79,129962,1885,679,3942,2155,567,467,339,06,075,016300,San Francisco,06075016300
Census Tract 164; San Francisco County; California,4162,2847,899,571,214,114,2135,158,154,212667,1704,596,4162,2527,200,605,634,06,075,016400,San Francisco,06075016400
Census Tract 165; San Francisco County; California,5317,3443,915,357,198,675,2501,104,98,177159,2260,650,5317,3483,381,418,720,06,075,016500,San Francisco,06075016500
Census Tract 166.01; San Francisco County; California,3202,2173,750,335,34,250,1539,116,52,158854,1458,574,3202,2348,112,222,135,06,075,016601,San Francisco,06075016601
Census Tract 166.02; San Francisco County; California,2098,1726,483,293,125,100,1101,100,175,207640,1052,289,2098,1509,209,175,118,06,075,016602,San Francisco,06075016602
Census Tract 167; San Francisco County; California,5277,4268,1532,672,67,230,3198,278,119,232895,2336,962,5277,3811,285,532,299,06,075,016700,San Francisco,06075016700
Census Tract 168.01; San Francisco County; California,3898,2887,984,309,45,290,2146,174,149,182344,1965,893,3898,2168,202,719,531,06,075,016801,San Francisco,06075016801
Census Tract 168.02; San Francisco County; California,3807,2832,724,558,48,564,2039,206,130,141518,1955,902,3807,1909,332,937,299,06,075,016802,San Francisco,06075016802
Census Tract 169; San Francisco County; California,3061,2039,798,268,82,157,1404,151,72,150139,1660,768,3061,2026,51,399,324,06,075,016900,San Francisco,06075016900
Census Tract 170; San Francisco County; California,4262,2920,896,647,113,120,2137,179,39,250001,2195,307,4262,2991,81,497,305,06,075,017000,San Francisco,06075017000
Census Tract 171.01; San Francisco County; California,4250,2492,687,612,70,92,1706,159,22,199676,1759,386,4250,2950,85,642,187,06,075,017101,San Francisco,06075017101
Census Tract 171.02; San Francisco County; California,3646,2420,650,609,77,221,1801,137,125,171205,1587,443,3646,2548,68,197,577,06,075,017102,San Francisco,06075017102
Census Tract 176.02; San Francisco County; California,3199,2012,289,191,160,549,1333,9,118,69671,1594,1017,3199,938,710,1002,296,06,075,017602,San Francisco,06075017602
Census Tract 176.03; San Francisco County; California,4815,2690,1096,249,0,480,1935,39,83,90590,2409,1616,4815,1307,262,2540,517,06,075,017603,San Francisco,06075017603
Census Tract 176.04; San Francisco County; California,3146,1925,438,208,13,671,1668,41,0,100036,2040,1404,3146,979,385,807,784,06,075,017604,San Francisco,06075017604
Census Tract 177; San Francisco County; California,2080,1420,390,326,52,137,1012,77,79,156806,938,289,2080,748,29,440,745,06,075,017700,San Francisco,06075017700
Census Tract 178.01; San Francisco County; California,3582,1383,150,148,0,564,877,11,26,25625,2411,1550,3582,648,71,2413,293,06,075,017801,San Francisco,06075017801
Census Tract 178.03; San Francisco County; California,2523,1377,416,89,70,339,1209,54,0,87132,1195,676,2523,821,69,971,472,06,075,017803,San Francisco,06075017803
Census Tract 178.04; San Francisco County; California,3482,2522,329,349,86,769,1775,101,0,124674,1841,849,3482,1178,48,1746,387,06,075,017804,San Francisco,06075017804
Census Tract 179.03; San Francisco County; California,3136,1712,609,623,163,126,1575,232,85,96000,626,94,3136,938,500,325,973,06,075,017903,San Francisco,06075017903
Census Tract 180; San Francisco County; California,3774,2207,440,412,28,661,1594,200,82,183507,1613,625,3774,1186,308,1009,965,06,075,018000,San Francisco,06075018000
Census Tract 201.01; San Francisco County; California,3924,2721,745,508,80,560,2231,14,117,135223,1861,885,3924,1432,409,609,1184,06,075,020101,San Francisco,06075020101
Census Tract 201.02; San Francisco County; California,3310,1900,642,473,69,302,1539,42,54,116076,1385,800,3310,1020,285,912,937,06,075,020102,San Francisco,06075020102
Census Tract 202.01; San Francisco County; California,1920,1314,464,166,84,102,1052,66,84,116103,1063,519,1920,880,123,263,588,06,075,020201,San Francisco,06075020201
Census Tract 202.02; San Francisco County; California,4113,2875,904,320,14,180,1826,107,29,164327,2024,925,4113,2066,212,590,683,06,075,020202,San Francisco,06075020202
Census Tract 203; San Francisco County; California,3474,2592,723,454,28,176,1548,163,66,172151,2142,809,3474,2220,79,398,499,06,075,020300,San Francisco,06075020300
Census Tract 204.01; San Francisco County; California,3248,2373,591,493,136,93,1463,192,177,157237,1590,296,3248,1986,97,468,360,06,075,020401,San Francisco,06075020401
Census Tract 204.02; San Francisco County; California,4169,2790,569,1150,196,73,2126,164,86,152138,2354,319,4169,2659,69,689,563,06,075,020402,San Francisco,06075020402
Census Tract 205; San Francisco County; California,2970,1822,675,298,78,132,1276,108,94,250001,1340,367,2970,2204,108,291,235,06,075,020500,San Francisco,06075020500
Census Tract 206.01; San Francisco County; California,3044,2217,773,411,183,80,1576,79,53,149781,1443,537,3044,1957,119,536,320,06,075,020601,San Francisco,06075020601
Census Tract 206.02; San Francisco County; California,2564,1551,358,441,101,118,1190,179,30,196417,1353,378,2564,1776,118,302,254,06,075,020602,San Francisco,06075020602
Census Tract 207.01; San Francisco County; California,3139,2233,532,388,22,431,1583,116,65,246500,1326,347,3139,1684,137,463,502,06,075,020701,San Francisco,06075020701
Census Tract 207.02; San Francisco County; California,2248,1545,454,312,98,154,1061,29,0,144048,1198,596,2248,1186,24,466,510,06,075,020702,San Francisco,06075020702
Census Tract 208.01; San Francisco County; California,3743,2253,859,548,38,244,1908,84,133,101696,1511,590,3743,1054,227,508,1698,06,075,020801,San Francisco,06075020801
Census Tract 208.02; San Francisco County; California,2523,1797,515,362,0,89,1492,107,48,119030,1162,533,2523,1100,32,367,956,06,075,020802,San Francisco,06075020802
Census Tract 209; San Francisco County; California,4098,2601,1271,375,103,113,1999,279,152,117813,1690,657,4098,1382,131,643,1655,06,075,020900,San Francisco,06075020900
Census Tract 210; San Francisco County; California,3820,2292,566,655,86,92,1682,75,61,151118,1849,567,3820,2390,31,602,524,06,075,021000,San Francisco,06075021000
Census Tract 211; San Francisco County; California,3959,2694,692,616,30,150,1772,295,101,228125,1998,401,3959,2781,0,577,259,06,075,021100,San Francisco,06075021100
Census Tract 212; San Francisco County; California,2984,1789,456,531,35,43,1226,144,68,191156,1423,241,2984,1852,29,347,300,06,075,021200,San Francisco,06075021200
Census Tract 213; San Francisco County; California,2663,1582,263,698,49,49,1143,146,57,183417,1153,122,2663,1705,93,287,286,06,075,021300,San Francisco,06075021300
Census Tract 214; San Francisco County; California,3500,2222,484,520,80,123,1410,157,41,217353,1714,387,3500,2499,0,539,261,06,075,021400,San Francisco,06075021400
Census Tract 215; San Francisco County; California,5559,3687,1243,1068,72,46,2809,273,20,200938,2416,196,5559,3084,64,1081,907,06,075,021500,San Francisco,06075021500
Census Tract 216; San Francisco County; California,4414,2679,394,1007,40,0,1518,163,76,218988,2055,307,4414,2254,194,962,585,06,075,021600,San Francisco,06075021600
Census Tract 217; San Francisco County; California,4602,2158,483,659,219,38,1425,235,0,141250,1801,83,4602,2334,508,634,384,06,075,021700,San Francisco,06075021700
Census Tract 218; San Francisco County; California,4121,2670,453,800,66,79,1627,180,43,232500,1776,170,4121,2461,62,575,619,06,075,021800,San Francisco,06075021800
Census Tract 226; San Francisco County; California,3849,3150,586,615,105,458,2240,188,147,239625,2042,597,3849,1838,124,1139,400,06,075,022600,San Francisco,06075022600
Census Tract 227.02; San Francisco County; California,2152,1579,217,376,19,242,1009,120,0,240922,1063,171,2152,1163,27,417,317,06,075,022702,San Francisco,06075022702
Census Tract 227.04; San Francisco County; California,3716,2471,191,760,124,205,1601,135,32,250001,1667,116,3716,1979,105,821,272,06,075,022704,San Francisco,06075022704
Census Tract 228.01; San Francisco County; California,4950,3029,589,885,182,332,2259,106,75,164539,1819,264,4950,2126,695,688,1110,06,075,022801,San Francisco,06075022801
Census Tract 228.02; San Francisco County; California,2369,1175,280,248,100,107,874,120,66,131042,744,228,2369,1008,144,408,736,06,075,022802,San Francisco,06075022802
Census Tract 228.03; San Francisco County; California,4430,2569,667,680,211,155,1992,107,0,153750,1468,357,4430,1500,120,764,1732,06,075,022803,San Francisco,06075022803
Census Tract 229.01; San Francisco County; California,4386,2661,781,756,231,124,2145,187,24,96964,1427,413,4386,1248,42,314,2633,06,075,022901,San Francisco,06075022901
Census Tract 229.02; San Francisco County; California,2096,1244,212,314,58,213,914,37,0,190875,714,195,2096,763,60,382,755,06,075,022902,San Francisco,06075022902
Census Tract 229.03; San Francisco County; California,2850,1893,537,331,39,89,1309,281,60,209659,1087,237,2850,1285,92,345,875,06,075,022903,San Francisco,06075022903
Census Tract 230.01; San Francisco County; California,5719,2465,775,1201,232,76,2284,307,53,95052,1288,64,5719,512,404,3387,1196,06,075,023001,San Francisco,06075023001
Census Tract 230.03; San Francisco County; California,4157,2100,387,919,305,80,1854,86,71,103472,1234,156,4157,344,770,2213,645,06,075,023003,San Francisco,06075023003
Census Tract 231.02; San Francisco County; California,3569,1385,527,559,118,72,1276,272,14,46786,1174,250,3569,186,1435,315,1228,06,075,023102,San Francisco,06075023102
Census Tract 231.03; San Francisco County; California,4456,1288,217,719,228,16,1232,165,16,29799,1518,315,4456,0,2248,337,1062,06,075,023103,San Francisco,06075023103
Census Tract 232; San Francisco County; California,4222,2086,584,689,325,86,1796,179,35,122803,1204,99,4222,403,1247,1261,1260,06,075,023200,San Francisco,06075023200
Census Tract 233; San Francisco County; California,3950,1858,466,968,195,41,1707,128,47,74844,1307,252,3950,263,466,2256,893,06,075,023300,San Francisco,06075023300
Census Tract 234; San Francisco County; California,4039,1600,374,882,284,16,1600,298,10,78664,1140,191,4039,321,1034,1147,1356,06,075,023400,San Francisco,06075023400
Census Tract 251; San Francisco County; California,3408,1908,190,868,48,68,1364,242,24,131801,1355,70,3408,1682,162,486,820,06,075,025100,San Francisco,06075025100
Census Tract 252; San Francisco County; California,5457,2958,641,863,131,208,2104,299,37,147868,2365,549,5457,2837,44,702,1458,06,075,025200,San Francisco,06075025200
Census Tract 253; San Francisco County; California,4545,2814,454,1147,209,90,2128,301,69,168720,1700,259,4545,1705,62,660,1751,06,075,025300,San Francisco,06075025300
Census Tract 254.01; San Francisco County; California,3819,2123,533,378,372,53,1723,96,23,165278,1346,114,3819,1795,95,152,1153,06,075,025401,San Francisco,06075025401
Census Tract 254.02; San Francisco County; California,3294,1692,239,795,183,59,1396,65,12,166094,1103,65,3294,1018,286,459,1345,06,075,025402,San Francisco,06075025402
Census Tract 254.03; San Francisco County; California,4244,2217,468,814,170,61,1704,116,72,166935,1276,125,4244,1016,435,1270,1307,06,075,025403,San Francisco,06075025403
Census Tract 255.01; San Francisco County; California,4397,2308,746,516,95,3,1815,420,19,150438,1071,21,4397,812,144,1680,1439,06,075,025501,San Francisco,06075025501
Census Tract 255.02; San Francisco County; California,3846,1935,537,818,170,12,1551,105,0,161400,1238,155,3846,1295,102,1543,657,06,075,025502,San Francisco,06075025502
Census Tract 256; San Francisco County; California,5027,2882,671,1019,438,63,2257,268,54,115739,1543,219,5027,772,32,2747,1342,06,075,025600,San Francisco,06075025600
Census Tract 257.01; San Francisco County; California,5331,2922,725,1243,449,10,2530,299,167,118443,1599,154,5331,508,74,3293,1323,06,075,025701,San Francisco,06075025701
Census Tract 257.02; San Francisco County; California,4153,1992,545,870,438,37,1890,263,52,91513,1166,186,4153,532,3,2962,562,06,075,025702,San Francisco,06075025702
Census Tract 258; San Francisco County; California,2129,1041,277,413,162,15,892,142,16,87614,646,154,2129,214,198,1501,123,06,075,025800,San Francisco,06075025800
Census Tract 259; San Francisco County; California,4128,2263,274,1424,277,15,2071,249,22,147944,1434,149,4128,948,184,1810,1007,06,075,025900,San Francisco,06075025900
Census Tract 260.01; San Francisco County; California,6416,3350,1041,1317,472,36,2986,230,86,114563,1780,184,6416,730,38,3238,2179,06,075,026001,San Francisco,06075026001
Census Tract 260.02; San Francisco County; California,3683,1744,414,735,144,6,1380,112,5,136324,988,51,3683,1038,99,1254,1160,06,075,026002,San Francisco,06075026002
Census Tract 260.03; San Francisco County; California,4920,2544,444,1290,393,73,2212,152,24,98177,1417,189,4920,730,2,2228,1828,06,075,026003,San Francisco,06075026003
Census Tract 260.04; San Francisco County; California,3839,2191,503,953,234,46,1783,143,27,111089,1137,180,3839,746,54,1594,1236,06,075,026004,San Francisco,06075026004
Census Tract 261; San Francisco County; California,6879,3716,1434,1246,218,57,3121,368,131,116444,2012,372,6879,513,23,4652,1441,06,075,026100,San Francisco,06075026100
Census Tract 262.01; San Francisco County; California,3651,1901,530,824,282,46,1698,207,31,124250,968,62,3651,143,63,2324,985,06,075,026201,San Francisco,06075026201
Census Tract 262.02; San Francisco County; California,3863,2161,824,980,158,48,2066,379,65,138545,1036,143,3863,340,22,2363,1138,06,075,026202,San Francisco,06075026202
Census Tract 263.01; San Francisco County; California,5345,2167,746,854,346,133,2103,201,26,95458,1424,265,5345,647,58,2790,1629,06,075,026301,San Francisco,06075026301
Census Tract 263.02; San Francisco County; California,5004,2247,405,1377,330,0,2187,144,9,93370,1554,178,5004,619,192,2208,1851,06,075,026302,San Francisco,06075026302
Census Tract 263.03; San Francisco County; California,4612,2700,932,1126,329,23,2456,304,90,110074,1313,25,4612,607,44,2817,1066,06,075,026303,San Francisco,06075026303
Census Tract 264.01; San Francisco County; California,3842,1803,412,992,295,13,1712,260,68,94093,1049,213,3842,240,237,2606,597,06,075,026401,San Francisco,06075026401
Census Tract 264.02; San Francisco County; California,4755,2525,364,1271,456,11,2249,186,71,118182,1244,90,4755,905,378,2465,704,06,075,026402,San Francisco,06075026402
Census Tract 264.03; San Francisco County; California,3581,1696,443,968,190,0,1612,230,0,92788,1129,195,3581,159,130,2622,642,06,075,026403,San Francisco,06075026403
Census Tract 264.04; San Francisco County; California,2507,1376,417,511,223,63,1241,191,31,91463,690,114,2507,69,249,1373,679,06,075,026404,San Francisco,06075026404
Census Tract 301.01; San Francisco County; California,4792,3017,579,583,52,845,2350,93,88,144753,2035,600,4792,2352,87,1508,520,06,075,030101,San Francisco,06075030101
Census Tract 301.02; San Francisco County; California,4726,2715,533,709,224,470,2179,107,78,209167,2096,307,4726,2448,162,1207,472,06,075,030102,San Francisco,06075030102
Census Tract 302.01; San Francisco County; California,4131,2386,729,757,227,72,1945,175,45,127009,2007,523,4131,2024,135,1068,665,06,075,030201,San Francisco,06075030201
Census Tract 302.02; San Francisco County; California,4209,2590,877,608,187,226,2019,263,20,153412,1969,635,4209,2049,81,1277,463,06,075,030202,San Francisco,06075030202
Census Tract 303.01; San Francisco County; California,6129,3249,679,1042,63,156,2174,165,0,179107,2439,299,6129,2275,101,2702,578,06,075,030301,San Francisco,06075030301
Census Tract 303.02; San Francisco County; California,3742,1980,298,817,182,75,1433,84,7,194625,1359,29,3742,1386,106,1590,289,06,075,030302,San Francisco,06075030302
Census Tract 304; San Francisco County; California,5262,2283,407,854,358,51,1757,119,57,137418,2206,156,5262,1932,90,2663,229,06,075,030400,San Francisco,06075030400
Census Tract 305; San Francisco County; California,3787,1502,138,734,85,14,1063,164,0,174797,1026,124,3787,1659,295,1087,602,06,075,030500,San Francisco,06075030500
Census Tract 306; San Francisco County; California,2348,1274,235,541,66,21,868,44,5,229297,885,33,2348,1163,48,626,196,06,075,030600,San Francisco,06075030600
Census Tract 307; San Francisco County; California,6910,3246,528,1469,196,113,2598,188,0,183388,2679,43,6910,3548,116,2364,695,06,075,030700,San Francisco,06075030700
Census Tract 308; San Francisco County; California,5907,3177,651,1018,279,73,2113,136,50,208750,2010,267,5907,3399,110,1549,540,06,075,030800,San Francisco,06075030800
Census Tract 309; San Francisco County; California,6627,3327,600,1247,479,204,2577,119,17,178516,2339,140,6627,2529,39,2563,639,06,075,030900,San Francisco,06075030900
Census Tract 310; San Francisco County; California,4140,2046,305,928,47,42,1418,234,29,190000,1512,173,4140,1350,206,1680,470,06,075,031000,San Francisco,06075031000
Census Tract 311; San Francisco County; California,6286,3799,885,1328,253,8,2632,197,0,188591,2398,211,6286,2377,282,2168,1064,06,075,031100,San Francisco,06075031100
Census Tract 312.01; San Francisco County; California,6341,3282,995,1231,455,70,2872,425,42,101800,1808,498,6341,856,250,4219,832,06,075,031201,San Francisco,06075031201
Census Tract 312.02; San Francisco County; California,2804,1561,321,749,116,29,1315,114,0,120667,850,143,2804,171,71,1981,475,06,075,031202,San Francisco,06075031202
Census Tract 313.01; San Francisco County; California,3868,2213,410,1136,210,39,1914,126,53,128571,1534,71,3868,791,402,2201,303,06,075,031301,San Francisco,06075031301
Census Tract 313.02; San Francisco County; California,4536,2584,681,937,265,29,1939,144,39,117014,1725,146,4536,420,477,2601,681,06,075,031302,San Francisco,06075031302
Census Tract 314.01; San Francisco County; California,2533,1292,336,621,158,6,1164,90,17,97143,616,74,2533,329,197,1334,555,06,075,031401,San Francisco,06075031401
Census Tract 314.02; San Francisco County; California,4545,2503,527,1084,305,23,1978,87,105,139643,1232,207,4545,566,368,2478,1007,06,075,031402,San Francisco,06075031402
Census Tract 326.01; San Francisco County; California,4915,2701,418,974,353,84,2119,143,83,145903,1799,310,4915,1565,176,2276,606,06,075,032601,San Francisco,06075032601
Census Tract 326.02; San Francisco County; California,4344,2185,348,744,374,211,1754,205,14,154609,1490,120,4344,1264,148,2313,336,06,075,032602,San Francisco,06075032602
Census Tract 327; San Francisco County; California,6721,3616,670,1334,66,442,2887,317,15,145147,2436,220,6721,2307,29,3149,685,06,075,032700,San Francisco,06075032700
Census Tract 328.01; San Francisco County; California,3831,1719,404,859,108,9,1539,163,82,136250,1318,88,3831,669,26,2805,158,06,075,032801,San Francisco,06075032801
Census Tract 328.02; San Francisco County; California,4454,2361,547,1037,261,77,2032,218,8,110926,1510,213,4454,1207,21,2626,323,06,075,032802,San Francisco,06075032802
Census Tract 329.01; San Francisco County; California,5064,2659,806,826,326,200,2179,272,15,154291,1617,183,5064,1056,12,3270,200,06,075,032901,San Francisco,06075032901
Census Tract 329.02; San Francisco County; California,3907,1804,383,872,267,0,1594,217,28,107582,1359,106,3907,901,24,2671,263,06,075,032902,San Francisco,06075032902
Census Tract 330.01; San Francisco County; California,4075,2143,617,766,100,130,1748,260,10,148239,1360,23,4075,1109,95,2435,226,06,075,033001,San Francisco,06075033001
Census Tract 330.02; San Francisco County; California,4288,2257,505,725,228,109,1581,220,0,173281,1524,141,4288,1664,0,1877,398,06,075,033002,San Francisco,06075033002
Census Tract 331; San Francisco County; California,3980,1862,168,1020,138,82,1440,171,44,165592,1415,105,3980,1148,54,2250,179,06,075,033100,San Francisco,06075033100
Census Tract 332.01; San Francisco County; California,3730,1789,615,317,67,413,1484,249,10,53906,621,200,3730,1010,348,1121,1040,06,075,033201,San Francisco,06075033201
Census Tract 332.03; San Francisco County; California,3313,1726,388,734,200,128,1476,121,11,62813,1543,309,3313,991,124,1218,644,06,075,033203,San Francisco,06075033203
Census Tract 332.04; San Francisco County; California,3620,1802,581,898,76,59,1662,195,130,69769,1639,501,3620,873,370,1470,715,06,075,033204,San Francisco,06075033204
Census Tract 351.01; San Francisco County; California,4018,1938,241,877,174,9,1722,69,20,98580,1552,246,4018,1736,154,1262,584,06,075,035101,San Francisco,06075035101
Census Tract 351.02; San Francisco County; California,4458,2147,518,933,198,72,1824,386,12,162721,1307,114,4458,1250,47,2550,194,06,075,035102,San Francisco,06075035102
Census Tract 352.01; San Francisco County; California,5305,2893,508,1363,284,49,2371,310,161,132277,1849,184,5305,1397,42,2992,488,06,075,035201,San Francisco,06075035201
Census Tract 352.02; San Francisco County; California,4878,2829,980,879,227,123,2333,470,107,100701,1777,131,4878,1722,105,1948,795,06,075,035202,San Francisco,06075035202
Census Tract 353; San Francisco County; California,7157,3643,830,1413,206,69,2688,357,170,146620,2590,298,7157,2186,10,4183,639,06,075,035300,San Francisco,06075035300
Census Tract 354; San Francisco County; California,7431,3549,804,1638,350,0,3086,606,29,139477,2430,479,7431,2822,64,2809,393,06,075,035400,San Francisco,06075035400
Census Tract 401; San Francisco County; California,4228,2608,738,741,119,254,1923,338,104,136429,1682,329,4228,1731,0,1577,605,06,075,040100,San Francisco,06075040100
Census Tract 402; San Francisco County; California,5464,3421,664,1216,304,88,2416,255,32,184617,2387,729,5464,2383,77,1975,595,06,075,040200,San Francisco,06075040200
Census Tract 426.01; San Francisco County; California,4126,2015,659,644,37,57,1659,191,57,124324,1668,489,4126,1678,25,1580,403,06,075,042601,San Francisco,06075042601
Census Tract 426.02; San Francisco County; California,2842,1682,366,552,167,46,1188,134,73,155750,1312,242,2842,1360,20,1096,204,06,075,042602,San Francisco,06075042602
Census Tract 427; San Francisco County; California,5229,2889,572,1252,426,57,2381,249,23,104414,2523,433,5229,1708,303,2544,337,06,075,042700,San Francisco,06075042700
Census Tract 428; San Francisco County; California,2348,1215,63,593,34,33,749,68,8,250001,878,27,2348,1350,30,594,137,06,075,042800,San Francisco,06075042800
Census Tract 451; San Francisco County; California,4838,2888,675,836,200,111,2032,365,39,190389,1936,381,4838,2595,33,1470,381,06,075,045100,San Francisco,06075045100
Census Tract 452.01; San Francisco County; California,3104,1662,529,499,57,81,1352,140,18,139659,1333,327,3104,1203,133,1455,138,06,075,045201,San Francisco,06075045201
Census Tract 452.02; San Francisco County; California,3358,1948,466,656,87,81,1465,182,17,154375,1419,363,3358,1816,57,1110,204,06,075,045202,San Francisco,06075045202
Census Tract 476; San Francisco County; California,5121,3102,677,852,506,48,2310,222,211,169563,2234,347,5121,1832,40,2431,185,06,075,047600,San Francisco,06075047600
Census Tract 477.01; San Francisco County; California,4848,2602,629,849,123,88,1776,182,33,125658,2048,515,4848,1573,0,2433,377,06,075,047701,San Francisco,06075047701
Census Tract 477.02; San Francisco County; California,3654,1986,309,813,94,79,1497,68,16,114892,1607,313,3654,1527,14,1767,145,06,075,047702,San Francisco,06075047702
Census Tract 478.01; San Francisco County; California,4613,2719,746,955,157,128,2114,271,11,163178,1798,295,4613,1792,76,2173,199,06,075,047801,San Francisco,06075047801
Census Tract 478.02; San Francisco County; California,3664,1963,520,712,160,144,1637,130,6,125682,1400,187,3664,1513,20,1724,319,06,075,047802,San Francisco,06075047802
Census Tract 479.02; San Francisco County; California,3350,1708,244,696,114,84,1227,128,27,126944,1494,214,3350,1393,0,1179,474,06,075,047902,San Francisco,06075047902
Census Tract 479.03; San Francisco County; California,3981,2032,331,624,372,71,1484,101,24,147768,1436,144,3981,1666,59,1840,272,06,075,047903,San Francisco,06075047903
Census Tract 479.04; San Francisco County; California,3145,1486,353,644,45,0,1073,151,46,84880,1407,506,3145,1799,62,509,320,06,075,047904,San Francisco,06075047904
Census Tract 601; San Francisco County; California,3952,2269,332,831,102,216,1697,147,95,236445,1331,56,3952,2210,54,276,970,06,075,060100,San Francisco,06075060100
Census Tract 604; San Francisco County; California,1866,954,82,438,146,22,728,55,37,99556,993,153,1866,612,59,717,192,06,075,060400,San Francisco,06075060400
Census Tract 605.02; San Francisco County; California,3361,1225,321,671,81,31,1131,107,25,37891,957,249,3361,153,646,1169,957,06,075,060502,San Francisco,06075060502
Census Tract 607.01; San Francisco County; California,7879,5217,1113,927,286,928,3394,278,578,222692,3168,806,7879,1713,993,4077,625,06,075,060701,San Francisco,06075060701
Census Tract 607.02; San Francisco County; California,1945,1299,230,668,51,179,1157,93,17,141333,1030,342,1945,918,20,594,202,06,075,060702,San Francisco,06075060702
Census Tract 607.03; San Francisco County; California,6256,4498,706,879,12,917,2828,174,70,235371,2763,808,6256,2740,25,2492,662,06,075,060703,San Francisco,06075060703
Census Tract 610; San Francisco County; California,4890,2606,281,1391,327,50,2129,216,35,107882,1671,131,4890,552,759,2715,688,06,075,061000,San Francisco,06075061000
Census Tract 611.01; San Francisco County; California,1861,638,152,48,0,391,596,89,21,19531,910,615,1861,45,12,1711,15,06,075,061101,San Francisco,06075061101
Census Tract 611.02; San Francisco County; California,2393,931,193,203,31,425,877,82,58,27450,969,671,2393,0,70,2110,79,06,075,061102,San Francisco,06075061102
Census Tract 612; San Francisco County; California,4006,2087,621,739,253,26,1729,166,0,107652,1107,246,4006,397,789,1203,1548,06,075,061200,San Francisco,06075061200
Census Tract 614.01; San Francisco County; California,2989,1398,265,468,57,45,962,162,12,139038,1468,406,2989,1581,127,519,442,06,075,061401,San Francisco,06075061401
Census Tract 614.02; San Francisco County; California,2331,1603,222,293,48,201,1024,128,16,174675,1163,91,2331,1187,118,625,218,06,075,061402,San Francisco,06075061402
Census Tract 615.01; San Francisco County; California,1656,1064,103,240,0,552,938,17,0,239147,1104,335,1656,767,0,724,36,06,075,061501,San Francisco,06075061501
Census Tract 615.02; San Francisco County; California,1901,1096,384,150,0,229,915,76,246,93403,1355,604,1901,1312,47,179,227,06,075,061502,San Francisco,06075061502
Census Tract 615.03; San Francisco County; California,3205,2532,309,367,0,1075,1927,248,8,221781,1747,872,3205,1271,25,1427,458,06,075,061503,San Francisco,06075061503
Census Tract 615.04; San Francisco County; California,1567,1187,108,156,17,363,675,94,0,247063,815,161,1567,433,5,967,46,06,075,061504,San Francisco,06075061504
Census Tract 615.05; San Francisco County; California,1061,852,110,151,129,123,540,207,0,250001,524,17,1061,317,79,572,70,06,075,061505,San Francisco,06075061505
Census Tract 615.06; San Francisco County; California,4541,3811,323,405,51,1076,2134,68,264,250001,2696,569,4541,1721,50,2398,316,06,075,061506,San Francisco,06075061506
Census Tract 615.07; San Francisco County; California,1772,1337,381,67,37,675,1160,90,50,118370,742,487,1772,374,0,1082,316,06,075,061507,San Francisco,06075061507
Census Tract 615.08; San Francisco County; California,2222,1271,331,71,0,473,986,61,0,171915,1090,382,2222,945,26,937,251,06,075,061508,San Francisco,06075061508
Census Tract 9802; San Francisco County; California,186,0,0,0,0,0,0,0,0,-666666666,0,0,186,66,44,58,15,06,075,980200,San Francisco,06075980200
Census Tract 9803; San Francisco County; California,38,34,6,10,0,6,22,0,0,-666666666,28,6,38,24,0,0,8,06,075,980300,San Francisco,06075980300
Census Tract 9804.01; San Francisco County; California,0,0,0,0,0,0,0,0,0,-666666666,0,0,0,0,0,0,0,06,075,980401,San Francisco,06075980401
Census Tract 9805.01; San Francisco County; California,129,0,0,0,0,0,0,0,0,12169,118,113,129,0,0,129,0,06,075,980501,San Francisco,06075980501
Census Tract 9806; San Francisco County; California,1172,674,127,302,44,3,524,24,8,136250,525,59,1172,119,255,421,226,06,075,980600,San Francisco,06075980600
Census Tract 9809; San Francisco County; California,315,176,50,80,12,0,153,8,8,-666666666,156,29,315,45,25,213,10,06,075,980900,San Francisco,06075980900
Census Tract 9901; San Francisco County; California,0,0,0,0,0,0,0,0,0,-666666666,0,0,0,0,0,0,0,06,075,990100,San Francisco,06075990100
Census Tract 9902; San Francisco County; California,0,0,0,0,0,0,0,0,0,-666666666,0,0,0,0,0,0,0,06,075,990200,San Francisco,06075990200
Census Tract 6001; San Mateo County; California,5175,2517,163,1588,250,0,2047,159,56,148724,2090,31,5175,1974,1,1887,1151,06,081,600100,San Mateo,06081600100
Census Tract 6002; San Mateo County; California,4246,2041,224,1085,326,115,1784,163,0,111000,1058,95,4246,88,255,2272,1153,06,081,600200,San Mateo,06081600200
Census Tract 6003; San Mateo County; California,4088,1954,388,1137,213,0,1755,357,129,175139,1383,0,4088,835,121,2612,402,06,081,600300,San Mateo,06081600300
Census Tract 6004.01; San Mateo County; California,3278,2113,317,1206,111,224,1974,247,109,152611,1124,15,3278,382,478,1758,420,06,081,600401,San Mateo,06081600401
Census Tract 6004.02; San Mateo County; California,4688,2498,635,1531,219,0,2444,330,101,134704,1189,53,4688,294,13,2341,1666,06,081,600402,San Mateo,06081600402
Census Tract 6005.01; San Mateo County; California,3793,1974,262,1294,92,120,1796,107,0,96696,1241,76,3793,352,0,1649,1753,06,081,600501,San Mateo,06081600501
Census Tract 6005.02; San Mateo County; California,3908,2264,315,1339,255,24,1979,89,85,126805,992,0,3908,92,0,2934,882,06,081,600502,San Mateo,06081600502
Census Tract 6006; San Mateo County; California,4845,2773,472,1512,400,61,2536,242,28,103567,1502,165,4845,253,26,2627,1795,06,081,600600,San Mateo,06081600600
Census Tract 6007.01; San Mateo County; California,3620,2127,517,805,559,17,1944,228,181,70290,1244,177,3620,390,148,2154,811,06,081,600701,San Mateo,06081600701
Census Tract 6007.02; San Mateo County; California,2724,1663,362,713,243,62,1380,171,5,143843,879,50,2724,479,3,1911,311,06,081,600702,San Mateo,06081600702
Census Tract 6008; San Mateo County; California,8390,4796,1111,2916,364,47,4598,438,59,86671,2649,448,8390,1366,221,3725,2608,06,081,600800,San Mateo,06081600800
Census Tract 6009; San Mateo County; California,4035,1811,201,954,201,28,1459,134,9,138929,1362,192,4035,1296,0,1857,473,06,081,600900,San Mateo,06081600900
Census Tract 6010; San Mateo County; California,7202,3938,520,2230,481,69,3420,136,27,136445,2213,48,7202,1293,349,3276,1402,06,081,601000,San Mateo,06081601000
Census Tract 6011; San Mateo County; California,6277,3444,459,2093,360,17,3022,384,46,148381,1873,49,6277,1078,99,3956,592,06,081,601100,San Mateo,06081601100
Census Tract 6012; San Mateo County; California,6754,3657,504,2168,227,41,2992,201,134,133873,2109,100,6754,1790,126,3076,1496,06,081,601200,San Mateo,06081601200
Census Tract 6013.01; San Mateo County; California,3726,1935,513,687,285,196,1812,119,39,77453,1120,382,3726,279,20,1446,1854,06,081,601301,San Mateo,06081601301
Census Tract 6013.02; San Mateo County; California,4975,2531,300,1453,369,32,2207,160,0,91397,1425,150,4975,188,21,3104,945,06,081,601302,San Mateo,06081601302
Census Tract 6014; San Mateo County; California,6884,3678,227,2241,494,70,3124,212,106,117143,2094,150,6884,817,34,5131,574,06,081,601400,San Mateo,06081601400
Census Tract 6015.01; San Mateo County; California,5503,3145,179,1994,745,31,2989,278,27,169583,1520,71,5503,311,344,4106,678,06,081,601501,San Mateo,06081601501
Census Tract 6015.02; San Mateo County; California,5451,3016,436,1540,665,155,2810,275,132,92208,1721,169,5451,602,207,3243,1236,06,081,601502,San Mateo,06081601502
Census Tract 6016.01; San Mateo County; California,2654,1408,155,859,156,29,1245,72,24,101103,941,40,2654,490,45,1106,898,06,081,601601,San Mateo,06081601601
Census Tract 6016.03; San Mateo County; California,6251,3133,302,1975,308,58,2723,191,83,100772,1985,274,6251,452,111,4135,822,06,081,601603,San Mateo,06081601603
Census Tract 6016.04; San Mateo County; California,2431,1709,255,1009,101,13,1429,23,72,117875,1102,53,2431,496,57,1304,433,06,081,601604,San Mateo,06081601604
Census Tract 6016.05; San Mateo County; California,5947,3092,238,1921,399,126,2835,72,63,144250,1848,111,5947,344,161,4877,368,06,081,601605,San Mateo,06081601605
Census Tract 6017; San Mateo County; California,4561,2421,221,1511,352,0,2120,125,63,173333,1338,69,4561,1262,56,1998,1123,06,081,601700,San Mateo,06081601700
Census Tract 6018; San Mateo County; California,6141,3627,395,2380,311,69,3292,400,80,124196,2205,100,6141,1739,1,2657,1594,06,081,601800,San Mateo,06081601800
Census Tract 6019.01; San Mateo County; California,4080,1903,264,1268,47,15,1656,195,39,104596,1291,42,4080,1177,35,1623,1171,06,081,601901,San Mateo,06081601901
Census Tract 6019.02; San Mateo County; California,5664,3335,568,1652,342,23,2600,362,17,125585,2178,66,5664,1641,134,3083,724,06,081,601902,San Mateo,06081601902
Census Tract 6020.01; San Mateo County; California,3946,2220,344,1205,377,0,1951,168,15,141995,1513,101,3946,1219,43,1710,936,06,081,602001,San Mateo,06081602001
Census Tract 6020.02; San Mateo County; California,4036,1908,145,1193,278,15,1631,165,0,146786,1148,1,4036,565,0,1782,1591,06,081,602002,San Mateo,06081602002
Census Tract 6021; San Mateo County; California,3484,1774,224,950,374,43,1663,149,11,87853,1007,68,3484,309,171,689,2174,06,081,602100,San Mateo,06081602100
Census Tract 6022.01; San Mateo County; California,4761,2401,273,1242,387,0,2013,79,14,82015,1747,166,4761,1328,32,901,2238,06,081,602201,San Mateo,06081602201
Census Tract 6022.02; San Mateo County; California,3142,1860,98,986,465,187,1807,49,26,86491,1127,142,3142,251,73,924,1894,06,081,602202,San Mateo,06081602202
Census Tract 6023; San Mateo County; California,4419,2537,206,1496,424,71,2214,75,87,155345,1286,57,4419,260,85,1318,1902,06,081,602300,San Mateo,06081602300
Census Tract 6024; San Mateo County; California,7636,3855,161,2372,536,83,3191,75,47,128750,2791,296,7636,2573,135,2786,1812,06,081,602400,San Mateo,06081602400
Census Tract 6025; San Mateo County; California,5293,2856,221,1835,224,71,2382,296,13,159712,1498,33,5293,889,352,3423,458,06,081,602500,San Mateo,06081602500
Census Tract 6026.01; San Mateo County; California,4096,2095,188,1429,231,5,1880,143,94,156595,1501,95,4096,752,34,2581,550,06,081,602601,San Mateo,06081602601
Census Tract 6026.02; San Mateo County; California,4370,2625,271,1802,196,64,2442,121,81,163828,1318,67,4370,293,73,2391,1311,06,081,602602,San Mateo,06081602602
Census Tract 6027; San Mateo County; California,5702,3360,326,1881,230,22,2584,148,60,152454,1941,37,5702,1196,131,2603,1240,06,081,602700,San Mateo,06081602700
Census Tract 6028; San Mateo County; California,4734,2437,318,1619,148,0,2111,104,53,151676,1501,7,4734,1202,126,1582,1381,06,081,602800,San Mateo,06081602800
Census Tract 6029; San Mateo County; California,3703,2194,78,1457,233,0,1839,82,8,154348,1546,40,3703,1785,127,787,725,06,081,602900,San Mateo,06081602900
Census Tract 6030; San Mateo County; California,4575,2818,135,1867,200,26,2249,159,49,142134,2012,121,4575,2570,174,595,804,06,081,603000,San Mateo,06081603000
Census Tract 6031; San Mateo County; California,3368,1773,88,1215,54,129,1503,98,10,196447,1132,13,3368,1793,57,598,551,06,081,603100,San Mateo,06081603100
Census Tract 6032; San Mateo County; California,3733,1731,26,1194,220,13,1461,105,32,147059,1358,12,3733,2542,4,462,633,06,081,603200,San Mateo,06081603200
Census Tract 6033; San Mateo County; California,6427,3453,173,2396,264,0,2847,252,17,147589,2360,96,6427,4587,141,774,601,06,081,603300,San Mateo,06081603300
Census Tract 6034; San Mateo County; California,5819,2380,30,1717,61,0,1869,245,27,145809,2101,14,5819,3706,0,604,1012,06,081,603400,San Mateo,06081603400
Census Tract 6037; San Mateo County; California,5644,2675,399,1393,194,16,2080,247,42,122337,1863,94,5644,1876,59,2175,1078,06,081,603700,San Mateo,06081603700
Census Tract 6038.01; San Mateo County; California,1992,1152,162,745,76,8,1009,80,19,95573,1173,55,1992,606,0,828,459,06,081,603801,San Mateo,06081603801
Census Tract 6038.02; San Mateo County; California,5530,2564,223,1496,281,40,2060,210,42,155924,1883,72,5530,2235,13,1571,1048,06,081,603802,San Mateo,06081603802
Census Tract 6039; San Mateo County; California,5633,2673,208,1454,516,25,2239,96,21,126188,2101,46,5633,2470,285,1633,1115,06,081,603900,San Mateo,06081603900
Census Tract 6040; San Mateo County; California,3273,1729,107,815,289,34,1278,70,22,150750,1164,68,3273,1511,0,860,773,06,081,604000,San Mateo,06081604000
Census Tract 6041.02; San Mateo County; California,3164,2081,275,1202,169,135,1823,106,24,113750,1599,241,3164,701,24,1511,567,06,081,604102,San Mateo,06081604102
Census Tract 6041.03; San Mateo County; California,4344,2492,192,1879,178,64,2363,81,0,102899,1431,242,4344,747,0,841,2505,06,081,604103,San Mateo,06081604103
Census Tract 6041.04; San Mateo County; California,3862,2398,211,1369,143,96,2189,49,0,115781,1145,49,3862,613,0,716,2145,06,081,604104,San Mateo,06081604104
Census Tract 6042; San Mateo County; California,4055,2236,259,1240,327,206,2035,142,0,139350,917,56,4055,355,32,1014,1947,06,081,604200,San Mateo,06081604200
Census Tract 6044; San Mateo County; California,5314,2748,312,1567,244,124,2274,120,61,121471,1886,79,5314,1522,17,2153,991,06,081,604400,San Mateo,06081604400
Census Tract 6045; San Mateo County; California,3756,1688,91,1069,221,8,1449,143,16,149427,1293,113,3756,1454,48,1460,561,06,081,604500,San Mateo,06081604500
Census Tract 6046; San Mateo County; California,2565,1248,67,731,127,0,939,93,34,158516,873,21,2565,876,0,1362,154,06,081,604600,San Mateo,06081604600
Census Tract 6047; San Mateo County; California,2801,1421,95,886,131,6,1118,83,4,208625,933,45,2801,907,7,1491,196,06,081,604700,San Mateo,06081604700
Census Tract 6048; San Mateo County; California,5349,2773,376,1606,214,37,2283,177,60,144283,1901,330,5349,2113,18,2535,384,06,081,604800,San Mateo,06081604800
Census Tract 6049; San Mateo County; California,3040,1297,122,812,126,0,1085,55,0,101667,1188,51,3040,772,6,1832,99,06,081,604900,San Mateo,06081604900
Census Tract 6050; San Mateo County; California,8194,3972,355,2546,146,127,3296,225,17,200893,2797,84,8194,3800,46,3647,469,06,081,605000,San Mateo,06081605000
Census Tract 6051; San Mateo County; California,2927,1616,232,902,106,15,1323,218,20,138667,1188,85,2927,1523,219,641,384,06,081,605100,San Mateo,06081605100
Census Tract 6052; San Mateo County; California,3623,1659,169,942,57,36,1275,179,73,184107,1349,9,3623,2212,4,928,282,06,081,605200,San Mateo,06081605200
Census Tract 6053; San Mateo County; California,5149,2478,222,1206,91,159,1726,181,7,174464,1941,15,5149,2870,14,1255,555,06,081,605300,San Mateo,06081605300
Census Tract 6054; San Mateo County; California,6790,4033,452,2553,241,107,3431,589,292,167067,2708,119,6790,3719,0,1255,1420,06,081,605400,San Mateo,06081605400
Census Tract 6055.01; San Mateo County; California,2918,1886,163,1147,134,205,1691,95,28,85313,1623,84,2918,1403,80,609,705,06,081,605501,San Mateo,06081605501
Census Tract 6055.02; San Mateo County; California,2599,1318,81,662,22,33,826,121,0,200350,981,57,2599,1271,10,805,433,06,081,605502,San Mateo,06081605502
Census Tract 6056; San Mateo County; California,6032,2533,50,1531,147,21,1866,132,66,250001,1785,39,6032,3036,19,1945,289,06,081,605600,San Mateo,06081605600
Census Tract 6057; San Mateo County; California,5226,2360,27,1486,68,0,1687,199,25,250001,1698,29,5226,2762,8,1821,197,06,081,605700,San Mateo,06081605700
Census Tract 6058; San Mateo County; California,2723,1212,119,576,42,65,814,27,51,190673,973,24,2723,2126,0,270,154,06,081,605800,San Mateo,06081605800
Census Tract 6059.01; San Mateo County; California,2815,1587,154,865,131,95,1260,90,29,138934,1059,81,2815,1235,29,462,787,06,081,605901,San Mateo,06081605901
Census Tract 6059.02; San Mateo County; California,3061,1858,300,623,217,85,1257,241,51,103075,1255,89,3061,635,66,936,1230,06,081,605902,San Mateo,06081605902
Census Tract 6060; San Mateo County; California,5476,3249,201,1897,359,34,2821,229,0,103813,2453,69,5476,1695,323,1209,1463,06,081,606000,San Mateo,06081606000
Census Tract 6061; San Mateo County; California,5091,2693,36,1796,380,50,2412,82,0,138108,1482,70,5091,1014,0,878,2726,06,081,606100,San Mateo,06081606100
Census Tract 6062.01; San Mateo County; California,3731,1636,85,1081,287,0,1551,56,32,60703,1109,124,3731,355,151,386,2756,06,081,606201,San Mateo,06081606201
Census Tract 6062.02; San Mateo County; California,3805,2172,218,1215,213,94,1851,96,141,184326,1194,128,3805,725,0,1075,1732,06,081,606202,San Mateo,06081606202
Census Tract 6063; San Mateo County; California,3817,1835,214,962,235,57,1482,133,8,119102,1770,324,3817,1690,64,872,739,06,081,606300,San Mateo,06081606300
Census Tract 6064; San Mateo County; California,4739,2426,211,1465,29,30,1816,342,53,147546,2439,238,4739,2168,151,1787,489,06,081,606400,San Mateo,06081606400
Census Tract 6065; San Mateo County; California,3479,1618,81,765,78,150,1082,39,0,226875,1338,18,3479,2439,26,557,214,06,081,606500,San Mateo,06081606500
Census Tract 6066; San Mateo County; California,3838,2041,129,1238,65,57,1536,154,91,209224,1478,21,3838,2231,0,897,374,06,081,606600,San Mateo,06081606600
Census Tract 6067; San Mateo County; California,2497,1278,56,787,54,38,963,74,25,172420,959,44,2497,1358,31,686,235,06,081,606700,San Mateo,06081606700
Census Tract 6068; San Mateo County; California,3809,1791,62,1152,45,16,1309,118,0,195313,1315,15,3809,1875,0,1467,170,06,081,606800,San Mateo,06081606800
Census Tract 6069; San Mateo County; California,2797,1320,27,724,127,82,969,53,4,250001,931,9,2797,1498,88,853,180,06,081,606900,San Mateo,06081606900
Census Tract 6070; San Mateo County; California,3436,1700,15,1177,160,0,1394,70,10,160341,1411,10,3436,1653,62,1119,319,06,081,607000,San Mateo,06081607000
Census Tract 6071; San Mateo County; California,2998,1484,116,921,64,0,1127,188,5,250001,1056,30,2998,1747,26,669,353,06,081,607100,San Mateo,06081607100
Census Tract 6072; San Mateo County; California,4424,2635,482,1463,178,169,2292,258,25,118848,1689,153,4424,1428,36,1211,1586,06,081,607200,San Mateo,06081607200
Census Tract 6073; San Mateo County; California,3853,2154,138,1317,93,59,1657,190,34,237321,1255,24,3853,2149,24,934,483,06,081,607300,San Mateo,06081607300
Census Tract 6074; San Mateo County; California,4799,2596,273,1290,274,95,2045,149,33,149028,1983,217,4799,2333,14,1200,854,06,081,607400,San Mateo,06081607400
Census Tract 6075; San Mateo County; California,6214,3675,456,1791,161,282,2746,186,46,202120,2511,192,6214,1680,246,2453,1569,06,081,607500,San Mateo,06081607500
Census Tract 6076; San Mateo County; California,3978,2140,115,1344,51,0,1554,53,95,119357,1770,129,3978,1579,66,975,832,06,081,607600,San Mateo,06081607600
Census Tract 6077.01; San Mateo County; California,4298,2395,198,1528,199,0,1955,130,0,149333,1388,32,4298,1044,17,1310,1379,06,081,607701,San Mateo,06081607701
Census Tract 6077.02; San Mateo County; California,3299,1457,77,1038,142,22,1301,89,12,152875,833,28,3299,852,79,799,1034,06,081,607702,San Mateo,06081607702
Census Tract 6078; San Mateo County; California,3432,1670,27,1004,152,20,1208,73,7,177014,1111,14,3432,1390,88,1118,594,06,081,607800,San Mateo,06081607800
Census Tract 6079; San Mateo County; California,3182,1927,109,1087,124,87,1447,120,28,133802,1713,98,3182,1633,109,1045,237,06,081,607900,San Mateo,06081607900
Census Tract 6080.01; San Mateo County; California,3531,1746,65,1166,122,12,1387,180,0,180000,1396,36,3531,1734,21,1389,259,06,081,608001,San Mateo,06081608001
Census Tract 6080.02; San Mateo County; California,3551,1530,41,777,106,18,1002,55,29,210179,1307,10,3551,1223,23,1721,304,06,081,608002,San Mateo,06081608002
Census Tract 6080.13; San Mateo County; California,3677,1910,100,904,85,18,1229,213,23,160833,1362,81,3677,1139,137,1980,209,06,081,608013,San Mateo,06081608013
Census Tract 6080.23; San Mateo County; California,2366,1109,58,586,79,7,747,50,58,234659,773,9,2366,828,6,1220,254,06,081,608023,San Mateo,06081608023
Census Tract 6080.24; San Mateo County; California,3192,1880,89,1058,204,58,1539,74,70,214719,1259,89,3192,1098,14,1872,69,06,081,608024,San Mateo,06081608024
Census Tract 6080.25; San Mateo County; California,6340,3062,258,1565,264,130,2286,381,85,181314,2525,373,6340,1730,93,3859,353,06,081,608025,San Mateo,06081608025
Census Tract 6081; San Mateo County; California,3564,1927,57,1149,249,3,1486,119,51,209313,1325,6,3564,790,266,1933,182,06,081,608100,San Mateo,06081608100
Census Tract 6082; San Mateo County; California,3798,1816,71,1039,244,8,1397,151,30,166250,1422,44,3798,1055,83,1555,652,06,081,608200,San Mateo,06081608200
Census Tract 6083; San Mateo County; California,3196,1709,28,1169,108,1,1318,73,23,188594,1289,70,3196,741,61,2088,178,06,081,608300,San Mateo,06081608300
Census Tract 6084; San Mateo County; California,5243,3085,103,1883,337,205,2875,168,80,150350,2131,203,5243,1478,229,1851,1500,06,081,608400,San Mateo,06081608400
Census Tract 6085.01; San Mateo County; California,5120,2885,210,1971,127,39,2367,164,49,168050,1621,62,5120,1832,56,1091,1753,06,081,608501,San Mateo,06081608501
Census Tract 6085.02; San Mateo County; California,2628,1562,119,865,215,18,1318,193,29,152667,1164,36,2628,1030,41,1124,204,06,081,608502,San Mateo,06081608502
Census Tract 6086; San Mateo County; California,4598,2501,258,1312,96,116,1793,144,74,138967,1976,255,4598,1979,58,1307,804,06,081,608600,San Mateo,06081608600
Census Tract 6087; San Mateo County; California,7315,3958,170,2150,114,78,2629,211,38,210804,2768,58,7315,3413,139,2200,1008,06,081,608700,San Mateo,06081608700
Census Tract 6088; San Mateo County; California,6278,3218,177,2143,179,24,2569,277,85,250001,2148,47,6278,3424,60,1628,716,06,081,608800,San Mateo,06081608800
Census Tract 6089; San Mateo County; California,7303,3578,189,1845,257,18,2325,212,14,148988,3111,270,7303,3228,44,2556,967,06,081,608900,San Mateo,06081608900
Census Tract 6090; San Mateo County; California,2637,1198,29,750,85,97,1005,84,49,166181,934,63,2637,1262,103,541,354,06,081,609000,San Mateo,06081609000
Census Tract 6091; San Mateo County; California,1478,868,47,407,25,15,499,58,4,214038,566,4,1478,852,9,352,122,06,081,609100,San Mateo,06081609100
Census Tract 6092.01; San Mateo County; California,3548,2015,84,1180,40,126,1501,72,22,165288,1438,122,3548,2432,7,523,262,06,081,609201,San Mateo,06081609201
Census Tract 6092.02; San Mateo County; California,5172,3052,181,1742,71,66,2315,147,23,142500,2196,136,5172,2435,88,1053,887,06,081,609202,San Mateo,06081609202
Census Tract 6093; San Mateo County; California,3449,1733,13,1082,66,15,1201,71,32,243750,1162,36,3449,2264,0,576,356,06,081,609300,San Mateo,06081609300
Census Tract 6094; San Mateo County; California,3408,1838,28,1041,85,0,1198,91,0,250001,1041,7,3408,2228,7,615,162,06,081,609400,San Mateo,06081609400
Census Tract 6095; San Mateo County; California,5029,2486,50,1286,126,18,1642,207,8,250001,1711,72,5029,3085,0,1118,558,06,081,609500,San Mateo,06081609500
Census Tract 6096.01; San Mateo County; California,3675,1754,69,1065,30,20,1220,82,35,229167,1274,35,3675,2259,56,891,265,06,081,609601,San Mateo,06081609601
Census Tract 6096.02; San Mateo County; California,1786,880,33,547,9,6,611,63,22,250001,649,7,1786,1026,42,390,169,06,081,609602,San Mateo,06081609602
Census Tract 6096.03; San Mateo County; California,4757,2483,151,1709,156,27,2147,110,33,250001,1875,30,4757,3426,52,723,187,06,081,609603,San Mateo,06081609603
Census Tract 6097; San Mateo County; California,4783,2418,11,1489,67,62,1667,57,11,250001,1688,0,4783,3500,17,569,401,06,081,609700,San Mateo,06081609700
Census Tract 6098; San Mateo County; California,4581,2066,6,1387,166,1,1648,55,23,208239,1669,0,4581,2864,127,661,779,06,081,609800,San Mateo,06081609800
Census Tract 6099; San Mateo County; California,2949,1429,28,861,65,42,1018,18,0,227614,1069,22,2949,2106,96,220,317,06,081,609900,San Mateo,06081609900
Census Tract 6100; San Mateo County; California,4780,2640,199,1162,6,111,1572,103,0,153303,1980,108,4780,2815,58,478,979,06,081,610000,San Mateo,06081610000
Census Tract 6101; San Mateo County; California,2551,1466,64,905,209,6,1238,73,45,122250,914,34,2551,1046,12,186,1052,06,081,610100,San Mateo,06081610100
Census Tract 6102.01; San Mateo County; California,5256,2917,123,1634,607,236,2691,52,14,75184,1795,277,5256,700,101,364,3905,06,081,610201,San Mateo,06081610201
Census Tract 6102.02; San Mateo County; California,4681,3269,307,1379,231,206,2238,50,7,173125,2226,385,4681,1663,259,1465,948,06,081,610202,San Mateo,06081610202
Census Tract 6102.03; San Mateo County; California,3134,1734,162,923,234,45,1502,53,4,75597,931,99,3134,301,67,95,2396,06,081,610203,San Mateo,06081610203
Census Tract 6103.02; San Mateo County; California,4398,2419,132,1549,216,15,1959,93,23,134924,1514,42,4398,1238,88,617,2306,06,081,610302,San Mateo,06081610302
Census Tract 6103.03; San Mateo County; California,7091,3576,214,2111,159,75,2614,207,43,202632,2870,170,7091,2923,12,3124,384,06,081,610303,San Mateo,06081610303
Census Tract 6103.04; San Mateo County; California,4497,2306,106,1248,194,0,1602,61,22,188802,1789,88,4497,1908,8,1921,292,06,081,610304,San Mateo,06081610304
Census Tract 6104; San Mateo County; California,5981,2875,25,1958,484,102,2600,126,23,94861,1462,49,5981,903,19,368,4449,06,081,610400,San Mateo,06081610400
Census Tract 6105; San Mateo County; California,4729,2265,66,1706,205,20,2010,80,9,95708,1353,41,4729,505,47,319,3835,06,081,610500,San Mateo,06081610500
Census Tract 6106.01; San Mateo County; California,5993,2824,91,1786,651,0,2575,92,34,96042,1527,75,5993,709,68,254,4874,06,081,610601,San Mateo,06081610601
Census Tract 6106.02; San Mateo County; California,2996,1541,43,970,104,33,1185,41,53,162188,1041,0,2996,1168,125,299,1279,06,081,610602,San Mateo,06081610602
Census Tract 6107; San Mateo County; California,6010,2854,32,2231,263,0,2589,93,70,111467,1915,168,6010,2334,119,770,2502,06,081,610700,San Mateo,06081610700
Census Tract 6108; San Mateo County; California,4311,2481,115,1566,268,140,2129,14,15,89178,1480,126,4311,833,41,410,2913,06,081,610800,San Mateo,06081610800
Census Tract 6109.01; San Mateo County; California,3591,2220,130,998,250,301,1850,60,0,112059,1350,105,3591,1055,0,420,1958,06,081,610901,San Mateo,06081610901
Census Tract 6109.02; San Mateo County; California,2804,1784,75,1025,79,29,1283,58,11,125541,1198,55,2804,1132,162,614,775,06,081,610902,San Mateo,06081610902
Census Tract 6110; San Mateo County; California,6735,3389,79,2475,331,7,3003,136,42,156595,2211,19,6735,2637,210,525,3083,06,081,611000,San Mateo,06081611000
Census Tract 6111; San Mateo County; California,6426,3245,49,2082,266,28,2491,136,27,220644,2293,14,6426,3916,82,964,873,06,081,611100,San Mateo,06081611100
Census Tract 6112; San Mateo County; California,2634,1346,32,855,70,6,984,37,20,205917,1023,0,2634,1718,69,399,306,06,081,611200,San Mateo,06081611200
Census Tract 6113; San Mateo County; California,4946,2401,18,1454,116,83,1856,45,7,213641,1780,45,4946,2676,68,658,1316,06,081,611300,San Mateo,06081611300
Census Tract 6114; San Mateo County; California,4251,1719,38,811,173,58,1122,43,25,250001,1268,21,4251,2815,80,797,381,06,081,611400,San Mateo,06081611400
Census Tract 6115; San Mateo County; California,2873,1188,49,548,65,8,691,46,20,250001,915,8,2873,1927,23,593,265,06,081,611500,San Mateo,06081611500
Census Tract 6116; San Mateo County; California,2335,1240,26,613,35,50,849,32,12,250001,746,11,2335,1247,96,510,331,06,081,611600,San Mateo,06081611600
Census Tract 6117; San Mateo County; California,5699,2970,128,1906,313,33,2491,166,64,114934,1628,92,5699,727,405,408,3327,06,081,611700,San Mateo,06081611700
Census Tract 6118; San Mateo County; California,4558,2252,89,1203,358,89,1897,71,18,116548,1014,22,4558,190,669,242,2726,06,081,611800,San Mateo,06081611800
Census Tract 6119.01; San Mateo County; California,4392,2349,92,1730,184,0,2238,104,127,135368,1043,53,4392,446,1075,426,2418,06,081,611901,San Mateo,06081611901
Census Tract 6119.02; San Mateo County; California,7336,3869,60,2625,498,32,3254,79,232,136287,1903,48,7336,1413,917,395,4102,06,081,611902,San Mateo,06081611902
Census Tract 6120.01; San Mateo County; California,4017,1986,39,1576,226,0,1857,120,16,112118,945,15,4017,93,239,149,2774,06,081,612001,San Mateo,06081612001
Census Tract 6120.02; San Mateo County; California,2941,1430,12,943,53,93,1346,24,8,91127,730,102,2941,315,405,137,1771,06,081,612002,San Mateo,06081612002
Census Tract 6121.01; San Mateo County; California,3484,1770,0,942,338,24,1501,40,24,115109,1293,118,3484,1039,63,304,1866,06,081,612101,San Mateo,06081612101
Census Tract 6121.02; San Mateo County; California,3935,2151,43,1232,176,0,1552,0,42,58618,1539,124,3935,658,390,265,2431,06,081,612102,San Mateo,06081612102
Census Tract 6125; San Mateo County; California,4524,2387,182,980,157,27,1632,55,17,175865,1839,205,4524,2415,261,1084,241,06,081,612500,San Mateo,06081612500
Census Tract 6126; San Mateo County; California,4372,2352,117,972,152,61,1733,13,81,160962,1888,308,4372,3021,39,739,340,06,081,612600,San Mateo,06081612600
Census Tract 6127; San Mateo County; California,2064,886,34,474,16,10,571,65,0,250001,752,7,2064,1646,0,282,57,06,081,612700,San Mateo,06081612700
Census Tract 6128; San Mateo County; California,3379,1416,0,810,66,0,959,14,0,250001,1004,2,3379,2395,7,328,202,06,081,612800,San Mateo,06081612800
Census Tract 6129; San Mateo County; California,4441,2022,62,1125,90,14,1394,69,36,250001,1605,35,4441,3053,2,871,317,06,081,612900,San Mateo,06081612900
Census Tract 6130; San Mateo County; California,3460,1584,105,713,59,53,1075,82,67,249479,1237,55,3460,2252,26,657,299,06,081,613000,San Mateo,06081613000
Census Tract 6132; San Mateo County; California,6851,2797,37,1396,102,54,1726,57,31,248269,2540,116,6851,5143,4,433,943,06,081,613200,San Mateo,06081613200
Census Tract 6133; San Mateo County; California,2734,1269,0,749,55,15,852,14,0,250001,847,5,2734,1999,31,292,208,06,081,613300,San Mateo,06081613300
Census Tract 6134; San Mateo County; California,3067,1331,0,846,73,43,1013,95,23,250001,1042,12,3067,2662,0,109,192,06,081,613400,San Mateo,06081613400
Census Tract 6135.01; San Mateo County; California,4247,2062,0,1056,255,146,1520,73,0,149327,1376,11,4247,2501,1,322,1233,06,081,613501,San Mateo,06081613501
Census Tract 6135.02; San Mateo County; California,6164,3171,105,2241,101,22,2479,288,38,215336,2434,23,6164,5250,21,230,565,06,081,613502,San Mateo,06081613502
Census Tract 6136; San Mateo County; California,5814,2883,142,1510,259,15,2085,60,42,165913,2120,44,5814,4035,14,210,1309,06,081,613600,San Mateo,06081613600
Census Tract 6137.01; San Mateo County; California,3929,1898,0,1177,36,59,1370,70,75,180216,1517,12,3929,3013,10,36,572,06,081,613701,San Mateo,06081613701
Census Tract 6137.02; San Mateo County; California,4687,2441,20,1732,294,175,2261,373,0,120557,1708,150,4687,2712,16,209,1678,06,081,613702,San Mateo,06081613702
Census Tract 6138; San Mateo County; California,4064,2471,0,1586,330,70,1986,354,0,208703,1525,36,4064,2745,0,160,791,06,081,613800,San Mateo,06081613800
Census Tract 6139; San Mateo County; California,6358,2936,114,1376,119,98,2010,205,0,224223,2013,188,6358,3845,176,973,829,06,081,613900,San Mateo,06081613900
Census Tract 6140; San Mateo County; California,5872,3292,210,2210,312,25,2810,175,58,195082,1893,40,5872,1551,66,2769,1176,06,081,614000,San Mateo,06081614000
Census Tract 9843; San Mateo County; California,0,0,0,0,0,0,0,0,0,-666666666,0,0,0,0,0,0,0,06,081,984300,San Mateo,06081984300
Census Tract 9901; San Mateo County; California,0,0,0,0,0,0,0,0,0,-666666666,0,0,0,0,0,0,0,06,081,990100,San Mateo,06081990100
Census Tract 5001; Santa Clara County; California,7903,4838,174,2909,873,123,4215,410,61,154868,2872,88,7903,1200,527,1787,3941,06,085,500100,Santa Clara,06085500100
Census Tract 5002; Santa Clara County; California,5406,2914,67,1629,280,209,2242,269,39,155536,1927,49,5406,1413,468,1118,1793,06,085,500200,Santa Clara,06085500200
Census Tract 5003; Santa Clara County; California,4156,2538,212,1349,203,76,1992,143,70,116172,1681,51,4156,1713,161,597,1478,06,085,500300,Santa Clara,06085500300
Census Tract 5004; Santa Clara County; California,2545,1515,211,936,78,33,1274,76,63,146607,1029,101,2545,805,157,530,803,06,085,500400,Santa Clara,06085500400
Census Tract 5005; Santa Clara County; California,5020,2582,141,1358,106,15,1691,114,19,171885,2093,234,5020,2986,207,745,868,06,085,500500,Santa Clara,06085500500
Census Tract 5006; Santa Clara County; California,6069,3102,269,1671,215,213,2392,157,163,119675,2285,298,6069,1971,272,1243,2196,06,085,500600,Santa Clara,06085500600
Census Tract 5008; Santa Clara County; California,4483,3038,298,1677,174,193,2430,231,30,152112,2425,520,4483,1727,550,673,1202,06,085,500800,Santa Clara,06085500800
Census Tract 5009.01; Santa Clara County; California,4459,2496,259,1214,142,286,1968,224,74,73750,2192,550,4459,1127,234,2048,989,06,085,500901,Santa Clara,06085500901
Census Tract 5009.02; Santa Clara County; California,4613,1892,175,768,223,531,1767,68,11,41250,550,41,4613,854,344,1521,1509,06,085,500902,Santa Clara,06085500902
Census Tract 5010; Santa Clara County; California,5003,2535,206,1567,264,202,2311,132,90,54588,2378,547,5003,1085,317,791,2627,06,085,501000,Santa Clara,06085501000
Census Tract 5011.01; Santa Clara County; California,4369,2375,205,1507,224,41,2004,98,82,88583,1906,290,4369,1127,86,1311,1556,06,085,501101,Santa Clara,06085501101
Census Tract 5011.02; Santa Clara County; California,4191,2088,21,1369,210,36,1696,49,86,134250,1354,54,4191,985,0,266,2795,06,085,501102,Santa Clara,06085501102
Census Tract 5012; Santa Clara County; California,4345,2640,132,1616,126,94,2065,202,74,106500,1460,25,4345,1456,88,550,2106,06,085,501200,Santa Clara,06085501200
Census Tract 5013; Santa Clara County; California,4063,2091,242,786,147,202,1557,99,9,127188,1099,145,4063,1561,235,819,1099,06,085,501300,Santa Clara,06085501300
Census Tract 5014.01; Santa Clara County; California,2954,1303,84,968,136,23,1256,85,34,74167,978,121,2954,358,168,424,1896,06,085,501401,Santa Clara,06085501401
Census Tract 5014.02; Santa Clara County; California,2705,1382,60,982,165,14,1275,35,105,105771,851,43,2705,781,43,177,1646,06,085,501402,Santa Clara,06085501402
Census Tract 5015.01; Santa Clara County; California,4159,1893,126,1257,219,0,1628,103,44,75179,1323,117,4159,316,197,1194,2248,06,085,501501,Santa Clara,06085501501
Census Tract 5015.02; Santa Clara County; California,4160,1971,26,1402,304,0,1800,137,101,101094,1212,115,4160,785,10,634,2409,06,085,501502,Santa Clara,06085501502
Census Tract 5016.01; Santa Clara County; California,4088,2568,128,1705,242,100,2196,198,86,112793,1479,97,4088,1104,48,700,2040,06,085,501601,Santa Clara,06085501601
Census Tract 5016.02; Santa Clara County; California,3255,1944,136,1031,250,298,1815,29,61,47000,1262,215,3255,748,186,292,1800,06,085,501602,Santa Clara,06085501602
Census Tract 5017; Santa Clara County; California,4466,2364,225,1351,322,177,2120,107,36,86995,1393,94,4466,573,68,259,3214,06,085,501700,Santa Clara,06085501700
Census Tract 5018; Santa Clara County; California,4622,2604,24,1719,289,6,2065,103,9,137708,1717,39,4622,1786,71,364,2220,06,085,501800,Santa Clara,06085501800
Census Tract 5019.01; Santa Clara County; California,2618,1828,85,1016,85,45,1353,17,23,126917,1299,142,2618,816,258,780,588,06,085,501901,Santa Clara,06085501901
Census Tract 5019.02; Santa Clara County; California,3385,2230,141,1394,169,52,1915,147,44,142981,1693,78,3385,889,29,875,1446,06,085,501902,Santa Clara,06085501902
Census Tract 5020.01; Santa Clara County; California,4767,2844,164,2027,136,118,2463,60,71,106477,2032,222,4767,1805,70,836,1853,06,085,502001,Santa Clara,06085502001
Census Tract 5020.02; Santa Clara County; California,5308,3261,156,1940,637,17,2834,96,91,106813,1810,112,5308,1365,163,550,3038,06,085,502002,Santa Clara,06085502002
Census Tract 5021.01; Santa Clara County; California,5045,2887,60,1760,327,52,2230,51,25,129258,2135,108,5045,2309,59,1232,1080,06,085,502101,Santa Clara,06085502101
Census Tract 5021.03; Santa Clara County; California,4261,2388,95,1750,262,21,2158,102,18,81283,1647,65,4261,1270,383,610,1857,06,085,502103,Santa Clara,06085502103
Census Tract 5021.04; Santa Clara County; California,2634,1527,58,1086,97,122,1383,73,77,121875,982,5,2634,832,57,395,1099,06,085,502104,Santa Clara,06085502104
Census Tract 5022.02; Santa Clara County; California,2910,1607,127,1056,61,51,1306,16,78,104107,1383,73,2910,1577,179,496,491,06,085,502202,Santa Clara,06085502202
Census Tract 5022.03; Santa Clara County; California,4211,2613,28,1820,186,161,2233,45,15,132125,1775,196,4211,1549,193,1002,1223,06,085,502203,Santa Clara,06085502203
Census Tract 5022.04; Santa Clara County; California,3242,1466,80,1008,88,36,1387,172,11,67552,1206,145,3242,1164,395,728,845,06,085,502204,Santa Clara,06085502204
Census Tract 5023.01; Santa Clara County; California,3185,1731,70,1118,97,34,1349,71,99,166833,1258,43,3185,1784,108,351,695,06,085,502301,Santa Clara,06085502301
Census Tract 5023.02; Santa Clara County; California,3332,1985,17,1469,93,39,1646,29,44,120821,1341,55,3332,1493,124,208,1437,06,085,502302,Santa Clara,06085502302
Census Tract 5024; Santa Clara County; California,6909,3825,53,2325,209,92,2856,48,29,200324,2745,109,6909,4594,79,631,1132,06,085,502400,Santa Clara,06085502400
Census Tract 5025; Santa Clara County; California,6537,3418,46,2244,100,70,2486,106,78,212722,2378,41,6537,3645,67,809,1613,06,085,502500,Santa Clara,06085502500
Census Tract 5026.01; Santa Clara County; California,3048,1255,12,846,70,0,951,57,12,148417,1373,202,3048,1704,34,242,935,06,085,502601,Santa Clara,06085502601
Census Tract 5026.03; Santa Clara County; California,3026,1404,0,929,58,8,1018,34,7,175592,1047,58,3026,1842,24,392,434,06,085,502603,Santa Clara,06085502603
Census Tract 5026.04; Santa Clara County; California,3998,2599,0,2019,46,75,2248,142,0,110395,2094,60,3998,2188,166,596,839,06,085,502604,Santa Clara,06085502604
Census Tract 5027.01; Santa Clara County; California,5611,2937,35,2046,250,53,2513,140,54,136691,2081,75,5611,2358,186,1345,1274,06,085,502701,Santa Clara,06085502701
Census Tract 5027.03; Santa Clara County; California,4015,2238,127,1444,93,71,1751,146,33,139702,1670,20,4015,1553,126,1538,521,06,085,502703,Santa Clara,06085502703
Census Tract 5027.04; Santa Clara County; California,4143,2062,13,1334,88,0,1457,173,14,199167,1526,126,4143,1694,196,1477,304,06,085,502704,Santa Clara,06085502704
Census Tract 5028; Santa Clara County; California,4419,2294,31,1771,85,22,1909,81,76,181528,1425,27,4419,1973,15,1092,1060,06,085,502800,Santa Clara,06085502800
Census Tract 5029.01; Santa Clara County; California,6213,3488,196,2175,273,127,2794,51,96,151010,2155,115,6213,3136,67,1149,1532,06,085,502901,Santa Clara,06085502901
Census Tract 5029.02; Santa Clara County; California,9155,4726,86,2976,413,162,3651,210,60,178375,3041,129,9155,5554,52,2039,1271,06,085,502902,Santa Clara,06085502902
Census Tract 5029.03; Santa Clara County; California,5270,2533,19,1710,173,17,1927,129,22,219107,1881,25,5270,3085,0,1005,885,06,085,502903,Santa Clara,06085502903
Census Tract 5029.06; Santa Clara County; California,4995,2604,128,1699,325,24,2183,319,26,122356,1625,24,4995,2467,137,1192,870,06,085,502906,Santa Clara,06085502906
Census Tract 5029.07; Santa Clara County; California,3912,1934,39,1305,216,25,1621,221,60,170270,1336,6,3912,2044,84,834,652,06,085,502907,Santa Clara,06085502907
Census Tract 5029.08; Santa Clara County; California,6464,3225,0,2345,241,33,2632,105,71,129412,2196,60,6464,3255,0,1277,1551,06,085,502908,Santa Clara,06085502908
Census Tract 5029.09; Santa Clara County; California,4918,2617,56,1789,164,40,2110,142,101,116596,2016,66,4918,1939,79,933,1805,06,085,502909,Santa Clara,06085502909
Census Tract 5029.10; Santa Clara County; California,3960,2112,51,1461,84,135,1747,110,47,123994,1419,46,3960,1661,84,691,1312,06,085,502910,Santa Clara,06085502910
Census Tract 5030.01; Santa Clara County; California,4455,1893,65,1277,41,4,1396,121,45,144254,1650,8,4455,2781,80,588,626,06,085,503001,Santa Clara,06085503001
Census Tract 5030.02; Santa Clara County; California,3814,1964,54,1456,94,0,1616,14,48,127028,1339,104,3814,1832,118,490,1073,06,085,503002,Santa Clara,06085503002
Census Tract 5030.03; Santa Clara County; California,5050,2407,27,1504,103,0,1699,103,61,172917,1787,45,5050,2907,30,926,958,06,085,503003,Santa Clara,06085503003
Census Tract 5031.05; Santa Clara County; California,2139,981,0,556,244,37,894,50,9,58162,739,122,2139,98,0,1284,748,06,085,503105,Santa Clara,06085503105
Census Tract 5031.10; Santa Clara County; California,4067,1802,106,1089,318,153,1744,137,18,82750,956,43,4067,119,133,1022,2740,06,085,503110,Santa Clara,06085503110
Census Tract 5031.11; Santa Clara County; California,5243,2442,40,1793,405,0,2335,82,61,118864,1132,19,5243,210,156,1996,2777,06,085,503111,Santa Clara,06085503111
Census Tract 5031.12; Santa Clara County; California,4062,1891,62,1420,224,32,1767,81,65,72064,1435,230,4062,446,347,900,2300,06,085,503112,Santa Clara,06085503112
Census Tract 5031.13; Santa Clara County; California,4746,2335,114,1480,388,21,2073,72,86,90188,1328,181,4746,746,51,307,3613,06,085,503113,Santa Clara,06085503113
Census Tract 5031.16; Santa Clara County; California,6469,3101,95,2396,152,99,2860,259,86,103972,2406,158,6469,1834,506,2226,1823,06,085,503116,Santa Clara,06085503116
Census Tract 5031.17; Santa Clara County; California,2823,1224,4,849,269,11,1182,35,15,89583,692,61,2823,78,12,1214,1468,06,085,503117,Santa Clara,06085503117
Census Tract 5031.18; Santa Clara County; California,4413,2440,32,1755,467,8,2288,151,192,92656,1517,32,4413,485,167,1468,1903,06,085,503118,Santa Clara,06085503118
Census Tract 5031.21; Santa Clara County; California,5056,2273,107,1569,382,35,2138,279,71,74063,1522,136,5056,431,248,893,3247,06,085,503121,Santa Clara,06085503121
Census Tract 5031.22; Santa Clara County; California,3451,1619,74,1108,174,65,1457,67,86,54344,1213,204,3451,131,232,1828,1122,06,085,503122,Santa Clara,06085503122
Census Tract 5031.23; Santa Clara County; California,3777,1788,137,1276,90,45,1609,124,12,57772,1642,261,3777,718,204,591,1961,06,085,503123,Santa Clara,06085503123
Census Tract 5031.24; Santa Clara County; California,5747,2678,100,2305,57,0,2510,115,64,100742,1726,20,5747,854,800,1849,1916,06,085,503124,Santa Clara,06085503124
Census Tract 5031.25; Santa Clara County; California,3663,1998,45,1506,55,0,1689,226,81,159792,1474,11,3663,1435,81,1295,619,06,085,503125,Santa Clara,06085503125
Census Tract 5031.26; Santa Clara County; California,3770,1832,42,1026,53,0,1179,100,48,136865,1303,35,3770,543,232,1797,1096,06,085,503126,Santa Clara,06085503126
Census Tract 5031.27; Santa Clara County; California,4723,2983,98,1878,148,0,2189,122,177,159375,2047,84,4723,1186,184,2463,684,06,085,503127,Santa Clara,06085503127
Census Tract 5032.07; Santa Clara County; California,3589,1515,51,1076,247,0,1387,51,31,131250,926,31,3589,261,213,2658,399,06,085,503207,Santa Clara,06085503207
Census Tract 5032.08; Santa Clara County; California,3182,1749,66,1202,365,22,1706,88,24,136328,715,15,3182,121,23,1144,1777,06,085,503208,Santa Clara,06085503208
Census Tract 5032.10; Santa Clara County; California,4435,2251,30,1711,368,0,2147,123,23,113113,990,78,4435,230,160,1862,2092,06,085,503210,Santa Clara,06085503210
Census Tract 5032.11; Santa Clara County; California,4160,1884,96,1437,142,0,1702,155,107,96500,1164,26,4160,514,140,2151,1201,06,085,503211,Santa Clara,06085503211
Census Tract 5032.12; Santa Clara County; California,4176,1960,41,1429,166,0,1647,153,73,116375,991,70,4176,201,108,3084,612,06,085,503212,Santa Clara,06085503212
Census Tract 5032.13; Santa Clara County; California,5140,2250,25,1624,349,2,2000,88,22,73790,1275,91,5140,193,40,3115,1739,06,085,503213,Santa Clara,06085503213
Census Tract 5032.17; Santa Clara County; California,4412,1997,98,1297,477,0,1872,180,178,81696,967,13,4412,64,16,1107,3083,06,085,503217,Santa Clara,06085503217
Census Tract 5032.18; Santa Clara County; California,4519,1859,85,1333,271,0,1757,160,62,66958,1083,166,4519,180,110,783,3403,06,085,503218,Santa Clara,06085503218
Census Tract 5032.19; Santa Clara County; California,2648,1031,0,866,104,0,985,17,0,57723,798,51,2648,41,143,992,1472,06,085,503219,Santa Clara,06085503219
Census Tract 5032.20; Santa Clara County; California,5092,1911,122,1491,152,1,1766,119,136,91650,1351,46,5092,290,82,1333,2893,06,085,503220,Santa Clara,06085503220
Census Tract 5032.21; Santa Clara County; California,2338,1173,72,1003,40,38,1153,125,74,57396,821,179,2338,91,0,1870,377,06,085,503221,Santa Clara,06085503221
Census Tract 5032.22; Santa Clara County; California,6103,2837,183,1619,698,78,2603,63,30,95912,1547,228,6103,39,0,2257,3373,06,085,503222,Santa Clara,06085503222
Census Tract 5033.04; Santa Clara County; California,6804,3177,48,2301,491,34,2908,236,58,94539,1758,148,6804,420,79,3673,2486,06,085,503304,Santa Clara,06085503304
Census Tract 5033.05; Santa Clara County; California,5854,2609,86,1728,460,21,2396,211,82,86629,1405,244,5854,134,81,3126,2375,06,085,503305,Santa Clara,06085503305
Census Tract 5033.06; Santa Clara County; California,4047,2056,77,1580,216,48,1959,89,16,118214,832,69,4047,112,6,2091,1766,06,085,503306,Santa Clara,06085503306
Census Tract 5033.12; Santa Clara County; California,3540,1733,13,1552,84,4,1653,89,42,175927,1073,30,3540,897,462,1035,1064,06,085,503312,Santa Clara,06085503312
Census Tract 5033.13; Santa Clara County; California,4729,2242,10,1541,420,0,2005,166,56,197159,1254,22,4729,730,77,3226,522,06,085,503313,Santa Clara,06085503313
Census Tract 5033.15; Santa Clara County; California,8473,4487,78,2966,824,8,3919,192,146,150192,2154,121,8473,517,90,4955,2807,06,085,503315,Santa Clara,06085503315
Census Tract 5033.21; Santa Clara County; California,4301,2117,8,1439,206,11,1664,162,37,159375,1103,105,4301,247,35,3371,584,06,085,503321,Santa Clara,06085503321
Census Tract 5033.22; Santa Clara County; California,4635,2364,41,1673,425,15,2181,69,90,108973,1141,37,4635,446,96,2508,1533,06,085,503322,Santa Clara,06085503322
Census Tract 5033.23; Santa Clara County; California,3750,1927,24,1462,247,23,1766,156,5,156186,1014,74,3750,384,50,2022,1251,06,085,503323,Santa Clara,06085503323
Census Tract 5033.24; Santa Clara County; California,3420,1592,47,1000,170,0,1240,161,49,158404,908,10,3420,374,56,2233,576,06,085,503324,Santa Clara,06085503324
Census Tract 5033.25; Santa Clara County; California,4391,2116,50,1584,229,1,1895,68,39,172955,1138,11,4391,333,77,2764,1127,06,085,503325,Santa Clara,06085503325
Census Tract 5033.26; Santa Clara County; California,7172,3157,49,2268,299,8,2624,226,97,189612,1918,15,7172,980,0,4941,775,06,085,503326,Santa Clara,06085503326
Census Tract 5033.27; Santa Clara County; California,4522,1920,13,1141,333,15,1533,74,22,144688,1391,235,4522,462,46,2492,1258,06,085,503327,Santa Clara,06085503327
Census Tract 5033.29; Santa Clara County; California,3579,1737,41,1085,145,18,1299,133,56,232098,1005,33,3579,488,28,2726,185,06,085,503329,Santa Clara,06085503329
Census Tract 5033.30; Santa Clara County; California,7156,3258,69,1983,96,105,2303,130,165,250001,2001,12,7156,494,365,5701,486,06,085,503330,Santa Clara,06085503330
Census Tract 5033.31; Santa Clara County; California,3725,1453,38,1067,36,24,1206,113,81,119663,1381,90,3725,1171,2,1733,524,06,085,503331,Santa Clara,06085503331
Census Tract 5033.32; Santa Clara County; California,5993,2204,44,1198,220,0,1484,222,30,133872,2833,53,5993,3200,8,1581,814,06,085,503332,Santa Clara,06085503332
Census Tract 5033.33; Santa Clara County; California,4608,2192,44,1770,114,18,1946,121,58,176354,1365,5,4608,720,299,2266,1164,06,085,503333,Santa Clara,06085503333
Census Tract 5033.36; Santa Clara County; California,3081,1583,63,1088,231,30,1412,183,58,144000,830,68,3081,161,77,2039,708,06,085,503336,Santa Clara,06085503336
Census Tract 5033.37; Santa Clara County; California,4330,2181,57,1432,331,35,1860,207,50,130568,1051,20,4330,232,172,3054,729,06,085,503337,Santa Clara,06085503337
Census Tract 5033.38; Santa Clara County; California,4092,2175,13,1434,173,16,1647,201,31,250001,1160,17,4092,829,0,2788,220,06,085,503338,Santa Clara,06085503338
Census Tract 5033.39; Santa Clara County; California,3934,1968,38,1270,126,0,1480,152,203,250001,1241,14,3934,686,17,2577,425,06,085,503339,Santa Clara,06085503339
Census Tract 5034.01; Santa Clara County; California,4329,1857,58,1332,309,20,1747,98,34,89321,953,29,4329,64,39,758,3458,06,085,503401,Santa Clara,06085503401
Census Tract 5034.02; Santa Clara County; California,4597,1740,35,1282,259,40,1623,114,14,66538,1042,128,4597,357,24,1059,3002,06,085,503402,Santa Clara,06085503402
Census Tract 5035.04; Santa Clara County; California,5601,2928,26,2166,613,0,2816,62,55,146016,1112,44,5601,18,41,1785,3748,06,085,503504,Santa Clara,06085503504
Census Tract 5035.06; Santa Clara County; California,6910,3074,46,2052,673,0,2803,290,48,102350,1254,35,6910,240,198,1648,4741,06,085,503506,Santa Clara,06085503506
Census Tract 5035.07; Santa Clara County; California,2332,1125,5,844,236,0,1089,59,16,135329,397,14,2332,7,0,842,1459,06,085,503507,Santa Clara,06085503507
Census Tract 5035.08; Santa Clara County; California,5982,2731,14,2131,432,0,2621,46,7,123168,1221,36,5982,288,85,962,4188,06,085,503508,Santa Clara,06085503508
Census Tract 5035.09; Santa Clara County; California,4396,1966,18,1546,256,0,1820,226,57,139130,834,9,4396,252,137,1198,2791,06,085,503509,Santa Clara,06085503509
Census Tract 5035.10; Santa Clara County; California,4565,2402,41,1642,395,26,2104,93,76,101607,1151,40,4565,438,7,843,3115,06,085,503510,Santa Clara,06085503510
Census Tract 5035.11; Santa Clara County; California,3499,1659,7,1274,265,0,1564,167,41,114167,814,55,3499,152,161,1499,1644,06,085,503511,Santa Clara,06085503511
Census Tract 5036.01; Santa Clara County; California,3582,1855,96,1128,426,19,1702,173,48,90750,885,75,3582,673,107,738,2025,06,085,503601,Santa Clara,06085503601
Census Tract 5036.02; Santa Clara County; California,5255,2457,115,1483,618,52,2300,164,131,88235,1268,138,5255,283,95,1437,3440,06,085,503602,Santa Clara,06085503602
Census Tract 5037.03; Santa Clara County; California,3888,1991,49,1529,289,0,1910,122,58,78750,866,12,3888,4,157,920,2797,06,085,503703,Santa Clara,06085503703
Census Tract 5037.07; Santa Clara County; California,5264,2587,92,1641,697,70,2518,184,5,100375,1353,63,5264,103,135,1984,2954,06,085,503707,Santa Clara,06085503707
Census Tract 5037.08; Santa Clara County; California,2662,1369,40,1069,84,19,1226,90,17,108281,713,58,2662,101,2,2010,528,06,085,503708,Santa Clara,06085503708
Census Tract 5037.09; Santa Clara County; California,6178,2696,160,1817,209,0,2230,133,102,59926,2199,352,6178,276,230,3790,1655,06,085,503709,Santa Clara,06085503709
Census Tract 5037.10; Santa Clara County; California,3334,1481,97,1036,41,0,1174,71,93,56582,1044,247,3334,163,20,1117,1780,06,085,503710,Santa Clara,06085503710
Census Tract 5037.11; Santa Clara County; California,4780,2148,25,1364,450,65,2064,76,35,96650,978,14,4780,127,71,1544,2975,06,085,503711,Santa Clara,06085503711
Census Tract 5037.12; Santa Clara County; California,4340,1811,29,1239,264,72,1710,92,11,70285,1317,160,4340,330,40,1725,2164,06,085,503712,Santa Clara,06085503712
Census Tract 5037.13; Santa Clara County; California,3331,1516,28,1128,202,12,1407,72,0,64753,1085,133,3331,123,106,1103,1893,06,085,503713,Santa Clara,06085503713
Census Tract 5038.02; Santa Clara County; California,7937,3861,269,2710,356,131,3500,362,50,124659,2040,73,7937,711,151,2916,3358,06,085,503802,Santa Clara,06085503802
Census Tract 5038.03; Santa Clara County; California,4988,2309,61,1656,164,0,1916,98,28,162500,1242,44,4988,396,111,2683,1573,06,085,503803,Santa Clara,06085503803
Census Tract 5038.04; Santa Clara County; California,5372,2618,86,1490,571,28,2189,46,13,102483,1711,100,5372,703,134,2688,1587,06,085,503804,Santa Clara,06085503804
Census Tract 5039.02; Santa Clara County; California,6393,3322,50,2583,579,35,3255,296,37,94883,1537,11,6393,630,0,1393,4274,06,085,503902,Santa Clara,06085503902
Census Tract 5039.03; Santa Clara County; California,3083,1388,50,1102,73,41,1281,81,14,119548,841,23,3083,420,11,1433,1195,06,085,503903,Santa Clara,06085503903
Census Tract 5040.01; Santa Clara County; California,5085,2559,136,1866,263,13,2425,152,108,75000,1506,129,5085,312,8,1207,3422,06,085,504001,Santa Clara,06085504001
Census Tract 5040.02; Santa Clara County; California,6385,3139,17,2307,611,0,2935,172,48,90153,1428,41,6385,249,0,2687,3373,06,085,504002,Santa Clara,06085504002
Census Tract 5041.01; Santa Clara County; California,4490,2337,87,1757,264,7,2151,330,6,107250,1069,13,4490,539,0,758,3005,06,085,504101,Santa Clara,06085504101
Census Tract 5041.02; Santa Clara County; California,5730,2527,20,2094,260,53,2427,90,113,104489,1307,77,5730,414,29,1397,3867,06,085,504102,Santa Clara,06085504102
Census Tract 5042.01; Santa Clara County; California,5936,3302,64,2289,202,23,2681,140,82,184539,1803,37,5936,1914,177,1551,1688,06,085,504201,Santa Clara,06085504201
Census Tract 5042.02; Santa Clara County; California,4184,2281,6,1381,214,120,1770,194,53,172115,1262,0,4184,1473,158,1227,1142,06,085,504202,Santa Clara,06085504202
Census Tract 5043.07; Santa Clara County; California,5740,2818,66,1972,297,0,2352,175,44,144604,1848,109,5740,529,25,3869,1132,06,085,504307,Santa Clara,06085504307
Census Tract 5043.08; Santa Clara County; California,4895,2274,31,1467,240,1,1739,140,67,179875,1533,52,4895,1110,26,2421,925,06,085,504308,Santa Clara,06085504308
Census Tract 5043.11; Santa Clara County; California,8064,4407,164,2564,130,0,2921,248,42,167277,2999,60,8064,723,46,6387,621,06,085,504311,Santa Clara,06085504311
Census Tract 5043.14; Santa Clara County; California,4745,2487,82,1895,144,39,2172,173,77,165714,1346,24,4745,471,250,3263,567,06,085,504314,Santa Clara,06085504314
Census Tract 5043.15; Santa Clara County; California,6719,3901,28,2736,589,34,3406,139,57,166042,1880,0,6719,799,60,4714,976,06,085,504315,Santa Clara,06085504315
Census Tract 5043.16; Santa Clara County; California,5410,2942,8,1966,402,38,2490,73,149,174706,1510,22,5410,357,7,3978,957,06,085,504316,Santa Clara,06085504316
Census Tract 5043.17; Santa Clara County; California,3763,2023,107,1436,278,28,1849,133,93,157610,1037,85,3763,350,10,2652,645,06,085,504317,Santa Clara,06085504317
Census Tract 5043.18; Santa Clara County; California,7213,3416,94,2267,400,24,2797,82,29,112367,1899,46,7213,550,150,4307,1989,06,085,504318,Santa Clara,06085504318
Census Tract 5043.19; Santa Clara County; California,6720,3364,38,2223,206,52,2547,214,39,175625,2113,43,6720,471,122,4604,1219,06,085,504319,Santa Clara,06085504319
Census Tract 5043.20; Santa Clara County; California,3000,1449,15,1100,146,0,1268,69,5,176500,912,51,3000,416,40,2163,241,06,085,504320,Santa Clara,06085504320
Census Tract 5043.21; Santa Clara County; California,5412,2981,165,1938,382,0,2598,182,88,172857,1640,34,5412,519,68,3378,999,06,085,504321,Santa Clara,06085504321
Census Tract 5043.22; Santa Clara County; California,6103,3442,78,1903,598,82,2735,36,64,174318,2144,55,6103,553,257,4500,357,06,085,504322,Santa Clara,06085504322
Census Tract 5043.23; Santa Clara County; California,5733,2849,124,1771,214,7,2157,131,11,146667,1846,149,5733,760,11,4219,443,06,085,504323,Santa Clara,06085504323
Census Tract 5044.10; Santa Clara County; California,4124,2266,38,1623,169,39,1955,0,67,143173,1187,119,4124,511,114,2397,963,06,085,504410,Santa Clara,06085504410
Census Tract 5044.11; Santa Clara County; California,5901,3424,68,2577,325,0,3067,187,478,178333,1580,9,5901,951,55,3806,904,06,085,504411,Santa Clara,06085504411
Census Tract 5044.12; Santa Clara County; California,5044,2786,94,1837,482,26,2455,140,57,135993,1416,30,5044,390,29,3752,654,06,085,504412,Santa Clara,06085504412
Census Tract 5044.13; Santa Clara County; California,2048,855,5,618,39,34,700,11,6,148438,783,152,2048,172,34,1620,94,06,085,504413,Santa Clara,06085504413
Census Tract 5044.14; Santa Clara County; California,5296,2537,70,1685,189,53,2046,144,0,167772,1650,17,5296,577,17,4327,208,06,085,504414,Santa Clara,06085504414
Census Tract 5044.15; Santa Clara County; California,4690,2395,39,1736,151,1,1938,74,56,176094,1473,28,4690,698,95,3428,387,06,085,504415,Santa Clara,06085504415
Census Tract 5044.16; Santa Clara County; California,3927,1918,48,1237,176,2,1526,14,48,178813,1129,54,3927,847,8,2711,343,06,085,504416,Santa Clara,06085504416
Census Tract 5044.18; Santa Clara County; California,4118,2106,12,1593,169,11,1842,145,0,127870,1200,68,4118,264,179,2325,1297,06,085,504418,Santa Clara,06085504418
Census Tract 5044.21; Santa Clara County; California,5631,2762,29,1683,219,28,2071,167,40,195417,1552,17,5631,694,324,3771,426,06,085,504421,Santa Clara,06085504421
Census Tract 5044.22; Santa Clara County; California,3316,1605,37,1118,164,37,1373,59,25,114417,932,64,3316,222,47,2229,627,06,085,504422,Santa Clara,06085504422
Census Tract 5044.23; Santa Clara County; California,2101,945,27,683,80,0,805,81,14,176528,566,3,2101,580,110,975,235,06,085,504423,Santa Clara,06085504423
Census Tract 5044.24; Santa Clara County; California,5269,2775,71,1793,237,22,2144,122,19,151302,1560,102,5269,648,91,3337,771,06,085,504424,Santa Clara,06085504424
Census Tract 5045.05; Santa Clara County; California,10682,6536,238,3649,608,6,4763,209,286,209439,3933,249,10682,895,236,8139,1224,06,085,504505,Santa Clara,06085504505
Census Tract 5045.06; Santa Clara County; California,6609,3815,135,2257,839,0,3250,179,11,152898,2151,129,6609,496,56,5174,737,06,085,504506,Santa Clara,06085504506
Census Tract 5045.07; Santa Clara County; California,6238,3124,23,2282,394,0,2730,157,93,154671,1658,90,6238,748,162,3690,1289,06,085,504507,Santa Clara,06085504507
Census Tract 5045.08; Santa Clara County; California,4302,1201,0,923,53,4,980,15,52,214412,652,0,4302,773,178,1566,1563,06,085,504508,Santa Clara,06085504508
Census Tract 5045.09; Santa Clara County; California,4740,2676,76,1431,187,0,1727,67,11,184063,1898,78,4740,193,126,4112,62,06,085,504509,Santa Clara,06085504509
Census Tract 5045.10; Santa Clara County; California,4325,2229,82,1464,90,67,1703,58,29,139957,1504,185,4325,209,0,3285,502,06,085,504510,Santa Clara,06085504510
Census Tract 5046.01; Santa Clara County; California,1255,664,3,475,48,28,604,19,0,65625,526,14,1255,314,13,319,552,06,085,504601,Santa Clara,06085504601
Census Tract 5046.02; Santa Clara County; California,1920,896,0,726,108,24,868,49,0,107438,541,10,1920,244,27,344,1236,06,085,504602,Santa Clara,06085504602
Census Tract 5047; Santa Clara County; California,667,260,0,153,25,8,186,0,0,118438,171,12,667,295,9,28,191,06,085,504700,Santa Clara,06085504700
Census Tract 5048.02; Santa Clara County; California,4933,2700,36,1977,304,23,2369,16,39,123750,1610,127,4933,1111,19,2331,1246,06,085,504802,Santa Clara,06085504802
Census Tract 5048.05; Santa Clara County; California,7442,4561,201,2789,444,78,3626,214,16,130078,3215,160,7442,2608,0,3039,1544,06,085,504805,Santa Clara,06085504805
Census Tract 5048.06; Santa Clara County; California,2980,1520,7,1118,227,0,1361,52,7,133846,830,113,2980,673,13,1032,946,06,085,504806,Santa Clara,06085504806
Census Tract 5048.07; Santa Clara County; California,5841,4018,113,1830,304,17,2326,108,16,222917,2698,85,5841,1050,97,4182,380,06,085,504807,Santa Clara,06085504807
Census Tract 5048.08; Santa Clara County; California,2251,1254,6,840,211,38,1113,41,47,131276,670,137,2251,305,101,634,1176,06,085,504808,Santa Clara,06085504808
Census Tract 5049.02; Santa Clara County; California,4616,2756,15,1352,217,12,1625,45,92,218750,1833,239,4616,766,0,3258,433,06,085,504902,Santa Clara,06085504902
Census Tract 5049.03; Santa Clara County; California,4970,3094,115,1830,217,23,2315,36,0,177569,2113,61,4970,978,0,3252,628,06,085,504903,Santa Clara,06085504903
Census Tract 5050.06; Santa Clara County; California,11716,8095,265,4428,459,377,5846,81,133,205610,5586,334,11716,1924,104,8919,578,06,085,505006,Santa Clara,06085505006
Census Tract 5050.07; Santa Clara County; California,4285,1984,28,1317,233,64,1707,81,10,142500,1004,0,4285,1006,323,1654,1123,06,085,505007,Santa Clara,06085505007
Census Tract 5050.10; Santa Clara County; California,4473,2274,0,1696,220,0,1957,75,42,191326,1398,100,4473,822,520,2242,494,06,085,505010,Santa Clara,06085505010
Census Tract 5050.11; Santa Clara County; California,4875,2934,37,1690,142,95,2174,12,0,196131,1917,147,4875,1274,0,2965,559,06,085,505011,Santa Clara,06085505011
Census Tract 5050.12; Santa Clara County; California,2879,2106,198,940,173,41,1506,87,24,201190,1456,90,2879,883,79,1666,167,06,085,505012,Santa Clara,06085505012
Census Tract 5050.13; Santa Clara County; California,5965,4393,522,1857,226,169,3074,219,9,185227,2680,308,5965,1026,25,3891,871,06,085,505013,Santa Clara,06085505013
Census Tract 5050.14; Santa Clara County; California,6023,3999,102,2647,451,37,3340,203,0,137273,2560,45,6023,1064,183,3167,1343,06,085,505014,Santa Clara,06085505014
Census Tract 5050.15; Santa Clara County; California,5229,3381,111,1768,411,169,2507,152,38,173345,1834,92,5229,1042,23,2190,1559,06,085,505015,Santa Clara,06085505015
Census Tract 5051; Santa Clara County; California,4389,2525,48,1793,85,145,2178,127,23,103378,2050,459,4389,818,169,1660,1607,06,085,505100,Santa Clara,06085505100
Census Tract 5052.02; Santa Clara County; California,7912,4881,47,3265,395,110,3910,110,0,121944,3232,299,7912,2117,105,3104,1803,06,085,505202,Santa Clara,06085505202
Census Tract 5052.03; Santa Clara County; California,5476,2515,110,1183,81,421,1914,145,6,117000,1386,119,5476,2594,213,1577,855,06,085,505203,Santa Clara,06085505203
Census Tract 5053.01; Santa Clara County; California,5018,3216,249,1892,215,30,2491,60,114,171071,1956,201,5018,1315,34,2730,818,06,085,505301,Santa Clara,06085505301
Census Tract 5053.02; Santa Clara County; California,4828,2576,65,1306,252,15,1714,83,9,170827,1645,111,4828,1586,85,2055,680,06,085,505302,Santa Clara,06085505302
Census Tract 5053.03; Santa Clara County; California,5986,3711,38,2873,365,115,3483,74,12,128933,2219,65,5986,1155,457,2640,1525,06,085,505303,Santa Clara,06085505303
Census Tract 5053.04; Santa Clara County; California,3598,2063,56,1384,87,16,1574,62,20,224435,1124,39,3598,947,20,2004,596,06,085,505304,Santa Clara,06085505304
Census Tract 5053.05; Santa Clara County; California,5626,3230,92,2120,243,16,2509,55,53,190595,2188,76,5626,1992,0,2764,778,06,085,505305,Santa Clara,06085505305
Census Tract 5054.01; Santa Clara County; California,6630,4232,163,2574,164,111,3243,153,32,164598,2899,143,6630,1622,148,3861,744,06,085,505401,Santa Clara,06085505401
Census Tract 5054.02; Santa Clara County; California,3058,1826,37,1161,100,32,1517,35,11,173582,1179,103,3058,718,19,1674,472,06,085,505402,Santa Clara,06085505402
Census Tract 5054.03; Santa Clara County; California,8563,4917,120,3169,343,107,3859,81,24,175735,3596,165,8563,1873,0,4557,1323,06,085,505403,Santa Clara,06085505403
Census Tract 5055; Santa Clara County; California,4661,2340,41,1712,219,37,2095,41,40,146602,1577,7,4661,1604,102,1319,1138,06,085,505500,Santa Clara,06085505500
Census Tract 5056; Santa Clara County; California,4594,2300,69,1211,222,345,1960,36,6,117125,1307,133,4594,2427,169,1145,665,06,085,505600,Santa Clara,06085505600
Census Tract 5057; Santa Clara County; California,5853,3650,142,2249,104,158,3080,198,21,107431,2381,125,5853,2461,223,1837,1072,06,085,505700,Santa Clara,06085505700
Census Tract 5058; Santa Clara County; California,4242,2549,16,1849,203,0,2107,25,9,165750,1633,25,4242,2096,80,893,1028,06,085,505800,Santa Clara,06085505800
Census Tract 5059.01; Santa Clara County; California,4153,2549,165,1483,187,93,2001,146,16,169421,1595,291,4153,2183,0,1395,299,06,085,505901,Santa Clara,06085505901
Census Tract 5059.02; Santa Clara County; California,3950,2046,58,1308,137,0,1535,79,41,105542,1799,220,3950,1989,43,870,928,06,085,505902,Santa Clara,06085505902
Census Tract 5060; Santa Clara County; California,4993,2693,9,1828,302,36,2325,14,84,173750,1819,8,4993,2045,8,1851,853,06,085,506000,Santa Clara,06085506000
Census Tract 5061.01; Santa Clara County; California,4845,2463,44,1697,136,58,2028,71,26,163750,1506,39,4845,1897,136,1959,734,06,085,506101,Santa Clara,06085506101
Census Tract 5061.02; Santa Clara County; California,4384,2336,7,1235,203,0,1506,112,0,174929,1754,85,4384,1580,24,2092,447,06,085,506102,Santa Clara,06085506102
Census Tract 5061.03; Santa Clara County; California,5218,2338,20,1574,161,10,1808,51,9,188946,1743,138,5218,1131,132,3015,399,06,085,506103,Santa Clara,06085506103
Census Tract 5062.02; Santa Clara County; California,8409,3893,136,2370,192,179,3112,35,230,175179,2770,67,8409,2514,405,4229,452,06,085,506202,Santa Clara,06085506202
Census Tract 5062.03; Santa Clara County; California,6127,3213,55,2302,120,89,2648,17,0,130735,2228,37,6127,981,48,3875,1023,06,085,506203,Santa Clara,06085506203
Census Tract 5062.04; Santa Clara County; California,5546,2767,8,2026,213,29,2306,115,0,188047,1983,26,5546,1191,196,3525,414,06,085,506204,Santa Clara,06085506204
Census Tract 5063.01; Santa Clara County; California,5101,3146,74,1909,256,163,2476,66,37,121667,2154,93,5101,1906,243,1512,990,06,085,506301,Santa Clara,06085506301
Census Tract 5063.02; Santa Clara County; California,6180,3460,10,2558,153,36,2830,137,21,180155,2480,66,6180,2861,435,1779,825,06,085,506302,Santa Clara,06085506302
Census Tract 5063.04; Santa Clara County; California,6164,3220,124,2182,166,35,2581,239,115,120889,2442,210,6164,1446,305,2572,1611,06,085,506304,Santa Clara,06085506304
Census Tract 5063.05; Santa Clara County; California,5638,2696,0,2114,155,0,2294,209,17,94777,2077,162,5638,1566,605,1367,1755,06,085,506305,Santa Clara,06085506305
Census Tract 5064.01; Santa Clara County; California,4710,2722,126,1784,168,60,2261,46,133,142793,2141,301,4710,1754,137,1235,1255,06,085,506401,Santa Clara,06085506401
Census Tract 5064.02; Santa Clara County; California,5398,2545,75,1688,171,73,2086,83,106,116783,2181,271,5398,2325,145,932,1710,06,085,506402,Santa Clara,06085506402
Census Tract 5065.02; Santa Clara County; California,4893,2985,45,2056,164,72,2455,145,72,143075,2109,23,4893,2540,222,556,1254,06,085,506502,Santa Clara,06085506502
Census Tract 5065.03; Santa Clara County; California,6182,3191,24,2446,146,22,2738,32,7,100139,2753,576,6182,3141,109,1526,1107,06,085,506503,Santa Clara,06085506503
Census Tract 5065.04; Santa Clara County; California,2832,1240,0,1062,47,38,1188,0,0,85278,846,111,2832,328,206,156,2048,06,085,506504,Santa Clara,06085506504
Census Tract 5065.05; Santa Clara County; California,4333,2056,41,1262,395,19,1798,94,20,132950,1409,79,4333,1219,292,989,1782,06,085,506505,Santa Clara,06085506505
Census Tract 5066.01; Santa Clara County; California,3887,2153,38,1543,142,54,1812,46,17,125208,1537,98,3887,1334,88,1449,873,06,085,506601,Santa Clara,06085506601
Census Tract 5066.03; Santa Clara County; California,4252,2103,54,1261,172,0,1609,153,48,250001,1515,82,4252,1924,6,1320,431,06,085,506603,Santa Clara,06085506603
Census Tract 5066.04; Santa Clara County; California,7362,3417,26,1928,571,49,2599,55,24,216054,2423,37,7362,2756,23,3561,756,06,085,506604,Santa Clara,06085506604
Census Tract 5066.05; Santa Clara County; California,4397,2417,13,1633,221,107,1985,6,17,122917,1539,88,4397,1559,283,1217,951,06,085,506605,Santa Clara,06085506605
Census Tract 5066.06; Santa Clara County; California,5137,2550,42,1792,182,47,2110,36,68,114574,1788,56,5137,1759,100,1715,1293,06,085,506606,Santa Clara,06085506606
Census Tract 5067.01; Santa Clara County; California,4268,2318,25,1674,102,22,1841,138,27,212679,1309,7,4268,1849,21,1833,453,06,085,506701,Santa Clara,06085506701
Census Tract 5067.02; Santa Clara County; California,5799,2659,110,1749,161,34,2127,181,0,140670,1991,65,5799,2484,110,1799,1113,06,085,506702,Santa Clara,06085506702
Census Tract 5067.03; Santa Clara County; California,3622,1586,12,1162,60,35,1311,142,11,144412,1354,98,3622,1714,20,1274,310,06,085,506703,Santa Clara,06085506703
Census Tract 5068.01; Santa Clara County; California,6111,2736,31,1619,347,19,2079,190,44,222938,2099,103,6111,4466,66,858,523,06,085,506801,Santa Clara,06085506801
Census Tract 5068.02; Santa Clara County; California,5885,3033,46,2098,91,64,2363,51,97,193981,1946,59,5885,2674,72,1761,933,06,085,506802,Santa Clara,06085506802
Census Tract 5068.03; Santa Clara County; California,7090,3585,34,2331,401,4,2881,120,17,175938,2288,16,7090,3387,257,2184,986,06,085,506803,Santa Clara,06085506803
Census Tract 5068.04; Santa Clara County; California,4602,2440,0,1657,78,10,1791,66,68,216938,1587,49,4602,2827,42,994,327,06,085,506804,Santa Clara,06085506804
Census Tract 5069; Santa Clara County; California,8174,3428,36,2348,124,70,2606,187,117,206951,2802,130,8174,5426,85,1480,590,06,085,506900,Santa Clara,06085506900
Census Tract 5070.02; Santa Clara County; California,3415,1361,0,773,74,3,882,52,0,250001,1128,0,3415,2671,1,555,180,06,085,507002,Santa Clara,06085507002
Census Tract 5070.03; Santa Clara County; California,3074,1360,18,842,15,11,886,75,0,240179,1200,58,3074,2219,2,588,208,06,085,507003,Santa Clara,06085507003
Census Tract 5070.04; Santa Clara County; California,3926,1743,0,1303,0,65,1397,27,0,198306,1735,26,3926,3054,126,497,201,06,085,507004,Santa Clara,06085507004
Census Tract 5071; Santa Clara County; California,3029,1529,10,1006,152,35,1242,70,23,173006,1389,66,3029,2362,0,287,231,06,085,507100,Santa Clara,06085507100
Census Tract 5072.03; Santa Clara County; California,3192,1735,27,840,47,94,1032,82,23,192917,1207,11,3192,1777,14,694,580,06,085,507203,Santa Clara,06085507203
Census Tract 5072.05; Santa Clara County; California,4652,2126,10,1396,80,23,1556,81,17,211711,1824,18,4652,2894,47,1131,332,06,085,507205,Santa Clara,06085507205
Census Tract 5072.06; Santa Clara County; California,2594,950,6,616,47,7,711,46,6,250001,914,0,2594,1780,29,541,144,06,085,507206,Santa Clara,06085507206
Census Tract 5073.01; Santa Clara County; California,6820,2907,27,1769,181,30,2026,176,20,250001,2461,86,6820,2947,3,3507,186,06,085,507301,Santa Clara,06085507301
Census Tract 5073.02; Santa Clara County; California,2640,1293,16,781,54,20,876,60,32,250001,912,0,2640,1483,7,785,52,06,085,507302,Santa Clara,06085507302
Census Tract 5074.01; Santa Clara County; California,5907,2484,17,1503,113,12,1685,22,46,226500,1948,55,5907,1682,4,3959,93,06,085,507401,Santa Clara,06085507401
Census Tract 5074.02; Santa Clara County; California,3980,2029,11,1214,105,10,1353,34,0,236161,1502,32,3980,1702,0,1866,182,06,085,507402,Santa Clara,06085507402
Census Tract 5075; Santa Clara County; California,5747,2426,43,1575,59,21,1752,63,19,188375,2061,15,5747,1729,17,3714,146,06,085,507500,Santa Clara,06085507500
Census Tract 5076; Santa Clara County; California,6018,2573,23,1392,125,33,1588,67,30,250001,2015,56,6018,2280,0,3310,146,06,085,507600,Santa Clara,06085507600
Census Tract 5077.01; Santa Clara County; California,3435,1640,24,951,88,4,1130,25,6,211371,1254,54,3435,687,53,2418,118,06,085,507701,Santa Clara,06085507701
Census Tract 5077.02; Santa Clara County; California,6618,3097,50,2078,104,108,2365,90,18,250001,2172,30,6618,1024,0,5060,38,06,085,507702,Santa Clara,06085507702
Census Tract 5077.04; Santa Clara County; California,3344,1467,36,1124,81,0,1241,43,12,219286,1150,113,3344,1124,4,2034,54,06,085,507704,Santa Clara,06085507704
Census Tract 5077.05; Santa Clara County; California,4092,1705,0,1335,47,38,1420,45,29,250001,1325,14,4092,1268,14,2354,271,06,085,507705,Santa Clara,06085507705
Census Tract 5078.05; Santa Clara County; California,5220,2719,23,1764,308,92,2257,36,30,194000,1978,95,5220,1305,40,3321,374,06,085,507805,Santa Clara,06085507805
Census Tract 5078.06; Santa Clara County; California,5971,2790,29,1618,98,94,1908,60,36,188468,2066,56,5971,732,0,5084,53,06,085,507806,Santa Clara,06085507806
Census Tract 5078.07; Santa Clara County; California,3432,1642,11,992,86,8,1107,8,0,250001,1093,11,3432,546,0,2641,95,06,085,507807,Santa Clara,06085507807
Census Tract 5078.08; Santa Clara County; California,5811,2901,34,2028,63,76,2266,122,34,250001,1872,79,5811,1058,0,4363,122,06,085,507808,Santa Clara,06085507808
Census Tract 5079.03; Santa Clara County; California,5262,2296,138,1312,74,27,1605,44,8,210813,1749,50,5262,822,8,4247,82,06,085,507903,Santa Clara,06085507903
Census Tract 5079.04; Santa Clara County; California,3061,1520,14,933,56,0,1007,30,23,250001,1029,14,3061,616,65,2207,38,06,085,507904,Santa Clara,06085507904
Census Tract 5079.05; Santa Clara County; California,5181,2436,26,1547,188,28,1825,102,43,137813,1973,176,5181,1017,100,3596,403,06,085,507905,Santa Clara,06085507905
Census Tract 5079.06; Santa Clara County; California,4481,2177,65,1332,127,39,1581,50,41,250001,1401,0,4481,648,4,3536,124,06,085,507906,Santa Clara,06085507906
Census Tract 5080.03; Santa Clara County; California,2353,938,12,475,50,54,648,18,0,181771,721,20,2353,664,102,1479,40,06,085,508003,Santa Clara,06085508003
Census Tract 5080.04; Santa Clara County; California,5862,2871,19,1775,122,115,2124,73,85,232563,2041,62,5862,1297,363,3825,254,06,085,508004,Santa Clara,06085508004
Census Tract 5080.05; Santa Clara County; California,3615,1493,1,1045,79,24,1182,29,0,162535,1483,179,3615,858,0,2384,153,06,085,508005,Santa Clara,06085508005
Census Tract 5080.06; Santa Clara County; California,4215,2054,44,1294,51,76,1512,11,0,203750,1436,11,4215,862,17,3019,150,06,085,508006,Santa Clara,06085508006
Census Tract 5081.01; Santa Clara County; California,6519,3123,54,2172,146,35,2449,37,43,250001,2361,15,6519,1729,1,4405,212,06,085,508101,Santa Clara,06085508101
Census Tract 5081.02; Santa Clara County; California,3556,1810,56,1124,4,102,1327,65,25,206563,1377,70,3556,990,67,2293,129,06,085,508102,Santa Clara,06085508102
Census Tract 5082.03; Santa Clara County; California,5873,2535,72,1367,117,14,1647,64,36,239318,1790,66,5873,2244,1,3190,101,06,085,508203,Santa Clara,06085508203
Census Tract 5082.04; Santa Clara County; California,4892,2219,41,1406,79,0,1559,20,22,231860,1610,96,4892,1538,39,2872,249,06,085,508204,Santa Clara,06085508204
Census Tract 5082.05; Santa Clara County; California,3882,2160,53,1144,150,0,1347,66,27,193292,1445,39,3882,782,136,1902,436,06,085,508205,Santa Clara,06085508205
Census Tract 5082.06; Santa Clara County; California,3934,1918,66,1139,35,14,1324,67,45,204750,1421,18,3934,1490,0,2178,113,06,085,508206,Santa Clara,06085508206
Census Tract 5083.01; Santa Clara County; California,4702,2091,66,1402,120,10,1654,32,66,250001,1546,33,4702,2079,57,2173,225,06,085,508301,Santa Clara,06085508301
Census Tract 5083.03; Santa Clara County; California,2569,1059,15,623,57,15,725,8,5,208250,905,6,2569,972,0,1315,137,06,085,508303,Santa Clara,06085508303
Census Tract 5083.05; Santa Clara County; California,5604,2585,41,2020,105,109,2289,44,0,113040,1879,120,5604,695,207,3161,1406,06,085,508305,Santa Clara,06085508305
Census Tract 5083.06; Santa Clara County; California,3130,1488,9,920,207,0,1156,9,0,221250,1196,61,3130,800,78,1854,304,06,085,508306,Santa Clara,06085508306
Census Tract 5084.01; Santa Clara County; California,8085,3985,62,2518,275,1,3056,25,38,204662,2488,78,8085,2603,104,3776,853,06,085,508401,Santa Clara,06085508401
Census Tract 5084.03; Santa Clara County; California,3320,1388,47,702,73,15,940,26,29,249500,988,0,3320,1695,14,1110,275,06,085,508403,Santa Clara,06085508403
Census Tract 5084.04; Santa Clara County; California,6553,3006,82,1865,80,35,2154,84,45,194303,2379,93,6553,2424,116,3228,494,06,085,508404,Santa Clara,06085508404
Census Tract 5085.03; Santa Clara County; California,6212,3606,256,1844,403,90,2661,161,35,178263,2584,357,6212,1181,29,4203,555,06,085,508503,Santa Clara,06085508503
Census Tract 5085.05; Santa Clara County; California,4765,2447,125,1342,121,7,1705,17,34,205625,1988,143,4765,1584,23,2144,663,06,085,508505,Santa Clara,06085508505
Census Tract 5085.07; Santa Clara County; California,2838,1845,44,906,125,30,1162,60,7,172426,1351,14,2838,525,11,2032,134,06,085,508507,Santa Clara,06085508507
Census Tract 5085.08; Santa Clara County; California,6144,3111,290,2069,132,23,2648,240,11,136625,2044,86,6144,1576,49,2345,1567,06,085,508508,Santa Clara,06085508508
Census Tract 5085.09; Santa Clara County; California,4186,2708,142,1756,138,15,2097,17,0,155813,1972,213,4186,885,0,2920,287,06,085,508509,Santa Clara,06085508509
Census Tract 5085.10; Santa Clara County; California,3500,1918,77,1095,282,179,1633,14,0,110288,1283,162,3500,399,0,1949,1070,06,085,508510,Santa Clara,06085508510
Census Tract 5086.01; Santa Clara County; California,3892,2246,71,1390,134,26,1764,60,36,196731,1432,70,3892,1065,0,1992,627,06,085,508601,Santa Clara,06085508601
Census Tract 5086.02; Santa Clara County; California,5575,3610,185,1787,300,68,2532,128,24,179087,2518,207,5575,2385,52,1716,801,06,085,508602,Santa Clara,06085508602
Census Tract 5087.05; Santa Clara County; California,4463,2926,141,1599,252,0,2052,33,50,177301,1888,123,4463,1213,0,2346,746,06,085,508705,Santa Clara,06085508705
Census Tract 5087.06; Santa Clara County; California,4079,2365,116,1304,180,90,1774,233,58,198250,1592,120,4079,947,119,2538,300,06,085,508706,Santa Clara,06085508706
Census Tract 5087.07; Santa Clara County; California,4033,2577,263,1122,218,69,1760,239,16,191439,1591,231,4033,911,44,2153,743,06,085,508707,Santa Clara,06085508707
Census Tract 5087.08; Santa Clara County; California,4917,3631,59,1413,242,33,1887,41,26,245007,2239,403,4917,968,42,3335,287,06,085,508708,Santa Clara,06085508708
Census Tract 5088; Santa Clara County; California,3575,2408,133,1599,213,39,2082,80,14,133684,1416,61,3575,838,72,1082,1285,06,085,508800,Santa Clara,06085508800
Census Tract 5089; Santa Clara County; California,4782,2539,127,1698,211,12,2083,75,9,129762,1648,64,4782,802,6,2265,1491,06,085,508900,Santa Clara,06085508900
Census Tract 5090.01; Santa Clara County; California,2929,1676,42,1113,196,14,1374,33,0,106389,958,15,2929,364,11,843,1536,06,085,509001,Santa Clara,06085509001
Census Tract 5090.02; Santa Clara County; California,3954,2297,185,1353,259,33,1903,61,49,121964,1465,43,3954,589,16,1215,1985,06,085,509002,Santa Clara,06085509002
Census Tract 5091.02; Santa Clara County; California,4865,3134,248,1569,318,111,2420,20,52,192237,2236,138,4865,1417,119,2776,286,06,085,509102,Santa Clara,06085509102
Census Tract 5091.06; Santa Clara County; California,4264,2542,66,1488,168,41,1971,39,27,142727,1978,133,4264,1419,34,1742,908,06,085,509106,Santa Clara,06085509106
Census Tract 5091.07; Santa Clara County; California,4765,3244,123,1835,542,80,2710,17,28,152361,2081,206,4765,819,278,2357,1170,06,085,509107,Santa Clara,06085509107
Census Tract 5091.08; Santa Clara County; California,4549,2627,204,1360,152,236,2097,35,89,179028,1848,107,4549,1315,256,1698,971,06,085,509108,Santa Clara,06085509108
Census Tract 5091.09; Santa Clara County; California,6572,3932,243,2021,300,34,2849,136,66,218105,2471,176,6572,2132,42,2064,1716,06,085,509109,Santa Clara,06085509109
Census Tract 5091.10; Santa Clara County; California,3248,1673,71,770,74,33,1063,50,12,199821,1333,28,3248,1744,35,1306,93,06,085,509110,Santa Clara,06085509110
Census Tract 5091.11; Santa Clara County; California,4205,1856,135,1092,82,17,1368,57,0,157311,1653,97,4205,1348,11,1308,1326,06,085,509111,Santa Clara,06085509111
Census Tract 5092.01; Santa Clara County; California,5611,3483,214,1523,165,161,2367,25,75,155404,2715,251,5611,2430,347,1945,664,06,085,509201,Santa Clara,06085509201
Census Tract 5092.02; Santa Clara County; California,4137,2430,65,1475,276,66,2009,112,85,190579,1667,118,4137,1959,44,1466,606,06,085,509202,Santa Clara,06085509202
Census Tract 5093.02; Santa Clara County; California,3535,1765,52,757,134,27,1115,56,23,185625,1298,92,3535,1621,490,884,335,06,085,509302,Santa Clara,06085509302
Census Tract 5093.03; Santa Clara County; California,3816,2166,169,1003,198,74,1698,140,19,177692,1738,292,3816,1394,41,1599,438,06,085,509303,Santa Clara,06085509303
Census Tract 5093.04; Santa Clara County; California,2936,1733,31,1122,112,96,1460,35,7,160859,1157,12,2936,983,12,907,880,06,085,509304,Santa Clara,06085509304
Census Tract 5094.01; Santa Clara County; California,4318,2772,102,1284,121,101,1860,28,90,147823,2126,243,4318,1591,42,1627,686,06,085,509401,Santa Clara,06085509401
Census Tract 5094.03; Santa Clara County; California,4895,3166,169,1436,321,43,2250,98,56,138750,2155,139,4895,1535,52,1468,1550,06,085,509403,Santa Clara,06085509403
Census Tract 5094.04; Santa Clara County; California,6382,3659,187,1866,170,164,2629,95,0,165250,3007,279,6382,2209,13,2728,1056,06,085,509404,Santa Clara,06085509404
Census Tract 5095; Santa Clara County; California,5409,3309,164,2168,131,46,2654,115,87,146587,2358,189,5409,1941,264,1189,1855,06,085,509500,Santa Clara,06085509500
Census Tract 5096; Santa Clara County; California,3630,2296,231,1227,110,92,1758,131,24,190556,1712,104,3630,1479,30,1003,851,06,085,509600,Santa Clara,06085509600
Census Tract 5097; Santa Clara County; California,3040,1704,75,914,74,53,1195,28,24,192125,1349,57,3040,1672,107,749,345,06,085,509700,Santa Clara,06085509700
Census Tract 5098.01; Santa Clara County; California,5921,3082,106,1859,215,73,2493,127,0,180903,2458,174,5921,2601,82,2214,711,06,085,509801,Santa Clara,06085509801
Census Tract 5098.02; Santa Clara County; California,3158,1536,35,905,62,98,1181,5,12,204632,1118,38,3158,1518,11,910,358,06,085,509802,Santa Clara,06085509802
Census Tract 5099.01; Santa Clara County; California,2472,1238,7,688,47,90,863,27,40,250001,776,13,2472,1681,18,526,28,06,085,509901,Santa Clara,06085509901
Census Tract 5099.02; Santa Clara County; California,5157,2288,51,1391,61,27,1714,105,53,245521,1790,209,5157,2370,134,2126,249,06,085,509902,Santa Clara,06085509902
Census Tract 5100.01; Santa Clara County; California,5969,2597,13,1383,119,43,1703,15,0,250001,1988,15,5969,3470,34,1962,116,06,085,510001,Santa Clara,06085510001
Census Tract 5100.02; Santa Clara County; California,4075,1941,0,1080,16,6,1173,9,7,250001,1328,7,4075,1925,4,1549,424,06,085,510002,Santa Clara,06085510002
Census Tract 5101; Santa Clara County; California,2970,1209,20,617,116,0,780,18,20,250001,1059,0,2970,1498,19,1180,174,06,085,510100,Santa Clara,06085510100
Census Tract 5102; Santa Clara County; California,4717,1815,58,1138,65,23,1303,22,9,250001,1542,38,4717,2887,136,1437,138,06,085,510200,Santa Clara,06085510200
Census Tract 5103; Santa Clara County; California,4629,1995,24,1195,74,62,1380,17,16,243854,1771,13,4629,2609,9,1511,160,06,085,510300,Santa Clara,06085510300
Census Tract 5104; Santa Clara County; California,3767,1796,54,878,163,29,1206,19,37,250001,1289,21,3767,1829,0,1658,120,06,085,510400,Santa Clara,06085510400
Census Tract 5105; Santa Clara County; California,4637,1889,29,1062,55,33,1269,64,31,250001,1681,91,4637,2418,11,1866,165,06,085,510500,Santa Clara,06085510500
Census Tract 5106; Santa Clara County; California,6100,2636,84,1351,95,128,1699,91,10,159250,2132,79,6100,2645,135,1729,1053,06,085,510600,Santa Clara,06085510600
Census Tract 5107; Santa Clara County; California,4784,2908,66,1555,260,0,2114,47,26,197257,2161,102,4784,1999,33,2406,168,06,085,510700,Santa Clara,06085510700
Census Tract 5108.01; Santa Clara County; California,5595,2525,76,1326,166,41,1812,37,143,246048,1988,84,5595,2051,314,2477,153,06,085,510801,Santa Clara,06085510801
Census Tract 5108.02; Santa Clara County; California,1997,806,17,415,25,34,570,34,0,250001,709,30,1997,1050,0,697,98,06,085,510802,Santa Clara,06085510802
Census Tract 5108.03; Santa Clara County; California,3435,1735,62,919,138,156,1335,11,20,250001,1184,111,3435,1498,61,1362,434,06,085,510803,Santa Clara,06085510803
Census Tract 5109; Santa Clara County; California,5122,2577,182,1620,91,0,2077,69,53,181712,2069,253,5122,2609,107,1877,114,06,085,510900,Santa Clara,06085510900
Census Tract 5110; Santa Clara County; California,7208,3646,166,2107,81,15,2642,121,58,231856,2305,50,7208,2701,58,3311,686,06,085,511000,Santa Clara,06085511000
Census Tract 5111; Santa Clara County; California,5643,2309,73,1287,180,0,1669,58,37,250001,2012,61,5643,2427,17,2638,228,06,085,511100,Santa Clara,06085511100
Census Tract 5112; Santa Clara County; California,4995,2416,89,996,54,66,1426,45,60,250001,1715,27,4995,3060,29,1075,308,06,085,511200,Santa Clara,06085511200
Census Tract 5113.01; Santa Clara County; California,3925,2078,58,724,94,183,1308,47,0,215625,1616,123,3925,2292,311,638,203,06,085,511301,Santa Clara,06085511301
Census Tract 5113.02; Santa Clara County; California,3466,1712,197,680,29,92,1230,161,93,100852,1911,625,3466,2039,75,1046,171,06,085,511302,Santa Clara,06085511302
Census Tract 5114; Santa Clara County; California,3705,1858,47,947,73,20,1211,26,0,250001,1358,10,3705,2008,4,1326,187,06,085,511400,Santa Clara,06085511400
Census Tract 5115.01; Santa Clara County; California,4820,2579,112,913,188,232,1799,56,5,196429,1954,250,4820,2645,138,1395,304,06,085,511501,Santa Clara,06085511501
Census Tract 5115.02; Santa Clara County; California,3223,1444,14,441,53,118,960,12,0,250001,936,30,3223,2177,96,453,308,06,085,511502,Santa Clara,06085511502
Census Tract 5116.08; Santa Clara County; California,3252,1285,31,185,84,395,1002,71,0,45655,171,72,3252,1099,238,848,780,06,085,511608,Santa Clara,06085511608
Census Tract 5116.09; Santa Clara County; California,3274,1629,33,674,20,372,1384,27,17,150192,1632,167,3274,1863,42,632,518,06,085,511609,Santa Clara,06085511609
Census Tract 5117.01; Santa Clara County; California,4346,1738,0,829,32,32,926,54,0,219167,1576,8,4346,2377,0,1130,483,06,085,511701,Santa Clara,06085511701
Census Tract 5117.02; Santa Clara County; California,2829,1113,6,677,37,0,736,19,0,250001,994,8,2829,1634,0,873,105,06,085,511702,Santa Clara,06085511702
Census Tract 5117.04; Santa Clara County; California,4577,2039,16,1337,58,19,1464,16,36,250001,1684,36,4577,2277,0,1982,167,06,085,511704,Santa Clara,06085511704
Census Tract 5117.05; Santa Clara County; California,2047,980,38,432,19,28,862,0,0,250001,612,14,2047,1389,63,345,158,06,085,511705,Santa Clara,06085511705
Census Tract 5117.07; Santa Clara County; California,3090,1179,5,546,63,7,630,5,0,211250,1186,120,3090,1581,80,1174,177,06,085,511707,Santa Clara,06085511707
Census Tract 5118; Santa Clara County; California,4538,2382,60,1641,211,30,1963,155,121,197361,1656,22,4538,3719,0,222,230,06,085,511800,Santa Clara,06085511800
Census Tract 5119.05; Santa Clara County; California,2969,1348,28,792,111,0,940,128,29,241440,1009,7,2969,1491,21,1305,77,06,085,511905,Santa Clara,06085511905
Census Tract 5119.07; Santa Clara County; California,4144,1919,28,1084,223,0,1342,175,38,250001,1237,46,4144,1330,72,2319,226,06,085,511907,Santa Clara,06085511907
Census Tract 5119.10; Santa Clara County; California,3051,1474,0,1131,68,0,1215,90,51,250001,1082,8,3051,1934,0,716,162,06,085,511910,Santa Clara,06085511910
Census Tract 5119.11; Santa Clara County; California,5049,2565,34,1660,194,42,1977,143,105,164821,2007,30,5049,2921,149,1230,445,06,085,511911,Santa Clara,06085511911
Census Tract 5119.12; Santa Clara County; California,5705,2521,36,1301,375,0,1764,186,25,250001,1717,8,5705,1987,0,2928,387,06,085,511912,Santa Clara,06085511912
Census Tract 5119.13; Santa Clara County; California,4624,2329,69,1404,122,14,1618,125,59,250001,1432,23,4624,2778,18,872,612,06,085,511913,Santa Clara,06085511913
Census Tract 5119.14; Santa Clara County; California,6327,2849,143,1646,113,44,1946,222,167,247039,1967,59,6327,3350,282,1593,365,06,085,511914,Santa Clara,06085511914
Census Tract 5119.15; Santa Clara County; California,4055,1911,0,1251,172,11,1520,120,36,93382,1384,296,4055,1082,0,930,1954,06,085,511915,Santa Clara,06085511915
Census Tract 5119.16; Santa Clara County; California,4463,2022,52,1268,177,36,1578,145,50,191458,1549,91,4463,1988,172,1461,584,06,085,511916,Santa Clara,06085511916
Census Tract 5119.17; Santa Clara County; California,4220,2025,85,1152,79,0,1316,150,102,239073,1575,15,4220,1630,0,2427,42,06,085,511917,Santa Clara,06085511917
Census Tract 5119.18; Santa Clara County; California,3127,1127,44,740,0,0,837,84,0,231724,966,23,3127,1496,0,1075,348,06,085,511918,Santa Clara,06085511918
Census Tract 5120.01; Santa Clara County; California,6384,3308,84,2302,338,0,2763,509,84,192176,1836,74,6384,1264,224,3149,954,06,085,512001,Santa Clara,06085512001
Census Tract 5120.05; Santa Clara County; California,6633,3291,250,1854,375,35,2523,147,60,176855,2113,12,6633,3063,46,1437,1666,06,085,512005,Santa Clara,06085512005
Census Tract 5120.19; Santa Clara County; California,4404,2018,12,1525,112,21,1693,209,76,126326,1485,18,4404,1607,72,1405,1096,06,085,512019,Santa Clara,06085512019
Census Tract 5120.21; Santa Clara County; California,6133,3386,0,2160,465,13,2638,156,16,144632,2036,128,6133,2271,222,2393,931,06,085,512021,Santa Clara,06085512021
Census Tract 5120.22; Santa Clara County; California,6217,2776,47,1995,373,33,2472,108,58,89831,1854,157,6217,1211,131,2936,1659,06,085,512022,Santa Clara,06085512022
Census Tract 5120.23; Santa Clara County; California,5737,2992,33,2105,446,2,2628,175,29,98722,1927,43,5737,1088,358,1309,2524,06,085,512023,Santa Clara,06085512023
Census Tract 5120.24; Santa Clara County; California,4977,2539,115,1805,174,88,2187,66,91,137275,1737,133,4977,2273,164,1008,1222,06,085,512024,Santa Clara,06085512024
Census Tract 5120.25; Santa Clara County; California,2983,1470,23,808,169,12,1070,44,0,226364,968,50,2983,1170,61,894,634,06,085,512025,Santa Clara,06085512025
Census Tract 5120.26; Santa Clara County; California,3680,2122,60,1418,291,44,1813,176,97,117162,1274,23,3680,805,162,1301,1211,06,085,512026,Santa Clara,06085512026
Census Tract 5120.27; Santa Clara County; California,4237,2156,99,1313,219,26,1678,318,55,117194,1466,179,4237,1638,29,1268,1077,06,085,512027,Santa Clara,06085512027
Census Tract 5120.29; Santa Clara County; California,7849,3978,70,3086,328,27,3515,402,55,155000,2516,52,7849,3292,93,1401,2694,06,085,512029,Santa Clara,06085512029
Census Tract 5120.30; Santa Clara County; California,2922,1329,41,885,113,0,1053,95,37,182344,905,32,2922,1336,67,907,409,06,085,512030,Santa Clara,06085512030
Census Tract 5120.31; Santa Clara County; California,4378,2145,64,1612,127,19,1848,166,49,184917,1377,5,4378,1941,0,1118,993,06,085,512031,Santa Clara,06085512031
Census Tract 5120.32; Santa Clara County; California,3314,1510,46,1053,144,0,1308,140,54,153947,1148,0,3314,1069,59,940,1036,06,085,512032,Santa Clara,06085512032
Census Tract 5120.34; Santa Clara County; California,2932,1534,52,1061,147,0,1297,213,101,169219,988,31,2932,1160,0,793,850,06,085,512034,Santa Clara,06085512034
Census Tract 5120.35; Santa Clara County; California,4900,2131,0,1571,228,0,1818,31,71,186731,1312,65,4900,1197,189,1257,1886,06,085,512035,Santa Clara,06085512035
Census Tract 5120.36; Santa Clara County; California,4884,2955,36,2254,215,105,2627,266,47,143729,1802,63,4884,1662,104,1411,1390,06,085,512036,Santa Clara,06085512036
Census Tract 5120.37; Santa Clara County; California,3064,1524,6,1167,50,4,1280,153,33,172929,952,16,3064,1170,72,897,756,06,085,512037,Santa Clara,06085512037
Census Tract 5120.38; Santa Clara County; California,3142,1577,92,1022,245,15,1386,108,17,95795,1015,51,3142,769,426,1196,691,06,085,512038,Santa Clara,06085512038
Census Tract 5120.39; Santa Clara County; California,6127,3029,73,2180,561,0,2872,246,32,134594,1445,72,6127,480,299,2184,3135,06,085,512039,Santa Clara,06085512039
Census Tract 5120.42; Santa Clara County; California,2991,1459,65,1033,164,0,1318,136,12,112969,815,83,2991,195,201,1197,1222,06,085,512042,Santa Clara,06085512042
Census Tract 5120.43; Santa Clara County; California,5919,2637,71,1893,356,79,2515,170,134,63033,1648,151,5919,567,139,1625,3543,06,085,512043,Santa Clara,06085512043
Census Tract 5120.45; Santa Clara County; California,5244,2621,67,1911,225,16,2260,247,65,174926,1707,62,5244,2224,14,1309,1319,06,085,512045,Santa Clara,06085512045
Census Tract 5120.47; Santa Clara County; California,5783,3073,10,2133,435,65,2654,216,28,187813,1657,12,5783,2712,77,1222,1507,06,085,512047,Santa Clara,06085512047
Census Tract 5120.52; Santa Clara County; California,4279,2360,44,1656,203,6,1912,79,18,132698,1720,86,4279,1705,154,880,1214,06,085,512052,Santa Clara,06085512052
Census Tract 5120.53; Santa Clara County; California,5205,2736,17,1735,141,24,1961,204,33,138750,1610,43,5205,1681,371,611,2233,06,085,512053,Santa Clara,06085512053
Census Tract 5120.54; Santa Clara County; California,4150,2357,69,1333,431,0,1885,132,129,116250,1719,83,4150,765,237,1259,1621,06,085,512054,Santa Clara,06085512054
Census Tract 5120.55; Santa Clara County; California,3532,2116,66,1544,332,35,1985,8,58,108393,873,14,3532,518,236,1876,866,06,085,512055,Santa Clara,06085512055
Census Tract 5120.56; Santa Clara County; California,3125,1665,55,1382,211,0,1648,152,105,101111,1008,125,3125,804,49,685,1308,06,085,512056,Santa Clara,06085512056
Census Tract 5120.57; Santa Clara County; California,4125,2449,0,1532,571,0,2131,89,0,151146,998,114,4125,1081,41,1056,1935,06,085,512057,Santa Clara,06085512057
Census Tract 5120.58; Santa Clara County; California,5504,3206,51,2278,253,57,2708,288,63,113893,2311,82,5504,1212,222,2350,1416,06,085,512058,Santa Clara,06085512058
Census Tract 5120.59; Santa Clara County; California,6927,3199,172,2190,157,61,2637,292,26,148700,2220,22,6927,2594,156,1955,1731,06,085,512059,Santa Clara,06085512059
Census Tract 5121; Santa Clara County; California,1640,642,11,466,44,21,542,51,16,93542,478,13,1640,462,10,191,920,06,085,512100,Santa Clara,06085512100
Census Tract 5122; Santa Clara County; California,4905,2418,70,1510,254,88,1970,324,250,235674,1699,27,4905,2412,96,497,1356,06,085,512200,Santa Clara,06085512200
Census Tract 5123.05; Santa Clara County; California,4658,2297,26,1652,291,0,1975,267,115,223125,1392,0,4658,2013,22,1098,1055,06,085,512305,Santa Clara,06085512305
Census Tract 5123.07; Santa Clara County; California,6918,2704,44,2044,230,61,2379,134,87,151477,2329,81,6918,3162,227,711,2453,06,085,512307,Santa Clara,06085512307
Census Tract 5123.08; Santa Clara County; California,8460,3914,122,2357,325,11,2854,483,279,229395,2649,23,8460,4698,102,1387,1825,06,085,512308,Santa Clara,06085512308
Census Tract 5123.09; Santa Clara County; California,5295,2757,62,2027,233,42,2384,451,118,193854,1685,47,5295,2998,22,752,1244,06,085,512309,Santa Clara,06085512309
Census Tract 5123.10; Santa Clara County; California,5395,2293,31,1721,199,66,2060,273,113,101500,1764,62,5395,1475,216,878,2635,06,085,512310,Santa Clara,06085512310
Census Tract 5123.11; Santa Clara County; California,4171,1933,24,1331,143,21,1577,178,42,147681,1305,52,4171,1536,213,742,1486,06,085,512311,Santa Clara,06085512311
Census Tract 5123.12; Santa Clara County; California,3493,1855,95,1086,232,0,1429,303,105,185375,1155,0,3493,1572,5,651,1038,06,085,512312,Santa Clara,06085512312
Census Tract 5123.13; Santa Clara County; California,3833,1891,41,1299,309,42,1745,233,31,110954,1147,41,3833,955,163,467,1925,06,085,512313,Santa Clara,06085512313
Census Tract 5123.14; Santa Clara County; California,7077,3173,26,2256,180,108,2673,616,159,108950,2269,126,7077,2715,73,901,3058,06,085,512314,Santa Clara,06085512314
Census Tract 5124.01; Santa Clara County; California,4600,2235,52,1489,189,155,1894,403,266,155431,1492,0,4600,2284,493,45,1519,06,085,512401,Santa Clara,06085512401
Census Tract 5124.02; Santa Clara County; California,5246,2368,31,1534,180,124,1881,365,133,140000,1620,76,5246,2328,8,484,2214,06,085,512402,Santa Clara,06085512402
Census Tract 5125.05; Santa Clara County; California,7947,3693,56,2798,503,42,3459,574,152,125716,2293,10,7947,1258,76,1085,5332,06,085,512505,Santa Clara,06085512505
Census Tract 5125.09; Santa Clara County; California,8056,3497,154,2308,361,16,2847,581,277,183036,1937,63,8056,1487,542,1204,4132,06,085,512509,Santa Clara,06085512509
Census Tract 5125.10; Santa Clara County; California,6844,3160,0,2320,190,0,2536,362,209,105833,2514,202,6844,2628,49,924,2944,06,085,512510,Santa Clara,06085512510
Census Tract 5125.11; Santa Clara County; California,4872,2061,42,1533,213,0,1800,202,11,112188,1598,187,4872,1527,133,119,2847,06,085,512511,Santa Clara,06085512511
Census Tract 5125.12; Santa Clara County; California,4052,1514,0,965,461,15,1458,275,124,88587,1058,0,4052,1055,0,385,2591,06,085,512512,Santa Clara,06085512512
Census Tract 5125.13; Santa Clara County; California,3761,1746,36,1384,135,30,1613,213,69,90213,1113,35,3761,433,0,223,3052,06,085,512513,Santa Clara,06085512513
Census Tract 5125.14; Santa Clara County; California,2924,1299,13,928,258,11,1261,228,63,127266,793,25,2924,334,136,272,2002,06,085,512514,Santa Clara,06085512514
Census Tract 5125.15; Santa Clara County; California,5028,2203,32,1623,126,0,1781,175,95,161989,1457,46,5028,2357,0,734,1499,06,085,512515,Santa Clara,06085512515
Census Tract 5125.16; Santa Clara County; California,4525,1986,32,1141,637,20,1830,71,173,149424,1465,24,4525,1443,14,629,2328,06,085,512516,Santa Clara,06085512516
Census Tract 5126.02; Santa Clara County; California,2838,1093,10,677,201,14,902,157,51,136146,751,17,2838,1107,15,208,1402,06,085,512602,Santa Clara,06085512602
Census Tract 5126.03; Santa Clara County; California,4357,2183,32,1624,364,49,2081,190,162,90101,1089,50,4357,463,61,57,3701,06,085,512603,Santa Clara,06085512603
Census Tract 5126.04; Santa Clara County; California,4744,2106,45,1623,307,60,2035,246,123,80552,1163,11,4744,504,118,203,3741,06,085,512604,Santa Clara,06085512604
Census Tract 5130; Santa Clara County; California,10780,4674,97,846,130,1209,3873,75,18,50346,2522,1009,10780,4575,414,3099,1829,06,085,513000,Santa Clara,06085513000
Census Tract 5135; Santa Clara County; California,1362,629,0,391,39,27,465,66,23,111964,341,0,1362,700,8,119,516,06,085,513500,Santa Clara,06085513500
Census Tract 2501.03; Solano County; California,4232,1971,83,1284,325,52,1800,111,214,105903,1407,75,4232,877,643,1410,989,06,095,250103,Solano,06095250103
Census Tract 2501.04; Solano County; California,2225,968,54,727,121,0,934,125,68,88125,785,95,2225,494,420,852,386,06,095,250104,Solano,06095250104
Census Tract 2501.05; Solano County; California,7595,3000,203,2275,198,0,2676,593,263,109918,2518,25,7595,1221,956,3888,949,06,095,250105,Solano,06095250105
Census Tract 2501.06; Solano County; California,3668,1884,62,1253,303,0,1676,195,122,168750,1092,0,3668,833,289,1680,442,06,095,250106,Solano,06095250106
Census Tract 2502; Solano County; California,4560,2223,117,1558,257,53,2083,259,343,76875,1525,122,4560,994,794,1174,1425,06,095,250200,Solano,06095250200
Census Tract 2503; Solano County; California,3526,1703,0,1287,251,20,1575,301,165,70278,1226,86,3526,1048,501,741,1072,06,095,250300,Solano,06095250300
Census Tract 2504; Solano County; California,3511,1651,46,1172,313,0,1553,173,81,82711,1284,41,3511,1580,342,190,1017,06,095,250400,Solano,06095250400
Census Tract 2505.01; Solano County; California,2473,1312,53,811,339,0,1227,82,99,110250,905,18,2473,1141,224,130,784,06,095,250501,Solano,06095250501
Census Tract 2505.02; Solano County; California,3250,1550,35,1135,158,48,1382,86,52,104145,1357,0,3250,1086,471,744,472,06,095,250502,Solano,06095250502
Census Tract 2506.01; Solano County; California,5270,2271,46,1736,286,0,2131,323,122,84668,1473,37,5270,649,1024,613,2807,06,095,250601,Solano,06095250601
Census Tract 2506.04; Solano County; California,4057,1784,40,1232,240,6,1585,137,108,104805,1487,29,4057,759,834,1443,804,06,095,250604,Solano,06095250604
Census Tract 2506.05; Solano County; California,3969,2127,96,1426,326,0,1857,127,293,133125,1470,0,3969,1252,583,906,823,06,095,250605,Solano,06095250605
Census Tract 2507.01; Solano County; California,3579,1517,56,961,353,0,1406,264,123,54634,1255,48,3579,455,459,337,2124,06,095,250701,Solano,06095250701
Census Tract 2508.01; Solano County; California,4232,2202,139,1267,370,57,1980,298,140,103816,1724,80,4232,1247,1084,545,1089,06,095,250801,Solano,06095250801
Census Tract 2509; Solano County; California,2911,1037,58,650,120,101,1011,30,63,39709,1500,332,2911,427,1414,456,360,06,095,250900,Solano,06095250900
Census Tract 2510; Solano County; California,2206,1045,106,696,39,29,905,186,96,53607,1123,24,2206,655,619,194,662,06,095,251000,Solano,06095251000
Census Tract 2511; Solano County; California,3015,1468,64,1121,107,2,1304,265,166,77870,1082,89,3015,676,409,171,1474,06,095,251100,Solano,06095251100
Census Tract 2512; Solano County; California,3266,1818,35,1156,386,21,1624,204,73,75333,1226,70,3266,669,511,467,1471,06,095,251200,Solano,06095251200
Census Tract 2513; Solano County; California,3185,1562,96,1111,186,0,1403,326,47,98523,1215,31,3185,1775,85,34,1150,06,095,251300,Solano,06095251300
Census Tract 2514; Solano County; California,5952,3130,101,2620,224,2,2990,576,38,93091,2361,113,5952,2606,479,792,1730,06,095,251400,Solano,06095251400
Census Tract 2515; Solano County; California,3592,1518,19,1006,238,132,1409,178,79,53975,1357,226,3592,837,559,369,1393,06,095,251500,Solano,06095251500
Census Tract 2516; Solano County; California,2604,1071,64,803,68,35,970,160,97,53333,1154,54,2604,636,596,47,1102,06,095,251600,Solano,06095251600
Census Tract 2517.01; Solano County; California,3449,1758,115,1297,195,37,1659,270,149,66175,1493,101,3449,995,765,241,1024,06,095,251701,Solano,06095251701
Census Tract 2517.02; Solano County; California,2803,1547,85,960,380,67,1492,213,93,83750,962,55,2803,476,724,974,564,06,095,251702,Solano,06095251702
Census Tract 2518.02; Solano County; California,3174,1508,226,639,514,0,1420,168,198,31841,1355,324,3174,542,1354,373,852,06,095,251802,Solano,06095251802
Census Tract 2518.03; Solano County; California,4774,2264,59,1480,580,37,2202,247,113,85612,1584,19,4774,747,665,1044,2203,06,095,251803,Solano,06095251803
Census Tract 2518.04; Solano County; California,3313,1704,16,1061,248,13,1361,248,121,116250,905,26,3313,377,210,1144,971,06,095,251804,Solano,06095251804
Census Tract 2519.01; Solano County; California,5762,2164,143,1472,371,19,2060,642,128,75802,1823,291,5762,990,1314,965,2184,06,095,251901,Solano,06095251901
Census Tract 2519.02; Solano County; California,5481,2446,88,1515,656,20,2350,330,298,93750,1585,37,5481,381,925,1201,2527,06,095,251902,Solano,06095251902
Census Tract 2519.03; Solano County; California,5672,2375,46,1906,302,0,2302,210,212,84136,1726,134,5672,550,1561,1536,1364,06,095,251903,Solano,06095251903
Census Tract 2520; Solano County; California,4203,2246,34,1340,239,26,1651,132,139,90370,2192,139,4203,2974,1,150,900,06,095,252000,Solano,06095252000
Census Tract 2521.02; Solano County; California,4224,1901,98,1235,173,0,1537,260,36,105109,1642,60,4224,2399,182,497,715,06,095,252102,Solano,06095252102
Census Tract 2521.03; Solano County; California,6673,3263,78,2592,353,0,3099,256,217,102760,2069,22,6673,1298,1578,2135,726,06,095,252103,Solano,06095252103
Census Tract 2521.04; Solano County; California,5837,2721,117,1907,214,8,2275,301,226,158229,1820,6,5837,2615,389,1464,854,06,095,252104,Solano,06095252104
Census Tract 2521.05; Solano County; California,3112,1627,33,1157,149,8,1355,170,136,133784,1232,33,3112,1975,57,468,358,06,095,252105,Solano,06095252105
Census Tract 2521.06; Solano County; California,4479,1981,154,1196,224,23,1638,246,131,114943,1743,50,4479,2683,81,564,595,06,095,252106,Solano,06095252106
Census Tract 2521.07; Solano County; California,3342,1720,38,1355,114,29,1556,225,35,123787,1351,8,3342,1823,180,482,388,06,095,252107,Solano,06095252107
Census Tract 2521.08; Solano County; California,2996,1494,11,1103,107,35,1269,137,39,156818,1214,24,2996,2071,157,155,399,06,095,252108,Solano,06095252108
Census Tract 2522.03; Solano County; California,4121,2238,75,1387,267,43,1816,256,56,134142,1498,79,4121,1699,183,1544,275,06,095,252203,Solano,06095252203
Census Tract 2522.04; Solano County; California,5524,2310,14,1726,137,29,1910,321,56,161974,1662,22,5524,2431,559,1487,543,06,095,252204,Solano,06095252204
Census Tract 2522.05; Solano County; California,8501,4291,89,3083,621,0,3861,658,206,156586,2233,49,8501,2296,775,3057,1601,06,095,252205,Solano,06095252205
Census Tract 2522.06; Solano County; California,5955,2953,0,2029,224,12,2347,478,103,129914,1838,107,5955,1555,293,1496,1656,06,095,252206,Solano,06095252206
Census Tract 2523.05; Solano County; California,6178,3304,35,2538,168,32,2773,294,110,126369,2077,0,6178,2989,479,1440,941,06,095,252305,Solano,06095252305
Census Tract 2523.06; Solano County; California,3058,1489,15,1028,248,14,1337,118,111,111012,1081,34,3058,1299,478,178,968,06,095,252306,Solano,06095252306
Census Tract 2523.10; Solano County; California,3099,1216,11,815,148,0,1006,114,37,162750,1236,108,3099,1659,409,530,271,06,095,252310,Solano,06095252310
Census Tract 2523.11; Solano County; California,4305,2379,30,1754,155,20,2006,213,172,152560,1489,33,4305,1273,832,880,673,06,095,252311,Solano,06095252311
Census Tract 2523.12; Solano County; California,3769,1745,19,1312,74,13,1426,185,23,94712,1336,58,3769,1571,471,590,740,06,095,252312,Solano,06095252312
Census Tract 2523.13; Solano County; California,4835,1929,48,1408,179,0,1676,122,210,95103,2080,253,4835,2181,614,1061,596,06,095,252313,Solano,06095252313
Census Tract 2523.14; Solano County; California,4441,2349,44,1496,319,41,1900,162,87,93500,1438,97,4441,1463,1105,654,718,06,095,252314,Solano,06095252314
Census Tract 2523.15; Solano County; California,3852,1829,13,1466,168,5,1679,146,124,126650,1291,12,3852,1398,755,946,511,06,095,252315,Solano,06095252315
Census Tract 2523.16; Solano County; California,3679,1728,5,1195,444,5,1676,318,98,96938,1125,0,3679,775,469,806,1130,06,095,252316,Solano,06095252316
Census Tract 2523.17; Solano County; California,13124,6364,164,4793,982,0,5951,766,615,146397,3366,20,13124,3047,3333,3241,1974,06,095,252317,Solano,06095252317
Census Tract 2524.01; Solano County; California,4820,2116,84,1649,124,133,1997,311,117,75370,1373,21,4820,1013,691,272,2605,06,095,252401,Solano,06095252401
Census Tract 2524.02; Solano County; California,5610,2238,96,1480,481,20,2167,454,61,78098,1747,206,5610,1039,522,439,3086,06,095,252402,Solano,06095252402
Census Tract 2525.01; Solano County; California,3067,1384,34,837,357,28,1327,227,78,62524,947,90,3067,759,412,205,1514,06,095,252501,Solano,06095252501
Census Tract 2525.02; Solano County; California,1599,714,8,540,75,6,640,31,56,71944,546,12,1599,485,344,147,507,06,095,252502,Solano,06095252502
Census Tract 2526.04; Solano County; California,4004,2046,12,1596,348,27,1989,179,107,100122,1136,36,4004,836,558,261,1910,06,095,252604,Solano,06095252604
Census Tract 2526.05; Solano County; California,5914,2764,28,1905,476,63,2559,526,230,64278,2001,113,5914,938,1066,714,2700,06,095,252605,Solano,06095252605
Census Tract 2526.06; Solano County; California,6206,2619,61,1563,513,172,2404,146,237,65011,1905,410,6206,977,1102,604,3412,06,095,252606,Solano,06095252606
Census Tract 2526.07; Solano County; California,3740,1357,70,977,188,8,1266,70,169,60536,1199,97,3740,737,427,250,2216,06,095,252607,Solano,06095252607
Census Tract 2526.08; Solano County; California,4559,2022,28,1549,273,9,1886,271,71,85322,1495,54,4559,644,835,460,2383,06,095,252608,Solano,06095252608
Census Tract 2526.10; Solano County; California,2906,1391,0,1045,175,0,1265,116,72,82500,1008,0,2906,868,476,432,901,06,095,252610,Solano,06095252610
Census Tract 2526.11; Solano County; California,3846,1678,0,1459,101,31,1591,211,32,91771,1089,23,3846,511,636,407,1776,06,095,252611,Solano,06095252611
Census Tract 2527.02; Solano County; California,6893,2834,43,2532,121,0,2696,419,216,66590,2679,232,6893,1746,1960,997,1243,06,095,252702,Solano,06095252702
Census Tract 2527.03; Solano County; California,4222,1912,7,1485,285,0,1827,245,132,86579,1398,48,4222,728,918,690,1509,06,095,252703,Solano,06095252703
Census Tract 2527.04; Solano County; California,5345,2457,13,1942,227,8,2196,242,134,82120,1786,110,5345,1286,982,708,1766,06,095,252704,Solano,06095252704
Census Tract 2527.05; Solano County; California,6372,3192,54,2596,314,47,3059,533,55,103992,1870,23,6372,1471,959,978,2495,06,095,252705,Solano,06095252705
Census Tract 2527.06; Solano County; California,4247,2334,114,1797,245,11,2200,328,260,117708,1246,22,4247,831,720,1252,1044,06,095,252706,Solano,06095252706
Census Tract 2527.07; Solano County; California,4297,2144,71,1786,209,34,2120,147,220,80321,1619,179,4297,1460,779,457,1212,06,095,252707,Solano,06095252707
Census Tract 2528.01; Solano County; California,2720,1105,0,871,131,0,1045,0,0,78082,783,5,2720,1429,286,168,536,06,095,252801,Solano,06095252801
Census Tract 2528.02; Solano County; California,990,602,0,365,89,72,594,4,0,86500,182,6,990,554,44,80,197,06,095,252802,Solano,06095252802
Census Tract 2529.03; Solano County; California,4508,2052,0,1530,193,34,1772,179,59,117991,1682,0,4508,3066,213,133,807,06,095,252903,Solano,06095252903
Census Tract 2529.04; Solano County; California,8528,4141,25,3191,420,0,3636,298,263,111068,3066,166,8528,4185,362,1551,1943,06,095,252904,Solano,06095252904
Census Tract 2529.08; Solano County; California,3708,1920,22,1525,258,11,1836,176,126,102500,1236,25,3708,1663,389,487,924,06,095,252908,Solano,06095252908
Census Tract 2529.09; Solano County; California,5112,2625,11,2193,158,9,2391,137,233,141739,1572,11,5112,2467,503,550,874,06,095,252909,Solano,06095252909
Census Tract 2529.10; Solano County; California,4900,2394,30,1899,151,0,2142,158,219,120795,1706,29,4900,2483,258,556,1004,06,095,252910,Solano,06095252910
Census Tract 2529.11; Solano County; California,5330,2209,11,1620,176,14,1821,120,34,76812,2593,188,5330,3277,291,577,960,06,095,252911,Solano,06095252911
Census Tract 2529.12; Solano County; California,5495,2926,0,2308,284,23,2677,163,72,153542,1944,34,5495,2964,205,745,1190,06,095,252912,Solano,06095252912
Census Tract 2529.13; Solano County; California,4622,2302,21,1805,109,0,1972,163,46,106694,1633,41,4622,2817,247,339,939,06,095,252913,Solano,06095252913
Census Tract 2529.14; Solano County; California,5750,2451,6,2011,206,0,2253,209,258,125233,1840,55,5750,2176,645,545,1662,06,095,252914,Solano,06095252914
Census Tract 2529.15; Solano County; California,6449,3215,39,2453,183,0,2722,196,266,156375,1888,85,6449,2607,452,1023,1298,06,095,252915,Solano,06095252915
Census Tract 2530; Solano County; California,5774,0,0,0,0,0,0,0,0,-666666666,0,0,5774,1068,2517,280,1672,06,095,253000,Solano,06095253000
Census Tract 2531.01; Solano County; California,5156,2534,9,2189,26,142,2366,148,92,110241,1901,119,5156,3353,31,306,1104,06,095,253101,Solano,06095253101
Census Tract 2531.05; Solano County; California,7130,3882,0,2992,391,72,3455,94,211,93500,2656,83,7130,2860,1097,286,1975,06,095,253105,Solano,06095253105
Census Tract 2531.06; Solano County; California,3797,1802,0,1547,92,48,1696,177,32,85208,1467,57,3797,2312,444,98,804,06,095,253106,Solano,06095253106
Census Tract 2531.07; Solano County; California,5862,2906,38,2373,340,16,2776,366,66,77250,2031,172,5862,2165,216,529,2216,06,095,253107,Solano,06095253107
Census Tract 2531.08; Solano County; California,3875,1833,0,1434,152,37,1681,142,78,80786,1501,117,3875,1917,181,256,1343,06,095,253108,Solano,06095253108
Census Tract 2532.01; Solano County; California,5230,2172,0,1876,63,50,2014,271,50,132500,1884,28,5230,3338,75,97,983,06,095,253201,Solano,06095253201
Census Tract 2532.03; Solano County; California,3922,1724,0,1452,39,33,1554,101,176,89135,1421,18,3922,2200,141,129,959,06,095,253203,Solano,06095253203
Census Tract 2532.05; Solano County; California,3091,1317,0,856,105,20,1010,119,34,118821,1019,33,3091,1458,150,418,951,06,095,253205,Solano,06095253205
Census Tract 2532.06; Solano County; California,3894,2012,28,1615,162,0,1813,92,150,155110,1268,35,3894,2004,106,481,903,06,095,253206,Solano,06095253206
Census Tract 2532.07; Solano County; California,2539,1217,44,1086,21,2,1180,90,42,100357,966,0,2539,1545,111,157,699,06,095,253207,Solano,06095253207
Census Tract 2532.08; Solano County; California,4842,2344,36,1729,378,0,2161,58,239,99643,1540,42,4842,1463,235,245,2814,06,095,253208,Solano,06095253208
Census Tract 2533; Solano County; California,2972,1375,19,913,112,29,1078,50,64,96585,1101,49,2972,1774,23,37,988,06,095,253300,Solano,06095253300
Census Tract 2534.02; Solano County; California,8310,4279,0,3491,469,59,4076,145,74,90857,2959,123,8310,3506,83,295,3782,06,095,253402,Solano,06095253402
Census Tract 2534.03; Solano County; California,5032,2619,0,2345,147,16,2526,134,98,106397,1636,8,5032,2604,0,228,1903,06,095,253403,Solano,06095253403
Census Tract 2534.04; Solano County; California,6656,3524,16,2775,221,88,3191,190,289,93337,2175,99,6656,3715,322,138,2405,06,095,253404,Solano,06095253404
Census Tract 2535.01; Solano County; California,5982,1487,0,1000,169,0,1169,207,56,75402,3559,33,5982,3801,588,434,1037,06,095,253501,Solano,06095253501
Census Tract 2535.02; Solano County; California,4559,1929,0,1624,187,33,1844,199,75,83856,1762,25,4559,2485,583,82,1301,06,095,253502,Solano,06095253502
Census Tract 9800; Solano County; California,0,0,0,0,0,0,0,0,0,-666666666,0,0,0,0,0,0,0,06,095,980000,Solano,06095980000
Census Tract 1501; Sonoma County; California,2332,1171,0,738,123,49,968,91,26,135938,924,9,2332,1816,19,140,273,06,097,150100,Sonoma,06097150100
Census Tract 1502.03; Sonoma County; California,4759,1834,51,1136,61,37,1366,103,162,95313,2389,307,4759,3883,133,60,597,06,097,150203,Sonoma,06097150203
Census Tract 1502.04; Sonoma County; California,3742,1776,12,1434,61,82,1610,334,23,107125,1761,51,3742,3141,9,55,370,06,097,150204,Sonoma,06097150204
Census Tract 1502.05; Sonoma County; California,4350,2166,0,1549,108,76,1772,100,74,100431,1792,18,4350,2880,0,173,1102,06,097,150205,Sonoma,06097150205
Census Tract 1502.06; Sonoma County; California,1184,602,0,363,0,0,363,26,0,93576,717,0,1184,784,0,19,326,06,097,150206,Sonoma,06097150206
Census Tract 1503.03; Sonoma County; California,4021,1523,18,649,125,22,837,50,74,112594,1962,234,4021,3081,4,41,732,06,097,150303,Sonoma,06097150303
Census Tract 1503.04; Sonoma County; California,5597,2478,0,1714,245,24,2082,239,154,80222,2269,24,5597,3537,51,81,1774,06,097,150304,Sonoma,06097150304
Census Tract 1503.05; Sonoma County; California,6072,3011,14,2110,561,87,2823,106,52,90532,1728,44,6072,1688,7,32,4006,06,097,150305,Sonoma,06097150305
Census Tract 1503.06; Sonoma County; California,3902,1931,0,1173,212,18,1421,180,21,113802,1590,109,3902,2349,132,83,1109,06,097,150306,Sonoma,06097150306
Census Tract 1505.01; Sonoma County; California,2828,1416,0,1080,15,111,1231,57,142,195233,1269,80,2828,2386,8,236,108,06,097,150501,Sonoma,06097150501
Census Tract 1505.02; Sonoma County; California,1322,595,8,409,12,16,445,80,0,138893,521,13,1322,973,86,38,147,06,097,150502,Sonoma,06097150502
Census Tract 1506.01; Sonoma County; California,3857,1864,37,1219,352,22,1661,193,0,94167,1394,39,3857,2014,100,225,1318,06,097,150601,Sonoma,06097150601
Census Tract 1506.02; Sonoma County; California,4841,2482,48,1896,144,0,2162,222,68,127632,1640,57,4841,3384,13,95,906,06,097,150602,Sonoma,06097150602
Census Tract 1506.03; Sonoma County; California,7048,3373,62,2758,137,13,2984,193,235,91333,3064,435,7048,5148,27,220,1473,06,097,150603,Sonoma,06097150603
Census Tract 1506.07; Sonoma County; California,4562,2306,15,1487,257,6,1794,136,59,147857,1714,47,4562,3255,24,391,582,06,097,150607,Sonoma,06097150607
Census Tract 1506.09; Sonoma County; California,5040,2368,57,1554,218,13,1842,268,55,86932,2097,61,5040,3242,95,352,964,06,097,150609,Sonoma,06097150609
Census Tract 1506.10; Sonoma County; California,3819,1712,8,1157,179,35,1447,155,115,130671,1308,32,3819,2411,24,325,754,06,097,150610,Sonoma,06097150610
Census Tract 1506.11; Sonoma County; California,4522,2293,22,1578,255,24,1884,91,19,118866,1489,18,4522,2829,154,230,1045,06,097,150611,Sonoma,06097150611
Census Tract 1506.12; Sonoma County; California,4987,2632,35,1969,146,128,2322,254,63,148077,1900,61,4987,3421,142,135,1022,06,097,150612,Sonoma,06097150612
Census Tract 1507.01; Sonoma County; California,4903,2745,106,1816,221,79,2322,489,59,107610,2235,123,4903,3632,83,108,998,06,097,150701,Sonoma,06097150701
Census Tract 1507.02; Sonoma County; California,4593,2400,77,1704,97,60,1976,242,91,132378,1904,38,4593,4037,13,140,300,06,097,150702,Sonoma,06097150702
Census Tract 1508; Sonoma County; California,4550,2363,68,1434,89,119,1806,147,73,101192,1953,65,4550,3047,70,134,856,06,097,150800,Sonoma,06097150800
Census Tract 1509.01; Sonoma County; California,5130,2773,2,2144,310,22,2503,122,58,103101,2042,110,5130,3273,0,347,1165,06,097,150901,Sonoma,06097150901
Census Tract 1509.02; Sonoma County; California,3668,1922,112,1351,158,75,1705,142,53,123529,1520,110,3668,2847,17,148,443,06,097,150902,Sonoma,06097150902
Census Tract 1510; Sonoma County; California,3353,1722,23,1238,65,45,1371,49,55,104432,1389,38,3353,2387,28,104,741,06,097,151000,Sonoma,06097151000
Census Tract 1511; Sonoma County; California,5065,2650,22,1828,174,90,2163,173,86,117941,1754,45,5065,3764,26,40,990,06,097,151100,Sonoma,06097151100
Census Tract 1512.03; Sonoma County; California,4753,2541,50,1922,90,0,2149,335,59,102292,2099,55,4753,3262,12,78,959,06,097,151203,Sonoma,06097151203
Census Tract 1512.04; Sonoma County; California,3180,1775,93,1190,154,29,1543,122,22,78094,1331,67,3180,2075,56,52,874,06,097,151204,Sonoma,06097151204
Census Tract 1512.05; Sonoma County; California,2410,934,0,582,146,14,742,67,0,92869,1127,85,2410,1619,0,66,686,06,097,151205,Sonoma,06097151205
Census Tract 1512.06; Sonoma County; California,5403,2793,4,2057,429,70,2560,211,50,75781,2082,106,5403,3118,230,151,1419,06,097,151206,Sonoma,06097151206
Census Tract 1513.01; Sonoma County; California,4176,1826,26,1448,208,20,1738,137,35,73953,1427,10,4176,1714,33,171,2019,06,097,151301,Sonoma,06097151301
Census Tract 1513.05; Sonoma County; California,6385,3250,97,2250,308,64,2818,240,40,76780,2500,218,6385,2606,91,149,3278,06,097,151305,Sonoma,06097151305
Census Tract 1513.06; Sonoma County; California,3804,2266,42,1789,277,15,2143,119,140,97630,1754,105,3804,2104,113,147,1233,06,097,151306,Sonoma,06097151306
Census Tract 1513.07; Sonoma County; California,5254,2749,52,2229,146,0,2434,148,128,127708,1832,29,5254,3658,70,225,1144,06,097,151307,Sonoma,06097151307
Census Tract 1513.08; Sonoma County; California,5055,2774,11,2284,83,0,2392,416,126,106593,1935,80,5055,2324,530,294,1175,06,097,151308,Sonoma,06097151308
Census Tract 1513.09; Sonoma County; California,5829,2711,20,2014,352,0,2490,403,50,115144,2263,101,5829,3982,241,466,1083,06,097,151309,Sonoma,06097151309
Census Tract 1513.10; Sonoma County; California,5838,3099,54,2065,359,197,2888,109,40,89631,1553,65,5838,2843,298,582,1796,06,097,151310,Sonoma,06097151310
Census Tract 1513.11; Sonoma County; California,7364,4318,90,3147,413,81,3930,198,228,113654,2618,26,7364,4312,141,657,1598,06,097,151311,Sonoma,06097151311
Census Tract 1514.03; Sonoma County; California,4604,2470,19,1856,287,95,2307,40,89,88973,1817,171,4604,1993,99,963,1053,06,097,151403,Sonoma,06097151403
Census Tract 1514.04; Sonoma County; California,3190,1597,0,1176,226,0,1446,10,0,66522,890,14,3190,363,70,249,2294,06,097,151404,Sonoma,06097151404
Census Tract 1514.05; Sonoma County; California,7271,3468,91,2302,610,132,3244,79,27,62696,2383,123,7271,2528,350,285,3965,06,097,151405,Sonoma,06097151405
Census Tract 1514.06; Sonoma County; California,2963,1471,66,1042,250,43,1436,52,39,50417,1403,109,2963,1553,47,124,1062,06,097,151406,Sonoma,06097151406
Census Tract 1515.03; Sonoma County; California,3165,1592,6,1162,43,9,1233,79,41,172571,1226,7,3165,2559,100,9,423,06,097,151503,Sonoma,06097151503
Census Tract 1515.04; Sonoma County; California,4178,1996,8,1426,158,0,1694,121,0,154650,1397,15,4178,3142,8,156,530,06,097,151504,Sonoma,06097151504
Census Tract 1515.05; Sonoma County; California,1305,586,0,481,0,0,481,0,27,169010,495,0,1305,1233,0,0,0,06,097,151505,Sonoma,06097151505
Census Tract 1515.06; Sonoma County; California,6592,3209,53,2511,294,53,2926,331,15,98750,2540,111,6592,5146,14,278,1063,06,097,151506,Sonoma,06097151506
Census Tract 1516.01; Sonoma County; California,2697,510,0,362,0,0,362,8,17,79464,1650,111,2697,2300,7,81,232,06,097,151601,Sonoma,06097151601
Census Tract 1516.02; Sonoma County; California,3182,1001,0,487,28,0,515,21,0,110761,1742,88,3182,2747,0,162,195,06,097,151602,Sonoma,06097151602
Census Tract 1517.01; Sonoma County; California,3667,1963,0,1442,277,17,1787,131,27,93421,1558,17,3667,2499,0,162,747,06,097,151701,Sonoma,06097151701
Census Tract 1517.02; Sonoma County; California,4181,1742,20,1259,205,40,1583,121,57,86961,1781,278,4181,3197,3,197,472,06,097,151702,Sonoma,06097151702
Census Tract 1518; Sonoma County; California,4786,2698,43,2001,257,12,2360,88,114,121456,1996,30,4786,3741,71,112,642,06,097,151800,Sonoma,06097151800
Census Tract 1519; Sonoma County; California,2881,1440,8,987,155,33,1212,0,8,69643,1294,130,2881,2090,26,101,495,06,097,151900,Sonoma,06097151900
Census Tract 1520; Sonoma County; California,2345,1471,98,885,175,51,1229,30,0,69375,1079,234,2345,1000,104,165,903,06,097,152000,Sonoma,06097152000
Census Tract 1521; Sonoma County; California,3057,1423,38,1019,55,47,1171,14,41,86250,944,6,3057,1241,356,212,1058,06,097,152100,Sonoma,06097152100
Census Tract 1522.01; Sonoma County; California,4315,2516,29,1974,119,64,2220,54,16,75625,1845,118,4315,2671,81,137,1237,06,097,152201,Sonoma,06097152201
Census Tract 1522.03; Sonoma County; California,3362,1760,109,1273,26,69,1519,20,89,67750,1792,263,3362,2295,95,90,465,06,097,152203,Sonoma,06097152203
Census Tract 1522.04; Sonoma County; California,4166,1973,10,1570,145,52,1863,154,35,78500,1902,189,4166,2744,11,135,1137,06,097,152204,Sonoma,06097152204
Census Tract 1522.05; Sonoma County; California,2168,1005,0,702,0,8,760,0,14,137259,907,27,2168,1711,0,15,377,06,097,152205,Sonoma,06097152205
Census Tract 1523; Sonoma County; California,4104,1720,0,1281,81,57,1461,9,0,124211,1818,113,4104,3642,25,48,321,06,097,152300,Sonoma,06097152300
Census Tract 1524.01; Sonoma County; California,4417,2148,139,1534,37,32,1901,60,182,159482,2019,0,4417,3247,0,563,475,06,097,152401,Sonoma,06097152401
Census Tract 1524.02; Sonoma County; California,2850,1191,65,835,201,52,1153,39,99,107885,1556,353,2850,2059,1,291,339,06,097,152402,Sonoma,06097152402
Census Tract 1525.01; Sonoma County; California,4047,2190,0,1775,125,41,2004,26,69,108553,1552,42,4047,2272,120,683,730,06,097,152501,Sonoma,06097152501
Census Tract 1525.02; Sonoma County; California,3945,1832,7,1310,251,34,1602,29,203,81618,1592,73,3945,2220,3,296,1278,06,097,152502,Sonoma,06097152502
Census Tract 1526.01; Sonoma County; California,6688,2994,32,2327,205,0,2602,128,119,159833,2556,47,6688,4921,49,398,1030,06,097,152601,Sonoma,06097152601
Census Tract 1526.02; Sonoma County; California,1082,566,41,338,33,43,495,47,79,93487,500,0,1082,928,41,0,57,06,097,152602,Sonoma,06097152602
Census Tract 1527.01; Sonoma County; California,4387,1703,0,1319,130,12,1461,67,0,86673,1675,39,4387,2589,0,60,1598,06,097,152701,Sonoma,06097152701
Census Tract 1527.02; Sonoma County; California,4401,2014,11,1501,92,74,1777,0,111,106033,1537,28,4401,2606,91,107,1328,06,097,152702,Sonoma,06097152702
Census Tract 1528.01; Sonoma County; California,3965,2049,46,1572,285,0,1903,248,136,84744,1499,66,3965,2206,9,93,1316,06,097,152801,Sonoma,06097152801
Census Tract 1528.03; Sonoma County; California,4785,2515,79,1576,438,335,2482,72,11,74894,1507,67,4785,1446,33,237,2906,06,097,152803,Sonoma,06097152803
Census Tract 1528.04; Sonoma County; California,3118,1427,0,1251,122,0,1373,0,9,63482,1350,146,3118,1689,31,83,1238,06,097,152804,Sonoma,06097152804
Census Tract 1529.03; Sonoma County; California,4967,2422,0,1840,361,82,2323,141,18,102500,1622,204,4967,1742,328,159,2471,06,097,152903,Sonoma,06097152903
Census Tract 1529.04; Sonoma County; California,5594,3278,39,2666,272,0,3023,105,148,123935,1975,40,5594,2958,26,333,2018,06,097,152904,Sonoma,06097152904
Census Tract 1529.05; Sonoma County; California,4138,1954,17,1571,131,9,1728,8,63,119526,1507,55,4138,2426,130,246,990,06,097,152905,Sonoma,06097152905
Census Tract 1529.06; Sonoma County; California,6235,3352,110,2410,171,63,2800,0,151,119407,2180,0,6235,4120,12,489,966,06,097,152906,Sonoma,06097152906
Census Tract 1530.01; Sonoma County; California,7215,3957,40,2957,464,0,3534,122,47,69243,2783,323,7215,3110,121,291,3288,06,097,153001,Sonoma,06097153001
Census Tract 1530.02; Sonoma County; California,7218,3509,5,2399,623,173,3273,55,129,81504,2108,24,7218,2677,62,102,4053,06,097,153002,Sonoma,06097153002
Census Tract 1530.03; Sonoma County; California,5449,2682,55,1987,314,98,2454,83,115,65458,1989,157,5449,2389,102,149,2434,06,097,153003,Sonoma,06097153003
Census Tract 1530.05; Sonoma County; California,6471,3288,18,2338,639,0,3020,67,91,114740,2391,87,6471,3578,4,661,1971,06,097,153005,Sonoma,06097153005
Census Tract 1530.06; Sonoma County; California,7652,4193,0,3508,304,95,3922,18,152,88909,2919,79,7652,3972,17,534,2739,06,097,153006,Sonoma,06097153006
Census Tract 1531.02; Sonoma County; California,6000,3083,70,2323,355,57,2933,165,77,90849,1458,47,6000,836,87,166,4765,06,097,153102,Sonoma,06097153102
Census Tract 1531.03; Sonoma County; California,4834,2301,26,1699,259,49,2115,33,92,70724,1531,144,4834,1399,69,331,2946,06,097,153103,Sonoma,06097153103
Census Tract 1531.04; Sonoma County; California,3888,2076,24,1420,397,111,2044,191,29,65938,1268,108,3888,963,32,41,2622,06,097,153104,Sonoma,06097153104
Census Tract 1532.01; Sonoma County; California,4195,2424,37,2011,263,0,2409,86,21,107985,1338,31,4195,1342,12,408,2352,06,097,153201,Sonoma,06097153201
Census Tract 1532.02; Sonoma County; California,3299,1414,0,1165,137,0,1377,53,104,69592,1112,62,3299,1018,5,170,1924,06,097,153202,Sonoma,06097153202
Census Tract 1533.01; Sonoma County; California,6584,3443,0,2561,300,57,2977,198,7,92635,2173,18,6584,3190,149,848,2036,06,097,153301,Sonoma,06097153301
Census Tract 1533.02; Sonoma County; California,5594,2443,22,1987,323,20,2358,33,27,86294,1651,18,5594,1997,173,443,2780,06,097,153302,Sonoma,06097153302
Census Tract 1534.03; Sonoma County; California,3689,1599,33,1080,81,13,1216,55,34,89015,1556,140,3689,2823,140,238,311,06,097,153403,Sonoma,06097153403
Census Tract 1534.04; Sonoma County; California,3557,1818,8,1265,41,75,1466,55,18,91207,1490,89,3557,2752,5,74,546,06,097,153404,Sonoma,06097153404
Census Tract 1534.05; Sonoma County; California,3704,1766,0,903,409,97,1543,80,51,110430,1356,84,3704,2513,57,9,759,06,097,153405,Sonoma,06097153405
Census Tract 1534.06; Sonoma County; California,2388,1375,0,1046,104,119,1269,33,32,105673,1020,31,2388,1689,40,86,554,06,097,153406,Sonoma,06097153406
Census Tract 1535.01; Sonoma County; California,4410,2106,28,1368,255,7,1718,59,8,103604,1700,23,4410,3266,16,36,647,06,097,153501,Sonoma,06097153501
Census Tract 1535.02; Sonoma County; California,3804,1518,16,987,120,43,1173,101,140,135625,1445,47,3804,3016,24,58,568,06,097,153502,Sonoma,06097153502
Census Tract 1536.01; Sonoma County; California,1720,959,0,608,25,12,655,12,43,126618,726,0,1720,1320,0,10,357,06,097,153601,Sonoma,06097153601
Census Tract 1536.02; Sonoma County; California,3824,2051,42,1305,158,52,1575,67,195,171389,1594,37,3824,3016,11,79,585,06,097,153602,Sonoma,06097153602
Census Tract 1537.05; Sonoma County; California,3424,1854,0,1448,69,3,1550,18,34,101750,1456,16,3424,2560,171,163,297,06,097,153705,Sonoma,06097153705
Census Tract 1537.07; Sonoma County; California,1558,809,16,485,66,0,567,0,83,81587,803,49,1558,1316,5,25,62,06,097,153707,Sonoma,06097153707
Census Tract 1537.08; Sonoma County; California,1521,603,7,386,38,59,501,60,22,65438,825,55,1521,1319,0,32,61,06,097,153708,Sonoma,06097153708
Census Tract 1537.09; Sonoma County; California,1576,919,5,439,146,0,612,0,0,98805,721,43,1576,1190,0,28,304,06,097,153709,Sonoma,06097153709
Census Tract 1537.10; Sonoma County; California,2400,953,34,602,127,0,777,7,67,81214,1210,73,2400,1740,0,63,487,06,097,153710,Sonoma,06097153710
Census Tract 1537.11; Sonoma County; California,2819,1419,9,1151,143,0,1312,56,11,81175,1109,9,2819,1958,0,4,281,06,097,153711,Sonoma,06097153711
Census Tract 1537.12; Sonoma County; California,2019,787,0,470,70,32,584,48,30,96000,824,31,2019,1448,0,19,383,06,097,153712,Sonoma,06097153712
Census Tract 1538.04; Sonoma County; California,3662,1868,5,1524,175,12,1716,104,98,143527,1171,24,3662,2417,72,29,738,06,097,153804,Sonoma,06097153804
Census Tract 1538.06; Sonoma County; California,2608,1224,0,982,47,0,1038,32,0,101298,1103,103,2608,1761,14,44,745,06,097,153806,Sonoma,06097153806
Census Tract 1538.07; Sonoma County; California,3919,2187,0,1780,182,15,2030,37,18,137321,1541,13,3919,2671,56,143,802,06,097,153807,Sonoma,06097153807
Census Tract 1538.08; Sonoma County; California,3572,1767,29,1470,196,0,1695,63,50,90945,1473,87,3572,2156,53,19,992,06,097,153808,Sonoma,06097153808
Census Tract 1538.09; Sonoma County; California,4819,2535,44,2135,132,0,2340,135,114,126190,1590,35,4819,2262,17,39,2246,06,097,153809,Sonoma,06097153809
Census Tract 1538.10; Sonoma County; California,3911,1929,6,1255,238,9,1508,157,70,145806,1130,7,3911,2369,6,46,1405,06,097,153810,Sonoma,06097153810
Census Tract 1538.11; Sonoma County; California,5487,2900,7,2133,620,0,2807,156,57,151932,1758,36,5487,3181,0,405,1810,06,097,153811,Sonoma,06097153811
Census Tract 1539.02; Sonoma County; California,4486,2267,41,1489,166,70,1903,47,35,89712,1778,60,4486,2595,0,98,1490,06,097,153902,Sonoma,06097153902
Census Tract 1539.03; Sonoma County; California,3933,2014,0,1292,162,76,1544,101,9,102639,1697,19,3933,2961,0,20,795,06,097,153903,Sonoma,06097153903
Census Tract 1539.04; Sonoma County; California,1776,838,0,584,72,44,704,0,8,94583,904,21,1776,1296,0,12,394,06,097,153904,Sonoma,06097153904
Census Tract 1539.05; Sonoma County; California,3410,1531,0,1096,89,13,1321,17,9,105625,1360,49,3410,2492,0,72,658,06,097,153905,Sonoma,06097153905
Census Tract 1540; Sonoma County; California,2294,1077,11,620,20,85,761,61,12,150000,930,11,2294,1656,0,38,531,06,097,154000,Sonoma,06097154000
Census Tract 1541; Sonoma County; California,3717,2027,0,1240,122,92,1472,55,95,126495,1476,39,3717,2579,16,59,867,06,097,154100,Sonoma,06097154100
Census Tract 1542.01; Sonoma County; California,3656,1951,12,1525,222,92,1870,46,37,75469,1403,105,3656,1715,0,108,1712,06,097,154201,Sonoma,06097154201
Census Tract 1542.02; Sonoma County; California,6544,3110,2,2414,162,106,2713,119,48,110529,2524,40,6544,4581,32,75,1680,06,097,154202,Sonoma,06097154202
Census Tract 1543.04; Sonoma County; California,2010,863,2,504,89,62,671,68,33,70450,917,16,2010,1574,15,75,202,06,097,154304,Sonoma,06097154304
Census Tract 1543.05; Sonoma County; California,2173,865,11,481,108,113,713,32,49,149688,794,32,2173,1569,0,30,295,06,097,154305,Sonoma,06097154305
Census Tract 1543.06; Sonoma County; California,1633,850,0,420,19,16,464,0,12,98558,783,36,1633,1229,8,0,131,06,097,154306,Sonoma,06097154306
Census Tract 1543.07; Sonoma County; California,783,273,0,139,7,31,178,13,7,89615,370,16,783,613,0,39,101,06,097,154307,Sonoma,06097154307
Census Tract 1543.08; Sonoma County; California,935,287,0,148,0,11,159,0,48,86806,463,12,935,717,0,39,132,06,097,154308,Sonoma,06097154308
Census Tract 9901; Sonoma County; California,0,0,0,0,0,0,0,0,0,-666666666,0,0,0,0,0,0,0,06,097,990100,Sonoma,06097990100
