GEOID,county_name,total_population,pop_density,median_household_income,total_commuters,public_transit_commuters,transit_mode_share,zero_vehicle_pct,long_commute_pct,stop_count,stop_density_per_sq_km,pct_area_covered_800m,agencies_serving,dist_to_nearest_bart_m
06013324002,Contra Costa,4740,2338.314680426638,103581,3147,278,0.08833809977756593,0.09740259740259741,0.2148077534159517,0,0.0,0.0,0,2599.6868452656754
06013320004,Contra Costa,6599,1112.4227263475607,118109,3467,105,0.03028554946639746,0.020689655172413793,0.14479376982982406,0,0.0,0.0,0,4927.6642211472945
06013336201,Contra Costa,3376,2721.291877589302,92708,1747,122,0.06983400114481969,0.05604719764011799,0.14882655981682885,0,0.0,0.0,0,2189.4361159732634
06013338203,Contra Costa,5431,3443.7825983939997,142840,3768,895,0.23752653927813164,0.09456963428149243,0.16162420382165604,0,0.0,63.22438943064902,0,342.06178337276356
06013338204,Contra Costa,6600,2476.5658405078702,140739,3712,608,0.16379310344827586,0.02616571620261657,0.18345905172413793,0,0.0,2.4364734262894485,0,1311.0724982141128
06013345204,Contra Costa,3152,214.97538425848938,237841,1442,30,0.020804438280166437,0.018467220683287166,0.12968099861303745,0,0.0,0.0,0,8124.582753328609
06013345203,Contra Costa,6954,258.19397438711906,177356,3465,44,0.012698412698412698,0.029271862422246615,0.08167388167388168,0,0.0,0.0,0,11824.227860330282
06013345112,Contra Costa,7723,908.974157010732,184091,3553,207,0.05826062482409232,0.04671150971599402,0.15930199831128625,0,0.0,0.0,0,6866.124746191926
06013345113,Contra Costa,4767,877.3448059779051,222212,2253,44,0.019529516200621395,0.047619047619047616,0.19573901464713714,0,0.0,0.0,0,10714.900316225796
06001441402,Alameda,5344,3213.8865941411714,180938,2335,169,0.07237687366167024,0.0378619153674833,0.16059957173447537,0,0.0,0.0,0,2209.464274345333
06001441501,Alameda,5723,2002.1837345570482,184967,2431,107,0.04401480872069107,0.005411906193625977,0.11435623200329083,0,0.0,0.0,0,5529.688114716459
06001441521,Alameda,6016,3705.0654288569117,229318,2647,260,0.09822440498677748,0.028930131004366814,0.15942576501700037,0,0.0,0.0,0,3701.271213195075
06001441522,Alameda,5275,4011.1112347077965,178182,2226,64,0.028751123090745734,0.02592087312414734,0.11500449236298294,0,0.0,0.0,0,3589.6091002890616
06001441601,Alameda,4774,3681.7431928208957,189667,2162,94,0.043478260869565216,0.015544041450777202,0.15263644773358,0,0.0,0.0,0,3243.1221079569095
06001441602,Alameda,7509,4464.111299806977,121667,3387,97,0.02863891349276646,0.0531634446397188,0.1219368172423974,0,0.0,0.0,0,3768.1422196351664
06001441800,Alameda,6209,3047.0396248146776,152667,2919,108,0.03699897225077081,0.06094306049822064,0.0777663583418979,0,0.0,12.672370437079831,0,1329.5556339943273
06001441921,Alameda,3849,4545.30750453078,163468,2303,189,0.08206686930091185,0.0,0.14893617021276595,0,0.0,0.0,0,1844.941713451439
06001441923,Alameda,5777,3827.3791879354494,132810,2497,215,0.08610332398878655,0.10210479175996418,0.08930716860232278,0,0.0,29.216544819633082,0,1031.558385156909
06001442100,Alameda,5327,2865.804416389089,227949,2594,127,0.048959136468774096,0.0037688442211055275,0.09213569776407093,0,0.0,0.0,0,2574.817714411781
06001442400,Alameda,6417,4054.1214443155636,124886,3157,86,0.027241051631295535,0.020675743822491176,0.12480202724105163,0,0.0,0.0,0,2910.11510505629
06001440337,Alameda,2852,2514.746982859356,250001,1356,88,0.06489675516224189,0.0,0.10693215339233038,0,0.0,46.7722302612188,0,654.7842947633727
06001440338,Alameda,4095,4731.874749914408,144850,2165,458,0.2115473441108545,0.05371152685576343,0.1556581986143187,2,2.3110499389081363,79.49619466745942,1,386.71978214970295
06001451103,Alameda,1361,22.58902175833484,250001,531,0,0.0,0.0,0.1167608286252354,0,0.0,0.0,0,16537.376810380945
06001432602,Alameda,3123,5092.875505370878,109274,1788,282,0.15771812080536912,0.0987460815047022,0.09843400447427293,0,0.0,22.385194175622473,0,930.0699108513935
06001451104,Alameda,7164,14.39890599162056,177210,3417,107,0.031314018144571264,0.05202578268876611,0.19959028387474392,0,0.0,0.0,0,25151.929714300077
06001441928,Alameda,3736,1340.418054672101,151902,2030,217,0.10689655172413794,0.052132701421800945,0.20246305418719213,0,0.0,4.086813466814513,0,1384.7652291483819
06001441929,Alameda,3064,6346.906389263377,126111,1624,270,0.16625615763546797,0.17549668874172186,0.17364532019704434,0,0.0,90.06141947175708,0,516.8001031552097
06001441701,Alameda,3884,3526.2023282489263,133606,1528,36,0.02356020942408377,0.12386457473162675,0.10798429319371727,0,0.0,0.0,0,3547.1245094831415
06001444304,Alameda,6408,381.7130918296903,189750,3602,107,0.029705719044975015,0.007660878447395302,0.06662965019433648,0,0.0,0.0,0,7574.716648785052
06001441525,Alameda,1603,343.8519429325911,186354,738,38,0.051490514905149054,0.10732538330494037,0.04065040650406504,2,0.4290105339146489,40.50077954732584,1,365.4840855207317
06001436301,Alameda,5255,4968.589374956065,149063,2301,313,0.1360278139939157,0.05913978494623656,0.18035636679704475,0,0.0,40.32227262259444,0,700.1862424817384
06001450400,Alameda,7886,2504.7508552322533,151272,3841,471,0.12262431658422286,0.009658246656760773,0.23197084092684198,0,0.0,24.772901564478378,0,1479.7266052041593
06001441702,Alameda,5037,4462.480041748202,99181,2463,215,0.08729192042224929,0.07194244604316546,0.13398294762484775,0,0.0,0.0,0,2792.8792311604193
06001433801,Alameda,3528,5876.640476061205,94254,1948,70,0.03593429158110883,0.03824626865671642,0.049794661190965095,0,0.0,19.4677846413774,0,950.2409468025625
06001433802,Alameda,4301,4604.707455466036,100784,2276,179,0.07864674868189807,0.17346938775510204,0.257908611599297,2,2.1412264382543764,93.63609062834041,1,323.09755258345865
06001436302,Alameda,3932,5083.395402836825,90833,2058,137,0.06656948493683187,0.09662576687116564,0.09426627793974733,1,1.2928269081477175,67.23518424245111,1,615.5698261034328
06001436403,Alameda,4519,2849.875631772106,75179,2279,180,0.07898200965335674,0.0640945861854387,0.28258007898200965,0,0.0,4.373758065011793,0,1418.2917350173761
06001436404,Alameda,3232,2053.6252812886883,150903,1700,191,0.11235294117647059,0.01517706576728499,0.18235294117647058,0,0.0,0.0,0,2376.88794483236
06001442502,Alameda,3866,3978.7349604617148,157760,2424,147,0.06064356435643564,0.018518518518518517,0.1117986798679868,0,0.0,0.0,0,2318.4472374517613
06001442501,Alameda,3280,3333.437707325712,91867,1286,37,0.028771384136858476,0.047573739295908656,0.1827371695178849,0,0.0,0.0,0,2619.6519640478973
06001450609,Alameda,4928,1833.0753566929272,152857,2598,407,0.15665896843725943,0.033402922755741124,0.201693610469592,2,0.7439429207357658,31.632528055228903,1,1226.772048221427
06001450608,Alameda,4658,1325.5805607566153,250001,2291,219,0.09559144478393715,0.02564102564102564,0.21824530772588388,0,0.0,0.0,0,5036.665079145907
06001444303,Alameda,0,0.0,-666666666,0,0,,,,0,0.0,0.0,0,9234.88613181044
06001432601,Alameda,4092,3859.5210114875385,91767,2274,670,0.29463500439753737,0.1420486700622524,0.14819700967458224,2,1.886373905907888,84.89617824874256,1,269.8809646036834
06001403401,Alameda,2717,2358.2660111184796,69984,1556,413,0.2654241645244216,0.38992443324937026,0.08868894601542417,0,0.0,46.39001925489155,0,980.6906239636297
06001403402,Alameda,1134,11429.528167776982,89021,925,427,0.4616216216216216,0.3836734693877551,0.12216216216216216,0,0.0,99.99999999999999,0,522.4330100689593
06001403302,Alameda,2556,3104.317611089267,148235,2136,652,0.3052434456928839,0.163135593220339,0.13155430711610486,0,0.0,81.04055509893006,0,423.40608781906053
06001982100,Alameda,923,544.4264958730256,-666666666,382,77,0.20157068062827224,0.0,0.01832460732984293,0,0.0,24.26205701222045,0,1249.5968574603248
06001420302,Alameda,2446,1235.7266389396236,121538,1179,213,0.1806615776081425,0.11334745762711865,0.11620016963528414,0,0.0,0.13553016076400734,0,1846.833075193522
06001402801,Alameda,3254,11164.056585250379,74931,1858,619,0.33315392895586654,0.4305799648506151,0.15016146393972013,0,0.0,99.99999999999996,0,232.85541884156376
06001402802,Alameda,1430,12073.024020131628,-666666666,590,158,0.2677966101694915,0.6220362622036262,0.08813559322033898,0,0.0,100.0,0,423.1476750765253
06001420401,Alameda,1333,6663.208077453291,72708,533,62,0.11632270168855535,0.2837528604118993,0.001876172607879925,0,0.0,0.0,0,1867.3400701191276
06001403301,Alameda,1830,9308.403061520414,34417,923,235,0.25460455037919827,0.36835278858625164,0.27518959913326113,2,10.17311810002231,100.0,1,172.14048680181327
06001422902,Alameda,3022,7840.129945243701,-666666666,1331,245,0.18407212622088656,0.5069393718042366,0.09616829451540196,2,5.188702809559034,99.74518151224028,1,207.79487434651517
06001422901,Alameda,2024,12743.210753368958,49604,1008,250,0.24801587301587302,0.43934040047114253,0.031746031746031744,0,0.0,99.99999999999997,0,486.55859643726063
06001420402,Alameda,1661,650.6450109472202,58835,787,227,0.2884371029224905,0.18856259659969088,0.08513341804320203,0,0.0,0.0,0,2650.3969401709837
06001420301,Alameda,2645,6363.460290929963,113188,1352,245,0.1812130177514793,0.05258386219401632,0.10946745562130178,0,0.0,19.455611705536636,0,1012.6242849738134
06075020602,San Francisco,2564,10411.65000138721,196417,1551,358,0.2308188265635074,0.2793791574279379,0.1347517730496454,5,20.303529643890815,100.0,1,1226.6151712445585
06001450603,Alameda,4897,1249.6060710559566,202238,2439,137,0.05617056170561706,0.0,0.10865108651086511,0,0.0,6.920114537546204,0,1737.0023510402364
06001450604,Alameda,4993,2362.98483092628,180125,2403,93,0.03870162297128589,0.0246189917936694,0.12193091968372867,0,0.0,0.0,0,2530.2764963428062
06001450605,Alameda,3814,2153.812837413055,182500,1730,77,0.04450867052023121,0.020089285714285716,0.18439306358381502,0,0.0,0.0,0,3614.1189055775285
06001450606,Alameda,6028,2972.134770555488,235150,2990,273,0.09130434782608696,0.020497803806734993,0.24147157190635452,0,0.0,0.0,0,3573.1027205134296
06095980000,Solano,0,0.0,-666666666,0,0,,,,0,0.0,0.0,0,26777.774807532685
06001451701,Alameda,2936,2401.168354209413,186991,1598,119,0.07446808510638298,0.06641000962463908,0.16958698372966208,0,0.0,0.0,0,10335.603051599785
06001451501,Alameda,4496,890.1009342940433,168580,2361,72,0.030495552731893267,0.06424104604889141,0.22998729351969505,0,0.0,0.0,0,14632.110540698322
06001408000,Alameda,2860,1462.709336220056,192159,1411,79,0.05598866052445074,0.056797020484171325,0.16158752657689582,0,0.0,0.0,0,4782.771910864475
06001441401,Alameda,7549,4066.228392801123,172083,3256,178,0.05466830466830467,0.02619349387410224,0.08538083538083538,0,0.0,0.0,0,2615.8061532026522
06001432400,Alameda,6346,765.8724171020364,82424,2990,190,0.06354515050167224,0.08515535097813579,0.1294314381270903,0,0.0,2.3278821346444274,0,2148.2751851010316
06001404300,Alameda,3587,1934.1916638876953,227237,1837,251,0.1366358192705498,0.030196629213483147,0.043549265106151334,0,0.0,20.66639963373645,0,1150.249760961209
06041109002,Marin,4345,1736.3067873117502,144043,2491,111,0.04456041750301084,0.05670611439842209,0.10196708149337616,0,0.0,0.0,0,17972.24497652028
06041130201,Marin,3367,2240.881567190561,184814,1769,171,0.0966647823629169,0.03455842018650576,0.059920859242509894,0,0.0,0.0,0,10077.261876673258
06041112202,Marin,5808,872.2741048932505,102944,2498,164,0.0656525220176141,0.0829090909090909,0.055644515612489995,0,0.0,0.0,0,12447.709149848024
06041131100,Marin,1286,9.414931992091,191042,613,21,0.03425774877650897,0.0,0.1631321370309951,0,0.0,0.0,0,21859.653867540634
06041990100,Marin,0,0.0,-666666666,0,0,,,,0,0.0,0.0,0,41274.97993408502
06097151405,Sonoma,7271,1028.2863689234164,62696,3468,91,0.026239907727797,0.05161561057490558,0.030565167243367934,0,0.0,0.0,0,59283.86944101628
06097153302,Sonoma,5594,1044.059854125211,86294,2443,22,0.009005321326238231,0.010902483343428226,0.024559967253376995,0,0.0,0.0,0,63577.93724491953
06097153708,Sonoma,1521,33.732603661503994,65438,603,7,0.011608623548922056,0.06666666666666667,0.13598673300165837,0,0.0,0.0,0,80023.42791237205
06097152401,Sonoma,4417,446.18719369008033,159482,2148,139,0.06471135940409684,0.0,0.11266294227188083,0,0.0,0.0,0,67449.24019072033
06097151205,Sonoma,2410,170.72786960216757,92869,934,0,0.0,0.07542147293700088,0.07173447537473233,0,0.0,0.0,0,49368.747347986144
06097154308,Sonoma,935,27.837048415577698,86806,287,0,0.0,0.02591792656587473,0.1672473867595819,0,0.0,0.0,0,132404.5311462969
06097153405,Sonoma,3704,451.4365085929376,110430,1766,0,0.0,0.061946902654867256,0.07417893544733861,0,0.0,0.0,0,68482.63252532089
06097154304,Sonoma,2010,2.219929011218864,70450,863,2,0.002317497103128621,0.017448200654307525,0.11703360370799537,0,0.0,0.0,0,106964.68277361842
06081610700,San Mateo,6010,5357.104752838864,111467,2854,32,0.011212333566923615,0.08772845953002611,0.05711282410651717,0,0.0,0.0,0,20695.250426053208
06081610800,San Mateo,4311,8538.910550469334,89178,2481,115,0.046352277307537285,0.08513513513513514,0.011688835147118097,0,0.0,0.0,0,20255.63198994234
06081611000,San Mateo,6735,4896.375790781688,156595,3389,79,0.023310711124225437,0.008593396653098146,0.05252286810268516,0,0.0,0.0,0,20102.96580446545
06081611200,San Mateo,2634,2338.000420677954,205917,1346,32,0.0237741456166419,0.0,0.04234769687964339,0,0.0,0.0,0,20873.974523112578
06095250701,Solano,3579,1274.46106752776,54634,1517,56,0.03691496374423204,0.03824701195219123,0.25510876730388926,0,0.0,0.0,0,19382.999200924656
06095251000,Solano,2206,3035.578369301621,53607,1045,106,0.10143540669856459,0.0213713268032057,0.2698564593301435,0,0.0,0.0,0,20435.614897561212
06095251300,Solano,3185,2540.0514420514073,98523,1562,96,0.06145966709346991,0.02551440329218107,0.23879641485275288,0,0.0,0.0,0,22228.730824369355
06001435104,Alameda,6856,946.8761073863441,112692,3123,314,0.1005443483829651,0.04409385113268608,0.17259045789305155,2,0.27621823436007703,10.483221194951492,1,1678.7403873894484
06001405301,Alameda,2872,12610.125344300935,112656,2072,436,0.21042471042471042,0.18593644354293443,0.12596525096525096,0,0.0,0.0,0,1328.1520208625257
06001982000,Alameda,50,29.021062099993546,129167,35,17,0.4857142857142857,0.125,0.14285714285714285,0,0.0,6.830452205136295,0,964.8241134839803
06001450102,Alameda,7376,769.3124349934129,189975,2920,497,0.1702054794520548,0.03526170798898071,0.23356164383561645,0,0.0,2.8262307312619526,0,2242.091587378765
06081611300,San Mateo,4946,2801.4941433382387,213641,2401,18,0.007496876301541024,0.025280898876404494,0.021657642648896292,0,0.0,0.0,0,21754.033886981128
06095251400,Solano,5952,2696.9246246155367,93091,3130,101,0.03226837060702875,0.047861075815332485,0.19616613418530351,0,0.0,0.0,0,23003.80143305768
06095251500,Solano,3592,2609.080429251483,53975,1518,19,0.012516469038208168,0.16654384672070743,0.16930171277997366,0,0.0,0.0,0,21430.775252735286
06095251600,Solano,2604,2382.3733666450044,53333,1071,64,0.059757236227824466,0.04679376083188908,0.23996265172735762,0,0.0,0.0,0,20658.604495310145
06095251701,Solano,3449,1769.9872176855604,66175,1758,115,0.06541524459613197,0.06764902880107167,0.23833902161547213,0,0.0,0.0,0,21308.47855164991
06097153406,Sonoma,2388,909.9224743153811,105673,1375,0,0.0,0.030392156862745098,0.04727272727272727,0,0.0,0.0,0,66823.79163556776
06097153710,Sonoma,2400,118.76258827370373,81214,953,34,0.035676810073452254,0.0603305785123967,0.0776495278069255,0,0.0,0.0,0,84479.67863003536
06097152601,Sonoma,6688,137.24437337579542,159833,2994,32,0.01068804275217101,0.018388106416275432,0.08249832999331998,0,0.0,0.0,0,68868.33942239323
06097153709,Sonoma,1576,39.82472041851284,98805,919,5,0.00544069640914037,0.059639389736477116,0.0,0,0.0,0.0,0,88776.93041066958
06081611500,San Mateo,2873,686.3216498203643,250001,1188,49,0.041245791245791245,0.008743169398907104,0.05555555555555555,0,0.0,0.0,0,20162.50350708786
06081611600,San Mateo,2335,2782.189355215221,250001,1240,26,0.020967741935483872,0.014745308310991957,0.035483870967741936,0,0.0,0.0,0,18689.426141773336
06095251702,Solano,2803,4786.591748447625,83750,1547,85,0.054945054945054944,0.057172557172557176,0.1978021978021978,0,0.0,0.0,0,21883.441888247264
06095251803,Solano,4774,956.0308086937274,85612,2264,59,0.026060070671378093,0.011994949494949494,0.15901060070671377,0,0.0,0.0,0,23671.465225885833
06095251804,Solano,3313,1220.8362557200926,116250,1704,16,0.009389671361502348,0.028729281767955802,0.21654929577464788,0,0.0,0.0,0,24606.415912930475
06081612500,San Mateo,4524,2260.4442867497687,175865,2387,182,0.07624633431085044,0.11147362697117999,0.03016338500209468,0,0.0,0.0,0,20639.90199444819
06095251901,Solano,5762,1681.2407131777954,75802,2164,143,0.06608133086876156,0.15962698848052662,0.355822550831793,0,0.0,0.0,0,23729.24630937782
06095251903,Solano,5672,2108.1270771245295,84136,2375,46,0.01936842105263158,0.0776361529548088,0.17768421052631578,0,0.0,0.0,0,23949.197613197048
06097153301,Sonoma,6584,240.72564759567794,92635,3443,0,0.0,0.008283479061205707,0.059541097879756026,0,0.0,0.0,0,62348.68885493991
06097151702,Sonoma,4181,1095.4875257326087,86961,1742,20,0.011481056257175661,0.15609208309938236,0.10218140068886337,0,0.0,0.0,0,63576.24795211791
06097152602,Sonoma,1082,14.552067531245164,93487,566,41,0.07243816254416961,0.0,0.2226148409893993,0,0.0,0.0,0,70377.06007232156
06097151506,Sonoma,6592,2693.0435979528465,98750,3209,53,0.016516048613275165,0.043700787401574806,0.10782175132440013,0,0.0,0.0,0,61161.362395791315
06097152402,Sonoma,2850,253.9698599121292,107885,1191,65,0.054575986565911,0.2268637532133676,0.11586901763224182,0,0.0,0.0,0,69322.09663616742
06097151404,Sonoma,3190,2661.2941416150193,66522,1597,0,0.0,0.015730337078651686,0.006261740763932373,0,0.0,0.0,0,62617.60201630561
06097153711,Sonoma,2819,103.76476123276043,81175,1419,9,0.006342494714587738,0.008115419296663661,0.047216349541930935,0,0.0,0.0,0,78115.38387821609
06097154305,Sonoma,2173,20.84642498046371,149688,865,11,0.012716763005780347,0.04030226700251889,0.09364161849710982,0,0.0,0.0,0,72832.80595282848
06097152803,Sonoma,4785,3604.268638886947,74894,2515,79,0.03141153081510934,0.04445919044459191,0.03300198807157058,0,0.0,0.0,0,67747.09716898775
06097152204,Sonoma,4166,2246.3215213697304,78500,1973,10,0.00506842372022301,0.09936908517350158,0.0957932083122149,0,0.0,0.0,0,64942.51551276151
06097152804,Sonoma,3118,4444.928517244613,63482,1427,0,0.0,0.10814814814814815,0.006306937631394534,0,0.0,0.0,0,67303.79005274405
06097150501,Sonoma,2828,64.27618000980614,195233,1416,0,0.0,0.06304176516942474,0.1405367231638418,0,0.0,0.0,0,52064.73139025323
06097154306,Sonoma,1633,37.68167976836731,98558,850,0,0.0,0.04597701149425287,0.01411764705882353,0,0.0,0.0,0,73048.26913897105
06097152205,Sonoma,2168,2359.5572199846633,137259,1005,0,0.0,0.029768467475192944,0.013930348258706468,0,0.0,0.0,0,66148.69603067028
06097153905,Sonoma,3410,68.57737579947276,105625,1531,0,0.0,0.03602941176470588,0.016982364467668192,0,0.0,0.0,0,86463.02932378149
06097151403,Sonoma,4604,414.8411329377808,88973,2470,19,0.007692307692307693,0.09411117226197029,0.05222672064777328,0,0.0,0.0,0,59745.152541276475
06097153712,Sonoma,2019,140.62842868516077,96000,787,0,0.0,0.03762135922330097,0.09911054637865312,0,0.0,0.0,0,73480.127318935
06097153601,Sonoma,1720,161.12866960708277,126618,959,0,0.0,0.0,0.05735140771637122,0,0.0,0.0,0,70955.76399552677
06097153810,Sonoma,3911,127.64667564031107,145806,1929,6,0.003110419906687403,0.006194690265486726,0.11767755313634007,0,0.0,0.0,0,78822.25307684485
06097153904,Sonoma,1776,108.12172201252808,94583,838,0,0.0,0.023230088495575223,0.00954653937947494,0,0.0,0.0,0,83084.72965239828
06097153811,Sonoma,5487,793.1636452080119,151932,2900,7,0.002413793103448276,0.020477815699658702,0.07344827586206897,0,0.0,0.0,0,77444.36755359847
06097151206,Sonoma,5403,378.37352654084106,75781,2793,4,0.0014321518080916578,0.05091258405379443,0.09344790547798067,0,0.0,0.0,0,55025.575723458
06081602100,San Mateo,3484,7254.729869235233,87853,1774,224,0.1262683201803833,0.06752730883813307,0.09019165727170236,0,0.0,0.0,0,2811.5583007775535
06081602400,San Mateo,7636,2805.3505628775906,128750,3855,161,0.041763942931258104,0.10605517735578646,0.03164721141374838,0,0.0,0.46233784625302105,0,1864.4023098964562
06081602500,San Mateo,5293,4444.699599429401,159712,2856,221,0.07738095238095238,0.022029372496662217,0.10819327731092437,0,0.0,0.0,0,2776.3756353771973
06095252000,Solano,4203,510.2095326673074,90370,2246,34,0.015138023152270703,0.06341240875912409,0.12065894924309885,0,0.0,0.0,0,14268.952405648455
06095252103,Solano,6673,2896.8087142287445,102760,3263,78,0.02390438247011952,0.010633156114064766,0.14495862703034018,0,0.0,0.0,0,18692.611790601142
06095252105,Solano,3112,1183.1515331567123,133784,1627,33,0.020282728948985862,0.026785714285714284,0.1880762138905962,0,0.0,0.0,0,16173.91799254944
06095252106,Solano,4479,1566.721512649636,114943,1981,154,0.07773851590106007,0.02868617326448652,0.19030792529025745,0,0.0,0.0,0,14886.230516286181
06081603700,San Mateo,5644,3041.267279917668,122337,2675,399,0.1491588785046729,0.05045625335480408,0.1080373831775701,0,0.0,0.0,0,2885.367584199121
06081612600,San Mateo,4372,3356.4514964559316,160962,2352,117,0.04974489795918367,0.163135593220339,0.039965986394557826,0,0.0,0.0,0,21401.815583273834
06081612700,San Mateo,2064,1618.3005407995813,250001,886,34,0.03837471783295711,0.009308510638297872,0.07336343115124154,0,0.0,0.0,0,22248.16428375252
06081612800,San Mateo,3379,2046.5650652240433,250001,1416,0,0.0,0.00199203187250996,0.009887005649717515,0,0.0,0.0,0,23082.494345554347
06095252107,Solano,3342,1246.5155858315272,123787,1720,38,0.022093023255813953,0.005921539600296077,0.1511627906976744,0,0.0,0.0,0,13552.38385822758
06095252108,Solano,2996,1795.8520704542182,156818,1494,11,0.007362784471218206,0.019769357495881382,0.11780455153949129,0,0.0,0.0,0,13728.893461393627
06095252306,Solano,3058,1638.9283621721029,111012,1489,15,0.010073875083948958,0.03145235892691952,0.15379449294828745,0,0.0,0.0,0,29350.5483222639
06095252401,Solano,4820,3440.6530876920438,75370,2116,84,0.03969754253308128,0.01529497450837582,0.20226843100189035,0,0.0,0.0,0,27903.014973254223
06095252402,Solano,5610,366.87341878871257,78098,2238,96,0.04289544235924933,0.1179164281625644,0.23011617515638963,0,0.0,0.0,0,24917.754252944713
06095252501,Solano,3067,2724.77574559753,62524,1384,34,0.024566473988439308,0.09503695881731784,0.2203757225433526,0,0.0,0.0,0,27532.840892102675
06081604000,San Mateo,3273,3577.010722892344,150750,1729,107,0.061885482938114515,0.058419243986254296,0.05320994794679005,0,0.0,0.0,0,1634.2675136442713
06081604102,San Mateo,3164,1363.3398915564912,113750,2081,275,0.13214800576645844,0.15071919949968732,0.0624699663623258,2,0.8617824851810943,33.698730888203904,1,960.479974229212
06095252605,Solano,5914,3759.5219976768194,64278,2764,28,0.010130246020260492,0.05647176411794103,0.2735166425470333,0,0.0,0.0,0,28662.73569706026
06095252606,Solano,6206,4739.279311930972,65011,2619,61,0.023291332569683087,0.2152230971128609,0.1462390225276823,0,0.0,0.0,0,28406.45207545884
06095252607,Solano,3740,4856.954319501741,60536,1357,70,0.051584377302873984,0.08090075062552127,0.1761238025055269,0,0.0,0.0,0,27239.305065287106
06095252608,Solano,4559,5027.382666965623,85322,2022,28,0.013847675568743818,0.036120401337792644,0.16913946587537093,0,0.0,0.0,0,28317.191059993856
06095252703,Solano,4222,3206.925433190627,86579,1912,7,0.0036610878661087866,0.034334763948497854,0.19717573221757323,0,0.0,0.0,0,26542.284846874245
06095252704,Solano,5345,4015.95381139544,82120,2457,13,0.005291005291005291,0.06159014557670773,0.15303215303215303,0,0.0,0.0,0,26266.11076409488
06095252705,Solano,6372,3690.4193389823063,103992,3192,54,0.016917293233082706,0.01229946524064171,0.18421052631578946,0,0.0,0.0,0,25870.48795212417
06095252706,Solano,4247,1018.8419697459603,117708,2334,114,0.04884318766066838,0.01765650080256822,0.2519280205655527,0,0.0,0.0,0,26600.369307823134
06095252707,Solano,4297,1139.2504863535573,80321,2144,71,0.03311567164179104,0.11056207535515751,0.17117537313432835,0,0.0,0.0,0,27266.343877596042
06097150205,Sonoma,4350,279.86381344278976,100431,2166,0,0.0,0.010044642857142858,0.08033240997229917,0,0.0,0.0,0,44133.37885499382
06097150206,Sonoma,1184,71.11840674384743,93576,602,0,0.0,0.0,0.04318936877076412,0,0.0,0.0,0,42230.928763379074
06097150502,Sonoma,1322,22.519374863591455,138893,595,8,0.013445378151260505,0.02495201535508637,0.13445378151260504,0,0.0,0.0,0,52560.71486920454
06097151505,Sonoma,1305,52.94325036984255,169010,586,0,0.0,0.0,0.04607508532423208,0,0.0,0.0,0,56415.71196030056
06097154307,Sonoma,783,6.219947678510565,89615,273,0,0.0,0.043243243243243246,0.07326007326007326,0,0.0,0.0,0,109603.42197436263
06081604400,San Mateo,5314,2519.163023778153,121471,2748,312,0.11353711790393013,0.04188759278897137,0.06586608442503639,1,0.4740615400410525,60.00435732563202,1,583.2148723550772
06081604800,San Mateo,5349,5173.507069377624,144283,2773,376,0.13559322033898305,0.17359284587059443,0.0854670032455824,0,0.0,24.909227105897635,0,968.7638265568993
06081605100,San Mateo,2927,687.0020744450854,138667,1616,232,0.14356435643564355,0.07154882154882154,0.14727722772277227,0,0.0,5.077362876811832,0,1729.3110299001235
06081605200,San Mateo,3623,3822.700925166561,184107,1659,169,0.10186859553948162,0.006671608598962194,0.1518987341772152,0,0.0,0.0,0,2073.9705405037553
06095252610,Solano,2906,2956.9861250511376,82500,1391,0,0.0,0.0,0.13515456506110712,0,0.0,0.0,0,28441.80740140561
06095252908,Solano,3708,3377.73266400776,102500,1920,22,0.011458333333333333,0.020226537216828478,0.15729166666666666,0,0.0,0.0,0,35976.950464046946
06095252909,Solano,5112,903.5552582205099,141739,2625,11,0.004190476190476191,0.006997455470737914,0.14095238095238094,0,0.0,0.0,0,36227.20396621029
06095253000,Solano,5774,1603.2446249931752,-666666666,0,0,,,,0,0.0,0.0,0,34092.91490840303
06095252801,Solano,2720,1061.4439994153013,78082,1105,0,0.0,0.006385696040868455,0.0,0,0.0,0.0,0,28925.267336026733
06081605300,San Mateo,5149,4660.3803855158585,174464,2478,222,0.08958837772397095,0.0077279752704791345,0.07586763518966909,0,0.0,0.0,0,2978.8941184214245
06081605400,San Mateo,6790,1731.1921130960566,167067,4033,452,0.11207537813042401,0.04394387001477105,0.21844780560376892,0,0.0,0.0,0,3884.914631713253
06081605800,San Mateo,2723,2260.502982378837,190673,1212,119,0.09818481848184818,0.024665981500513873,0.06435643564356436,0,0.0,0.0,0,5125.798729330002
06095253101,Solano,5156,827.2067368466087,110241,2534,9,0.003551696921862668,0.0625986322987901,0.0947119179163378,0,0.0,0.0,0,37252.509422954194
06095253105,Solano,7130,2884.2266721214796,93500,3882,0,0.0,0.03125,0.07856774858320453,0,0.0,0.0,0,37289.6947497106
06095253106,Solano,3797,3473.3887600994663,85208,1802,0,0.0,0.03885480572597137,0.11598224195338513,0,0.0,0.0,0,35934.7316326937
06095253107,Solano,5862,2305.0208971154234,77250,2906,38,0.01307639366827254,0.08468734613490891,0.1486579490708878,0,0.0,0.0,0,36050.521259747555
06095253201,Solano,5230,1039.6934426183668,132500,2172,0,0.0,0.014861995753715499,0.1477900552486188,0,0.0,0.0,0,39499.458889471876
06085503111,Santa Clara,5243,5792.291316919363,118864,2442,40,0.01638001638001638,0.01678445229681979,0.05855855855855856,0,0.0,0.0,0,5966.797028938278
06085503112,Santa Clara,4062,3572.62664101536,72064,1891,62,0.03278688524590164,0.1602787456445993,0.07720782654680064,0,0.0,0.0,0,5140.549361046362
06085506302,Santa Clara,6180,3067.9971734757028,180155,3460,10,0.002890173410404624,0.02661290322580645,0.04566473988439306,0,0.0,0.0,0,9832.08640119556
06085511200,Santa Clara,4995,2425.3248046940707,250001,2416,89,0.03683774834437086,0.01574344023323615,0.04346026490066225,0,0.0,0.0,0,19124.072195018918
06085509801,Santa Clara,5921,3510.952663345293,180903,3082,106,0.03439325113562622,0.07078925956061839,0.04120700843608047,0,0.0,0.0,0,18116.99817306237
06085512401,Santa Clara,4600,111.18411566750001,155431,2235,52,0.023266219239373602,0.0,0.2993288590604027,0,0.0,0.0,0,41529.53900560437
06085511911,Santa Clara,5049,132.233552878498,164821,2565,34,0.013255360623781676,0.014947683109118086,0.09668615984405458,0,0.0,0.0,0,19746.58657277155
06085506801,Santa Clara,6111,2112.7518824188955,222938,2736,31,0.011330409356725146,0.049070986183897096,0.08552631578947369,0,0.0,0.0,0,15779.758053988406
06085507600,Santa Clara,6018,433.780098461409,250001,2573,23,0.008938981733385153,0.027791563275434243,0.037699183832102606,0,0.0,0.0,0,19097.236939852966
06085505202,Santa Clara,7912,863.4134279408735,121944,4881,47,0.009629174349518542,0.09251237623762376,0.02253636549887318,0,0.0,0.0,0,7573.681663298377
06085512035,Santa Clara,4900,2144.826265913751,186731,2131,0,0.0,0.04954268292682927,0.04786485218207415,0,0.0,0.0,0,18969.17732230662
06085511913,Santa Clara,4624,2403.5662793037322,250001,2329,69,0.029626449119793903,0.01606145251396648,0.0790038643194504,0,0.0,0.0,0,15738.126422044767
06085502500,Santa Clara,6537,2618.311240303693,212722,3418,46,0.013458162668227034,0.017241379310344827,0.053832650672908135,0,0.0,0.0,0,8519.969613913632
06085506502,Santa Clara,4893,1592.9426736926755,143075,2985,45,0.01507537688442211,0.010905642484589853,0.07269681742043552,0,0.0,0.0,0,11909.162962002674
06085507206,Santa Clara,2594,801.2523892714868,250001,950,6,0.00631578947368421,0.0,0.05473684210526316,0,0.0,0.0,0,16991.38004952111
06085504308,Santa Clara,4895,262.9853138442534,179875,2274,31,0.013632365875109938,0.033920417482061316,0.09102902374670185,0,0.0,0.0,0,6247.043085694158
06085504202,Santa Clara,4184,269.8166247340759,172115,2281,6,0.00263042525208242,0.0,0.10828583954405963,0,0.0,0.0,0,7335.297037362154
06085504201,Santa Clara,5936,1983.9858272099768,184539,3302,64,0.019382192610539067,0.020521353300055462,0.06723198061780739,0,0.0,0.0,0,5060.350490184156
06085503113,Santa Clara,4746,6516.15604725238,90188,2335,114,0.048822269807280515,0.13629518072289157,0.06766595289079229,0,0.0,0.0,0,5893.562723914895
06085510500,Santa Clara,4637,1774.2667482426903,250001,1889,29,0.015352038115404976,0.05413444378346222,0.05029115934356802,0,0.0,0.0,0,20076.792461904588
06085512031,Santa Clara,4378,3049.351445318922,184917,2145,64,0.029836829836829837,0.0036310820624546117,0.10023310023310024,0,0.0,0.0,0,16261.527695570088
06085502902,Santa Clara,9155,3483.1426644600847,178375,4726,86,0.01819720694033009,0.042420256494574156,0.05713076597545493,0,0.0,0.0,0,11151.582246554946
06085502601,Santa Clara,3048,2161.0585672341704,148417,1255,12,0.009561752988047808,0.14712308812818645,0.0549800796812749,0,0.0,0.0,0,9387.924841492328
06085503803,Santa Clara,4988,4738.420922432093,162500,2309,61,0.026418362927674317,0.03542673107890499,0.05456907752273712,0,0.0,0.0,0,2768.848616924247
06085512052,Santa Clara,4279,2786.1391197224325,132698,2360,44,0.01864406779661017,0.05,0.041101694915254235,0,0.0,0.0,0,13590.250661602211
06097153602,Sonoma,3824,123.3775279814305,171389,2051,42,0.020477815699658702,0.023212045169385194,0.12774256460263286,0,0.0,0.0,0,71458.25093462029
06097151701,Sonoma,3667,2557.1883302452493,93421,1963,0,0.0,0.010911424903722721,0.08048904737646459,0,0.0,0.0,0,62874.980620932896
06097153707,Sonoma,1558,51.582026834266266,81587,809,16,0.019777503090234856,0.06102117061021171,0.10259579728059333,0,0.0,0.0,0,86983.2220295156
06097153201,Sonoma,4195,1430.215066812077,107985,2424,37,0.015264026402640265,0.023168908819133034,0.04414191419141914,0,0.0,0.0,0,61813.372641052345
06085506802,Santa Clara,5885,2879.3802410735325,193981,3033,46,0.015166501813386087,0.030318602261048305,0.04879657105176393,0,0.0,0.0,0,14562.391306370817
06085500800,Santa Clara,4483,2600.789454543459,152112,3038,298,0.09809084924292298,0.21443298969072164,0.0859117840684661,0,0.0,0.0,0,4593.028156811138
06085502302,Santa Clara,3332,4942.177218224342,120821,1985,17,0.008564231738035265,0.041014168530947054,0.03677581863979849,0,0.0,0.0,0,7318.672905643458
06085501102,Santa Clara,4191,3420.8136189094516,134250,2088,21,0.010057471264367816,0.03988183161004431,0.06465517241379311,0,0.0,0.0,0,1703.5274444484896
06085502703,Santa Clara,4015,2870.0341673651865,139702,2238,127,0.05674709562109026,0.011976047904191617,0.07998212689901697,0,0.0,0.0,0,13413.74165378121
06085511917,Santa Clara,4220,1475.8897498151266,239073,2025,85,0.04197530864197531,0.009523809523809525,0.12444444444444444,0,0.0,0.0,0,18754.010098021732
06085511918,Santa Clara,3127,148.8180097954328,231724,1127,44,0.03904170363797693,0.023809523809523808,0.07453416149068323,0,0.0,0.0,0,19738.34720043249
06085509110,Santa Clara,3248,5344.438342831441,199821,1673,71,0.042438732815301854,0.021005251312828207,0.03705917513448894,0,0.0,0.0,0,15807.279615215126
06085505011,Santa Clara,4875,4224.386305357214,196131,2934,37,0.012610770279481936,0.07668231611893583,0.00408997955010225,0,0.0,0.0,0,5943.260048664016
06085508705,Santa Clara,4463,7319.318897885336,177301,2926,141,0.04818865345181134,0.06514830508474577,0.02836637047163363,0,0.0,0.0,0,12054.373667695349
06085512515,Santa Clara,5028,486.2395128617023,161989,2203,32,0.014525646845211076,0.031571722717913524,0.12256014525646845,0,0.0,0.0,0,43195.17670764475
06085508509,Santa Clara,4186,7697.914380189074,155813,2708,142,0.05243722304283604,0.10801217038539554,0.006277695716395864,0,0.0,0.0,0,12759.552623895586
06085508005,Santa Clara,3615,3430.0047071964805,162535,1493,1,0.0006697923643670462,0.12070128118678354,0.01942397856664434,0,0.0,0.0,0,14681.412939735543
06085504508,Santa Clara,4302,4518.66805464707,214412,1201,0,0.0,0.0,0.05578684429641965,0,0.0,0.0,0,2179.5433973446634
06085512054,Santa Clara,4150,11456.57193735086,116250,2357,69,0.02927450148493848,0.048283885980221056,0.11073398387781078,0,0.0,0.0,0,10804.452019508064
06085505013,Santa Clara,5965,9824.426065358131,185227,4393,522,0.11882540405190076,0.11492537313432835,0.051900751195083084,0,0.0,0.0,0,4273.206865941835
06085504902,Santa Clara,4616,5656.248501142514,218750,2756,15,0.00544267053701016,0.1303873431533006,0.04970972423802612,0,0.0,0.0,0,5805.1826487878925
06085508707,Santa Clara,4033,3638.1303905985833,191439,2577,263,0.10205665502522313,0.1451917033312382,0.0989522700814901,0,0.0,0.0,0,12156.39523825665
06085508706,Santa Clara,4079,4804.054001618914,198250,2365,116,0.04904862579281184,0.07537688442211055,0.12304439746300211,0,0.0,0.0,0,11122.498083732273
06085505901,Santa Clara,4153,3271.6265807988184,169421,2549,165,0.06473126716359356,0.18244514106583073,0.06355433503334641,0,0.0,0.0,0,8784.867958034043
06085503221,Santa Clara,2338,2216.1598393731565,57396,1173,72,0.061381074168797956,0.21802679658952498,0.16965046888320545,0,0.0,0.0,0,7779.429108151354
06085503220,Santa Clara,5092,5360.2697467542375,91650,1911,122,0.06384092098377812,0.034048852701702444,0.13343799058084774,0,0.0,0.0,0,9579.925816419252
06085501101,Santa Clara,4369,6651.069935826734,88583,2375,205,0.0863157894736842,0.1521511017838405,0.07578947368421053,0,0.0,0.0,0,2729.1403921984042
06085503122,Santa Clara,3451,946.8398578009949,54344,1619,74,0.04570722668313774,0.16817807089859851,0.09450277949351452,0,0.0,0.0,0,6419.943114390919
06085503121,Santa Clara,5056,2355.9936908584955,74063,2273,107,0.047074351077870655,0.08935611038107753,0.1539815222173339,0,0.0,0.0,0,6926.790529026132
06085502301,Santa Clara,3185,2595.281585817341,166833,1731,70,0.040439052570768345,0.03418124006359301,0.09820912767186597,0,0.0,0.0,0,8016.597567174941
06085503118,Santa Clara,4413,7795.968563190877,92656,2440,32,0.013114754098360656,0.02109426499670402,0.14057377049180328,0,0.0,0.0,0,6204.377346569591
06085502604,Santa Clara,3998,3120.4211179769495,110395,2599,0,0.0,0.02865329512893983,0.05463639861485187,0,0.0,0.0,0,10914.927797369408
06085512047,Santa Clara,5783,3497.1630577649075,187813,3073,10,0.0032541490400260333,0.00724200362100181,0.07940123657663521,0,0.0,0.0,0,14412.596182220117
06085503117,Santa Clara,2823,5623.992403007285,89583,1224,4,0.0032679738562091504,0.08815028901734104,0.04084967320261438,0,0.0,0.0,0,5002.335680830135
06097153202,Sonoma,3299,338.6938176639724,69592,1414,0,0.0,0.05575539568345324,0.11103253182461104,0,0.0,0.0,0,59411.20017766295
06097151406,Sonoma,2963,1705.8135472116135,50417,1471,66,0.04486743711760707,0.07769066286528867,0.061862678450033994,0,0.0,0.0,0,62037.09424016632
06001444602,Alameda,4935,878.2847202137781,175250,2845,118,0.04147627416520211,0.050383351588170866,0.1015817223198594,0,0.0,0.0,0,5596.063078447034
06001450502,Alameda,6266,554.743090607894,202003,3305,120,0.036308623298033284,0.018146150073565473,0.17307110438729198,0,0.0,0.5682638909036163,0,3654.7409677072983
06001450751,Alameda,12662,1264.7568706752259,250001,6072,459,0.07559288537549406,0.002239014833473272,0.21277997364953888,0,0.0,0.0,0,5226.422474315812
06001450752,Alameda,9631,553.6187663753608,250001,5158,334,0.06475378053509112,0.01924447612259444,0.24486234974796434,0,0.0,0.0,0,6489.784700276423
06001435602,Alameda,5671,4960.911610247467,86099,2200,83,0.03772727272727273,0.06536346976175932,0.10318181818181818,0,0.0,0.0,0,2226.6907457572092
06001437101,Alameda,7960,140.94836983789193,140682,4028,330,0.08192651439920556,0.04008810572687225,0.19985104270109236,0,0.0,0.0,0,6611.55431464569
06001438203,Alameda,4091,778.3493021983271,128568,1929,127,0.0658372213582167,0.07042253521126761,0.12337998963193364,0,0.0,1.888525491927932,0,2078.901839053061
06001443105,Alameda,4668,1419.0921650634716,225795,2108,139,0.0659392789373814,0.032944406314344546,0.11669829222011385,0,0.0,0.0,0,2259.5847245428645
06001443321,Alameda,3372,6033.553537122454,132188,1367,33,0.024140453547915143,0.022847100175746926,0.02487198244330651,0,0.0,0.0,0,1887.0918950404334
06001451504,Alameda,1539,473.9149148013486,162083,919,19,0.020674646354733407,0.05223880597014925,0.22306855277475518,0,0.0,0.0,0,14710.732221264863
06001403502,Alameda,1919,10594.376651471459,108478,1337,446,0.3335826477187734,0.16189624329159213,0.1443530291697831,0,0.0,0.0,0,1354.84002413977
06085502901,Santa Clara,6213,3300.4086379965424,151010,3488,196,0.05619266055045872,0.05336426914153132,0.042144495412844034,0,0.0,0.0,0,11741.331961531685
06085503337,Santa Clara,4330,5652.932989752362,130568,2181,57,0.026134800550206328,0.019029495718363463,0.1178358551123338,0,0.0,0.0,0,9434.738626176519
06085512043,Santa Clara,5919,6417.651532735159,63033,2637,71,0.026924535456958665,0.09162621359223301,0.11528251801289344,0,0.0,0.0,0,13389.477272116063
06085503713,Santa Clara,3331,6830.483437289078,64753,1516,28,0.018469656992084433,0.12258064516129032,0.047493403693931395,0,0.0,0.0,0,3005.8230058970566
06085503902,Santa Clara,6393,6231.290532682935,94883,3322,50,0.015051173991571343,0.0071567989590110605,0.10024081878386513,0,0.0,0.0,0,4136.216066983858
06001403702,Alameda,2238,11240.445490039983,115156,1481,284,0.19176232275489535,0.16971713810316139,0.08237677245104659,0,0.0,0.0,0,1470.506931797653
06001425101,Alameda,1754,653.0290452788963,81722,1121,142,0.12667261373773417,0.12308930008045052,0.09545049063336307,0,0.0,0.0,0,3558.625647186065
06001430101,Alameda,7034,273.8724847193983,204527,3611,185,0.051232345610634174,0.0057598582188746125,0.11935751869288286,0,0.0,0.0,0,6703.114558955808
06001430102,Alameda,2459,30.294570315540916,177250,1081,81,0.07493061979648474,0.011891891891891892,0.1396854764107308,0,0.0,0.0,0,8490.073719922193
06085504323,Santa Clara,5733,4447.040445307157,146667,2849,124,0.04352404352404352,0.08071505958829903,0.04984204984204984,0,0.0,10.713405262818736,0,1496.251818814189
06013381000,Contra Costa,6703,3414.517374484996,70687,2723,249,0.09144326110907088,0.16450022411474674,0.26404700697759825,0,0.0,19.17736949589043,0,1686.490929744737
06085511915,Santa Clara,4055,3600.9007952584147,93382,1911,0,0.0,0.2138728323699422,0.08163265306122448,0,0.0,0.0,0,13776.377408202905
06085504322,Santa Clara,6103,1907.5599526580581,174318,3442,78,0.02266124346310285,0.025652985074626867,0.02905287623474724,0,0.0,1.221392447444976,0,1728.9241085709107
06085512038,Santa Clara,3142,2277.0829818168427,95795,1577,92,0.05833861762840837,0.05024630541871921,0.07926442612555486,0,0.0,0.0,0,17890.68027548876
06085505006,Santa Clara,11716,822.2305031910838,205610,8095,265,0.032736256948733784,0.05979233798782671,0.026436071649166153,0,0.0,0.0,0,3225.7400106264863
06085506202,Santa Clara,8409,3343.8117978835594,175179,3893,136,0.034934497816593885,0.024187725631768953,0.06807089648086309,0,0.0,0.0,0,12680.398532506211
06085508508,Santa Clara,6144,5854.527651743391,136625,3111,290,0.09321761491481839,0.04207436399217221,0.08068145290903246,0,0.0,0.0,0,11202.12381463456
06085508507,Santa Clara,2838,7470.675119520766,172426,1845,44,0.023848238482384824,0.010362694300518135,0.036314363143631435,0,0.0,0.0,0,11017.427931242699
06085508003,Santa Clara,2353,2948.2343378630917,181771,938,12,0.01279317697228145,0.027739251040221916,0.019189765458422176,0,0.0,0.0,0,13278.735097581963
06081600402,San Mateo,4688,11651.13228624142,134704,2498,635,0.25420336269015215,0.044575273338940284,0.17253803042433946,0,0.0,99.99999999999999,0,1408.5517593720087
06081601901,San Mateo,4080,4593.754607070197,104596,1903,264,0.13872832369942195,0.032532920216886134,0.12296374146085129,0,0.0,28.101883436448766,0,880.4835405177299
06081603802,San Mateo,5530,2125.4995728596696,155924,2564,223,0.08697347893915756,0.038236856080722255,0.09828393135725429,0,0.0,0.0,0,2620.446412244513
06081609201,San Mateo,3548,3284.0292013633234,165288,2015,84,0.04168734491315137,0.08484005563282336,0.04665012406947891,0,0.0,0.0,0,16066.370421575528
06081609202,San Mateo,5172,5688.788793130881,142500,3052,181,0.05930537352555701,0.061930783242258654,0.055701179554390565,0,0.0,0.0,0,14813.211041335728
06085511302,Santa Clara,3466,3464.362923793275,100852,1712,197,0.11507009345794393,0.3270538984824699,0.1483644859813084,0,0.0,0.0,0,20378.216628836653
06085512045,Santa Clara,5244,2559.8716617793734,174926,2621,67,0.025562762304463946,0.03632103104862332,0.11903853491033957,0,0.0,0.0,0,14865.696361340493
06085512037,Santa Clara,3064,3039.2164246324505,172929,1524,6,0.003937007874015748,0.01680672268907563,0.1220472440944882,0,0.0,0.0,0,14828.283592719621
06085512036,Santa Clara,4884,5883.167719256819,143729,2955,36,0.012182741116751269,0.03496115427302997,0.10592216582064298,0,0.0,0.0,0,15351.33396908569
06013307102,Contra Costa,5694,3551.753285245105,75532,2638,307,0.11637604245640637,0.09421052631578947,0.22630780894617133,0,0.0,0.0,0,3139.085991142346
06013331000,Contra Costa,7789,2765.247510291175,100294,3558,432,0.12141652613827993,0.07244318181818182,0.18015739179314222,0,0.0,14.003109868268313,0,1510.6347222263837
06085512311,Santa Clara,4171,760.4044442117838,147681,1933,24,0.012415933781686497,0.03984674329501916,0.11381272633212623,0,0.0,0.0,0,30874.326806613713
06081614000,San Mateo,5872,1854.9297887543594,195082,3292,210,0.0637910085054678,0.021130480718436345,0.07077764277035237,0,0.0,0.0,0,3988.114942046063
06081600401,San Mateo,3278,6305.753407867774,152611,2113,317,0.15002366303833412,0.013345195729537367,0.16848083293894936,0,0.0,85.78760326669845,0,1831.7466975750092
06081603801,San Mateo,1992,8759.056509824466,95573,1152,162,0.140625,0.04688832054560955,0.0859375,0,0.0,0.0,0,2225.3259107651934
06081984300,San Mateo,0,0.0,-666666666,0,0,,,,3,0.26021734445734984,15.618520594433862,1,1296.4955023721557
06085512313,Santa Clara,3833,1458.4020389423874,110954,1891,41,0.02168164992067689,0.03574542284219703,0.13960867265996826,0,0.0,0.0,0,34246.75370830106
06085512314,Santa Clara,7077,1898.7466335941406,108950,3173,26,0.008194138039710053,0.055531070956368445,0.2442483454144343,0,0.0,0.0,0,32610.22642594038
06085512604,Santa Clara,4744,2138.236959894416,80552,2106,45,0.021367521367521368,0.009458297506448839,0.1752136752136752,0,0.0,0.0,0,47209.596872206144
06085502603,Santa Clara,3026,2479.333155833531,175592,1404,0,0.0,0.055396370582617004,0.0292022792022792,0,0.0,0.0,0,10118.36185049721
06013359104,Contra Costa,2537,4069.74849976695,92423,1453,413,0.2842395044735031,0.03456591639871383,0.31383344803854096,0,0.0,0.0,0,9974.085642358326
06097152702,Sonoma,4401,212.44173116677038,106033,2014,11,0.005461767626613704,0.018217306441119064,0.055114200595829194,0,0.0,0.0,0,73815.80987317803
06097152701,Sonoma,4387,183.92595578547218,86673,1703,0,0.0,0.023283582089552238,0.039342337052260715,0,0.0,0.0,0,74291.71426055532
06097150701,Sonoma,4903,1367.6172933881387,107610,2745,106,0.038615664845173044,0.05503355704697987,0.19963570127504554,0,0.0,0.0,0,40928.016301095035
06097153002,Sonoma,7218,3214.3267537885313,81504,3509,5,0.0014249073810202336,0.011385199240986717,0.0524365916215446,0,0.0,0.0,0,65163.8428569264
06097150800,Sonoma,4550,329.3177086415213,101192,2363,68,0.02877697841726619,0.033282130056323606,0.09310198899703766,0,0.0,0.0,0,40741.64561504068
06097152300,Sonoma,4104,1185.419731878514,124211,1720,0,0.0,0.06215621562156216,0.005232558139534884,0,0.0,0.0,0,65581.41046840795
06097153404,Sonoma,3557,410.2510306869187,91207,1818,8,0.0044004400440044,0.059731543624161075,0.040154015401540157,0,0.0,0.0,0,64585.303905207904
06097151309,Sonoma,5829,162.709332862618,115144,2711,20,0.0073773515308004425,0.044631020768890854,0.16709701217263004,0,0.0,0.0,0,51519.29373900987
06097151307,Sonoma,5254,1166.1978399261504,127708,2749,52,0.018915969443433975,0.015829694323144104,0.10040014550745725,0,0.0,0.0,0,56963.65146853007
06097151204,Sonoma,3180,956.1172558296406,78094,1775,93,0.0523943661971831,0.05033809166040571,0.08112676056338028,0,0.0,0.0,0,52551.39727474263
06097152501,Sonoma,4047,2035.8501868633277,108553,2190,0,0.0,0.027061855670103094,0.04337899543378995,0,0.0,0.0,0,64507.416031803885
06013368001,Contra Costa,5013,6522.2715221811995,93636,2086,191,0.09156279961649089,0.05611510791366906,0.20757430488974113,0,0.0,0.0,0,1943.7152579995216
06013304003,Contra Costa,3279,358.3329031805088,126232,1445,8,0.005536332179930796,0.019230769230769232,0.21868512110726643,0,0.0,0.0,0,19964.261213957394
06013303204,Contra Costa,4735,2291.510476099973,118487,2170,39,0.017972350230414748,0.09673659673659674,0.22442396313364055,0,0.0,0.0,0,9681.000983180806
06013355110,Contra Costa,4112,2295.241974441701,103438,1931,83,0.04298291040911445,0.06505421184320268,0.32314862765406527,0,0.0,0.0,0,3204.0564916493495
06013306004,Contra Costa,3863,2220.888200544112,90495,1469,25,0.01701837985023826,0.03230769230769231,0.4479237576582709,0,0.0,0.0,0,1537.2412268132166
06013304004,Contra Costa,3634,1113.5501792037303,136438,1680,12,0.007142857142857143,0.0137524557956778,0.2863095238095238,0,0.0,0.0,0,18370.39285209383
06013303202,Contra Costa,9146,2454.9568677177726,164952,4198,49,0.011672224868985231,0.015469613259668509,0.2594092424964269,0,0.0,0.0,0,8228.608467562095
06013320003,Contra Costa,3068,2464.8479927057033,172500,1605,89,0.05545171339563863,0.0,0.13021806853582554,0,0.0,0.0,0,7285.7002968224715
06013392300,Contra Costa,3754,1136.40414651921,163565,1709,147,0.08601521357519017,0.014272121788772598,0.28671737858396723,0,0.0,0.0,0,11830.44395170242
06013370000,Contra Costa,2960,2972.4853238190094,160986,1732,280,0.16166281755196305,0.03897254207263064,0.10623556581986143,0,0.0,0.6596658967611683,0,1702.5043957021219
06097152000,Sonoma,2345,1844.1084063440217,69375,1471,98,0.06662134602311352,0.21686746987951808,0.020394289598912305,0,0.0,0.0,0,64365.59592298514
06013306003,Contra Costa,5166,2881.849951386704,59275,2344,75,0.03199658703071672,0.08602739726027397,0.2854095563139932,0,0.0,1.033930096099169,0,2004.445557553828
06013313205,Contra Costa,1978,1335.107160398431,106317,868,92,0.10599078341013825,0.03302752293577982,0.21658986175115208,0,0.0,2.9888653905897846,0,2421.443723974077
06013333101,Contra Costa,3951,2065.863781217598,114679,1888,58,0.03072033898305085,0.023194168323392977,0.1583686440677966,0,0.0,0.0,0,5262.141300358404
06013333102,Contra Costa,4251,2179.4353904630902,115763,2167,239,0.11029072450392248,0.019104084321475624,0.1753576372865713,0,0.0,0.0,0,6415.678994447985
06097152100,Sonoma,3057,1403.417308748444,86250,1423,38,0.026704146170063246,0.006355932203389831,0.03865073787772312,0,0.0,0.0,0,66483.2200773966
06097151900,Sonoma,2881,2937.1841501696704,69643,1440,8,0.005555555555555556,0.10046367851622875,0.005555555555555556,0,0.0,0.0,0,63527.90159795637
06055201004,Napa,6844,2640.483943318847,105703,3247,72,0.02217431475207884,0.0068169900367068695,0.1302740991684632,0,0.0,0.0,0,25609.930170335843
06055201601,Napa,2446,386.6152843590348,130357,1065,0,0.0,0.07658643326039387,0.051643192488262914,0,0.0,0.0,0,63384.5531488866
06055200301,Napa,6120,2084.4307561354376,93400,3016,14,0.004641909814323607,0.07633587786259542,0.026856763925729443,0,0.0,0.0,0,38517.028081113254
06055200505,Napa,2857,3734.902571900185,84394,1694,25,0.01475796930342385,0.02226027397260274,0.043683589138134596,0,0.0,0.0,0,41382.549282731365
06055200707,Napa,3508,2354.1348448880685,119643,1791,9,0.005025125628140704,0.09754433833560709,0.06867671691792294,0,0.0,0.0,0,43076.313043539514
06055201602,Napa,2980,464.72452671358513,150375,1475,121,0.08203389830508474,0.09600515463917526,0.03593220338983051,0,0.0,0.0,0,64434.398383275424
06055201007,Napa,3991,3059.834047543228,133750,2014,53,0.02631578947368421,0.054945054945054944,0.13058589870903675,0,0.0,0.0,0,26226.577849983118
06055200302,Napa,2716,1434.59477294178,110673,1198,0,0.0,0.0,0.08096828046744574,0,0.0,0.0,0,37762.847470078625
06055201003,Napa,5018,68.9322281155772,165833,2494,39,0.015637530072173216,0.023323615160349854,0.2040898155573376,0,0.0,0.0,0,30935.13841298151
06097152201,Sonoma,4315,3582.455021934017,75625,2516,29,0.011526232114467409,0.06395663956639566,0.02782193958664547,0,0.0,0.0,0,65841.680867604
06097151308,Sonoma,5055,1701.4050880587256,106593,2774,11,0.003965392934390771,0.041343669250646,0.19538572458543618,0,0.0,0.0,0,55643.37443078361
06097150702,Sonoma,4593,225.11610231983798,132378,2400,77,0.03208333333333333,0.01995798319327731,0.13875,0,0.0,0.0,0,37876.116444751104
06097150303,Sonoma,4021,65.40403170211283,112594,1523,18,0.011818778726198293,0.11926605504587157,0.08141825344714379,0,0.0,0.0,0,43063.705899096465
06097153902,Sonoma,4486,1281.2610974740244,89712,2267,41,0.01808557565063961,0.03374578177727784,0.03617115130127922,0,0.0,0.0,0,87482.56837275952
06097154100,Sonoma,3717,6.407131952204783,126495,2027,0,0.0,0.026422764227642278,0.0740009866798224,0,0.0,0.0,0,97217.10469914839
06097153403,Sonoma,3689,431.9267953521236,89015,1599,33,0.020637898686679174,0.08997429305912596,0.05565978736710444,0,0.0,0.0,0,62948.55945274849
06097151000,Sonoma,3353,214.00092766859575,104432,1722,23,0.013356562137049941,0.027357811375089993,0.06039488966318235,0,0.0,0.0,0,45736.38344569571
06097152502,Sonoma,3945,2140.8747759811627,81618,1832,7,0.003820960698689956,0.04585427135678392,0.12663755458515283,0,0.0,0.0,0,66072.4513197123
06097153003,Sonoma,5449,3155.6201713041523,65458,2682,55,0.020507084265473527,0.07893413775766717,0.0738255033557047,0,0.0,0.0,0,64743.45797674773
06097150603,Sonoma,7048,2034.2308491646168,91333,3373,62,0.018381262970649275,0.14197127937336815,0.1268900088941595,0,0.0,0.0,0,42258.05203448845
06097150601,Sonoma,3857,3096.482832461896,94167,1864,37,0.01984978540772532,0.027977044476327116,0.10354077253218884,0,0.0,0.0,0,40472.201018938016
06097150100,Sonoma,2332,12.335294008574415,135938,1171,0,0.0,0.00974025974025974,0.09991460290350128,0,0.0,0.0,0,29610.887940431647
06097150304,Sonoma,5597,1813.6056736192468,80222,2478,0,0.0,0.010577346848832084,0.1585956416464891,0,0.0,0.0,0,42841.41583223299
06097152801,Sonoma,3965,758.5976539418709,84744,2049,46,0.02244997559785261,0.044029352901934625,0.18740849194729137,0,0.0,0.0,0,69939.58046367035
06097153006,Sonoma,7652,2245.9791167614535,88909,4193,0,0.0,0.027064063035286058,0.04054376341521584,0,0.0,0.0,0,66542.23014164015
06097151100,Sonoma,5065,41.796672729101594,117941,2650,22,0.00830188679245283,0.02565564424173318,0.09773584905660378,0,0.0,0.0,0,50531.00127969262
06097153502,Sonoma,3804,54.69307626067261,135625,1518,16,0.010540184453227932,0.032525951557093424,0.15876152832674573,0,0.0,0.0,0,64125.29545824115
06097153705,Sonoma,3424,73.29891574685686,101750,1854,0,0.0,0.01098901098901099,0.028047464940668825,0,0.0,0.0,0,80130.4258936546
06097151503,Sonoma,3165,214.25907360588948,172571,1592,6,0.0037688442211055275,0.005709624796084829,0.07537688442211055,0,0.0,0.0,0,58124.45812254993
06055200705,Napa,2846,2238.1184984250463,100750,1626,31,0.019065190651906518,0.04634581105169341,0.0953259532595326,0,0.0,0.0,0,41175.69659762753
06055200804,Napa,5411,4406.795041913022,89924,2689,0,0.0,0.013784461152882205,0.12644105615470436,0,0.0,0.0,0,39981.36094708174
06055200803,Napa,2236,436.6172469316458,135000,947,40,0.042238648363252376,0.04697986577181208,0.0897571277719113,0,0.0,0.0,0,39863.663000486435
06013329000,Contra Costa,6488,2363.0148508206653,108257,3206,232,0.07236431690580163,0.09095260890378172,0.1141609482220836,0,0.0,30.910596926075907,0,1233.835572307813
06055200602,Napa,4482,1342.761924566752,100212,2035,35,0.0171990171990172,0.10585106382978723,0.12186732186732187,0,0.0,0.0,0,44153.01213502592
06055200601,Napa,4949,2422.160630073671,137679,2816,0,0.0,0.04734848484848485,0.08025568181818182,0,0.0,0.0,0,44049.492803188485
06055201006,Napa,3436,2162.6625241149213,137292,1728,124,0.07175925925925926,0.022222222222222223,0.14583333333333334,0,0.0,0.0,0,27288.2168004677
06055200706,Napa,3132,1687.0732742768153,136419,1509,0,0.0,0.0,0.08084824387011266,0,0.0,0.0,0,43842.10490837617
06055200504,Napa,5956,3222.8114305180375,91379,3349,30,0.008957897879964169,0.08306709265175719,0.0901761719916393,0,0.0,0.0,0,41975.58209081644
06013340004,Contra Costa,3940,954.7168304036692,157631,1902,181,0.09516298633017876,0.12923076923076923,0.1829652996845426,0,0.0,16.410657877062672,0,1251.0046576046896
06013337202,Contra Costa,5515,3198.445433992631,89484,2780,304,0.1093525179856115,0.10843373493975904,0.210431654676259,0,0.0,0.0,0,2642.3155394809696
06013334007,Contra Costa,3435,2354.9700929201535,101458,1555,63,0.04051446945337621,0.10080428954423593,0.1369774919614148,0,0.0,0.0,0,4145.440998950897
06013334008,Contra Costa,3793,3069.4136729681077,121212,2189,170,0.07766103243490179,0.09583074051026758,0.2366377341251713,0,0.0,0.0,0,5887.56349726395
06013355123,Contra Costa,3333,567.384029437475,250001,1450,129,0.08896551724137931,0.013771186440677966,0.32,0,0.0,0.0,0,4525.479595781688
06013355125,Contra Costa,4096,3630.0505539825053,250001,2149,91,0.04234527687296417,0.03882657463330457,0.2838529548627268,0,0.0,0.0,0,7283.79530834193
06075017102,San Francisco,3646,12363.755054411911,171205,2420,650,0.26859504132231404,0.2791430371770636,0.10826446280991736,19,64.42988097471923,99.99999999999997,1,2702.7211647875347
06075012302,San Francisco,2614,28213.23950636157,43879,1555,376,0.24180064308681673,0.8321167883211679,0.11061093247588424,10,107.93129114904961,99.99999999999999,1,491.35907896539635
06075016801,San Francisco,3898,17207.110623736957,182344,2887,984,0.34083824038794597,0.4544529262086514,0.11188084516799446,11,48.55777754261327,99.99999999999999,1,1063.7122531209789
06075011902,San Francisco,2650,28478.22261787711,81995,1522,391,0.2568988173455979,0.6625233064014916,0.10578186596583443,5,53.7324955054285,100.0,1,737.3863800865898
06075012202,San Francisco,2978,31451.876943635714,50583,1210,337,0.2785123966942149,0.7041499330655957,0.050413223140495865,6,63.36845589718411,100.0,1,837.7566134869928
06075012601,San Francisco,2164,12695.215140372047,180123,1535,376,0.24495114006514657,0.3222641509433962,0.10618892508143322,2,11.733100869105405,99.99999999999997,1,3372.531455829795
06075012602,San Francisco,2768,2412.65107852711,189500,1869,474,0.2536115569823435,0.30626780626780625,0.09523809523809523,8,6.972979995743091,99.97060166034515,1,3389.16945325375
06075012902,San Francisco,3322,9413.917589533814,205463,2578,738,0.28626842513576417,0.3648576034390113,0.047323506594259115,13,36.839533011420706,100.0,1,2807.188426982115
06075013101,San Francisco,4269,24671.719478051033,219107,2877,587,0.2040319777546055,0.3070362473347548,0.07924921793534932,6,34.67564227414059,100.0,1,1833.777931308971
06075013102,San Francisco,2731,11480.222272520756,242969,1740,286,0.16436781609195403,0.29610721123165284,0.15057471264367817,4,16.814679271359584,100.0,1,1887.8926443068417
06075015801,San Francisco,3394,9868.17898927664,121058,1728,508,0.29398148148148145,0.2282685512367491,0.08449074074074074,14,40.70551144663316,100.0,1,2075.4131976883623
06041102202,Marin,5393,1703.0360808870369,116483,2684,51,0.019001490312965722,0.02888781896966779,0.06780923994038748,0,0.0,0.0,0,28910.381216401678
06041102203,Marin,5486,2015.9609299865517,78704,2364,147,0.06218274111675127,0.08453695836873407,0.12986463620981387,0,0.0,0.0,0,27120.796624771774
06041109001,Marin,3864,1746.0693837396193,96486,2081,182,0.08745795290725612,0.10859465737514518,0.10475732820759251,0,0.0,0.0,0,16341.323208966194
06097152203,Sonoma,3362,2546.525784040218,67750,1760,109,0.061931818181818185,0.14676339285714285,0.061931818181818185,0,0.0,0.0,0,64751.02940359398
06097152903,Sonoma,4967,2974.8664953664907,102500,2422,0,0.0,0.12577065351418001,0.06564822460776218,0,0.0,0.0,0,67401.78530812576
06097152904,Sonoma,5594,2427.871854685403,123935,3278,39,0.011897498474679682,0.020253164556962026,0.07718120805369127,0,0.0,0.0,0,68332.58648761637
06097153102,Sonoma,6000,4835.82688010308,90849,3083,70,0.02270515731430425,0.03223593964334705,0.07849497242945183,0,0.0,0.0,0,62665.03003983108
06097153501,Sonoma,4410,96.39487177784545,103604,2106,28,0.013295346628679962,0.013529411764705882,0.03181386514719848,0,0.0,0.0,0,58956.0136745889
06081613702,San Mateo,4687,42.5434416851371,120557,2441,20,0.00819336337566571,0.08782201405152225,0.1528062269561655,0,0.0,0.0,0,17026.051998054627
06081608025,San Mateo,6340,1249.9137030916345,181314,3062,258,0.08425865447419988,0.14772277227722772,0.15218811234487264,0,0.0,0.0,0,10798.85719672389
06081610901,San Mateo,3591,6985.849673600598,112059,2220,130,0.05855855855855856,0.07777777777777778,0.02702702702702703,0,0.0,0.0,0,19059.716814716892
06081604104,San Mateo,3862,7086.410389434482,115781,2398,211,0.08798999165971642,0.04279475982532751,0.02043369474562135,0,0.0,33.01883184886117,0,993.3409808095046
06097153903,Sonoma,3933,1195.1395115409716,102639,2014,0,0.0,0.011196228638774307,0.05461767626613704,0,0.0,0.0,0,87691.80147635001
06081602002,San Mateo,4036,1798.4163787940859,146786,1908,145,0.0759958071278826,0.0008710801393728223,0.08647798742138364,0,0.0,0.0,0,2211.897126562599
06081612002,San Mateo,2941,4715.563168719608,91127,1430,12,0.008391608391608392,0.13972602739726028,0.022377622377622378,0,0.0,0.0,0,17695.193096105482
06097150901,Sonoma,5130,1712.5215985539946,103101,2773,2,0.000721240533717995,0.05386875612144956,0.06491164803461955,0,0.0,0.0,0,42844.356088000444
06097150902,Sonoma,3668,1506.0655340567066,123529,1922,112,0.05827263267429761,0.07236842105263158,0.10145681581685743,0,0.0,0.0,0,43135.9387906327
06081612102,San Mateo,3935,12383.123615401206,58618,2151,43,0.0199907019990702,0.08057179987004548,0.019525801952580194,0,0.0,0.0,0,18046.86656073314
06081611902,San Mateo,7336,3053.1702522249934,136287,3869,60,0.015507883173946756,0.025223331581713086,0.08038252778495736,0,0.0,0.0,0,16708.50294553946
06081600702,San Mateo,2724,8776.605285977725,143843,1663,362,0.21767889356584486,0.05688282138794084,0.105832832230908,0,0.0,100.0,0,356.3207022883981
06081602602,San Mateo,4370,6782.202632219795,163828,2625,271,0.10323809523809524,0.05083459787556904,0.07695238095238095,0,0.0,0.0,0,2808.304828655808
06081600502,San Mateo,3908,4840.83233509595,126805,2264,315,0.13913427561837455,0.0,0.07685512367491167,0,0.0,5.24525635013541,0,1451.6502442123763
06081600701,San Mateo,3620,6917.68222430987,70290,2127,517,0.24306535025858017,0.1422829581993569,0.1922896097790315,12,22.931543285005095,99.99999999999993,2,552.5360370814841
06081605502,San Mateo,2599,3530.8197597848102,200350,1318,81,0.061456752655538696,0.0581039755351682,0.09180576631259484,0,0.0,0.0,0,4472.443495816939
06081612101,San Mateo,3484,5281.058321944739,115109,1770,0,0.0,0.09126063418406806,0.03615819209039548,0,0.0,0.0,0,18486.174622610295
06081602201,San Mateo,4761,9570.964573055951,82015,2401,273,0.11370262390670553,0.09502003434459072,0.038733860891295296,0,0.0,0.0,0,2043.758227687334
06097154000,Sonoma,2294,10.202431833252552,150000,1077,11,0.01021355617455896,0.011827956989247311,0.06778087279480037,0,0.0,0.0,0,92092.80063029246
06085508006,Santa Clara,4215,3463.3394725699786,203750,2054,44,0.021421616358325218,0.00766016713091922,0.005355404089581304,0,0.0,0.0,0,13966.800734734763
06085506504,Santa Clara,2832,13507.727183949622,85278,1240,0,0.0,0.13120567375886524,0.0,0,0.0,0.0,0,10307.072691861496
06085512511,Santa Clara,4872,3517.706245198621,112188,2061,42,0.020378457059679767,0.11702127659574468,0.10334788937409024,0,0.0,0.0,0,47816.992321145175
06055200704,Napa,4930,3180.932246595521,63462,2332,15,0.006432246998284734,0.10486674391657011,0.03773584905660377,0,0.0,0.0,0,42211.40509954847
06013380001,Contra Costa,2896,267.39056725766335,117159,1889,153,0.08099523557437797,0.01686046511627907,0.16940179989412388,0,0.0,0.0,0,3263.4858487212114
06013380002,Contra Costa,3470,1302.1185952872877,58571,1425,210,0.14736842105263157,0.04758308157099698,0.19649122807017544,0,0.0,0.0,0,1910.6677243241377
06097153001,Sonoma,7215,2879.642445352585,69243,3957,40,0.010108668182966895,0.11606180380883938,0.04270912307303513,0,0.0,0.0,0,66282.08989186917
06097153005,Sonoma,6471,261.1920783598692,114740,3288,18,0.005474452554744526,0.03638644918444166,0.04805352798053528,0,0.0,0.0,0,67719.22091142088
06081612001,San Mateo,4017,6126.323233438638,112118,1986,39,0.019637462235649546,0.015873015873015872,0.06847935548841894,0,0.0,0.0,0,17857.07111468057
06081611901,San Mateo,4392,3720.6475617526157,135368,2349,92,0.039165602383993185,0.05081495685522531,0.0983397190293742,0,0.0,0.0,0,17340.18840635452
06081602202,San Mateo,3142,7177.265439809373,86491,1860,98,0.05268817204301075,0.12599822537710736,0.04032258064516129,0,0.0,0.0,0,1974.9769768436897
06081608024,San Mateo,3192,4542.07447380002,214719,1880,89,0.04734042553191489,0.07069102462271644,0.07659574468085106,0,0.0,0.0,0,11081.10155211965
06081610902,San Mateo,2804,4773.253240250717,125541,1784,75,0.04204035874439462,0.045909849749582635,0.03867713004484305,0,0.0,0.0,0,19655.670800264634
06081605501,San Mateo,2918,8065.267639968628,85313,1886,163,0.08642629904559915,0.051756007393715345,0.06521739130434782,0,0.0,0.0,0,3945.762220609572
06081606201,San Mateo,3731,5930.121832150799,60703,1636,85,0.0519559902200489,0.11181244364292155,0.05378973105134474,0,0.0,0.0,0,6145.779567878276
06081605902,San Mateo,3061,9640.840127968278,103075,1858,300,0.16146393972012918,0.07091633466135458,0.15715823466092574,0,0.0,0.0,0,5985.239142970005
06081606202,San Mateo,3805,6612.961995609251,184326,2172,218,0.1003683241252302,0.10720268006700168,0.10911602209944751,0,0.0,0.0,0,6840.343536565456
06081601301,San Mateo,3726,7235.2178794936135,77453,1935,513,0.2651162790697674,0.3410714285714286,0.08165374677002583,0,0.0,71.84043960600548,0,619.5212012467155
06081601302,San Mateo,4975,8400.450276244801,91397,2531,300,0.1185302252074279,0.10526315789473684,0.06321612011062822,2,3.377065437686352,94.26156559315886,1,186.36535077107203
06081604103,San Mateo,4344,7577.912616271585,102899,2492,192,0.07704654895666131,0.16911250873515024,0.032504012841091494,0,0.0,0.0,0,1310.0903541282269
06081613701,San Mateo,3929,592.8382379490969,180216,1898,0,0.0,0.007910349373764008,0.07639620653319283,0,0.0,0.0,0,17755.970404767253
06081605901,San Mateo,2815,6172.585091764384,138934,1587,154,0.09703843730308759,0.0764872521246459,0.07498424700693132,0,0.0,0.0,0,5308.142523133105
06081600501,San Mateo,3793,7025.698559396435,96696,1974,262,0.13272543059777103,0.06124093473005641,0.054204660587639314,0,0.0,62.24288395357047,0,1147.337189855269
06075016802,San Francisco,3807,17685.261579761205,141518,2832,724,0.2556497175141243,0.461381074168798,0.11864406779661017,6,27.872752686778888,100.0,1,1035.6862374476318
06075017101,San Francisco,4250,13562.310458248978,199676,2492,687,0.27568218298555375,0.21944286526435475,0.07263242375601926,23,73.39603306817094,99.99999999999993,1,2317.026847358481
06075017801,San Francisco,3582,16734.151733046747,25625,1383,150,0.10845986984815618,0.6428867689755289,0.02675343456254519,7,32.70213906513881,100.0,1,610.0213479536567
06075022704,San Francisco,3716,6823.241566986373,250001,2471,191,0.07729664103601781,0.06958608278344332,0.06758397409955484,12,22.03414930135535,99.99999999999996,1,1625.6930231659403
06075025701,San Francisco,5331,8703.762596429382,118443,2922,725,0.24811772758384668,0.09631019387116949,0.1594798083504449,10,16.326697798591972,99.99999999999997,1,1905.9278584996496
06075025702,San Francisco,4153,7785.073082505578,91513,1992,545,0.2735943775100402,0.1595197255574614,0.15813253012048192,25,46.86415291659991,100.0,1,2505.9205887343
06075031201,San Francisco,6341,12364.192607281162,101800,3282,995,0.30316879951249237,0.2754424778761062,0.14229128580134065,24,46.79713335037816,100.0,1,864.5579920829172
06075031202,San Francisco,2804,9062.147603609941,120667,1561,321,0.20563741191543883,0.16823529411764707,0.07303010890454836,13,42.014236393341385,100.0,1,507.82346623196287
06075032602,San Francisco,4344,9201.14368947891,154609,2185,348,0.15926773455377574,0.08053691275167785,0.10022883295194508,7,14.826889002383142,100.0,1,5154.784360025869
06075032801,San Francisco,3831,6544.635150076451,136250,1719,404,0.23502036067481094,0.06676783004552352,0.14252472367655614,10,17.08335982792078,99.99999999999997,1,3958.6606576034587
06075032802,San Francisco,4454,6893.633271189013,110926,2361,547,0.2316814908936891,0.14105960264900663,0.09572215163066497,13,20.12061798955033,100.0,1,4532.719237159057
06075032901,San Francisco,5064,7536.826512658449,154291,2659,806,0.3031214742384355,0.11317254174397032,0.10793531402783,23,34.23124205986262,99.99999999999991,1,4632.792549515145
06041119202,Marin,3704,1838.974149855647,250001,1837,181,0.0985302123026674,0.02756183745583039,0.10016330974414807,0,0.0,0.0,0,15151.849839543429
06041119201,Marin,3812,3734.207020776972,85739,1957,62,0.03168114460909555,0.08601087493821058,0.0970873786407767,0,0.0,0.0,0,15436.61042545055
06075033203,San Francisco,3313,7591.48879857726,62813,1726,388,0.22479721900347624,0.20025923525599482,0.07647740440324449,13,29.788516263659638,99.99999999999997,1,1345.103927667429
06075033204,San Francisco,3620,9332.136850108382,69769,1802,581,0.32241953385127636,0.30567419158023185,0.18035516093229745,11,28.35732192021884,100.0,1,1791.1271886399265
06075042601,San Francisco,4126,14075.600466237825,124324,2015,659,0.3270471464019851,0.2931654676258993,0.12307692307692308,3,10.234319291980968,100.0,1,5760.583166339593
06075042602,San Francisco,2842,8558.778280920758,155750,1682,366,0.21759809750297265,0.18445121951219512,0.12306777645659929,8,24.092268208080952,100.0,1,5303.139345731591
06075047801,San Francisco,4613,9678.83584523202,163178,2719,746,0.27436557557925706,0.16407119021134595,0.10371460095623392,17,35.66880758052121,100.0,1,6474.571246067199
06075061200,San Francisco,4006,9210.067004210714,107652,2087,621,0.2975563009103977,0.2222222222222222,0.07954000958313369,26,59.7757718695653,99.99999999999999,1,3019.472550887285
06075980300,San Francisco,38,8.00510439589869,-666666666,34,6,0.17647058823529413,0.21428571428571427,0.0,44,9.269068247882693,99.99999999999997,1,5661.604621156049
06075980401,San Francisco,0,0.0,-666666666,0,0,,,,0,0.0,0.0,0,51397.67620603079
06075012502,San Francisco,4629,75544.81016412067,21653,1643,626,0.3810103469263542,0.8005342831700801,0.032866707242848445,4,65.27959400658517,99.99999999999997,1,464.87475726577935
06075980200,San Francisco,186,105.56493507130877,-666666666,0,0,,,,5,2.8377670718093757,85.48469923189609,1,7594.848398086353
06095251100,Solano,3015,2854.1625474369253,77870,1468,64,0.043596730245231606,0.0822550831792976,0.2935967302452316,0,0.0,0.0,0,20358.700509837974
06095253108,Solano,3875,466.87096340673315,80786,1833,0,0.0,0.07794803464357095,0.12002182214948172,0,0.0,0.0,0,34951.850991198415
06095253300,Solano,2972,6.679747529659169,96585,1375,19,0.013818181818181818,0.04450499545867393,0.0829090909090909,0,0.0,0.0,0,45771.90430240292
06097150602,Sonoma,4841,2898.6130089880653,127632,2482,48,0.019339242546333603,0.03475609756097561,0.1168412570507655,0,0.0,0.0,0,40753.55291781601
06097151203,Sonoma,4753,1947.5454492639049,102292,2541,50,0.01967729240456513,0.026202953787517864,0.15505706414797324,0,0.0,0.0,0,52196.598181639325
06013322000,Contra Costa,6755,1542.106011246754,159423,3231,81,0.025069637883008356,0.054109031733116354,0.08511296812132467,0,0.0,0.0,0,4141.698592086551
06013314103,Contra Costa,5554,764.5785261331513,77679,2478,146,0.058918482647296204,0.0,0.15254237288135594,0,0.0,0.0,0,2239.0084376172476
06013356002,Contra Costa,5688,50.84441161917743,136008,2934,148,0.050443081117927745,0.019714144898965006,0.21540558963871848,0,0.0,0.0,0,8868.909219736188
06013354002,Contra Costa,6943,475.61579967197554,250001,2882,443,0.15371269951422623,0.08694121788102781,0.15058986814712005,0,0.0,3.372086717131864,0,2697.015589566155
06013321103,Contra Costa,4546,865.2267091493089,157893,2215,224,0.10112866817155756,0.0,0.13905191873589165,0,0.0,0.0,0,6777.755984384403
06013353001,Contra Costa,4420,322.6317119415838,250001,2148,305,0.1419925512104283,0.013280212483399735,0.16666666666666666,0,0.0,3.6066259060280492,0,2428.382873374443
06013309000,Contra Costa,3600,194.27762873191583,73025,1525,37,0.024262295081967214,0.07054545454545455,0.14885245901639343,0,0.0,0.0,0,3241.9255112945243
06013323000,Contra Costa,4669,2436.1973773054797,130673,2485,111,0.044668008048289735,0.02318840579710145,0.14969818913480884,0,0.0,0.0,0,2845.8562257383887
06013359203,Contra Costa,7200,1938.6622868734987,127917,3592,274,0.07628062360801782,0.024250440917107582,0.2561247216035635,0,0.0,0.0,0,10693.577418840698
06097151301,Sonoma,4176,3567.4916962264706,73953,1826,26,0.014238773274917854,0.00700770847932726,0.09419496166484119,0,0.0,0.0,0,53623.30684898769
06097151305,Sonoma,6385,3617.036302586943,76780,3250,97,0.029846153846153845,0.0872,0.08615384615384615,0,0.0,0.0,0,54785.530386129074
06097151306,Sonoma,3804,3411.042628462912,97630,2266,42,0.018534863195057368,0.05986316989737742,0.11429832303618712,0,0.0,0.0,0,54478.818774930376
06097151310,Sonoma,5838,2388.001200594558,89631,3099,54,0.017424975798644726,0.04185447520927238,0.04808002581477896,0,0.0,0.0,0,53229.21570053285
06013369001,Contra Costa,7347,4543.03714245259,67994,3276,371,0.11324786324786325,0.06283320639756283,0.11019536019536019,0,0.0,0.0,0,2647.7527547704135
06001408200,Alameda,4471,4961.501745089437,79821,2442,285,0.1167076167076167,0.16909469302809574,0.18222768222768224,0,0.0,0.0,0,3027.5530178222457
06001408400,Alameda,4077,7510.57280802978,63994,2004,421,0.21007984031936128,0.16654219566840925,0.11077844311377245,0,0.0,0.0,0,2573.5886435595467
06001408500,Alameda,5634,6776.8613924246865,61750,2613,241,0.09223115193264447,0.15176964607078583,0.10065059318790662,0,0.0,0.0,0,1770.3502922418772
06001408600,Alameda,6519,6150.104438365713,80114,3214,306,0.09520846297448662,0.03759398496240601,0.09271935283136279,0,0.0,0.0,0,1887.8015131307216
06001408700,Alameda,7456,6578.570133690714,45500,3068,612,0.19947848761408082,0.09309309309309309,0.1290743155149935,0,0.0,0.0,0,1828.8523733437294
06097151504,Sonoma,4178,2698.181932052025,154650,1996,8,0.004008016032064128,0.010737294201861132,0.06062124248496994,0,0.0,0.0,0,61955.83653524859
06097151311,Sonoma,7364,1755.6010358296508,113654,4318,90,0.020842982862436313,0.009931245225362872,0.09865678554886521,0,0.0,0.0,0,51728.44410433885
06001408800,Alameda,7968,6755.587782382446,44100,3184,349,0.10961055276381909,0.26463104325699743,0.0935929648241206,2,1.695679664252622,58.858661335785136,1,591.3232685730369
06001408900,Alameda,3956,4781.855038588145,44077,1665,234,0.14054054054054055,0.13503971756398941,0.17297297297297298,1,1.208760120977792,57.923045201461434,1,679.277865926338
06001409100,Alameda,2532,5161.554284841871,72204,1252,123,0.09824281150159744,0.24087591240875914,0.15335463258785942,0,0.0,0.0,0,2317.1602089042476
06001409200,Alameda,3615,5116.9737304239525,73621,1510,170,0.11258278145695365,0.07759456838021339,0.13841059602649006,0,0.0,0.0,0,1709.203977227856
06001409300,Alameda,5743,5337.160872730876,56058,2319,240,0.1034928848641656,0.11247803163444639,0.02414833980163864,0,0.0,0.0,0,2101.618999061108
06095252702,Solano,6893,23.67535439547256,66590,2834,43,0.015172900494001412,0.08659947741694662,0.2240649258997883,0,0.0,0.0,0,14434.99915195507
06013306002,Contra Costa,4439,476.38520911902265,100132,1694,87,0.051357733175914994,0.008146639511201629,0.1770956316410862,0,0.0,7.423049804976007,0,1824.8412529867146
06013326000,Contra Costa,3639,1527.216692889098,147569,1617,116,0.07173778602350031,0.01625441696113074,0.15584415584415584,0,0.0,0.0,0,3015.7292040944462
06013340001,Contra Costa,6118,2255.0184885255217,119792,3088,389,0.12597150259067358,0.02656461053579469,0.22733160621761658,0,0.0,16.699151939068283,0,1275.813758875143
06013301000,Contra Costa,5329,43.763782100200366,108882,2274,0,0.0,0.030287206266318537,0.36631486367634125,0,0.0,0.0,0,13980.760654807249
06013361000,Contra Costa,4973,310.928334822555,110341,2516,113,0.04491255961844197,0.03389830508474576,0.12917329093799682,0,0.0,0.0,0,3234.1364340179307
06013352102,Contra Costa,5187,227.06415704693998,239886,2279,237,0.1039929793769197,0.006027727546714889,0.11452391399736726,0,0.0,0.0,0,8454.803413805512
06013338302,Contra Costa,5513,797.495558796953,193873,2593,239,0.09217123023524874,0.006906758756783424,0.1068260701889703,0,0.0,0.0,0,4364.402556396194
06013346101,Contra Costa,3364,373.45645032046804,222857,1478,119,0.08051420838971583,0.013975155279503106,0.14817320703653586,0,0.0,0.0,0,5893.533670558414
06013378000,Contra Costa,3887,140.40358704997578,129870,2274,145,0.06376429199648197,0.02829684997330486,0.13324538258575197,0,0.0,0.0,0,3568.841915056778
06013349000,Contra Costa,5815,1646.01580417832,116875,2616,259,0.09900611620795106,0.0730260155180283,0.09097859327217125,0,0.0,5.158438988786649,0,1847.2784670650165
06013369002,Contra Costa,2728,1807.3995547455754,72821,1330,41,0.030827067669172932,0.0,0.04285714285714286,0,0.0,0.0,0,3545.690964623059
06013345105,Contra Costa,6233,1696.6102327144447,183444,2857,104,0.03640182009100455,0.012875536480686695,0.10290514525726287,0,0.0,0.0,0,11695.341499245664
06013337300,Contra Costa,5994,1370.46402994542,159250,2685,269,0.10018621973929237,0.029523407844791228,0.21154562383612663,0,0.0,0.0,0,4156.621495593907
06013343003,Contra Costa,3847,707.3939441289436,160786,1815,129,0.07107438016528926,0.010775862068965518,0.1046831955922865,0,0.0,0.0,0,3994.413370780463
06013345103,Contra Costa,5286,1626.6298693440804,220852,2661,130,0.04885381435550545,0.0845,0.2277339346110485,0,0.0,0.0,0,4331.29033273584
06013352202,Contra Costa,2674,194.8561465341659,169591,1322,147,0.11119515885022693,0.019462465245597776,0.07261724659606657,0,0.0,0.0,0,5824.631935980025
06013346102,Contra Costa,5396,266.2270172843594,250001,2654,175,0.06593820648078372,0.016592920353982302,0.16428033157498115,0,0.0,0.0,0,8704.344887310463
06013321200,Contra Costa,5616,2446.4386371595065,107025,2997,86,0.02869536202869536,0.033559898045879354,0.16449783116449784,0,0.0,0.0,0,3823.5360785087846
06013325000,Contra Costa,6161,2097.335683638487,143520,3067,192,0.0626018910987936,0.11860670194003527,0.08477339419628302,0,0.0,1.9307705369690529,0,1787.5253064151598
06013343001,Contra Costa,5940,2274.1808198037324,159744,3110,482,0.15498392282958198,0.05740578439964943,0.1909967845659164,0,0.0,0.0,0,2344.103120359631
06013321102,Contra Costa,6133,1151.496885498117,139167,3028,134,0.04425363276089828,0.03286384976525822,0.13044914134742405,0,0.0,0.0,0,5601.342182910034
06013307204,Contra Costa,4567,3044.6761895353043,101549,2175,259,0.11908045977011494,0.01782178217821782,0.27264367816091956,0,0.0,0.0,0,4429.447093152792
06001409400,Alameda,4710,3757.125724132634,66602,2063,70,0.033931168201648085,0.05917602996254682,0.08095007270964615,0,0.0,0.0,0,1635.6645974613589
06001409500,Alameda,4291,5129.031316800413,54000,1558,209,0.13414634146341464,0.12090909090909091,0.17073170731707318,0,0.0,21.89791453735788,0,1117.8597553013797
06001409600,Alameda,5139,6875.111295475623,54012,2136,263,0.12312734082397003,0.09023415191319246,0.0599250936329588,0,0.0,0.0,0,2084.1605319377404
06001409700,Alameda,5240,6461.714601159819,47161,2015,269,0.1334987593052109,0.20813106796116504,0.07841191066997519,0,0.0,0.0,0,2713.0802866316494
06001410100,Alameda,3172,3920.927293912625,84135,1464,154,0.1051912568306011,0.0831146106736658,0.17691256830601093,0,0.0,0.0,0,2955.1568614425087
06095250900,Solano,2911,2997.661784247256,39709,1037,58,0.055930568948891035,0.22133333333333333,0.08968177434908389,0,0.0,0.0,0,20053.686364722493
06095252104,Solano,5837,571.6535192164596,158229,2721,117,0.04299889746416759,0.0032967032967032967,0.19367879456082324,0,0.0,0.0,0,15918.13788043713
06095252102,Solano,4224,53.89812069327847,105109,1901,98,0.051551814834297736,0.03654080389768575,0.1557075223566544,0,0.0,0.0,0,11798.00529129113
06095252604,Solano,4004,2550.7997489524546,100122,2046,12,0.005865102639296188,0.03169014084507042,0.13978494623655913,0,0.0,0.0,0,28825.936928191877
06095251902,Solano,5481,2659.0769416514513,93750,2446,88,0.035977105478331974,0.02334384858044164,0.25674570727718726,0,0.0,0.0,0,25099.081046421357
06095252910,Solano,4900,2957.0258336918864,120795,2394,30,0.012531328320802004,0.016998827667057445,0.15747702589807852,0,0.0,0.0,0,35703.51686160263
06001410200,Alameda,3238,5527.137551781667,75106,1653,84,0.050816696914700546,0.09674502712477397,0.1367211131276467,0,0.0,0.0,0,2630.943422660191
06001410400,Alameda,4687,6633.109516739988,82188,2367,235,0.09928179129700042,0.1543296089385475,0.15462610899873258,0,0.0,0.0,0,2117.1940033930537
06001420100,Alameda,2631,4677.5332039779105,188125,1272,128,0.10062893081761007,0.05577299412915851,0.07783018867924528,0,0.0,11.259314913473876,0,1125.6709763468566
06001420200,Alameda,3275,7291.659215309468,140508,1953,334,0.1710189452124936,0.0713737528779739,0.12749615975422426,0,0.0,35.21402688988227,0,920.0409620366368
06001420500,Alameda,2548,6052.722883287252,127000,1307,162,0.12394797245600613,0.08731808731808732,0.12394797245600613,0,0.0,0.0,0,1729.352150996651
06001421100,Alameda,2108,2827.5857626762063,234243,1088,118,0.10845588235294118,0.03592814371257485,0.24632352941176472,0,0.0,0.0,0,2893.6456652449283
06001421400,Alameda,1638,3450.0290606969843,208500,771,96,0.1245136186770428,0.04032258064516129,0.13748378728923477,0,0.0,0.0,0,1937.116058010298
06001421700,Alameda,3421,5961.771584474808,108339,1790,294,0.16424581005586592,0.1384062312762133,0.06256983240223464,0,0.0,0.0,0,1326.6450507146246
06001421800,Alameda,2260,4276.408319111275,171168,1176,232,0.19727891156462585,0.060935799782372145,0.10459183673469388,0,0.0,41.52355018904656,0,837.0266429502575
06001421900,Alameda,4141,4900.256115546459,160063,2393,403,0.16840785624738822,0.10560859188544153,0.14458838278311742,0,0.0,41.63170535964979,0,805.4039068332709
06001420600,Alameda,3488,4373.292617551746,169868,1704,253,0.14847417840375587,0.022590361445783132,0.11854460093896714,0,0.0,0.0,0,1474.0141715674536
06075023102,San Francisco,3569,7324.646714579831,46786,1385,527,0.3805054151624549,0.21294718909710392,0.20649819494584837,29,59.5166026121645,100.0,1,3583.411324475213
06075023200,San Francisco,4222,4928.981238992661,122803,2086,584,0.2799616490891659,0.08222591362126246,0.10258868648130393,27,31.52119693339693,100.0,1,3948.901466484791
06075023300,San Francisco,3950,6237.6243447303805,74844,1858,466,0.25080731969860065,0.1928079571537873,0.09418729817007535,14,22.108035652208944,100.0,1,3261.444837585723
06075022901,San Francisco,4386,17621.280089052336,96964,2661,781,0.2934986847049981,0.28941836019621586,0.079293498684705,13,52.22905635150031,99.99999999999999,1,418.75799615801304
06001407000,Alameda,6202,7187.072306436444,89755,2934,254,0.08657123381049761,0.10426065162907268,0.04976141785957737,0,0.0,0.0,0,2390.3043150775075
06001407200,Alameda,6544,9151.522440330118,59937,3091,648,0.20964089291491428,0.15084102007596312,0.13684891620834683,0,0.0,77.3300812674538,0,530.9789969469734
06085504316,Santa Clara,5410,4793.871952380908,174706,2942,8,0.002719238613188307,0.01456953642384106,0.07545887151597552,0,0.0,0.0,0,2076.9180428155714
06001407300,Alameda,2459,953.0380544585282,77813,1082,134,0.12384473197781885,0.08320493066255778,0.21164510166358594,0,0.0,5.172296785793157,0,1660.8982252459018
06001407400,Alameda,4242,8293.40726988002,57961,1730,96,0.055491329479768786,0.1563236449332286,0.11965317919075144,0,0.0,0.0,0,1581.905587814964
06001407600,Alameda,6459,6315.5735939982205,86761,3458,304,0.08791208791208792,0.03573176700930005,0.09976865240023135,0,0.0,0.0,0,1859.1443064051402
06001407700,Alameda,4238,4635.317881185265,116814,2169,334,0.15398801290917474,0.04275534441805225,0.17842323651452283,0,0.0,0.0,0,2566.2887729170784
06001407800,Alameda,2769,2266.3940447487935,113438,1267,274,0.21625887924230466,0.07123655913978495,0.2525651144435675,0,0.0,0.0,0,3246.187992246017
06085503324,Santa Clara,3420,4130.600218474542,158404,1592,47,0.029522613065326633,0.011013215859030838,0.13190954773869346,0,0.0,0.0,0,8813.616883834044
06001423700,Alameda,3606,4948.6080532525675,108750,1648,134,0.08131067961165049,0.1908713692946058,0.11529126213592233,0,0.0,0.0,0,1903.9476939942697
06001423800,Alameda,3425,3157.4737751844805,191838,1568,225,0.1434948979591837,0.03166783954961295,0.14221938775510204,0,0.0,2.8362353640472544,0,1268.959210334472
06085503509,Santa Clara,4396,4075.28557139591,139130,1966,18,0.009155645981688708,0.01079136690647482,0.14394710071210579,0,0.0,0.0,0,6836.560482021826
06001423901,Alameda,2258,5723.828845499336,105625,1328,269,0.20256024096385541,0.1490104772991851,0.13855421686746988,2,5.069821829494541,100.0,1,212.75976469572316
06001427700,Alameda,5009,2931.641686585087,120804,2869,393,0.136981526664343,0.1679705476300046,0.12652492157546183,0,0.0,0.0,0,3580.876248191505
06001427800,Alameda,4274,5142.278895976669,132647,2379,402,0.16897856242118536,0.08773903262092239,0.12652374947456915,0,0.0,0.0,0,2887.6337284997912
06085504317,Santa Clara,3763,3159.4945152710397,157610,2023,107,0.052891744933267426,0.08196721311475409,0.11171527434503213,0,0.0,2.394059842814539,0,1609.859560977303
06085504319,Santa Clara,6720,3217.746993967995,175625,3364,38,0.011296076099881093,0.020350212967345006,0.07520808561236624,2,0.9576627958238081,43.08894676909313,1,874.9439537238982
06085504320,Santa Clara,3000,3247.1695865493884,176500,1449,15,0.010351966873706004,0.05592105263157895,0.05106970324361629,0,0.0,0.0,0,1885.8786178821495
06001424001,Alameda,3631,7154.250657462387,87500,1954,574,0.2937563971340839,0.18240343347639484,0.12487205731832139,0,0.0,89.3741208613873,0,519.0941285927886
06001428100,Alameda,4866,4709.948226788359,155071,2552,389,0.1524294670846395,0.06088362068965517,0.12343260188087775,0,0.0,0.0,0,1907.7121667550164
06001428200,Alameda,6475,2988.257986160185,103333,2990,362,0.12107023411371237,0.05457227138643068,0.13344481605351172,0,0.0,0.0,0,2743.3956258906946
06085503511,Santa Clara,3499,4219.922845512025,114167,1659,7,0.004219409282700422,0.06756756756756757,0.12537673297166968,0,0.0,0.0,0,6083.961037760866
06085503601,Santa Clara,3582,2610.1891979065567,90750,1855,96,0.05175202156334232,0.0847457627118644,0.11913746630727763,0,0.0,18.097030402124744,0,1356.5620258028089
06085504321,Santa Clara,5412,3731.8038981896225,172857,2981,165,0.055350553505535055,0.020731707317073172,0.09057363300905737,0,0.0,0.0,0,2865.114031490164
06085504410,Santa Clara,4124,3741.8269763447934,143173,2266,38,0.01676963812886143,0.10025273799494525,0.029567519858781994,0,0.0,18.804004819313086,0,1054.4010544417727
06085507003,Santa Clara,3074,322.5109213569327,240179,1360,18,0.013235294117647059,0.04833333333333333,0.05514705882352941,0,0.0,0.0,0,19782.681122259528
06081602601,San Mateo,4096,5287.750699300514,156595,2095,188,0.08973747016706445,0.06329113924050633,0.11312649164677804,0,0.0,0.0,0,2294.5775076120253
06081602001,San Mateo,3946,2700.000196389665,141995,2220,344,0.15495495495495495,0.0667547918043622,0.08243243243243244,0,0.0,0.0,0,2164.1080003841253
06013367100,Contra Costa,5773,3254.8272930249045,66885,2943,334,0.11348963642541625,0.036597428288822946,0.2273190621814475,0,0.0,0.0,0,4447.437183065015
06085503510,Santa Clara,4565,4419.464331411504,101607,2402,41,0.01706910907577019,0.03475238922675934,0.07035803497085762,0,0.0,0.0,0,5307.710344816656
06085507004,Santa Clara,3926,1619.8705186415882,198306,1743,0,0.0,0.014985590778097982,0.01549053356282272,0,0.0,0.0,0,18212.608750254316
06085502204,Santa Clara,3242,9790.305334953518,67552,1466,80,0.054570259208731244,0.12023217247097844,0.12482946793997271,0,0.0,0.0,0,8720.616136820021
06085502203,Santa Clara,4211,6539.995396220044,132125,2613,28,0.010715652506697282,0.1104225352112676,0.022962112514351322,0,0.0,0.0,0,7895.166707995829
06085501902,Santa Clara,3385,3179.5716050596643,142981,2230,141,0.06322869955156951,0.04607206142941524,0.08565022421524664,0,0.0,0.0,0,6542.989749821245
06085502104,Santa Clara,2634,3418.4931222691594,121875,1527,58,0.03798297314996726,0.0050916496945010185,0.09823182711198428,0,0.0,0.0,0,8375.452004885417
06085502103,Santa Clara,4261,4137.675608505778,81283,2388,95,0.039782244556113906,0.03946569520340012,0.05025125628140704,0,0.0,0.0,0,7503.77008181446
06085504424,Santa Clara,5269,206.02313210137356,151302,2775,71,0.025585585585585584,0.06538461538461539,0.05081081081081081,0,0.0,0.0,0,5296.575677848912
06085505015,Santa Clara,5229,2313.020237970153,173345,3381,111,0.032830523513753325,0.05016357688113413,0.05619639160011831,0,0.0,0.0,0,4473.74568649092
06085505012,Santa Clara,2879,2708.828411409096,201190,2106,198,0.09401709401709402,0.061813186813186816,0.05270655270655271,0,0.0,0.0,0,4961.4852655260065
06085505014,Santa Clara,6023,5340.7693355279125,137273,3999,102,0.025506376594148537,0.017578125,0.05076269067266817,0,0.0,0.0,0,5887.229319702113
06085505010,Santa Clara,4473,573.8198950980612,191326,2274,0,0.0,0.0715307582260372,0.051451187335092345,0,0.0,0.0,0,7361.9025548781765
06085501901,Santa Clara,2618,4379.604465110453,126917,1828,85,0.04649890590809628,0.10931485758275597,0.02188183807439825,0,0.0,0.0,0,5774.69786572029
06085511502,Santa Clara,3223,1662.7453416454732,250001,1444,14,0.009695290858725761,0.03205128205128205,0.008310249307479225,0,0.0,0.0,0,21875.98808482075
06085504903,Santa Clara,4970,8375.885472802456,177569,3094,115,0.037168713639301874,0.028868906767628964,0.011635423400129283,0,0.0,0.0,0,5100.464702436476
06085504808,Santa Clara,2251,4461.0229042697665,131276,1254,6,0.004784688995215311,0.2044776119402985,0.07017543859649122,0,0.0,0.0,0,12031.128062777436
06085511501,Santa Clara,4820,3162.2379391511176,196429,2579,112,0.04342768514928267,0.12794268167860798,0.02365257851880574,0,0.0,0.0,0,20338.26003546078
06085512057,Santa Clara,4125,3007.6190188188834,151146,2449,0,0.0,0.11422845691382766,0.03634136382196815,0,0.0,0.0,0,11480.695131795088
06085512059,Santa Clara,6927,2935.4477594908813,148700,3199,172,0.05376680212566427,0.00990990990990991,0.09940606439512348,0,0.0,0.0,0,16506.974488031763
06085503339,Santa Clara,3934,1048.4646830322956,250001,1968,38,0.019308943089430895,0.011281224818694601,0.18038617886178862,0,0.0,0.0,0,13316.470485352935
06085503338,Santa Clara,4092,435.2865572596748,250001,2175,13,0.005977011494252874,0.014655172413793103,0.10666666666666667,0,0.0,0.0,0,13793.067620701839
06085512056,Santa Clara,3125,3306.6540334832057,101111,1665,55,0.03303303303303303,0.12400793650793651,0.15435435435435435,0,0.0,0.0,0,12216.418477664884
06085503219,Santa Clara,2648,5469.3220094123635,57723,1031,0,0.0,0.06390977443609022,0.016488845780795344,0,0.0,0.0,0,8932.74569025279
06085503222,Santa Clara,6103,8124.37261689716,95912,2837,183,0.06450475854776172,0.14738202973497092,0.032781106802960876,0,0.0,0.0,0,8458.539102310126
06085509111,Santa Clara,4205,4333.091406052941,157311,1856,135,0.07273706896551724,0.05868118572292801,0.030711206896551723,0,0.0,0.0,0,15445.472576303906
06085507705,Santa Clara,4092,769.0413172416746,250001,1705,0,0.0,0.010566037735849057,0.04340175953079179,0,0.0,0.0,0,19112.228357856864
06085507704,Santa Clara,3344,2522.5670653882194,219286,1467,36,0.024539877300613498,0.09826086956521739,0.03749147920927062,0,0.0,0.0,0,17639.335501736925
06085512058,Santa Clara,5504,3586.9230270495905,113893,3206,51,0.015907673112913287,0.035482475118996104,0.10948222083593262,0,0.0,0.0,0,15159.73092435039
06085504807,Santa Clara,5841,6158.984035998774,222917,4018,113,0.02812344449975112,0.03150481838398814,0.03086112493777999,0,0.0,0.0,0,11078.18870110327
06085508205,Santa Clara,3882,3135.7660508110644,193292,2160,53,0.024537037037037038,0.02698961937716263,0.043055555555555555,0,0.0,0.0,0,11724.49502819518
06085508510,Santa Clara,3500,4750.567176368393,110288,1918,77,0.040145985401459854,0.12626656274356976,0.0072992700729927005,0,0.0,0.0,0,12489.90041610648
06085508206,Santa Clara,3934,2861.5850147768897,204750,1918,66,0.03441084462982273,0.012667135819845179,0.058394160583941604,0,0.0,0.0,0,11903.742410646979
06085512513,Santa Clara,3761,2939.7310526324063,90213,1746,36,0.020618556701030927,0.031446540880503145,0.16151202749140894,0,0.0,0.0,0,46404.983491621126
06085512512,Santa Clara,4052,4137.2530326094575,88587,1514,0,0.0,0.0,0.26354029062087186,0,0.0,0.0,0,48710.349834628134
06085512514,Santa Clara,2924,3733.0853846321443,127266,1299,13,0.010007698229407237,0.031525851197982346,0.22401847575057737,0,0.0,0.0,0,46275.22575891773
06085512516,Santa Clara,4525,1381.058443748512,149424,1986,32,0.016112789526686808,0.016382252559726963,0.1228600201409869,0,0.0,0.0,0,45364.90083002732
06085508305,Santa Clara,5604,13151.19551303509,113040,2585,41,0.01586073500967118,0.06386375731772219,0.01702127659574468,0,0.0,0.0,0,14731.88538825222
06085504509,Santa Clara,4740,1385.5416733828374,184063,2676,76,0.028400597907324365,0.0410958904109589,0.02914798206278027,2,0.584616739823982,22.043214694566167,1,1348.8402292203868
06085501601,Santa Clara,4088,5228.696974930704,112793,2568,128,0.04984423676012461,0.06558485463150777,0.11059190031152648,0,0.0,0.0,0,4326.484500388293
06085501602,Santa Clara,3255,7461.36900169958,47000,1944,136,0.06995884773662552,0.17036450079239301,0.046296296296296294,0,0.0,0.0,0,4362.485936938626
06085506505,Santa Clara,4333,6590.2612281586,132950,2056,41,0.019941634241245135,0.056068133427963095,0.05544747081712062,0,0.0,0.0,0,10730.829339066015
06085504510,Santa Clara,4325,2530.220652949667,139957,2229,82,0.036787797218483624,0.12300531914893617,0.039030955585464336,0,0.0,14.894059358623846,0,1539.4384683033275
06085508708,Santa Clara,4917,1005.0406313307213,245007,3631,59,0.016248967226659323,0.1799910674408218,0.018452217020104654,0,0.0,0.0,0,10248.521095464635
06085505902,Santa Clara,3950,4477.502700514101,105542,2046,58,0.028347996089931573,0.12229016120066703,0.05865102639296188,0,0.0,0.0,0,7938.6589144583495
06085503127,Santa Clara,4723,1613.7510543483243,159375,2983,98,0.032852832718739525,0.04103566194430874,0.10023466309084814,0,0.0,0.0,0,9319.774430261301
06085503126,Santa Clara,3770,2439.8766790679806,136865,1832,42,0.02292576419213974,0.02686108979278588,0.08078602620087336,0,0.0,0.0,0,8250.304248418512
06085503124,Santa Clara,5747,3654.482714129557,100742,2678,100,0.037341299477221805,0.011587485515643106,0.06684092606422704,0,0.0,0.0,0,9437.605451763728
06085503125,Santa Clara,3663,4932.731200242931,159792,1998,45,0.02252252252252252,0.007462686567164179,0.15365365365365366,0,0.0,0.0,0,9475.67940023985
06085512055,Santa Clara,3532,5215.387023099105,108393,2116,66,0.031190926275992438,0.016036655211912942,0.031190926275992438,0,0.0,0.0,0,11501.408197248393
06085509002,Santa Clara,3954,5874.8784995064825,121964,2297,185,0.0805398345668263,0.029351535836177476,0.047888550282977796,0,0.0,0.0,0,11459.617997545292
06085509001,Santa Clara,2929,3391.7067839244155,106389,1676,42,0.025059665871121718,0.015657620041753653,0.019689737470167064,0,0.0,0.0,0,11937.661062329551
06085508306,Santa Clara,3130,3599.633133650263,221250,1488,9,0.006048387096774193,0.05100334448160535,0.006048387096774193,0,0.0,0.0,0,14521.994528192941
06085502704,Santa Clara,4143,2539.5800345099788,199167,2062,13,0.006304558680892337,0.08256880733944955,0.0906886517943744,0,0.0,0.0,0,13871.22075789874
06001428301,Alameda,7203,1221.2206902061623,191875,3858,676,0.17522032141005703,0.012897678417884782,0.17599792638672887,0,0.0,0.0,0,3436.4286057403324
06001428302,Alameda,7022,2594.796190002913,225500,3397,373,0.10980276714748308,0.01987281399046105,0.14277303503090963,0,0.0,0.0,0,4147.58257647785
06001428400,Alameda,4756,2403.7532399534034,94231,2382,308,0.12930310663308145,0.06753812636165578,0.12426532325776658,0,0.0,0.0,0,3864.4853876846328
06001430900,Alameda,5214,4754.909522467641,105227,2538,131,0.05161544523246651,0.08757062146892655,0.12056737588652482,0,0.0,13.000065519749956,0,1048.5561185596987
06055201102,Napa,2053,13.182709887873228,134167,854,0,0.0,0.032670454545454544,0.04332552693208431,0,0.0,0.0,0,38268.95414066412
06075022803,San Francisco,4430,15704.792263918795,153750,2569,667,0.25963409887115607,0.24318801089918257,0.041650447644998055,6,21.270599003050286,99.99999999999997,1,676.010008339737
06075047702,San Francisco,3654,10357.520052939968,114892,1986,309,0.1555891238670695,0.19477286869943994,0.04229607250755287,9,25.51113313532012,100.0,1,5726.6969610631995
06075035202,San Francisco,4878,13086.233312532519,100701,2829,980,0.34641215977377166,0.07371975239167136,0.20395899611170024,14,37.55786518562018,100.0,1,6785.777036460989
06075013300,San Francisco,4284,7369.617559252923,173851,1991,486,0.2440984429934706,0.30808597748208805,0.08990457056755399,12,20.643186440484374,100.0,1,3544.040134262485
06075025403,San Francisco,4244,8229.033273820938,166935,2217,468,0.21109607577807848,0.09796238244514106,0.08479927830401443,21,40.71859065745517,100.0,1,1134.7755926046084
06075022702,San Francisco,2152,7281.867889171597,240922,1579,217,0.13742875237492083,0.16086547507055504,0.0759974667511083,7,23.686373245446646,99.99999999999997,1,2144.929864148948
06001431000,Alameda,3091,3239.3294732721756,87083,1567,197,0.12571793235481812,0.09810981098109811,0.1244416081684748,0,0.0,73.0250870357185,0,346.4844299431784
06001432100,Alameda,3892,3519.698512422105,172278,2151,257,0.1194793119479312,0.023651145602365115,0.09809390980939098,0,0.0,0.0,0,2012.2364486051038
06085503325,Santa Clara,4391,3857.1328834340884,172955,2116,50,0.023629489603024575,0.009666080843585237,0.05056710775047259,0,0.0,0.0,0,9267.993861027559
06085503602,Santa Clara,5255,4295.906414546533,88235,2457,115,0.0468050468050468,0.10883280757097792,0.12006512006512006,0,0.0,0.0,0,3315.268797545953
06085503703,Santa Clara,3888,5935.611078116922,78750,1991,49,0.024610748367654443,0.013856812933025405,0.09040683073832245,0,0.0,0.0,0,4022.9751782224726
06085503712,Santa Clara,4340,6534.460176468129,70285,1811,29,0.01601325234676974,0.12148823082763857,0.05687465488680287,0,0.0,0.0,0,2572.269636619789
06001428000,Alameda,2906,5527.195330156569,90750,1418,327,0.2306064880112835,0.040444091990483745,0.19040902679830748,0,0.0,0.0,0,2251.7428907794015
06001428500,Alameda,3302,3276.7093390184027,138571,1785,311,0.1742296918767507,0.09427374301675978,0.12380952380952381,0,0.0,0.0,0,3576.198602478463
06001428600,Alameda,3235,1634.3426946409757,116833,1863,217,0.11647879763821793,0.06829896907216494,0.04777241009125067,0,0.0,0.0,0,3838.031128649308
06001430300,Alameda,4290,1674.753397549322,169646,2088,98,0.04693486590038314,0.03361344537815126,0.10488505747126436,0,0.0,0.0,0,3232.204483559956
06001430400,Alameda,2155,739.2484263465113,206750,1068,48,0.0449438202247191,0.040787623066104076,0.10674157303370786,0,0.0,0.0,0,3447.3439325615386
06001430700,Alameda,4085,3088.6070176865323,115625,1842,184,0.0998914223669924,0.02276064610866373,0.2280130293159609,0,0.0,0.0,0,1799.6656880484709
06085503708,Santa Clara,2662,2182.6096913109145,108281,1369,40,0.029218407596785977,0.08134642356241234,0.07815924032140248,0,0.0,0.0,0,1775.1017133706841
06013304006,Contra Costa,3292,80.03675840782945,200990,1607,23,0.01431238332296204,0.0,0.31985065339141255,0,0.0,0.0,0,16626.68173722913
06013392202,Contra Costa,4724,1780.875130332861,110417,2479,21,0.008471157724889069,0.0,0.18354175070592982,0,0.0,0.0,0,7964.727700510655
06013392201,Contra Costa,4867,328.01346978182715,101648,2679,377,0.14072415080253825,0.08535862477771192,0.16722657708100036,0,0.0,0.0,0,6125.071485650814
06013303210,Contra Costa,3598,1093.720658519613,100994,1227,0,0.0,0.042093901780895844,0.1915240423797881,0,0.0,0.0,0,10160.83941080409
06013355121,Contra Costa,6409,1319.295125138721,244000,3224,162,0.05024813895781638,0.010516252390057362,0.18672456575682383,0,0.0,0.0,0,9203.437894383309
06013355124,Contra Costa,4601,2304.8506066584373,250001,2274,259,0.113896218117854,0.015555555555555555,0.23790677220756376,0,0.0,0.0,0,6137.850929716227
06013345205,Contra Costa,5779,1422.5714524420011,163667,3218,65,0.020198881292728402,0.011139674378748929,0.09602237414543195,0,0.0,0.0,0,10861.599058102369
06013355126,Contra Costa,5773,420.4082804958277,250001,2451,200,0.08159934720522236,0.01989730423620026,0.1868625050999592,0,0.0,0.0,0,8198.772338234496
06001422500,Alameda,4467,9595.572299495829,58558,2359,292,0.12378126324713862,0.21775644871025795,0.06740144128868164,0,0.0,13.435960076165518,0,1056.4615390090598
06001422700,Alameda,4803,13848.591981752235,42417,1847,167,0.09041689225771521,0.38238238238238237,0.036816459122902004,0,0.0,0.0,0,1649.5342340136754
06001423000,Alameda,4549,6230.803119345825,86917,2827,638,0.22568093385214008,0.12162876784769963,0.06473293243721259,0,0.0,53.42923240665767,0,867.7212992460812
06001423100,Alameda,4275,5710.280749225772,61161,1808,444,0.24557522123893805,0.31324701195219123,0.16648230088495575,0,0.0,26.856649866048027,0,941.8080132103543
06001424002,Alameda,2663,8149.552365164701,103393,1417,245,0.17290049400141144,0.21407907425265188,0.05998588567395907,0,0.0,0.0,0,1069.2676208267308
06075030202,San Francisco,4209,11802.576795319776,153412,2590,877,0.33861003861003863,0.32249873031995935,0.10926640926640926,18,50.47431273835969,100.0,1,4190.948132353047
06075026001,San Francisco,6416,15752.72195658358,114563,3350,1041,0.3107462686567164,0.10337078651685393,0.09432835820895523,17,41.73882064556123,100.0,1,1079.7317863932121
06075026003,San Francisco,4920,12075.542141478647,98177,2544,444,0.17452830188679244,0.1333803810868031,0.06918238993710692,26,63.81384058504976,99.99999999999997,1,1571.3374758261377
06075026404,San Francisco,2507,13252.063127572794,91463,1376,417,0.30305232558139533,0.16521739130434782,0.1613372093023256,6,31.716146296544384,100.0,1,3070.5383975763793
06001426200,Alameda,4861,3578.9729828192476,250001,2174,244,0.11223551057957681,0.033292978208232446,0.07359705611775529,0,0.0,0.0,0,2360.864436892388
06001427100,Alameda,4222,3537.0718192969557,215045,1997,260,0.13019529293940912,0.0,0.11266900350525788,0,0.0,0.0,0,1289.1263275065144
06001427200,Alameda,4508,2306.1930716891543,118571,2403,156,0.06491885143570537,0.09113607990012484,0.10653349979192676,0,0.0,0.0,0,2094.5379041187966
06085503401,Santa Clara,4329,4797.39515276707,89321,1857,58,0.031233171782444804,0.030430220356768102,0.07108239095315025,0,0.0,0.0,0,4947.703869406626
06013314106,Contra Costa,4176,4127.0657411688535,68352,1317,16,0.012148823082763858,0.04513540621865597,0.2384206529992407,0,0.0,32.29977846843164,0,917.0911300603246
06013302011,Contra Costa,4915,298.3728766875846,128703,2111,122,0.05779251539554713,0.04686423156443832,0.33633349123638084,0,0.0,0.0,0,9990.84415692263
06013340003,Contra Costa,3718,1475.3281566942196,160208,1625,67,0.04123076923076923,0.02824478816408877,0.10707692307692308,0,0.0,0.0,0,2348.6630434440217
06013355307,Contra Costa,4397,715.8454237246002,145430,1927,111,0.057602490918526206,0.020793950850661626,0.227815256875973,0,0.0,0.0,0,7050.688817402113
06013355119,Contra Costa,5288,303.0466477898307,158343,2520,297,0.11785714285714285,0.088638195004029,0.4023809523809524,0,0.0,0.0,0,6379.796144875256
06013355120,Contra Costa,4036,2645.506577866212,94839,1735,157,0.0904899135446686,0.026792179580014484,0.3221902017291066,0,0.0,0.0,0,3535.2541692959535
06013313106,Contra Costa,7094,549.8672510046059,133548,3805,234,0.06149802890932983,0.0,0.21576872536136663,0,0.0,0.0,0,4300.143341201808
06013303206,Contra Costa,5452,714.7505630470735,156513,2562,46,0.01795472287275566,0.04429530201342282,0.265807962529274,0,0.0,0.0,0,7046.067934137242
06013303207,Contra Costa,8270,1483.7882978245568,110563,3737,444,0.1188118811881188,0.016619183285849954,0.3732940861653733,0,0.0,0.0,0,4837.738780695179
06013302014,Contra Costa,7602,1979.1830421266507,139369,3924,124,0.03160040774719674,0.014561027837259101,0.34378185524974514,0,0.0,0.0,0,5308.394549511247
06013303104,Contra Costa,6060,1397.119275114487,139292,2642,300,0.11355034065102196,0.006043956043956044,0.380772142316427,0,0.0,0.0,0,7180.661398698087
06013303106,Contra Costa,8245,273.1424120615761,101985,3745,116,0.030974632843791722,0.03248646397334444,0.19839786381842456,0,0.0,0.0,0,12091.500225475129
06075025401,San Francisco,3819,10158.8395656847,165278,2123,533,0.25105982100800756,0.08469539375928678,0.05605275553462082,12,31.920941290446823,99.99999999999997,1,1209.9670334712876
06075060502,San Francisco,3361,9635.016316168445,37891,1225,321,0.2620408163265306,0.2601880877742947,0.10775510204081633,9,25.800400727615592,100.0,1,2633.5325131849995
06075045100,San Francisco,4838,12583.853260715188,190389,2888,675,0.23372576177285317,0.19679752066115702,0.13988919667590027,14,36.414622912363086,99.99999999999999,1,3910.139254814476
06075016500,San Francisco,5317,14353.00391937424,177159,3443,915,0.26575660760964276,0.28761061946902655,0.05866976474005228,15,40.49182975185511,100.0,1,2662.083132793896
06075015300,San Francisco,2293,9810.879471097569,176090,1524,420,0.2755905511811024,0.33528265107212474,0.08989501312335958,10,42.78621662057378,100.0,1,2381.863537260431
06075013500,San Francisco,2471,10506.631100743709,175118,1732,297,0.17147806004618937,0.31505179768433883,0.06351039260969978,12,51.023704252903485,100.0,1,2077.86026656075
06075023103,San Francisco,4456,2619.6476779347818,29799,1288,217,0.16847826086956522,0.2075098814229249,0.140527950310559,36,21.164119480622116,85.27691820254763,1,4270.704394449337
06075022801,San Francisco,4950,8563.136629287852,164539,3029,589,0.19445361505447342,0.1451346893897746,0.05975569494882799,14,24.21897228485453,100.0,1,801.6827406036348
06075018000,San Francisco,3774,4042.8179666309643,183507,2207,440,0.1993656547349343,0.38747675139491633,0.12777526053466243,13,13.925976037679527,99.99999999999999,1,1108.5374956637818
06085503402,Santa Clara,4597,6309.465239775333,66538,1740,35,0.020114942528735632,0.12284069097888675,0.0735632183908046,0,0.0,0.0,0,6153.608027378235
06085503507,Santa Clara,2332,6001.950833679176,135329,1125,5,0.0044444444444444444,0.03526448362720403,0.06666666666666667,0,0.0,0.0,0,4917.669852616796
06085508004,Santa Clara,5862,4052.4374456854584,232563,2871,19,0.0066179031696273075,0.030377266046055854,0.055033089515848135,0,0.0,0.0,0,12596.678196668558
06001427300,Alameda,5283,1905.823289002834,124432,2695,264,0.09795918367346938,0.08387096774193549,0.08200371057513915,0,0.0,0.0,0,1798.2494651916425
06085504411,Santa Clara,5901,4323.356885045836,178333,3424,68,0.01985981308411215,0.00569620253164557,0.19421728971962618,0,0.0,0.0,0,2398.0718719280767
06085503322,Santa Clara,4635,3210.007548925768,108973,2364,41,0.01734348561759729,0.03242769500438212,0.06725888324873096,0,0.0,0.0,0,7443.907305523289
06075010300,San Francisco,3925,14631.475254733368,149766,2522,525,0.20816812053925457,0.31336847149017727,0.05670103092783505,13,48.46093714943536,99.99999999999996,1,1851.0678995521432
06075010500,San Francisco,3108,2638.5489818546266,187763,1621,257,0.15854410857495374,0.36551339285714285,0.1147439851943245,23,19.52594162891133,99.99999999999997,1,773.9346964366486
06075010600,San Francisco,3197,17075.917506106933,58060,1947,517,0.2655367231638418,0.6419479800774764,0.048279404211607604,17,90.80093763022143,100.0,1,1098.4282835401002
06075010800,San Francisco,4613,20404.935097234993,145402,3188,681,0.21361355081555836,0.280716368179925,0.13456712672521956,16,70.77367473569475,100.0,1,1375.9882520980304
06075011200,San Francisco,2865,16148.479515315867,158750,1771,335,0.189158667419537,0.49061175045427013,0.05759457933370977,22,124.0022859814831,99.99999999999999,1,1038.1797420609903
06075011300,San Francisco,2862,27976.94887122876,31801,1268,281,0.221608832807571,0.6818510484454086,0.0914826498422713,13,127.07908292312155,100.0,1,911.6338583254899
06075011700,San Francisco,2056,3726.326424062477,93500,1149,257,0.22367275892080069,0.7482638888888888,0.020887728459530026,50,90.6207787952937,100.0,2,215.34851297015152
06075011800,San Francisco,1695,29965.85706022523,41471,823,268,0.32563791008505466,0.7953929539295393,0.11786148238153099,7,123.75280201862927,99.99999999999999,1,608.0672490593645
06085503508,Santa Clara,5982,5933.669567028581,123168,2731,14,0.005126327352618088,0.029484029484029485,0.019406810692054192,0,0.0,0.0,0,5806.263136582377
06001423300,Alameda,3476,4783.765015891724,83450,1700,279,0.16411764705882353,0.15815255423372987,0.10705882352941176,0,0.0,0.0,0,1348.8511939114478
06085503709,Santa Clara,6178,6981.047600564422,59926,2696,160,0.05934718100890208,0.16007276034561163,0.08716617210682492,0,0.0,9.839265606359099,0,1199.1444475258124
06085503804,Santa Clara,5372,3558.781515698244,102483,2618,86,0.03284950343773873,0.058445353594389245,0.022536287242169595,0,0.0,0.0,0,2760.3966589920133
06085503212,Santa Clara,4176,2498.5676932813517,116375,1960,41,0.020918367346938777,0.07063572149344097,0.11530612244897959,0,0.0,0.0,0,8172.849734036973
06085503213,Santa Clara,5140,4675.083166234143,73790,2250,25,0.011111111111111112,0.07137254901960784,0.04888888888888889,0,0.0,0.0,0,8128.032058912681
06085503217,Santa Clara,4412,7330.07883613825,81696,1997,98,0.049073610415623435,0.01344364012409514,0.17926890335503254,0,0.0,0.0,0,9897.85969381066
06085504001,Santa Clara,5085,4470.885772514055,75000,2559,136,0.05314576006252442,0.08565737051792828,0.10160218835482611,0,0.0,0.0,0,4337.379326476142
06085504002,Santa Clara,6385,6221.012325883519,90153,3139,17,0.00541573749601784,0.028711484593837534,0.07008601465434852,0,0.0,0.0,0,3908.458184654374
06085504101,Santa Clara,4490,4521.772770043205,107250,2337,87,0.037227214377406934,0.01216089803554724,0.14377406931964057,0,0.0,0.0,0,4802.0961156531175
06085503218,Santa Clara,4519,7652.7478526880495,66958,1859,85,0.0457235072619688,0.15327793167128348,0.11941904249596558,0,0.0,0.0,0,10552.623211830369
06085503304,Santa Clara,6804,4573.84816327332,94539,3177,48,0.015108593012275733,0.08418657565415244,0.09254013220018886,0,0.0,0.0,0,7806.735956820512
06085503305,Santa Clara,5854,2518.643797815728,86629,2609,86,0.03296282100421617,0.17366548042704627,0.11230356458413185,0,0.0,0.0,0,7574.296067484646
06085503306,Santa Clara,4047,2426.8919312064118,118214,2056,77,0.03745136186770428,0.0829326923076923,0.051070038910505836,0,0.0,0.0,0,6211.719842999527
06085504102,Santa Clara,5730,4268.014345702832,104489,2527,20,0.007914523149980214,0.05891354246365723,0.08033240997229917,0,0.0,0.0,0,5304.897337716682
06085503313,Santa Clara,4729,2944.481683817054,197159,2242,10,0.0044603033006244425,0.017543859649122806,0.09901873327386262,0,0.0,0.0,0,9620.70121816133
06085503315,Santa Clara,8473,5144.034109604377,150192,4487,78,0.01738355248495654,0.05617455896007428,0.07532872743481168,0,0.0,0.0,0,8549.355236559293
06075012700,San Francisco,4021,5915.237122689032,236158,2887,464,0.1607204710772428,0.1296037296037296,0.06234845860755109,14,20.59520510262284,100.0,1,3911.154146741554
06075013200,San Francisco,3931,7190.748452502973,201464,2277,289,0.12692138779095302,0.17171260732037957,0.020641194554238032,12,21.950898354117445,99.99999999999996,1,2698.3112870904833
06085503323,Santa Clara,3750,3313.122488893732,156186,1927,24,0.012454592631032694,0.07297830374753451,0.08354955889984432,0,0.0,0.0,0,8300.04009600432
06075012100,San Francisco,3513,28469.63947002283,83906,2452,528,0.21533442088091354,0.778393351800554,0.08482871125611746,12,97.24898196421121,99.99999999999997,1,608.877865588149
06075015100,San Francisco,2799,16273.49349228257,170583,1711,647,0.3781414377556984,0.4720930232558139,0.1081239041496201,3,17.4421152114497,99.99999999999997,1,1223.60759368422
06085503321,Santa Clara,4301,2149.9602832169357,159375,2117,8,0.003778932451582428,0.09519492293744333,0.09400094473311289,0,0.0,0.0,0,7213.809466054011
06085504311,Santa Clara,8064,3704.999908647224,167277,4407,164,0.03721352393918766,0.020006668889629875,0.06580440208758793,0,0.0,18.71255576494694,0,1329.5479006535468
06085504314,Santa Clara,4745,3215.762576473091,165714,2487,82,0.03297145154804986,0.017830609212481426,0.10052271813429835,0,0.0,0.0,0,3302.56116984594
06085504315,Santa Clara,6719,4234.439876144863,166042,3901,28,0.007177646757241733,0.0,0.05024352730069213,0,0.0,0.0,0,2750.8145596882573
06001423400,Alameda,5551,7348.019606047007,107455,3306,766,0.23169993950393225,0.1491431218156554,0.08499697519661222,0,0.0,44.37129578092557,0,793.326522692935
06001423500,Alameda,3540,5568.2615872343695,89728,1990,396,0.19899497487437187,0.23583662714097497,0.06733668341708543,0,0.0,64.36532528121143,0,714.6265457934114
06001423602,Alameda,7198,17792.860756815913,59297,3473,747,0.21508782032824647,0.36101083032490977,0.06420961704578175,0,0.0,4.235256479418216,0,1092.3574019739617
06001427600,Alameda,4740,8132.241421661324,91820,2481,248,0.09995969367190649,0.1434643995749203,0.12293430068520758,0,0.0,0.0,0,2697.225822586552
06075015900,San Francisco,5245,17744.90347069645,114323,2824,722,0.2556657223796034,0.402536402066698,0.16147308781869688,15,50.74805568359327,100.0,1,1427.2255710500267
06075016000,San Francisco,2460,15616.692003288561,135246,1499,287,0.1914609739826551,0.5645067133683596,0.0867244829886591,3,19.044746345473857,100.0,1,822.7831852888556
06075016200,San Francisco,3230,11820.278219209806,181425,2478,589,0.23769168684422923,0.5105576610720086,0.11420500403551251,7,25.616702023055307,100.0,1,831.8881826614098
06075016300,San Francisco,3942,16033.194649152016,129962,2522,715,0.28350515463917525,0.36021220159151196,0.09912767644726407,12,48.807289647342515,99.99999999999997,1,1429.4884898884711
06075016400,San Francisco,4162,13464.951849730032,212667,2847,899,0.3157709870038637,0.34976525821596244,0.1095890410958904,8,25.88169504993759,100.0,1,1873.778443438533
06075015500,San Francisco,3708,11879.034296178683,92829,1637,426,0.2602321319486866,0.5753668297020899,0.10568112400733048,14,44.85072280110614,99.99999999999997,1,1888.584176479338
06075015600,San Francisco,2988,10165.59353526317,99028,1586,419,0.26418663303909207,0.2845763939174511,0.11664564943253468,8,27.21711789896431,100.0,1,3538.0367579879976
06075016700,San Francisco,5277,10754.143849201319,232895,4268,1532,0.358950328022493,0.4118150684931507,0.09301780693533271,13,26.49305856350524,100.0,1,1683.0343790272227
06001433000,Alameda,3799,2885.569274387149,96237,1851,161,0.08698001080497028,0.0361890694239291,0.12749864937871422,0,0.0,0.0,0,2254.1953606784264
06001433200,Alameda,8120,2558.820164999274,78701,4051,264,0.06516909405085164,0.11563332065424116,0.06171315724512466,0,0.0,5.618912185775554,0,1887.1246010925295
06001433300,Alameda,7367,2923.269691922556,103792,3748,132,0.035218783351120594,0.014007003501750876,0.17075773745997866,0,0.0,0.0,0,2601.245866322784
06001433400,Alameda,6040,659.2961258051565,113633,3200,274,0.085625,0.0449698655540102,0.08125,0,0.0,0.0,0,4324.655555286379
06001433500,Alameda,4311,3493.4018697578094,86250,2184,151,0.06913919413919414,0.06866666666666667,0.11675824175824176,0,0.0,0.0,0,2887.81961565822
06001433102,Alameda,4445,2954.879791006215,120577,2370,308,0.12995780590717299,0.03450920245398773,0.24641350210970464,0,0.0,45.505947838785765,0,818.3977142664535
06001440307,Alameda,4481,3189.42045424534,117938,1872,78,0.041666666666666664,0.06153846153846154,0.09027777777777778,0,0.0,0.0,0,2768.826394492656
06001440308,Alameda,6011,3270.0373625552984,108403,2621,346,0.13201068294544066,0.19989669421487602,0.14154902708889736,0,0.0,22.808733076292175,0,940.9886905536114
06001441200,Alameda,7354,2256.022902471446,158446,3372,206,0.06109134045077105,0.014660493827160493,0.07829181494661921,0,0.0,0.0,0,2444.041603637342
06001441301,Alameda,3330,1027.877190567684,160714,1716,68,0.039627039627039624,0.03524590163934426,0.10314685314685315,0,0.0,0.0,0,2492.5491099291967
06001441302,Alameda,5828,2921.790720710283,208590,2580,354,0.1372093023255814,0.04211087420042644,0.12713178294573643,0,0.0,0.0,0,2383.2620240689553
06001433900,Alameda,7187,8801.245652092834,70552,2942,78,0.026512576478585997,0.06059285091543156,0.14072059823249491,0,0.0,6.732401318668776,0,1164.2608738411184
06001434000,Alameda,5166,4241.509361099802,48023,2401,120,0.04997917534360683,0.1722689075630252,0.08329862557267805,0,0.0,4.591654877180866,0,1517.2423819019898
06001435500,Alameda,4153,4102.414478684685,75139,1934,44,0.022750775594622543,0.10762651461154668,0.03722854188210962,0,0.0,2.089773351896206,0,1366.9203448654405
06001435800,Alameda,5687,4341.137527283998,100882,2687,100,0.03721622627465575,0.0,0.13435057685150725,0,0.0,0.0,0,1964.5157415825756
06001435900,Alameda,5290,2144.2159004084624,113750,2738,104,0.03798392987582177,0.04578155657292348,0.11212563915266618,0,0.0,0.0,0,3361.5822594376345
06001436000,Alameda,5114,3801.9471474805514,111806,2487,154,0.06192199437072778,0.022727272727272728,0.11741053478086047,0,0.0,0.0,0,3244.72021965592
06001436100,Alameda,5765,4570.385847109065,104531,2907,248,0.08531131750945993,0.13419658622719247,0.11627106983144135,0,0.0,0.0,0,2805.7937557908363
06001436200,Alameda,4128,6404.828174925524,72740,1867,80,0.04284949116229245,0.06058221872541306,0.12961971076593465,0,0.0,0.0,0,2216.5583061534066
06001436602,Alameda,5255,5876.222456074985,92125,2367,37,0.01563160118293198,0.08024316109422493,0.05534431770173215,0,0.0,0.0,0,1991.5553353386513
06001436700,Alameda,3367,4217.882430239352,100242,1567,86,0.05488194001276324,0.017391304347826087,0.2788768347160179,0,0.0,0.0,0,1467.1079124809983
06001436800,Alameda,4196,4092.1953781825005,103567,2224,147,0.06609712230215828,0.06411201179071481,0.10881294964028777,0,0.0,0.0,0,1906.8219395775345
06001436900,Alameda,6403,5304.465121105404,96719,3018,155,0.051358515573227306,0.03163538873994638,0.13717693836978131,0,0.0,0.0,0,2254.1207505274956
06001437000,Alameda,3471,2173.105947876281,115273,1505,72,0.04784053156146179,0.06199460916442048,0.21727574750830564,0,0.0,0.0,0,2814.937767249235
06001437200,Alameda,8491,3323.8046544913623,100946,3934,216,0.05490594814438231,0.0577217125382263,0.11616675139806812,0,0.0,0.0,0,3657.63668855052
06001437300,Alameda,3135,3050.0240114522007,59847,1538,46,0.02990897269180754,0.20285714285714285,0.10663198959687907,0,0.0,0.0,0,3158.043689103692
06001437400,Alameda,3733,4348.774453215931,88750,1617,68,0.042053184910327765,0.040413533834586464,0.07730364873222016,0,0.0,0.0,0,2840.823046843776
06001437600,Alameda,3455,4218.670226211808,112742,1449,74,0.05106970324361629,0.09312638580931264,0.10213940648723258,0,0.0,0.0,0,2052.179048293735
06013327002,Contra Costa,3833,2282.670170203103,93651,1997,103,0.05157736604907361,0.09874088800530152,0.12268402603905859,0,0.0,0.0,0,1888.3728912592303
06013346206,Contra Costa,3216,490.5562771834392,223214,1449,52,0.035886818495514144,0.09028960817717206,0.19254658385093168,0,0.0,0.0,0,9161.824382890427
06013319001,Contra Costa,4236,2900.613319070051,137278,2504,172,0.06869009584664537,0.01054590570719603,0.13099041533546327,0,0.0,0.0,0,8399.330586450396
06013302013,Contra Costa,2961,962.0546215046265,148003,1585,57,0.03596214511041009,0.0,0.26561514195583596,0,0.0,0.0,0,3626.7557281512286
06013345206,Contra Costa,3622,1260.6663445619445,181369,1820,79,0.043406593406593405,0.0,0.1021978021978022,0,0.0,0.0,0,9259.02086992282
06013302012,Contra Costa,5810,1959.1486748044751,144597,2590,44,0.01698841698841699,0.03984575835475578,0.24864864864864866,0,0.0,0.0,0,8347.948895309288
06013355308,Contra Costa,3570,972.2893240390026,163243,1599,75,0.04690431519699812,0.03303964757709251,0.2326454033771107,0,0.0,0.0,0,8821.214772872603
06013355118,Contra Costa,3769,1311.8554004937243,134178,2202,149,0.06766575840145322,0.03721298495645289,0.24069028156221617,0,0.0,0.0,0,4619.373509664084
06013314105,Contra Costa,3958,3012.7755726525606,89175,2249,10,0.004446420631391729,0.0782608695652174,0.24277456647398843,0,0.0,46.6008392772125,0,805.8822721897268
06013319002,Contra Costa,3943,2366.0680174689105,102198,1942,174,0.08959835221421215,0.01054713249835201,0.21318228630278063,0,0.0,0.0,0,8607.286487507252
06013345117,Contra Costa,4652,2048.4446454083213,215938,2500,22,0.0088,0.013367609254498715,0.1564,0,0.0,0.0,0,8605.399755840974
06013303208,Contra Costa,4060,1716.2643161917597,128309,1727,0,0.0,0.006112469437652812,0.3711638679791546,0,0.0,0.0,0,7961.206977491788
06013304007,Contra Costa,5509,711.4811547419943,146806,2801,49,0.017493752231345947,0.05525965379494008,0.2484826847554445,0,0.0,0.0,0,16799.735605505874
06013303107,Contra Costa,7260,2091.214016547072,120026,3443,43,0.012489108335753703,0.029018885306310457,0.271855939587569,0,0.0,0.0,0,11023.029850111165
06013355201,Contra Costa,8114,1742.709752014225,140337,4612,593,0.12857762359063313,0.06538307260328921,0.23243712055507373,2,0.4295562612803118,15.608473717684282,1,1277.6075943905012
06013313105,Contra Costa,6007,2757.194776405588,76108,2795,134,0.047942754919499106,0.05065757428153921,0.26833631484794274,0,0.0,7.671509843680722,0,1430.9017510713923
06013303209,Contra Costa,5340,1348.635607819786,138854,2593,186,0.0717315850366371,0.03247631935047361,0.31854994215194754,0,0.0,0.0,0,6190.860096099235
06013303211,Contra Costa,4679,456.74236391840697,163209,2536,0,0.0,0.006535947712418301,0.3627760252365931,0,0.0,0.0,0,12153.180336624295
06013355310,Contra Costa,3070,2338.2543546383436,106384,1499,48,0.032021347565043365,0.0,0.2134756504336224,0,0.0,0.0,0,6971.9828455485385
06013355309,Contra Costa,5150,667.9234777657651,205208,2706,222,0.082039911308204,0.0,0.13414634146341464,0,0.0,0.0,0,6532.89371850481
06013324004,Contra Costa,2413,1972.377873615295,103333,1397,294,0.21045096635647817,0.0359375,0.08088761632068718,0,0.0,11.645778336330368,0,1469.1139683902193
06013355122,Contra Costa,5559,1848.2468474879072,230833,2259,127,0.056219566179725546,0.029450261780104712,0.19477644975652944,0,0.0,0.0,0,10173.907472492589
06013339003,Contra Costa,4153,3656.120311589518,114362,2725,524,0.19229357798165136,0.13980660757453667,0.09981651376146788,0,0.0,61.5655585754337,0,587.5088377998194
06013336103,Contra Costa,4862,10387.669583467765,65903,2189,146,0.06669712197350389,0.10226576852418862,0.0698949291914116,0,0.0,0.0,0,1403.7055907041604
06013337201,Contra Costa,3139,2132.037684576628,70655,1638,64,0.03907203907203907,0.0494641384995878,0.2442002442002442,0,0.0,0.0,0,2339.46154120816
06013355202,Contra Costa,3981,153.45186551623314,126537,1463,285,0.19480519480519481,0.032955715756951595,0.2768284347231716,2,0.07709212032968256,3.5346296336207903,1,4016.686790189198
06013327001,Contra Costa,3479,520.9265739346597,84294,1813,125,0.06894649751792609,0.058299595141700404,0.18643132928847214,0,0.0,0.0,0,2468.020850920388
06001437900,Alameda,2032,3011.4615443199127,88700,849,8,0.009422850412249705,0.0791044776119403,0.12367491166077739,0,0.0,40.13642640134595,0,1009.7908340289898
06001438100,Alameda,7953,3972.8136392898905,154318,4099,316,0.07709197365211028,0.007515473032714412,0.2088314222981215,0,0.0,0.0,0,2410.0985124456975
06001438201,Alameda,4895,4977.12628465609,105504,1953,115,0.05888376856118792,0.058091286307053944,0.14234511008704556,0,0.0,0.0,0,1915.1474309777266
06001438400,Alameda,2671,1549.581750748806,98625,1224,105,0.0857843137254902,0.06056527590847914,0.11519607843137254,0,0.0,0.0,0,2848.7308574735657
06001437800,Alameda,4940,3872.609717383726,145962,2521,172,0.06822689408964697,0.075037147102526,0.10035700119000397,0,0.0,18.57878397697014,0,1407.4677795060115
06001440200,Alameda,5641,4859.275037435803,114653,2401,49,0.02040816326530612,0.01667824878387769,0.09870887130362349,0,0.0,16.264391471382673,0,1164.35018174542
06001440304,Alameda,4662,4767.030474846071,135392,2218,120,0.05410279531109107,0.03111111111111111,0.1145175834084761,0,0.0,0.0,0,5248.582437564917
06001432200,Alameda,3987,3894.2611001929554,94276,1865,178,0.09544235924932976,0.12704649639816634,0.18873994638069705,0,0.0,1.932364857233421,0,1310.8221374217183
06001432300,Alameda,4874,4664.464743820139,154028,2748,307,0.11171761280931587,0.03561004086398132,0.14665211062590974,0,0.0,20.462793563590573,0,1098.0104768743608
06001440305,Alameda,4064,4373.45883435269,156528,1732,53,0.030600461893764433,0.004935834155972359,0.1264434180138568,0,0.0,0.0,0,5272.195840505616
06001432700,Alameda,2755,3324.737393696494,92128,1413,173,0.1224345364472753,0.014285714285714285,0.1932059447983015,0,0.0,0.0,0,1678.231775658166
06001432502,Alameda,5126,6223.546815632116,97412,2789,340,0.12190749372534959,0.07365439093484419,0.09967730369307996,0,0.0,17.082499770136508,0,1136.8721946600508
06001433103,Alameda,3552,5123.001655810609,72813,1962,134,0.06829765545361875,0.06357142857142857,0.12844036697247707,0,0.0,0.0,0,1770.0511122659002
06081608013,San Mateo,3677,2563.908134804564,160833,1910,100,0.05235602094240838,0.05947136563876652,0.12356020942408377,0,0.0,0.0,0,12892.732537543514
06013346204,Contra Costa,7894,605.7635707626835,250001,3514,73,0.020774046670461014,0.028023598820058997,0.10443938531587935,0,0.0,0.0,0,13454.538327467455
06013346203,Contra Costa,4033,1411.466593829851,174375,1776,93,0.052364864864864864,0.004817618719889883,0.08614864864864864,0,0.0,0.0,0,11909.351518153522
06013360101,Contra Costa,4224,1076.3112392607266,110433,1822,173,0.09495060373216246,0.05688073394495413,0.2524698133918771,0,0.0,0.0,0,6887.948534183263
06013355109,Contra Costa,7471,2505.3185432134756,102062,3010,228,0.07574750830564785,0.02208835341365462,0.23156146179401993,0,0.0,0.0,0,2425.042543363334
06013355113,Contra Costa,5423,1016.9018018945164,236818,2483,187,0.07531212243254128,0.0,0.2198952879581152,0,0.0,0.0,0,11663.696231669068
06013334006,Contra Costa,4731,2807.519001485813,154543,2245,144,0.06414253897550111,0.030778515389257695,0.09398663697104677,0,0.0,0.0,0,4394.199840650157
06013334200,Contra Costa,7547,1111.7769866569545,157768,3044,213,0.06997371879106438,0.14235746764603008,0.1609724047306176,0,0.0,0.0,0,3765.1100426354496
06013355306,Contra Costa,4550,67.57512276050207,152645,2042,79,0.03868756121449559,0.04667081518357187,0.1297747306562194,0,0.0,0.0,0,12069.02228178965
06013355112,Contra Costa,5800,22.23059721134581,217835,2440,123,0.05040983606557377,0.0109639104613979,0.175,0,0.0,0.0,0,16793.088828061806
06095252317,Solano,13124,414.42573158789094,146397,6364,164,0.025769956002514142,0.0059417706476530005,0.21700188560653677,0,0.0,0.0,0,30651.96623999741
06095252316,Solano,3679,2854.7923792708257,96938,1728,5,0.0028935185185185184,0.0,0.24074074074074073,0,0.0,0.0,0,29279.521206319863
06095253206,Solano,3894,1124.1303542524465,155110,2012,28,0.013916500994035786,0.027602523659305992,0.12027833001988071,0,0.0,0.0,0,42001.707051529076
06095253205,Solano,3091,1194.9465838649623,118821,1317,0,0.0,0.0323846908734053,0.11617312072892938,0,0.0,0.0,0,39502.10438829037
06013304001,Contra Costa,5895,203.15200168542677,187105,2430,58,0.023868312757201648,0.013397129186602871,0.1897119341563786,0,0.0,0.0,0,11608.577430262629
06013355111,Contra Costa,6569,2701.389373395415,129306,3441,153,0.044463818657367045,0.020202020202020204,0.2775356001162453,0,0.0,0.0,0,1966.4206016099563
06013360102,Contra Costa,5030,807.4228968222983,150325,2417,126,0.05213074058750517,0.036523929471032744,0.25527513446421185,0,0.0,0.0,0,6557.904106414449
06013302007,Contra Costa,6652,1534.7537216692765,94507,2821,29,0.010280042538107055,0.06988436400201106,0.17936901807869549,0,0.0,0.0,0,6680.898375004039
06013302009,Contra Costa,6806,1289.7443829470446,126151,3421,111,0.03244665302543116,0.0246328754144955,0.33235895936860566,0,0.0,0.0,0,3900.1249076990403
06085504700,Santa Clara,667,99.35930040536553,118438,260,0,0.0,0.07017543859649122,0.0,0,0.0,0.0,0,13694.669576814093
06081601902,San Mateo,5664,4329.022073678945,125585,3335,568,0.17031484257871066,0.030303030303030304,0.1136431784107946,2,1.5286094892934128,51.41577704968623,1,752.5318347874875
06081990100,San Mateo,0,0.0,-666666666,0,0,,,,0,0.0,0.024959399534693723,0,15963.828985657883
06013324003,Contra Costa,3449,8634.41016211681,110288,2330,553,0.23733905579399142,0.02148846960167715,0.11416309012875536,2,5.006906443674579,100.0,1,190.9648605229669
06013313107,Contra Costa,2718,2456.294359929316,140227,1133,65,0.05736981465136805,0.0,0.24624889673433362,0,0.0,0.0,0,2567.4484243143843
06013351105,Contra Costa,1814,2227.643842222344,54167,256,0,0.0,0.15354330708661418,0.08984375,0,0.0,0.0,0,3603.7389670530342
06001441927,Alameda,4229,6504.832946102868,131792,1987,126,0.0634121791645697,0.1501597444089457,0.15752390538500252,0,0.0,5.233726577786981,0,1218.0498979567785
06013980000,Contra Costa,507,2305.4188024229547,-666666666,0,0,,,,0,0.0,0.0,0,6415.388236998545
06013351104,Contra Costa,1667,1185.9678856593243,61528,159,0,0.0,0.0680327868852459,0.03773584905660377,0,0.0,0.0,0,3963.0926970798164
06013346205,Contra Costa,4325,448.81821972990394,246888,1513,125,0.08261731658955718,0.0196078431372549,0.2048909451421018,0,0.0,0.0,0,11593.700783041246
06013336104,Contra Costa,2539,12976.10452621953,66887,1419,256,0.18040873854827344,0.056925996204933584,0.15785764622973925,0,0.0,0.0,0,1046.8333161245653
06013345118,Contra Costa,3525,703.0636792058978,126818,1755,108,0.06153846153846154,0.06761786600496278,0.21823361823361823,0,0.0,0.0,0,8409.587846892924
06013339004,Contra Costa,3319,3137.107905975728,137016,2257,418,0.18520159503766062,0.07158962795941376,0.18298626495347806,2,1.890393435357474,51.885538960474875,1,725.7212400587174
06013303105,Contra Costa,3326,1534.9816804700856,111291,1436,68,0.04735376044568245,0.08172043010752689,0.2841225626740947,0,0.0,0.0,0,8604.677775950464
06013313104,Contra Costa,2909,2069.9032209434995,55476,1482,87,0.058704453441295545,0.14646464646464646,0.2233468286099865,2,1.4231029363654173,27.054894550054648,1,1227.8751074969314
06013313203,Contra Costa,3382,1083.7100440358604,125694,1697,72,0.04242781378903948,0.010869565217391304,0.20978196817913966,0,0.0,9.91264667354117,0,2093.2463575603074
06013355107,Contra Costa,5607,67.92027226603331,133603,2933,156,0.05318786225707467,0.015821058374249863,0.36515513126491644,0,0.0,0.0,0,9168.202910558628
06001404101,Alameda,3208,5635.1990235176145,128711,2174,438,0.2014719411223551,0.14091680814940577,0.16513339466421342,0,0.0,0.0,0,1510.6981312084674
06001405302,Alameda,2559,12448.436227839491,63709,1544,397,0.25712435233160624,0.3073424301494477,0.10621761658031088,0,0.0,15.90347239235333,0,968.5741099616339
06001405600,Alameda,3044,7099.314732611294,80669,2065,341,0.16513317191283294,0.1962681409813407,0.09588377723970944,0,0.0,0.0,0,2488.215350733763
06001406400,Alameda,2598,4594.056411103342,72955,973,145,0.14902363823227133,0.15655339805825244,0.13771839671120248,0,0.0,0.0,0,2307.848555209967
06001405700,Alameda,3522,6440.405936371942,74547,2150,278,0.12930232558139534,0.09435215946843854,0.09953488372093024,0,0.0,0.0,0,2643.008396967718
06001405800,Alameda,4182,8057.015001178389,67222,1973,144,0.07298530157121136,0.07824143070044709,0.06284845413076533,0,0.0,0.0,0,2264.102331073523
06085511608,Santa Clara,3252,1263.5808021516382,45655,1285,31,0.024124513618677044,0.42105263157894735,0.05525291828793774,0,0.0,0.0,0,22556.981066245626
06001444301,Alameda,3698,1435.2953928498148,184583,1695,33,0.019469026548672566,0.034453057708871665,0.06548672566371681,0,0.0,0.0,0,6973.309845506279
06001404700,Alameda,2187,1829.040481905953,250001,1154,107,0.0927209705372617,0.0,0.1265164644714038,0,0.0,0.0,0,4531.760495021993
06001404800,Alameda,2744,4366.594222184866,114083,1204,206,0.17109634551495018,0.22270742358078602,0.15033222591362128,0,0.0,0.0,0,3537.191148192001
06001405200,Alameda,4913,5727.309402455508,105222,3025,470,0.15537190082644628,0.14048865619546247,0.11140495867768595,0,0.0,0.0,0,2112.854343375017
06001405500,Alameda,3537,8590.747991165574,82222,1972,298,0.1511156186612576,0.1956521739130435,0.10294117647058823,0,0.0,0.0,0,1933.174803186249
06001450750,Alameda,6858,4074.990529267888,153929,3463,535,0.1544903263066705,0.05926481620405101,0.2714409471556454,0,0.0,0.0,0,3375.469123769547
06001451403,Alameda,2184,3213.870102333697,180197,1195,68,0.05690376569037657,0.01834862385321101,0.16736401673640167,0,0.0,0.0,0,10191.272287129703
06001405100,Alameda,4508,3587.6849414290664,250001,2444,253,0.10351882160392799,0.0099882491186839,0.10597381342062193,0,0.0,0.0,0,3229.3362426292456
06001404900,Alameda,4669,4617.372684934712,151860,2899,421,0.14522249051397035,0.09162175404213621,0.09279061745429458,0,0.0,0.0,0,3261.548542634371
06097151602,Sonoma,3182,95.73347037570346,110761,1001,0,0.0,0.0505166475315729,0.02097902097902098,0,0.0,0.0,0,57987.205055868
06097150607,Sonoma,4562,411.2198334685914,147857,2306,15,0.006504770164787511,0.027421236872812137,0.08456201214223764,0,0.0,0.0,0,45559.9842363868
06097150610,Sonoma,3819,2830.061008235486,130671,1712,8,0.004672897196261682,0.024464831804281346,0.15771028037383178,0,0.0,0.0,0,44358.20254934263
06097153809,Sonoma,4819,1178.6230208296106,126190,2535,44,0.01735700197238659,0.0220125786163522,0.09822485207100591,0,0.0,0.0,0,76136.20091292413
06097153104,Sonoma,3888,2271.8871654865616,65938,2076,24,0.011560693641618497,0.08517350157728706,0.10597302504816955,0,0.0,0.0,0,63761.18696703406
06001405401,Alameda,3541,11279.489367098397,70231,2175,572,0.26298850574712646,0.2619949494949495,0.19770114942528735,0,0.0,0.0,0,1390.2408688147957
06001451703,Alameda,3827,2224.5737168088267,194607,2147,67,0.0312063344201211,0.018925056775170326,0.14205868653935724,0,0.0,0.0,0,9451.447027432087
06001990000,Alameda,0,0.0,-666666666,0,0,,,,0,0.0,0.0,0,3594.67016104476
06085503329,Santa Clara,3579,3074.5212575869837,232098,1737,41,0.02360391479562464,0.03283582089552239,0.10880829015544041,0,0.0,0.0,0,10551.336675678373
06085512032,Santa Clara,3314,1116.3427216490738,153947,1510,46,0.030463576158940398,0.0,0.12847682119205298,0,0.0,0.0,0,17136.029385373346
06085511916,Santa Clara,4463,2427.2620110010057,191458,2022,52,0.025717111770524232,0.05874757908327954,0.09643916913946587,0,0.0,0.0,0,14773.436513015742
06001442302,Alameda,6186,6422.656773289713,147684,2972,211,0.07099596231493943,0.10886189833558255,0.12079407806191117,0,0.0,0.0,0,2779.5105072603083
06001406602,Alameda,2540,6124.538202360809,58869,1063,269,0.2530573847601129,0.16108108108108107,0.1627469426152399,0,0.0,0.0,0,2550.5562659943553
06001407101,Alameda,4053,10929.640712661016,48281,1576,102,0.06472081218274112,0.11385701676963812,0.03489847715736041,0,0.0,0.17711668119971608,0,1251.3055302599762
06001407102,Alameda,4268,6458.200869877932,70284,1956,422,0.21574642126789367,0.2487382840663302,0.10378323108384459,0,0.0,0.0008516229389490808,0,1382.0721086521582
06001432501,Alameda,4892,3583.3362668037216,112531,2905,280,0.0963855421686747,0.07952146375791697,0.12633390705679862,0,0.0,44.55686400068147,0,734.3765015121
06001406201,Alameda,5072,12429.343029197644,50417,2333,383,0.16416630947278182,0.18415841584158416,0.12087441063009001,0,0.0,0.0,0,1273.856052242491
06001406202,Alameda,4733,12068.411488694579,55000,2056,443,0.21546692607003892,0.27555555555555555,0.0632295719844358,0,0.0,39.59078280669146,0,819.675601547857
06001406300,Alameda,4556,9379.980202096987,62837,2331,558,0.23938223938223938,0.06961566352429296,0.1552981552981553,0,0.0,0.0,0,1604.6295367121497
06085503333,Santa Clara,4608,2212.498573110981,176354,2192,44,0.020072992700729927,0.003663003663003663,0.08166058394160584,0,0.0,0.0,0,10677.577481398726
06001450501,Alameda,3400,2925.023736131517,186000,1563,114,0.07293666026871401,0.035046728971962614,0.14459373000639794,0,0.0,0.8374369984388015,0,1437.6866706538653
06075025200,San Francisco,5457,8305.329543505208,147868,2958,641,0.21670047329276537,0.2321353065539112,0.11359026369168357,19,28.917218494887106,100.0,1,1037.6677436487794
06075025300,San Francisco,4545,11252.221273194717,168720,2814,454,0.1613361762615494,0.15235294117647058,0.13148542999289267,14,34.66030755219495,100.0,1,962.225550246874
06075025402,San Francisco,3294,10943.65448755498,166094,1692,239,0.14125295508274233,0.05893019038984588,0.04550827423167849,15,49.83449220198079,100.0,1,1799.0277121455933
06075025600,San Francisco,5027,8707.965458820066,115739,2882,671,0.23282442748091603,0.14193130265716136,0.11172796668979876,15,25.983585017366423,100.0,1,1095.3740471582214
06075025800,San Francisco,2129,8484.636852965248,87614,1041,277,0.26609029779058596,0.23839009287925697,0.15177713736791545,7,27.896880211722284,100.0,1,3071.322494554122
06075025900,San Francisco,4128,5336.75755104314,147944,2263,274,0.12107821475916924,0.10390516039051603,0.11975254087494476,19,24.563564309549335,99.99999999999997,1,2280.2130229202235
06075026002,San Francisco,3683,10291.331463398903,136324,1744,414,0.23738532110091742,0.05161943319838057,0.06708715596330275,9,25.148515658590856,100.0,1,1012.4192767167294
06075026004,San Francisco,3839,11417.897759615285,111089,2191,503,0.22957553628480146,0.158311345646438,0.07759014148790506,3,8.922556207045027,99.99999999999997,1,1117.9779154826415
06075020500,San Francisco,2970,10726.023476164526,250001,1822,675,0.3704720087815587,0.2738805970149254,0.11086717892425905,17,61.3947471699653,100.0,1,1661.837779501617
06075061000,San Francisco,4890,1607.8947977750345,107882,2606,281,0.10782808902532617,0.07839616995810891,0.09631619339984651,24,7.89150820993882,67.510232851674,1,4804.374104015475
06001440331,Alameda,3276,1859.614486256014,128929,1700,65,0.03823529411764706,0.038876889848812095,0.06352941176470588,0,0.0,0.0,0,4625.370832240844
06075016900,San Francisco,3061,10383.7154366952,150139,2039,798,0.39136831780284453,0.46265060240963857,0.10936733692986758,20,67.84524950470565,100.0,1,1138.5786703473334
06075017000,San Francisco,4262,9076.490564386884,250001,2920,896,0.30684931506849317,0.1398633257403189,0.07465753424657534,21,44.7222669760968,99.99999999999999,1,1737.1071590265597
06013345115,Contra Costa,6758,430.4707674281585,225625,2916,34,0.011659807956104253,0.056091954022988506,0.1313443072702332,0,0.0,0.0,0,6310.245509394445
06075026100,San Francisco,6879,9157.212948373042,116444,3716,1434,0.3858988159311087,0.1848906560636183,0.13428417653390742,26,34.61077724345095,100.0,2,444.1143597832453
06055200900,Napa,438,86.63537221519191,-666666666,40,16,0.4,0.75,0.4,0,0.0,0.0,0,36794.34190939478
06055201300,Napa,3397,880.355402859254,75134,1295,20,0.015444015444015444,0.13852242744063326,0.0694980694980695,0,0.0,0.0,0,51104.406070088364
06055202000,Napa,5191,772.4379178268753,96667,2656,36,0.01355421686746988,0.039224952741020794,0.07567771084337349,0,0.0,0.0,0,74451.14057032345
06055201800,Napa,1480,1.9374634999623446,80313,684,0,0.0,0.01651376146788991,0.3084795321637427,0,0.0,0.0,0,74622.3099451295
06075060400,San Francisco,1866,272.6046206519332,99556,954,82,0.0859538784067086,0.1540785498489426,0.09643605870020965,28,4.090530213426651,92.94456551090622,1,2825.434864741593
06075026301,San Francisco,5345,14534.584864230981,95458,2167,746,0.34425473004153206,0.18609550561797752,0.10475311490539917,9,24.47357601086601,100.0,1,1118.2412328685737
06075026302,San Francisco,5004,6664.866281403401,93370,2247,405,0.1802403204272363,0.11454311454311454,0.06809078771695594,28,37.29341644270488,100.0,1,1843.1670421845079
06055200201,Napa,3906,2800.211817845807,81875,1871,0,0.0,0.010877447425670777,0.07322287546766434,0,0.0,0.0,0,39763.05213043207
06055200202,Napa,2089,2021.6105405041778,69537,1009,0,0.0,0.06997971602434078,0.02973240832507433,0,0.0,0.0,0,39809.5155005611
06055200203,Napa,2062,2427.672460759114,79886,942,33,0.03503184713375796,0.12,0.15498938428874734,0,0.0,0.0,0,39098.62780242149
06055200501,Napa,5648,2865.0601476580478,92344,2786,30,0.010768126346015794,0.023710729104919975,0.08147882268485283,0,0.0,0.0,0,41857.153188719516
06055200503,Napa,1785,1310.0950626959814,110179,1179,3,0.002544529262086514,0.02074688796680498,0.1280746395250212,0,0.0,0.0,0,40619.7138635137
06075020401,San Francisco,3248,9910.888349374769,157237,2373,591,0.24905183312262957,0.1861635220125786,0.1554993678887484,30,91.54145642895413,99.99999999999997,1,2180.4252297368566
06055201900,Napa,1510,8.36472053279126,127159,824,20,0.024271844660194174,0.015250544662309368,0.06553398058252427,0,0.0,0.0,0,78734.56067464108
06055201500,Napa,1668,12.422925544983425,118500,863,78,0.09038238702201622,0.06336088154269973,0.07531865585168018,0,0.0,0.0,0,60221.85093433691
06055200703,Napa,3036,1350.249449198059,144625,1369,0,0.0,0.043852106620808254,0.08035062089116143,0,0.0,0.0,0,41521.74518318398
06055200400,Napa,3440,528.9317004614035,128065,1464,2,0.001366120218579235,0.006048387096774193,0.06693989071038252,0,0.0,0.0,0,40193.55946872294
06055201700,Napa,4494,24.662175962994095,115625,2273,12,0.005279366476022877,0.018156424581005588,0.06731192256929168,0,0.0,0.0,0,69156.33598063486
06055200802,Napa,6458,453.4131387685981,106452,3278,18,0.005491153142159854,0.057692307692307696,0.06070774862721171,0,0.0,0.0,0,36530.55589210739
06075026303,San Francisco,4612,10792.09912552895,110074,2700,932,0.3451851851851852,0.01904036557501904,0.14592592592592593,9,21.06003732215103,99.99999999999999,1,1388.4579154588573
06075026401,San Francisco,3842,11265.436322415248,94093,1803,412,0.22850804215196893,0.20305052430886558,0.18191902384914033,11,32.2539821828651,99.99999999999994,1,2934.821809845128
06075026402,San Francisco,4755,11938.958883021185,118182,2525,364,0.14415841584158415,0.07234726688102894,0.10178217821782178,17,42.68397497610098,100.0,1,3229.6073813014596
06075026403,San Francisco,3581,9436.09106716474,92788,1696,443,0.26120283018867924,0.17271922054915856,0.13561320754716982,21,55.33591522213335,99.99999999999997,1,3386.619776081315
06075030101,San Francisco,4792,13694.438518591149,144753,3017,579,0.19191249585681142,0.29484029484029484,0.05999337089824329,17,48.5821065976731,99.99999999999997,1,3519.3699418630376
06075030102,San Francisco,4726,3706.4382238390413,209167,2715,533,0.19631675874769797,0.14646946564885496,0.06813996316758748,20,15.685307760639192,100.0,1,3355.8694756493123
06075030201,San Francisco,4131,11444.539520017228,127009,2386,729,0.3055322715842414,0.260587942202292,0.09220452640402348,10,27.70404144279164,99.99999999999997,1,4760.439294004447
06075030301,San Francisco,6129,8130.893607050064,179107,3249,679,0.2089873807325331,0.12259122591225913,0.050784856879039705,29,38.47216749950267,99.99999999999997,1,4096.301751150038
06075030302,San Francisco,3742,6261.3430942677205,194625,1980,298,0.1505050505050505,0.021339220014716703,0.04595959595959596,20,33.46522231035661,99.99999999999997,1,3941.1248577135466
06075030400,San Francisco,5262,5411.531370174784,137418,2283,407,0.1782742006132282,0.07071622846781506,0.07709154621112571,23,23.65359587875713,99.99999999999999,1,3308.686475230644
06081611700,San Mateo,5699,452.7149633179715,114934,2970,128,0.0430976430976431,0.056511056511056514,0.07744107744107744,0,0.0,0.0,0,16350.315921959935
06075030500,San Francisco,3787,3370.8603198331575,174797,1502,138,0.09187749667110519,0.12085769980506822,0.10918774966711052,21,18.692386246764276,100.0,1,2651.1187369123886
06075030600,San Francisco,2348,4501.290612045376,229297,1274,235,0.18445839874411302,0.03728813559322034,0.038461538461538464,23,44.09271042463529,100.0,1,2380.203810057305
06075030700,San Francisco,6910,4810.828171668013,183388,3246,528,0.16266173752310537,0.01605076521089959,0.05791743684534812,35,24.367436470098475,100.0,1,1538.7964872093858
06075030800,San Francisco,5907,4752.551949556117,208750,3177,651,0.2049102927289896,0.1328358208955224,0.05854579792256846,46,37.009884828099096,99.99999999999997,1,2639.2000062703814
06095250106,Solano,3668,197.8986847063903,168750,1884,62,0.032908704883227176,0.0,0.16825902335456475,0,0.0,0.0,0,20290.774226464717
06095250104,Solano,2225,1697.7800487478373,88125,968,54,0.05578512396694215,0.12101910828025478,0.1993801652892562,0,0.0,0.0,0,20241.98115996209
06085503506,Santa Clara,6910,6910.984847515653,102350,3074,46,0.014964216005204945,0.027910685805422646,0.1099544567338972,0,0.0,0.0,0,5022.369557821033
06085512001,Santa Clara,6384,318.44849448191576,192176,3308,84,0.02539298669891173,0.04030501089324619,0.17926239419588874,0,0.0,0.0,0,15586.907379654718
06085510300,Santa Clara,4629,1979.3704271878732,243854,1995,24,0.012030075187969926,0.007340485601355167,0.016541353383458645,0,0.0,0.0,0,19848.863590020548
06085504602,Santa Clara,1920,30.080882311193214,107438,896,0,0.0,0.018484288354898338,0.0546875,0,0.0,0.0,0,8433.237468752315
06085507002,Santa Clara,3415,250.1708372762382,250001,1361,0,0.0,0.0,0.03820720058780309,0,0.0,0.0,0,18854.636453024264
06085512307,Santa Clara,6918,1265.397458711686,151477,2704,44,0.016272189349112426,0.0347788750536711,0.08173076923076923,0,0.0,0.0,0,36564.93573765489
06085511910,Santa Clara,3051,1344.690182057216,250001,1474,0,0.0,0.0073937153419593345,0.09565807327001356,0,0.0,0.0,0,17290.67362068158
06085505700,Santa Clara,5853,3622.3769950289106,107431,3650,142,0.03890410958904109,0.05249895002099958,0.06,0,0.0,0.0,0,6777.034030877789
06085506900,Santa Clara,8174,870.456005653804,206951,3428,36,0.010501750291715286,0.046395431834404,0.08868144690781797,0,0.0,0.0,0,16459.790581930214
06085507301,Santa Clara,6820,808.0578737672699,250001,2907,27,0.009287925696594427,0.034945144250304754,0.0674234606123151,0,0.0,0.0,0,16952.17091207652
06085501700,Santa Clara,4466,4002.863048166724,86995,2364,225,0.09517766497461928,0.0674802584350323,0.06049069373942471,0,0.0,0.0,0,5142.09250432074
06085503116,Santa Clara,6469,5667.003483788611,103972,3101,95,0.030635278942276686,0.0656691604322527,0.11125443405353112,0,0.0,0.0,0,10288.223731801974
06085507701,Santa Clara,3435,1299.3933908849174,211371,1640,24,0.014634146341463415,0.0430622009569378,0.018902439024390243,0,0.0,0.0,0,16357.809951763213
06081601601,San Mateo,2654,407.3171338911702,101103,1408,155,0.11008522727272728,0.04250797024442083,0.06818181818181818,0,0.0,17.776490662166434,0,1605.642187113038
06085502908,Santa Clara,6464,3108.4645230533747,129412,3225,0,0.0,0.0273224043715847,0.05457364341085271,0,0.0,0.0,0,12499.771538475246
06085502909,Santa Clara,4918,3810.0515239928122,116596,2617,56,0.021398547955674436,0.03273809523809524,0.09285441345051586,0,0.0,0.0,0,12497.213781446622
06085509107,Santa Clara,4765,10192.39665807728,152361,3244,123,0.037916152897657214,0.09899086977414705,0.013871763255240444,0,0.0,0.0,0,15022.75305408753
06085511701,Santa Clara,4346,472.86452081203055,219167,1738,0,0.0,0.005076142131979695,0.031070195627157654,0,0.0,0.0,0,21595.129278746474
06085511907,Santa Clara,4144,2383.4584413053517,250001,1919,28,0.014590932777488274,0.037186742118027485,0.11099531005732152,0,0.0,0.0,0,16630.713725935722
06085511912,Santa Clara,5705,2329.4652316498396,250001,2521,36,0.014280047600158666,0.004659289458357601,0.08369694565648553,0,0.0,0.0,0,18443.880333059653
06095252904,Solano,8528,151.99369997504402,111068,4141,25,0.006037189084762135,0.05414220482713633,0.1354745230620623,0,0.0,0.0,0,42752.756131827366
06095252305,Solano,6178,129.0494812558902,126369,3304,35,0.01059322033898305,0.0,0.12227602905569007,0,0.0,0.0,0,24808.434221866555
06095251802,Solano,3174,1290.6116717599334,31841,1508,226,0.14986737400530503,0.23911439114391145,0.2427055702917772,0,0.0,0.0,0,22970.600636421757
06085503207,Santa Clara,3589,2782.171041159178,131250,1515,51,0.033663366336633666,0.03347732181425486,0.05412541254125412,0,0.0,0.0,0,9753.11342571124
06085502910,Santa Clara,3960,3336.7233345352865,123994,2112,51,0.024147727272727272,0.03241719520789288,0.07433712121212122,0,0.0,0.0,0,13030.96983685933
06085503001,Santa Clara,4455,2578.371539118521,144254,1893,65,0.03433703116745906,0.0048484848484848485,0.08769149498151083,0,0.0,0.0,0,9507.957621582413
06085503208,Santa Clara,3182,2830.154709671808,136328,1749,66,0.03773584905660377,0.02097902097902098,0.06403659233847914,0,0.0,0.0,0,11072.492722096036
06095251200,Solano,3266,2724.8378963464356,75333,1818,35,0.019251925192519254,0.057096247960848286,0.15236523652365236,0,0.0,0.0,0,21222.361252762494
06085500100,Santa Clara,7903,4111.616605141422,154868,4838,174,0.03596527490698636,0.03064066852367688,0.09735427862753204,0,0.0,0.0,0,1941.0858723957197
06085500200,Santa Clara,5406,3217.2067814036395,155536,2914,67,0.02299245024021963,0.02542812662169175,0.10569663692518874,0,0.0,0.0,0,3183.8857104166814
06085500300,Santa Clara,4156,1441.381385758707,116172,2538,212,0.08353033884948778,0.030339083878643664,0.08392434988179669,0,0.0,0.0,0,4357.644283084654
06095252502,Solano,1599,1734.3006319473056,71944,714,8,0.011204481792717087,0.02197802197802198,0.12184873949579832,0,0.0,0.0,0,26845.19850242568
06095250200,Solano,4560,3376.991564752105,76875,2223,117,0.05263157894736842,0.08,0.27080521817363923,0,0.0,0.0,0,19765.12701439328
06085500400,Santa Clara,2545,2531.4096522096547,146607,1515,211,0.13927392739273928,0.09815354713313897,0.09174917491749175,0,0.0,0.0,0,5233.724135196215
06085500600,Santa Clara,6069,4530.347871150247,119675,3102,269,0.08671824629271438,0.13041575492341356,0.1031592520954223,0,0.0,0.0,0,5251.600238266572
06085500901,Santa Clara,4459,6186.097819072993,73750,2496,259,0.10376602564102565,0.2509124087591241,0.11939102564102565,0,0.0,0.0,0,3792.0683450432584
06085500902,Santa Clara,4613,19020.86306118271,41250,1892,175,0.09249471458773785,0.07454545454545454,0.04175475687103594,0,0.0,0.0,0,3965.2750624768705
06085501000,Santa Clara,5003,6232.957227368836,54588,2535,206,0.08126232741617356,0.23002523128679564,0.08757396449704143,0,0.0,0.0,0,3206.72467894939
06085503210,Santa Clara,4435,2778.9448430080265,113113,2251,30,0.01332741003998223,0.07878787878787878,0.06486006219458018,0,0.0,0.0,0,9811.885914323588
06085503211,Santa Clara,4160,3928.28114168829,96500,1884,96,0.050955414012738856,0.022336769759450172,0.13906581740976645,0,0.0,0.0,0,7325.551993320011
06085503002,Santa Clara,3814,2816.9373754186013,127028,1964,54,0.0274949083503055,0.07766990291262135,0.031568228105906315,0,0.0,0.0,0,10248.339772614076
06085503003,Santa Clara,5050,2604.671997793031,172917,2407,27,0.011217282924802658,0.02518186905428092,0.06813460739509763,0,0.0,0.0,0,11263.356986309325
06085511800,Santa Clara,4538,32.22624757783141,197361,2382,60,0.02518891687657431,0.013285024154589372,0.11586901763224182,0,0.0,0.0,0,23564.909246164785
06085512305,Santa Clara,4658,277.56979278513813,223125,2297,26,0.011319111885067479,0.0,0.16630387461906834,0,0.0,0.0,0,32429.277364940142
06085511914,Santa Clara,6327,2278.5996496838106,247039,2849,143,0.05019305019305019,0.029994916115912557,0.13653913653913655,0,0.0,0.0,0,15329.710427760358
06085507302,Santa Clara,2640,222.3634289207513,250001,1293,16,0.01237432327919567,0.0,0.0711523588553751,0,0.0,0.0,0,19903.63348160015
06085504307,Santa Clara,5740,3395.8469103292095,144604,2818,66,0.0234208658623137,0.058982683982683984,0.07771469127040455,0,0.0,0.0,0,3155.0373080313066
06085503504,Santa Clara,5601,4993.9709164740825,146016,2928,26,0.008879781420765027,0.039568345323741004,0.039959016393442626,0,0.0,0.0,0,5100.990141342597
06085504318,Santa Clara,7213,1652.6743741827252,112367,3416,94,0.027517564402810304,0.02422327540810953,0.03249414519906323,0,0.0,8.0340401920828,0,2070.622331687757
06085507500,Santa Clara,5747,1556.499052741806,188375,2426,43,0.01772464962901896,0.00727802037845706,0.033800494641384994,0,0.0,0.0,0,16843.85695704655
06085512200,Santa Clara,4905,18.53321154279441,235674,2418,70,0.028949545078577336,0.015891701000588582,0.23738626964433415,0,0.0,0.0,0,38401.06110222989
06085507203,Santa Clara,3192,1765.111401627149,192917,1735,27,0.015561959654178675,0.009113504556752278,0.06051873198847262,0,0.0,0.0,0,15248.020049743707
06085503802,Santa Clara,7937,4738.510461378952,124659,3861,269,0.06967106967106967,0.035784313725490194,0.10670810670810671,0,0.0,0.0,0,3881.400020331411
06085512602,Santa Clara,2838,29.194479272184854,136146,1093,10,0.009149130832570906,0.022636484687083888,0.19030192131747484,0,0.0,0.0,0,50942.58622936509
06085506604,Santa Clara,7362,2995.917651106524,216054,3417,26,0.007609013754755633,0.015270326042096575,0.023119695639449808,0,0.0,0.0,0,13895.108449466126
06085512308,Santa Clara,8460,567.4538132862035,229395,3914,122,0.031170158405723045,0.008682521706304265,0.1946857434849259,0,0.0,0.0,0,32616.901999168138
06085501200,Santa Clara,4345,5227.090118508021,106500,2640,132,0.05,0.017123287671232876,0.10454545454545454,0,0.0,0.0,0,2461.413500639053
06085501300,Santa Clara,4063,5438.371058477752,127188,2091,242,0.11573409851745577,0.13193812556869883,0.05164992826398852,0,0.0,0.0,0,3308.1831422351024
06085501401,Santa Clara,2954,2958.149701201782,74167,1303,84,0.0644666155026861,0.12372188139059305,0.09132770529547199,0,0.0,0.0,0,1939.3552950933004
06085501800,Santa Clara,4622,3235.1933199765717,137708,2604,24,0.009216589861751152,0.022714036109493303,0.043010752688172046,0,0.0,0.0,0,6104.514858370168
06085503105,Santa Clara,2139,1217.3335699420145,58162,981,0,0.0,0.16508795669824086,0.060142711518858305,0,0.0,0.0,0,4907.806450058522
06085507401,Santa Clara,5907,1830.058066186282,226500,2484,17,0.006843800322061192,0.028234086242299793,0.027375201288244767,0,0.0,0.0,0,15517.311618038671
06085507100,Santa Clara,3029,1699.2848854245817,173006,1529,10,0.006540222367560497,0.047516198704103674,0.060824068018312624,0,0.0,0.0,0,17166.614689815222
06085507805,Santa Clara,5220,2487.7917908890327,194000,2719,23,0.008458992276572269,0.04802831142568251,0.024273630011033467,0,0.0,0.0,0,16158.140910997226
06085507702,Santa Clara,6618,840.3265871665427,250001,3097,50,0.01614465611882467,0.013812154696132596,0.03487245721666128,0,0.0,0.0,0,18099.373804460945
06085505303,Santa Clara,5986,5518.005088107183,128933,3711,38,0.010239827539746699,0.02929247408742677,0.023174346537321477,0,0.0,0.0,0,7970.109924221108
06085503707,Santa Clara,5264,6980.387298688327,100375,2587,92,0.03556242752222652,0.04656319290465632,0.073057595670661,0,0.0,0.0,0,2188.1021174387315
06085502001,Santa Clara,4767,3574.2738624474864,106477,2844,164,0.057665260196905765,0.10925196850393701,0.04606188466947961,0,0.0,0.0,0,7264.956722719268
06085502002,Santa Clara,5308,5897.648422318402,106813,3261,156,0.04783808647654094,0.061878453038674036,0.057344372891751,0,0.0,0.0,0,6814.47791569257
06085501501,Santa Clara,4159,6669.804354207018,75179,1893,126,0.06656101426307448,0.08843537414965986,0.07765451664025357,0,0.0,0.0,0,3319.3140572445996
06085501502,Santa Clara,4160,4681.789920042961,101094,1971,26,0.013191273465246067,0.09488448844884488,0.12075088787417554,0,0.0,0.0,0,3563.224563554289
06085502101,Santa Clara,5045,2635.0905652851725,129258,2887,60,0.020782819535850365,0.05058548009367682,0.026324904745410462,0,0.0,0.0,0,8814.608091491464
06085502202,Santa Clara,2910,2608.9419071475827,104107,1607,127,0.07902924704418171,0.05278380332610268,0.05849408836341008,0,0.0,0.0,0,8816.601288174252
06085502701,Santa Clara,5611,3216.0599560797323,136691,2937,35,0.01191692202928158,0.03604036520903412,0.06605379639087504,0,0.0,0.0,0,12187.29420675615
06085502800,Santa Clara,4419,2516.3029740396764,181528,2294,31,0.013513513513513514,0.018947368421052633,0.06843940714908457,0,0.0,0.0,0,13241.164438543652
06085502903,Santa Clara,5270,2798.972473378714,219107,2533,19,0.007500986971969996,0.013290802764486975,0.059613106987761545,0,0.0,0.0,0,10415.481116965946
06085502906,Santa Clara,4995,3234.482262261691,122356,2604,128,0.04915514592933948,0.014769230769230769,0.13248847926267282,0,0.0,0.0,0,13618.760234201842
06085503110,Santa Clara,4067,5313.03267402949,82750,1802,106,0.058823529411764705,0.04497907949790795,0.08601553829078801,0,0.0,0.0,0,4508.505827372017
06085502400,Santa Clara,6909,2578.2949761151376,200324,3825,53,0.013856209150326797,0.03970856102003643,0.020130718954248367,0,0.0,0.0,0,7263.6191411842
06085510200,Santa Clara,4717,1755.9665544989223,250001,1815,58,0.031955922865013774,0.02464332036316472,0.017079889807162536,0,0.0,0.0,0,19108.082124300727
06085512309,Santa Clara,5295,579.5533078335982,193854,2757,62,0.022488211824446862,0.027893175074183978,0.20638375045339136,0,0.0,0.0,0,35460.8558727057
06085504601,Santa Clara,1255,45.16188248564842,65625,664,3,0.004518072289156626,0.026615969581749048,0.0286144578313253,0,0.0,0.0,0,14448.022913671446
06085510001,Santa Clara,5969,1697.8317649748788,250001,2597,13,0.0050057758952637655,0.007545271629778672,0.005775895263765884,0,0.0,0.0,0,17646.475665918504
06085500500,Santa Clara,5020,2356.3620988936227,171885,2582,141,0.05460883036405887,0.11180124223602485,0.05151045701006971,0,0.0,0.0,0,6358.247130128964
06085512100,Santa Clara,1640,28.632309841571868,93542,642,11,0.017133956386292833,0.027196652719665274,0.1043613707165109,0,0.0,0.0,0,25109.068388088723
06085507402,Santa Clara,3980,1646.4022063695536,236161,2029,11,0.005421389847215377,0.02130492676431425,0.016757023164120255,0,0.0,0.0,0,14670.148439859628
06085502907,Santa Clara,3912,3125.7200122006793,170270,1934,39,0.02016546018614271,0.004491017964071856,0.1452947259565667,0,0.0,0.0,0,11857.31971999115
06085503336,Santa Clara,3081,3402.6878060210206,144000,1583,63,0.03979785217940619,0.0819277108433735,0.15224257738471256,0,0.0,0.0,0,9261.702308650485
06001406100,Alameda,4939,2573.8563504724107,64879,2360,323,0.13686440677966102,0.11988950276243093,0.08855932203389831,2,1.0422580888732174,67.73284689956286,1,347.38642130931026
06085501402,Santa Clara,2705,5175.831798369531,105771,1382,60,0.04341534008683068,0.05052878965922444,0.10130246020260492,0,0.0,0.0,0,2673.5018609758763
06085504505,Santa Clara,10682,5533.136915175068,209439,6536,238,0.036413708690330476,0.06331045003813883,0.075734394124847,0,0.0,32.45791253566203,0,986.4920331881508
06085503903,Santa Clara,3083,3324.920533506813,119548,1388,50,0.03602305475504323,0.027348394768133173,0.06844380403458213,0,0.0,0.0,0,3459.552516203285
06013386000,Contra Costa,3758,3805.6482658942004,64201,1961,493,0.2514023457419684,0.17261518494484102,0.09229984701682815,2,2.0253583107473125,83.83919125095403,1,315.28412689922453
06013354001,Contra Costa,2396,174.7708702504245,216518,1031,169,0.16391852570320078,0.0,0.13579049466537343,2,0.14588553443274166,3.853970429293676,1,2956.3098665354946
06013318000,Contra Costa,3512,253.25920406132394,96250,1688,87,0.05154028436018957,0.0932145305003427,0.1593601895734597,0,0.0,0.0,0,11874.9691286121
06013314200,Contra Costa,7185,724.267620960812,70750,3003,213,0.07092907092907093,0.02633085289066972,0.2494172494172494,0,0.0,0.0,0,4084.501804175414
06013357000,Contra Costa,3458,254.20358803602332,95954,1828,41,0.022428884026258207,0.05730129390018484,0.1838074398249453,0,0.0,0.0,0,16073.429110398329
06013337100,Contra Costa,3160,1133.7279312918881,140972,1665,143,0.08588588588588589,0.021496130696474634,0.12072072072072072,0,0.0,1.763210000871079,0,2213.1465015252534
06013363000,Contra Costa,7793,1770.901212609584,100399,4037,356,0.08818429526876394,0.034370477568740954,0.23978201634877383,0,0.0,0.0,0,6006.175667656939
06013321101,Contra Costa,6866,1589.419300701594,145685,3545,57,0.01607898448519041,0.028616852146263912,0.14160789844851904,0,0.0,0.0,0,6663.699627832636
06013320001,Contra Costa,3100,189.77018717291145,103194,1499,40,0.0266844563042028,0.052734375,0.1247498332221481,0,0.0,0.0,0,6904.487229290522
06013307205,Contra Costa,7818,2553.5536970178337,70419,4074,211,0.05179185076092293,0.06285714285714286,0.24815905743740796,0,0.0,0.0,0,5054.080393049822
06013355302,Contra Costa,3454,459.44237927969874,250001,1469,195,0.13274336283185842,0.009016393442622951,0.12729748127978216,0,0.0,0.0,0,5478.062039522045
06013307101,Contra Costa,4696,2191.767510595735,75139,1987,87,0.043784599899345744,0.03922829581993569,0.24308002013085053,0,0.0,0.0,0,3232.574642376832
06013341000,Contra Costa,4760,1179.2416504093135,147701,2383,203,0.08518673940411246,0.007816316560820713,0.05245488879563575,0,0.0,0.0,0,2607.7021930074043
06013385100,Contra Costa,3100,1296.7501920930633,170278,1390,97,0.06978417266187051,0.007987220447284345,0.14244604316546763,0,0.0,0.0,0,1857.0345018979506
06013392000,Contra Costa,2588,2462.089722082249,214464,1307,108,0.08263198163733741,0.019940179461615155,0.1117061973986228,0,0.0,0.0,0,2184.451072451514
06013351200,Contra Costa,5525,610.1815147259503,250001,2575,216,0.08388349514563107,0.008117706747843734,0.08194174757281554,0,0.0,0.0,0,3274.402173234062
06013365002,Contra Costa,5171,719.6507802223446,74545,2326,96,0.0412725709372313,0.060294117647058824,0.10232158211521926,0,0.0,0.0,0,3724.105182642377
06013307201,Contra Costa,4224,2708.481393812339,61196,1903,111,0.05832895428271151,0.07972270363951472,0.19232790331056226,0,0.0,0.0,0,3886.166817521288
06013308001,Contra Costa,7523,2017.5572785734273,88908,3103,298,0.09603609410248147,0.014987800627396306,0.46696745085401226,0,0.0,9.635360548768027,0,1446.485815710591
06013307202,Contra Costa,4481,6365.224962748874,48125,1931,28,0.014500258933195235,0.12163050624589086,0.2656654583117556,0,0.0,0.0,0,4261.9063071705505
06085508102,Santa Clara,3556,1305.924017516653,206563,1810,56,0.030939226519337018,0.050835148874364564,0.049723756906077346,0,0.0,0.0,0,12266.09242550931
06085506606,Santa Clara,5137,4281.002296410254,114574,2550,42,0.01647058823529412,0.03131991051454139,0.0407843137254902,0,0.0,0.0,0,12030.83078059678
06085504506,Santa Clara,6609,3668.6948300414406,152898,3815,135,0.035386631716906945,0.0599721059972106,0.04980340760157274,0,0.0,0.0,0,5028.477000981079
06085504507,Santa Clara,6238,3522.755712216463,154671,3124,23,0.00736235595390525,0.054282267792521106,0.08002560819462227,0,0.0,0.0,0,3485.1843647871715
06085506701,Santa Clara,4268,2668.207899328212,212679,2318,25,0.010785159620362382,0.0053475935828877,0.07118205349439172,0,0.0,0.0,0,14278.723103564176
06095250801,Solano,4232,43.47736193341369,103816,2202,139,0.0631244323342416,0.04640371229698376,0.1989100817438692,0,0.0,0.0,0,19491.04236930869
06095252915,Solano,6449,440.2403049991735,156375,3215,39,0.012130637636080872,0.045021186440677964,0.143701399688958,0,0.0,0.0,0,33558.11375567247
06095252314,Solano,4441,2479.008829986867,93500,2349,44,0.018731375053214133,0.0674547983310153,0.10600255427841634,0,0.0,0.0,0,29785.890477056662
06085508203,Santa Clara,5873,3756.144389846051,239318,2535,72,0.028402366863905324,0.03687150837988827,0.03944773175542406,0,0.0,0.0,0,13699.30216177989
06013308002,Contra Costa,4486,1139.239840408792,123882,2330,192,0.08240343347639485,0.04463690872751499,0.3223175965665236,2,0.507908979228173,24.150828600178425,1,1408.5817761521262
06085506702,Santa Clara,5799,3427.8048390366057,140670,2659,110,0.04136893569010906,0.03264691109994977,0.06807070327190673,0,0.0,0.0,0,13034.236902257835
06085506703,Santa Clara,3622,2674.126615525682,144412,1586,12,0.007566204287515763,0.0723781388478582,0.09646910466582598,0,0.0,0.0,0,14128.928967588025
06013343002,Contra Costa,4658,1376.5060137971952,153080,2294,145,0.06320836965998257,0.12953367875647667,0.17436791630340018,0,0.0,0.0,0,2426.275509063238
06013348000,Contra Costa,4819,441.61805271298385,250001,2073,253,0.12204534491075736,0.020182291666666668,0.07959479015918958,2,0.18328203059264736,9.744067108886746,1,1360.7272692276863
06013352101,Contra Costa,3628,306.71134330047147,250001,1398,76,0.05436337625178827,0.013230429988974642,0.1251788268955651,0,0.0,0.0,0,5944.39123864731
06013359202,Contra Costa,6819,703.6626952080876,132350,3454,165,0.04777070063694268,0.12982605006364023,0.18094962362478287,0,0.0,0.0,0,8710.9269811862
06085504805,Santa Clara,7442,5194.727998117305,130078,4561,201,0.04406928305196229,0.049766718506998445,0.050427537820653366,0,0.0,0.0,0,9964.92777580957
06085504806,Santa Clara,2980,3598.0713713503415,133846,1520,7,0.004605263157894736,0.13614457831325302,0.03881578947368421,0,0.0,0.0,0,9918.077215864214
06085505007,Santa Clara,4285,1405.5287410431117,142500,1984,28,0.014112903225806451,0.0,0.04586693548387097,0,0.0,0.0,0,5750.714737924892
06085505203,Santa Clara,5476,3813.560939328981,117000,2515,110,0.0437375745526839,0.08585858585858586,0.06003976143141153,0,0.0,0.0,0,5674.041829204948
06085508204,Santa Clara,4892,4800.475892215245,231860,2219,41,0.018476791347453808,0.05962732919254658,0.01892744479495268,0,0.0,0.0,0,12935.673951070094
06085508505,Santa Clara,4765,4103.209634106025,205625,2447,125,0.05108295872496935,0.07193158953722334,0.020841847159787496,0,0.0,0.0,0,11941.32654384852
06085504802,Santa Clara,4933,2694.5142558499188,123750,2700,36,0.013333333333333334,0.07888198757763976,0.020370370370370372,0,0.0,0.0,0,8926.971889143257
06085505301,Santa Clara,5018,5543.530395366137,171071,3216,249,0.07742537313432836,0.10276073619631902,0.054104477611940295,0,0.0,0.0,0,9509.395442997697
06085505302,Santa Clara,4828,3355.3132467305495,170827,2576,65,0.025232919254658384,0.06747720364741641,0.03571428571428571,0,0.0,0.0,0,8679.77193968602
06085505402,Santa Clara,3058,2872.0439996440655,173582,1826,37,0.020262869660460023,0.08736217133163698,0.025191675794085433,0,0.0,0.0,0,9080.62841847539
06013384000,Contra Costa,3826,2364.6982538262187,171645,2056,342,0.16634241245136186,0.06976744186046512,0.11770428015564202,0,0.0,23.92836715706993,0,1069.0690072823222
06013305000,Contra Costa,7425,759.6579833561154,56620,2881,113,0.03922249219021173,0.1504462388440289,0.2540784449843804,0,0.0,0.0,0,5008.162500046381
06085508601,Santa Clara,3892,2942.8176459137385,196731,2246,71,0.031611754229741766,0.04888268156424581,0.0427426536064114,0,0.0,0.0,0,13795.881385439314
06085505403,Santa Clara,8563,6141.9604313029195,175735,4917,120,0.024405125076266018,0.04588431590656285,0.021354484441732765,0,0.0,0.0,0,10294.405068827458
06085505500,Santa Clara,4661,3417.0040512501855,146602,2340,41,0.01752136752136752,0.004438807863031071,0.03461538461538462,0,0.0,0.0,0,8083.892120938139
06085505600,Santa Clara,4594,4432.78625977903,117125,2300,69,0.03,0.10175975516449885,0.018260869565217393,0,0.0,0.0,0,6548.561746263963
06085505800,Santa Clara,4242,2514.534736687044,165750,2549,16,0.006276971361318164,0.015309246785058175,0.013338564142801098,0,0.0,0.0,0,7368.799247849201
06085506803,Santa Clara,7090,3095.440289002882,175938,3585,34,0.009483960948396096,0.006993006993006993,0.03821478382147838,0,0.0,0.0,0,14400.002702331292
06085507806,Santa Clara,5971,3168.946917068627,188468,2790,29,0.01039426523297491,0.027105517909002903,0.034408602150537634,0,0.0,0.0,0,15349.491574098185
06085507807,Santa Clara,3432,3442.2006990093796,250001,1642,11,0.006699147381242387,0.010064043915827997,0.0048721071863581,0,0.0,0.0,0,15937.000416471868
06085508301,Santa Clara,4702,2382.400150534862,250001,2091,66,0.03156384505021521,0.021345407503234153,0.0468675274988044,0,0.0,0.0,0,16340.48773537375
06085508303,Santa Clara,2569,2081.2779484902,208250,1059,15,0.014164305949008499,0.0066298342541436465,0.012275731822474031,0,0.0,0.0,0,15358.267454741796
06085506000,Santa Clara,4993,3728.0663331217106,173750,2693,9,0.0033419977720014855,0.0043980208905992305,0.0363906424062384,0,0.0,0.0,0,8447.08884275282
06085506101,Santa Clara,4845,3216.9285159172787,163750,2463,44,0.017864393016646368,0.025896414342629483,0.03938286642306131,0,0.0,0.0,0,10433.781275502892
06085506102,Santa Clara,4384,3856.994030725938,174929,2336,7,0.0029965753424657533,0.04846066134549601,0.04794520547945205,0,0.0,0.0,0,9489.624366491273
06085507808,Santa Clara,5811,3415.238559505277,250001,2901,34,0.011720096518441917,0.042200854700854704,0.05377456049638056,0,0.0,0.0,0,16203.612595902634
06001410000,Alameda,3177,474.44453340971836,154648,1561,130,0.08327994875080078,0.035455278001611606,0.1313260730301089,0,0.0,0.0,0,3515.362636590713
06085506103,Santa Clara,5218,3396.215427442505,188946,2338,20,0.00855431993156544,0.07917383820998279,0.02566295979469632,0,0.0,0.0,0,10862.314206460758
06085506203,Santa Clara,6127,5554.534383929274,130735,3213,55,0.017117958294428883,0.01660682226211849,0.005291005291005291,0,0.0,0.0,0,10946.914248275536
06085506204,Santa Clara,5546,3087.768070910986,188047,2767,8,0.0028912179255511385,0.013111447302067574,0.04156125767979761,0,0.0,0.0,0,11607.641308667104
06085506301,Santa Clara,5101,3403.956800391729,121667,3146,74,0.023521932612841703,0.04317548746518106,0.03273998728544183,0,0.0,0.0,0,9399.983390321811
06001430200,Alameda,7713,1445.983970649966,183182,3388,244,0.07201889020070838,0.026138279932546374,0.21251475796930341,0,0.0,0.0,0,3649.0089800761684
06001407900,Alameda,3088,2809.586468564189,124523,1753,82,0.04677695379349686,0.007412898443291327,0.15459212778094694,0,0.0,0.0,0,3769.437016265045
06001436601,Alameda,6634,6122.30294165277,77982,2948,116,0.03934871099050204,0.05697856769472034,0.13568521031207598,0,0.0,4.036407802637985,0,1602.0135938144626
06001400500,Alameda,3949,6677.113438877207,95078,2210,395,0.17873303167420815,0.0851697438951757,0.06108597285067873,0,0.0,62.60461757213209,0,668.6442247747432
06001451102,Alameda,3950,827.1805650045966,246100,1901,71,0.03734876380852183,0.00631911532385466,0.11993687532877433,0,0.0,0.0,0,11434.645070402166
06085507903,Santa Clara,5262,3501.2115794568776,210813,2296,138,0.06010452961672474,0.02858776443682104,0.02264808362369338,0,0.0,0.0,0,14042.842686879627
06085508401,Santa Clara,8085,3247.2367423729443,204662,3985,62,0.015558343789209535,0.03135048231511254,0.015809284818067756,0,0.0,0.0,0,15532.522185369347
06085508404,Santa Clara,6553,3514.6622996986644,194303,3006,82,0.027278775781769793,0.03909205548549811,0.04291417165668663,0,0.0,0.0,0,14245.050129292847
06001432800,Alameda,3862,996.0809591619052,135313,1820,169,0.09285714285714286,0.021246458923512748,0.07197802197802197,0,0.0,0.0,0,2711.997892467512
06001441503,Alameda,7416,87.54262321449995,221094,3384,321,0.09485815602836879,0.009700176366843033,0.1675531914893617,0,0.0,0.0,0,7702.507833060242
06001435400,Alameda,5048,3809.317112303973,80816,2483,155,0.06242448650825614,0.18613138686131386,0.27466774063632704,1,0.7546190792995192,64.85153690053453,1,571.6987828380137
06001438000,Alameda,3645,1498.264428989102,110481,1772,151,0.08521444695259593,0.07672188317349608,0.1788939051918736,0,0.0,0.0,0,3046.22584535123
06001451201,Alameda,7569,2061.2362738814077,109593,3644,50,0.013721185510428101,0.0564868804664723,0.15697036223929747,0,0.0,0.0,0,14025.696060831873
06001451202,Alameda,5482,119.64075043837204,170459,2975,79,0.026554621848739496,0.010890151515151516,0.16806722689075632,0,0.0,0.0,0,12037.140224214956
06001409000,Alameda,5039,236.54182078615062,70769,2070,72,0.034782608695652174,0.06297709923664122,0.09516908212560386,1,0.0469422148811571,12.198489913185345,1,1592.9904569168461
06085508503,Santa Clara,6212,4230.4506201165395,178263,3606,256,0.07099278979478647,0.13815789473684212,0.05435385468663339,0,0.0,0.0,0,13300.839710502163
06001401500,Alameda,3035,6488.616832761122,75568,1709,337,0.19719133996489174,0.29010806317539484,0.10064365125804564,0,0.0,0.0,0,1346.1535658548312
06085507904,Santa Clara,3061,2394.4295146874297,250001,1520,14,0.009210526315789473,0.013605442176870748,0.034868421052631576,0,0.0,0.0,0,13464.973770868588
06085504412,Santa Clara,5044,5198.32617244121,135993,2786,94,0.03374012921751615,0.0211864406779661,0.07071069633883705,0,0.0,0.0,0,3387.915043947023
06085504413,Santa Clara,2048,3236.674314850364,148438,855,5,0.005847953216374269,0.194125159642401,0.019883040935672516,0,0.0,0.0,0,3293.3854721811967
06085504414,Santa Clara,5296,3019.5057654182397,167772,2537,70,0.027591643673630272,0.010303030303030303,0.05675995270003942,0,0.0,0.0,0,3439.379467738758
06085504415,Santa Clara,4690,3886.0891310141196,176094,2395,39,0.0162839248434238,0.019008825526137134,0.054279749478079335,0,0.0,0.0,0,2610.620593554272
06085504416,Santa Clara,3927,3498.3663707709284,178813,1918,48,0.02502606882168926,0.047829937998228524,0.03232533889468196,0,0.0,0.0,0,1775.6478853816577
06001401600,Alameda,2403,3777.489590637258,88304,1333,185,0.13878469617404351,0.11001100110011001,0.035258814703675916,0,0.0,0.7651010624300248,0,1516.6452454103878
06001402400,Alameda,2623,7783.146595902999,31279,1156,357,0.3088235294117647,0.38164251207729466,0.1513840830449827,0,0.0,0.0,0,1275.88363157231
06085504418,Santa Clara,4118,3979.4901051725,127870,2106,12,0.005698005698005698,0.056666666666666664,0.06885090218423552,0,0.0,0.0,0,2625.068785973524
06085504421,Santa Clara,5631,3528.9029643478166,195417,2762,29,0.010499637943519189,0.01095360824742268,0.07494569152787835,0,0.0,0.0,0,4707.409896345666
06001402200,Alameda,2337,3264.854548760392,96200,1435,362,0.25226480836236936,0.18614718614718614,0.10662020905923345,2,2.7940560965001215,90.45293286519387,1,182.3980851056117
06085507905,Santa Clara,5181,3548.129357125485,137813,2436,26,0.010673234811165846,0.08920425747592499,0.05952380952380952,0,0.0,0.0,0,15418.281074989967
06001402500,Alameda,2010,5500.0075718476055,34250,738,265,0.35907859078590787,0.36222509702457956,0.33875338753387535,0,0.0,20.499509968938977,0,915.6510527062991
06001402600,Alameda,1300,4077.240505863645,45560,593,77,0.12984822934232715,0.3040650406504065,0.011804384485666104,0,0.0,57.119140763122545,0,731.307951558609
06001402700,Alameda,2039,5265.803169702046,115750,1122,357,0.3181818181818182,0.2585034013605442,0.07219251336898395,0,0.0,53.44098328185902,0,768.7101941947207
06001403000,Alameda,2897,8220.870075838817,32077,1187,401,0.33782645324347094,0.5542784163473818,0.020219039595619208,3,8.513155066453727,99.99999999999996,1,345.26522940408427
06085504422,Santa Clara,3316,3819.672119685184,114417,1605,37,0.023052959501557634,0.06866952789699571,0.052336448598130844,0,0.0,0.0,0,5602.963382025226
06001403100,Alameda,1941,5596.047832380002,136071,1072,376,0.35074626865671643,0.36770833333333336,0.08395522388059702,0,0.0,100.0,0,361.7766044903614
06085506304,Santa Clara,6164,5712.500266407357,120889,3220,124,0.03850931677018633,0.085995085995086,0.10993788819875776,0,0.0,0.0,0,10515.73255591767
06085506305,Santa Clara,5638,5159.191038942405,94777,2696,0,0.0,0.07799711121810303,0.08382789317507418,0,0.0,0.0,0,11135.857171001226
06085506401,Santa Clara,4710,3503.4210174972036,142793,2722,126,0.046289493019838354,0.14058851004203643,0.06576047024246877,0,0.0,0.0,0,8509.56607235308
06001404501,Alameda,1820,1678.5255108464246,232112,947,97,0.10242872228088701,0.033576642335766425,0.08870116156282999,0,0.0,0.0,0,3733.8713057326286
06001403800,Alameda,4008,6140.961948498957,154524,2407,297,0.12339011217282925,0.10134436401240951,0.1591192355629414,0,0.0,0.0,0,2494.391900709484
06001403900,Alameda,3883,7874.663582541938,126075,2263,541,0.23906319045514804,0.09086694483078349,0.1095890410958904,0,0.0,0.0,0,2025.4263187877953
06041106001,Marin,5466,394.01812129764403,132379,3442,449,0.1304474142940151,0.042309606769537086,0.17228355607205112,0,0.0,0.0,0,17585.9160164926
06001404000,Alameda,3145,8569.850306409842,98214,2052,335,0.16325536062378168,0.10694597574421169,0.06725146198830409,0,0.0,0.0,0,1319.3548494877925
06001438300,Alameda,3899,4554.946764711979,120469,1776,120,0.06756756756756757,0.01740139211136891,0.1204954954954955,0,0.0,0.0,0,2839.8529110603495
06085506402,Santa Clara,5398,3745.077042510154,116783,2545,75,0.029469548133595286,0.12425492893168272,0.07426326129666012,0,0.0,0.0,0,9687.317860091593
06085506503,Santa Clara,6182,3454.6220486926395,100139,3191,24,0.007521153243497336,0.2092262985833636,0.012221874020683171,0,0.0,0.0,0,11604.6865651715
06085507906,Santa Clara,4481,3142.463749133877,250001,2177,65,0.029857602204869087,0.0,0.04180064308681672,0,0.0,0.0,0,14765.045322594044
06085506601,Santa Clara,3887,2480.914274279996,125208,2153,38,0.01764979098931723,0.06376057254391672,0.029261495587552252,0,0.0,0.0,0,12702.148812526582
06085506603,Santa Clara,4252,3322.451432883289,250001,2103,54,0.025677603423680456,0.05412541254125412,0.09557774607703282,0,0.0,0.0,0,12726.405024834745
06085506605,Santa Clara,4397,4400.526196403684,122917,2417,13,0.005378568473314025,0.057179987004548405,0.009515928837401738,0,0.0,0.0,0,11511.505138757888
06085508101,Santa Clara,6519,2458.0209052090836,250001,3123,54,0.01729106628242075,0.0063532401524777635,0.025616394492475183,0,0.0,0.0,0,13808.698715083538
06001450701,Alameda,8738,32.704842333403725,250001,4074,317,0.0778105056455572,0.0,0.19391261659302897,0,0.0,0.0,0,13188.527917664007
06001403600,Alameda,5056,12870.991342248912,99925,3264,419,0.12837009803921567,0.12213201553123897,0.08241421568627451,0,0.0,0.0,0,1470.8170457330361
06001435300,Alameda,4812,3744.359420274861,89205,2466,80,0.032441200324412,0.04267931238885596,0.10340632603406326,0,0.0,0.0,0,1466.3765324029007
06001409800,Alameda,3511,1961.3961821831044,106023,1818,248,0.13641364136413642,0.1468354430379747,0.132013201320132,0,0.0,0.0,0,3676.876346144019
06001440306,Alameda,3787,5597.8634337011945,108155,1775,99,0.05577464788732395,0.01083743842364532,0.14873239436619717,0,0.0,0.0,0,4546.475662191569
06001450601,Alameda,3666,73.18156787700539,230517,1705,55,0.03225806451612903,0.004437869822485207,0.16715542521994134,0,0.0,0.1554468796869247,0,5165.631016756234
06001435700,Alameda,4819,3620.6873109533203,98125,2087,14,0.006708193579300431,0.01757944557133198,0.10158121705797796,0,0.0,0.0,0,2221.1966812981527
06001400600,Alameda,2058,6909.369368902677,155893,1311,240,0.18306636155606407,0.09375,0.13653699466056446,0,0.0,0.0,0,1236.6311111606428
06001442000,Alameda,2979,374.2428404826783,189821,1233,122,0.0989456609894566,0.0,0.19383617193836172,0,0.0,0.0,0,3646.4052173801247
06001426100,Alameda,6300,2067.0183796233455,250001,2900,267,0.09206896551724138,0.004679457182966776,0.08103448275862069,0,0.0,0.0,0,3436.1568752168637
06001400100,Alameda,3269,470.6406617026325,234236,1582,145,0.09165613147914033,0.06899055918663761,0.0922882427307206,0,0.0,0.0,0,3059.642144691317
06001433700,Alameda,3125,2432.525920175131,81992,1538,45,0.029258777633289986,0.024489795918367346,0.21131339401820545,0,0.0,4.224498430724796,0,1471.661608317566
06001437500,Alameda,4172,6585.064456168545,84531,1410,65,0.04609929078014184,0.11749571183533447,0.009219858156028368,0,0.0,0.0,0,2230.783592570211
06001441100,Alameda,4632,298.2907192834331,154432,1988,70,0.035211267605633804,0.040861402540033134,0.03370221327967807,0,0.0,0.0,0,3377.7732559306783
06001451503,Alameda,6104,2282.627901161658,166898,3371,0,0.0,0.06774193548387097,0.1320083061406111,0,0.0,0.0,0,13359.439826666709
06001408100,Alameda,7313,818.2576389243209,166786,3783,299,0.07903780068728522,0.004449007529089665,0.13322759714512292,0,0.0,0.0,0,4955.884177675004
06001450742,Alameda,5495,678.7816014999705,172760,2628,118,0.04490106544901065,0.059157595835305256,0.20928462709284626,0,0.0,0.0,0,7421.753561004425
06001404502,Alameda,6110,1983.8536090194311,227361,3254,348,0.10694529809465274,0.012393493415956624,0.1210817455439459,0,0.0,0.0,0,4429.023779500736
06001440301,Alameda,7074,1633.9542392983642,122093,3105,155,0.0499194847020934,0.0715648854961832,0.09468599033816426,0,0.0,0.0,0,2531.926874959805
06001406800,Alameda,3971,4351.63712145119,131161,1942,178,0.09165808444902163,0.0220014194464159,0.1101956745623069,0,0.0,0.0,0,3619.926131366253
06001430500,Alameda,6250,2397.0591899109204,99189,3194,565,0.17689417658108955,0.015201900237529691,0.1696931747025673,0,0.0,0.0,0,1760.8256371842228
06001422000,Alameda,2453,236.57040134399068,140331,1676,310,0.18496420047732698,0.10042194092827005,0.09725536992840096,0,0.0,0.0,0,2583.971483413443
06001442200,Alameda,7293,1740.0738264811434,231679,3544,68,0.019187358916478554,0.02910413824465666,0.09762979683972912,0,0.0,0.0,0,3595.882553622857
06001436402,Alameda,2688,629.612817456253,152917,1140,72,0.06315789473684211,0.010526315789473684,0.1368421052631579,0,0.0,0.0,0,3898.4731521598455
06001431100,Alameda,3259,3310.962425908463,98255,2050,92,0.0448780487804878,0.08190327613104524,0.19951219512195123,0,0.0,40.90580145840904,0,787.6825551639329
06075980501,San Francisco,129,87.08542476551953,12169,0,0,,0.9576271186440678,,13,8.776050557765535,100.0,1,2116.5625339005833
06085510400,Santa Clara,3767,2199.8761461899003,250001,1796,54,0.030066815144766147,0.016291698991466253,0.031180400890868598,0,0.0,0.0,0,19270.268716580656
06085510700,Santa Clara,4784,3316.0502762392894,197257,2908,66,0.02269601100412655,0.047200370198981954,0.025103163686382393,0,0.0,0.0,0,19152.24043344576
06001421200,Alameda,3557,2700.4194906889597,247171,1666,190,0.11404561824729892,0.029306647605432452,0.08523409363745499,0,0.0,0.0,0,2214.923262151073
06001422800,Alameda,8980,21979.03079700271,26056,2835,500,0.1763668430335097,0.7109317681584739,0.09135802469135802,0,0.0,47.91679782767272,0,802.0260109490747
06001405000,Alameda,3665,4577.373736665109,152857,2230,338,0.1515695067264574,0.05,0.10179372197309416,0,0.0,0.0,0,3520.4648200461606
06001400900,Alameda,2844,6964.78311396292,114583,1942,317,0.16323377960865088,0.044923629829290206,0.04840370751802266,0,0.0,0.0,0,1640.0111722582797
06001400700,Alameda,4758,5499.691137621522,110556,3099,726,0.23426911907066797,0.1386679920477137,0.0755082284607938,0,0.0,2.9000402744743585,0,1282.8437474843113
06001400800,Alameda,4335,5972.571281808927,97132,2831,485,0.17131755563405157,0.10026525198938992,0.12645708230307312,0,0.0,0.0,0,1454.8299061530731
06001451602,Alameda,6909,2292.7309048535744,140909,3735,70,0.018741633199464525,0.06212349397590362,0.11485943775100402,0,0.0,0.0,0,11398.16397766931
06001400200,Alameda,2147,3660.3353055140415,225500,1124,287,0.25533807829181493,0.09474885844748858,0.10053380782918149,0,0.0,87.76970134871125,0,399.83741576958766
06085509106,Santa Clara,4264,4327.725722649284,142727,2542,66,0.025963808025177025,0.0672396359959555,0.025963808025177025,0,0.0,0.0,0,14528.583512513565
06085509108,Santa Clara,4549,1980.4163607064227,179028,2627,204,0.07765511990864103,0.057900432900432904,0.047202131709173964,0,0.0,0.0,0,14737.32890956197
06001435200,Alameda,4647,2004.7767727957719,134167,1974,148,0.07497467071935157,0.022191400832177532,0.22239108409321176,0,0.0,0.0,0,2248.774927536327
06001410300,Alameda,3893,6731.485311358462,54698,1787,50,0.027979854504756575,0.09313264346190028,0.07162842753217684,0,0.0,0.0,0,2721.852331994211
06001409900,Alameda,3983,923.0111831710874,176141,1927,46,0.023871302542812663,0.013408609738884969,0.03736377789309808,0,0.0,0.0,0,4976.633450615494
06085510801,Santa Clara,5595,2548.9413422881057,246048,2525,76,0.030099009900990098,0.04225352112676056,0.07128712871287128,0,0.0,0.0,0,17212.688599250072
06085510802,Santa Clara,1997,2136.773792506063,250001,806,17,0.02109181141439206,0.04231311706629055,0.04218362282878412,0,0.0,0.0,0,17982.043602762344
06085510803,Santa Clara,3435,3396.1168860482276,250001,1735,62,0.035734870317002884,0.09375,0.017867435158501442,0,0.0,0.0,0,18233.856660948113
06085510900,Santa Clara,5122,3096.9576471460673,181712,2577,182,0.07062475746992627,0.12228129531174481,0.0473418703919286,0,0.0,0.0,0,18735.270626932095
06085511000,Santa Clara,7208,3627.928527058758,231856,3646,166,0.04552934722984092,0.021691973969631236,0.04909489851892485,0,0.0,0.0,0,17641.802446956346
06001421300,Alameda,4011,3700.0926977521303,130500,1971,219,0.1111111111111111,0.03816371681415929,0.11618467782851344,0,0.0,0.0,0,1900.7462796651491
06001450741,Alameda,5742,2631.0841683069884,165000,2820,78,0.027659574468085105,0.07892057026476579,0.09858156028368795,0,0.0,0.0,0,5496.197094426914
06001423200,Alameda,3003,6574.336106079829,80106,1397,162,0.11596277738010022,0.2519893899204244,0.1632068718682892,0,0.0,0.0,0,1377.658598194201
06085511100,Santa Clara,5643,2571.767232851848,250001,2309,73,0.03161541792983976,0.030318091451292245,0.0411433521004764,0,0.0,0.0,0,18171.565396756047
06085511400,Santa Clara,3705,2411.0843814631226,250001,1858,47,0.02529601722282024,0.007363770250368188,0.013993541442411194,0,0.0,0.0,0,19478.62207262134
06085512024,Santa Clara,4977,3114.6503294160384,137275,2539,115,0.04529342260732572,0.07656879677605066,0.06183536825521859,0,0.0,0.0,0,12022.5746884844
06085512025,Santa Clara,2983,2390.2435614494175,226364,1470,23,0.015646258503401362,0.05165289256198347,0.029931972789115645,0,0.0,0.0,0,12118.941398685218
06085512026,Santa Clara,3680,1667.8102350687075,117162,2122,60,0.02827521206409048,0.01805337519623234,0.1286522148916117,0,0.0,0.0,0,12655.78060506129
06001406000,Alameda,4735,1794.3495613384848,56763,2530,500,0.1976284584980237,0.24118942731277532,0.05217391304347826,0,0.0,10.425678252793368,0,1780.008309442056
06001423902,Alameda,1512,5125.749955395031,171583,926,197,0.21274298056155508,0.1471927162367223,0.10691144708423327,0,0.0,14.169319944228715,0,1086.0734011970283
06001443200,Alameda,3611,248.94991770870303,250001,1563,10,0.006397952655150352,0.007073386383731211,0.07613563659628919,0,0.0,0.0,0,4197.546833550823
06001404200,Alameda,3894,1427.2999252719455,247619,1865,246,0.1319034852546917,0.01780821917808219,0.06756032171581769,0,0.0,0.0,0,1755.8834045407866
06085509109,Santa Clara,6572,3134.617951049116,218105,3932,243,0.06180061037639878,0.07122622420072845,0.05137334689725331,0,0.0,0.0,0,15061.831847625348
06085509201,Santa Clara,5611,3575.708190081974,155404,3483,214,0.0614412862474878,0.09244935543278085,0.02871088142405972,0,0.0,0.0,0,16248.236323216623
06001400300,Alameda,5619,5058.353981811996,164000,3301,921,0.2790063617085732,0.13912054586808187,0.11814601635867919,2,1.8004463362918655,61.633686146729474,1,541.8895354890224
06085512027,Santa Clara,4237,2430.0715220082398,117194,2156,99,0.04591836734693878,0.12210095497953616,0.1730055658627087,0,0.0,0.0,0,12919.760428721256
06001427900,Alameda,4686,5678.483075829066,108691,2567,436,0.16984807167900273,0.10652065704330513,0.27347097779509155,0,0.0,0.0,0,3053.0518287589384
06001421500,Alameda,4064,2570.617915702118,201950,1915,180,0.09399477806788512,0.020447284345047924,0.08929503916449086,0,0.0,0.0,0,2516.200446439283
06001407500,Alameda,3988,8064.675910980417,46019,1491,77,0.051643192488262914,0.20743034055727555,0.05499664654594232,0,0.0,0.0,0,1770.5881137231268
06001451401,Alameda,6166,1330.8776248271743,113639,3132,106,0.03384418901660281,0.02311111111111111,0.16475095785440613,0,0.0,0.0,0,12018.90571782334
06001443103,Alameda,4125,247.19657941775867,233906,1950,112,0.057435897435897436,0.026079869600651995,0.08461538461538462,0,0.0,0.0,0,4325.404813228098
06001430600,Alameda,6244,2761.1006299903825,144922,3309,160,0.04835297673012995,0.028998640688717717,0.10849199153822907,0,0.0,0.0,0,2398.4636443436116
06001451300,Alameda,6393,504.5448662396718,119928,3527,52,0.014743407995463568,0.09114031369224247,0.10121916643039411,0,0.0,0.0,0,7478.741971665843
06001421600,Alameda,3854,2909.8029761970593,218390,1674,232,0.13859020310633213,0.034829202947086406,0.17861409796893668,0,0.0,0.0,0,1862.9043222981422
06001408300,Alameda,4791,3114.0859400629233,129295,2552,373,0.14615987460815047,0.052801724137931036,0.13244514106583072,0,0.0,0.0,0,3434.7541679442656
06001450607,Alameda,5182,1092.7424228593152,98214,3025,127,0.04198347107438016,0.11728931364031277,0.07074380165289257,0,0.0,0.0,0,5040.21578543255
06085513500,Santa Clara,1362,0.8851707094648039,111964,629,0,0.0,0.0,0.14149443561208266,0,0.0,0.0,0,34789.185356863214
06001401800,Alameda,1709,5677.488776986021,72401,965,315,0.32642487046632124,0.27705627705627706,0.14300518134715026,0,0.0,90.24184952756387,0,578.6546637217587
06085509202,Santa Clara,4137,2644.977221121455,190579,2430,65,0.026748971193415638,0.07078584283143372,0.08106995884773663,0,0.0,0.0,0,16658.526985345885
06085509302,Santa Clara,3535,3355.859165801149,185625,1765,52,0.029461756373937678,0.07087827426810478,0.04475920679886686,0,0.0,0.0,0,17598.43710232146
06041101200,Marin,2770,263.2665545997094,153500,1526,52,0.03407601572739188,0.0,0.10091743119266056,0,0.0,0.0,0,24751.009447285855
06041117000,Marin,4452,1639.876121546956,172891,2299,100,0.04349717268377556,0.0766685052399338,0.1056981296215746,0,0.0,0.0,0,18978.96130392137
06041110100,Marin,5703,811.9754413249187,116122,2356,288,0.12224108658743633,0.012494614390348987,0.1494057724957555,0,0.0,0.0,0,14587.729982645053
06041133000,Marin,2960,5.561259481479727,132500,1654,3,0.0018137847642079807,0.00322061191626409,0.1735187424425635,0,0.0,0.0,0,46575.75238696018
06041114100,Marin,5031,622.380910928982,131566,2634,77,0.029233105542900532,0.005649717514124294,0.10668185269552012,0,0.0,0.0,0,21542.62245294425
06041124200,Marin,5703,318.15929393191726,205179,2166,344,0.15881809787626963,0.005952380952380952,0.08633425669436749,0,0.0,0.0,0,10606.623336668628
06041114200,Marin,3352,749.1237145791346,120121,1652,37,0.022397094430992737,0.05591397849462366,0.13256658595641646,0,0.0,0.0,0,22843.945304693432
06041108100,Marin,6701,981.9430854778509,136970,3420,210,0.06140350877192982,0.03949386503067485,0.08333333333333333,0,0.0,0.0,0,20387.444235826188
06041128100,Marin,7360,794.774408024864,228652,3586,260,0.07250418293363078,0.04004533434076313,0.08421639709983268,0,0.0,0.0,0,14569.143386530915
06041121200,Marin,6256,634.7590106162369,211083,3317,134,0.04039794995477841,0.024624855713736054,0.08441362677117878,0,0.0,0.0,0,12925.306342673543
06041126200,Marin,4180,1084.9195674634404,164615,1760,72,0.04090909090909091,0.09875141884222474,0.10909090909090909,0,0.0,0.0,0,15358.310607507456
06041110200,Marin,5261,394.64995993798993,212411,2641,138,0.052252934494509656,0.010105649977032614,0.12154486936766376,0,0.0,0.0,0,11714.858165094582
06041113000,Marin,3612,142.34718330179746,135491,2117,74,0.03495512517713746,0.042937149968886125,0.14029286726499765,0,0.0,0.0,0,28801.112971775685
06001400400,Alameda,4278,5973.719790422573,158836,2455,516,0.21018329938900204,0.14147727272727273,0.10264765784114054,0,0.0,56.96036678407126,0,666.9185119547903
06001401000,Alameda,6277,5463.008814385546,153654,3942,742,0.18822932521562658,0.15464813205907907,0.0578386605783866,0,0.0,71.60937348701619,0,485.0636464843263
06085509303,Santa Clara,3816,6652.9755411370015,177692,2166,169,0.07802400738688828,0.16800920598388952,0.07340720221606649,0,0.0,0.0,0,17225.218119606332
06085512402,Santa Clara,5246,104.92395347232834,140000,2368,31,0.013091216216216216,0.04691358024691358,0.21030405405405406,0,0.0,0.0,0,40458.13006237404
06085505304,Santa Clara,3598,3519.145850360301,224435,2063,56,0.02714493456131847,0.03469750889679715,0.03974793989335919,0,0.0,0.0,0,9495.17014291501
06085505305,Santa Clara,5626,3680.532111939381,190595,3230,92,0.02848297213622291,0.03473491773308958,0.03343653250773994,0,0.0,0.0,0,10298.012618798783
06085505401,Santa Clara,6630,5670.954422121141,164598,4232,163,0.03851606805293006,0.04932735426008968,0.043714555765595464,0,0.0,0.0,0,10180.398679317268
06001401400,Alameda,5392,7143.914172460077,95011,3202,850,0.2654590880699563,0.16427340608845492,0.13148032479700186,0,0.0,23.192529607303953,0,1048.8119229572726
06085512029,Santa Clara,7849,4122.490929460452,155000,3978,70,0.017596782302664656,0.02066772655007949,0.11488185017596782,0,0.0,0.0,0,14396.401744345685
06001423601,Alameda,2738,5230.83041209915,155857,1565,264,0.16869009584664538,0.10160427807486631,0.12332268370607029,0,0.0,7.063734405241018,0,1165.4057866191204
06001435102,Alameda,6137,1470.2510424771713,138859,2869,139,0.04844893691181596,0.005477784540474742,0.14220982920878356,0,0.0,0.0,0,2522.377112724615
06001431200,Alameda,5865,2858.5194040010315,106250,2798,129,0.046104360257326664,0.09748172217709179,0.14974982130092923,2,0.9747721752774191,31.968539614285756,1,862.6123172173978
06001440332,Alameda,3203,1393.9082420646523,184620,1511,81,0.053606882859033755,0.026755852842809364,0.16810059563203178,0,0.0,0.0,0,6112.255107328239
06001404400,Alameda,5823,1402.2260188519924,184737,2895,302,0.10431778929188255,0.029387755102040815,0.011744386873920553,0,0.0,0.0,0,3189.1989813744067
06001404600,Alameda,4934,1011.4977183965817,222617,2215,312,0.14085778781038374,0.037209302325581395,0.13589164785553048,0,0.0,0.0,0,5781.183231218956
06001406700,Alameda,5380,3195.296294638246,143887,3162,292,0.09234661606578115,0.04224675948151704,0.09361163820366857,0,0.0,0.0,0,3699.7170705064605
06001436500,Alameda,5289,2685.907129989549,85319,2562,229,0.08938329430132709,0.054390934844192634,0.1717408274785324,0,0.0,4.051434308420723,0,2011.2235725403805
06001430800,Alameda,5814,3227.7570422420604,98038,2953,159,0.05384354893328818,0.02689486552567237,0.10531662715882154,0,0.0,6.748836871063032,0,1321.8257855796917
06085512030,Santa Clara,2922,2451.9054281382687,182344,1329,41,0.030850263355906696,0.03535911602209945,0.09932279909706546,0,0.0,0.0,0,15741.861413508957
06001401100,Alameda,5537,6340.103096802996,93121,3480,1314,0.3775862068965517,0.15477538693846735,0.12040229885057471,4,4.58017200419216,83.85465277732978,1,333.97965269292587
06085512034,Santa Clara,2932,2811.0173792340433,169219,1534,52,0.03389830508474576,0.03137651821862348,0.2046936114732725,0,0.0,0.0,0,17997.19420089865
06085509304,Santa Clara,2936,1882.4003613481889,160859,1733,31,0.01788805539526832,0.010371650821089023,0.024235429890363532,0,0.0,0.0,0,16680.976934131657
06001401200,Alameda,2994,4511.603537695409,115045,2005,544,0.2713216957605985,0.11406578026592022,0.11371571072319202,0,0.0,33.170648954732606,0,821.5856930138024
06001401300,Alameda,4608,5346.371995381683,104226,3085,665,0.21555915721231766,0.3119533527696793,0.17179902755267423,0,0.0,38.42535852256002,0,1130.8063324048496
06085511702,Santa Clara,2829,1075.9747849108956,250001,1113,6,0.005390835579514825,0.008048289738430584,0.017070979335130278,0,0.0,0.0,0,19319.12161751503
06085511905,Santa Clara,2969,2347.74933021079,241440,1348,28,0.020771513353115726,0.006937561942517344,0.11646884272997032,0,0.0,0.0,0,17153.154208297616
06085512505,Santa Clara,7947,2991.2505045535704,125716,3693,56,0.015163823449769834,0.00436109899694723,0.1965881397238018,0,0.0,0.0,0,45684.4309592679
06041112100,Marin,4352,1478.1306298195034,113558,2481,73,0.029423619508262798,0.012415933781686497,0.05763804917372027,0,0.0,0.0,0,14944.629298772928
06041103100,Marin,7228,174.57460149044394,158977,3499,197,0.0563018005144327,0.014417744916820702,0.10974564161188911,0,0.0,0.0,0,32486.48333181816
06041104300,Marin,1742,132.02629185513246,161923,989,7,0.007077856420626896,0.008310249307479225,0.10313447927199192,0,0.0,0.0,0,20807.053287695147
06041107000,Marin,6334,314.72163952420726,216524,3157,128,0.04054482103262591,0.030991735537190084,0.08045612923661705,0,0.0,0.0,0,23196.80470055069
06041118100,Marin,2537,632.3037952771584,250001,1077,49,0.04549675023212628,0.038461538461538464,0.07985143918291551,0,0.0,0.0,0,18532.471851716702
06041127000,Marin,4588,1023.5782694029708,210865,2287,175,0.0765194578049847,0.009588268471517203,0.17927415828596416,0,0.0,0.0,0,18266.04648292066
06041116000,Marin,3143,2226.3052957268974,178705,1766,82,0.0464326160815402,0.041053446940356314,0.09513023782559456,0,0.0,0.0,0,20119.790996251573
06041124100,Marin,5430,604.7459250427229,202153,2963,182,0.061424232197097535,0.006219458018658374,0.07728653391832602,0,0.0,0.0,0,12534.827901006918
06041132200,Marin,1806,5.0627905937792885,76088,885,0,0.0,0.04563492063492063,0.19548022598870057,0,0.0,0.0,0,46411.80784784156
06041104102,Marin,5274,2489.977332562304,99174,2497,97,0.03884661593912695,0.0020887728459530026,0.07048458149779736,0,0.0,0.0,0,24729.1339312868
06041104200,Marin,5668,324.408480504626,105741,3068,93,0.0303129074315515,0.04150943396226415,0.13428943937418514,0,0.0,0.0,0,23419.55447368674
06001402900,Alameda,1828,4489.939784844624,37973,918,347,0.3779956427015251,0.5881877022653722,0.10675381263616558,3,7.3686101501826435,100.0,1,202.37130100867523
06041122000,Marin,1559,2473.12223650032,-666666666,0,0,,,,0,0.0,0.0,0,12207.045758110457
06041123000,Marin,2312,370.83263527701325,250001,875,58,0.06628571428571428,0.010238907849829351,0.10742857142857143,0,0.0,0.0,0,10768.990181734725
06041125000,Marin,4534,1175.1995933311255,119069,2116,175,0.08270321361058601,0.05177824267782427,0.09688090737240075,0,0.0,0.0,0,14328.268998167092
06041115000,Marin,7965,750.5071053897767,167306,3748,167,0.04455709711846318,0.02156238953693885,0.1664887940234792,0,0.0,0.0,0,21609.22511442381
06001441924,Alameda,7199,3295.2712570625517,177589,3485,299,0.08579626972740316,0.02714398111723053,0.18278335724533715,2,0.9154802770002922,33.76458673867552,1,858.8851773123414
06041103200,Marin,7457,1594.2211899991291,96731,2826,142,0.05024769992922859,0.09410007468259896,0.09200283085633404,0,0.0,0.0,0,27203.574194996327
06041101100,Marin,2496,72.33821182739035,165938,1129,27,0.023914968999114262,0.0,0.1054030115146147,0,0.0,0.0,0,27266.653776766674
06041119100,Marin,5149,765.6189090180201,197847,2175,125,0.05747126436781609,0.0765743073047859,0.07816091954022988,0,0.0,0.0,0,17589.6587611403
06001440100,Alameda,2661,97.17494196294899,104271,772,49,0.06347150259067358,0.15992102665350444,0.12564766839378239,0,0.0,0.0,0,4250.208369067004
06001451601,Alameda,5367,1363.4431637957293,194662,2655,30,0.011299435028248588,0.011198208286674132,0.07306967984934086,0,0.0,0.0,0,12744.505285367093
06041121100,Marin,5749,1551.4859798394987,177754,2413,237,0.09821798590965602,0.021017234131988232,0.08371322005801907,0,0.0,0.0,0,14960.570607057776
06041126100,Marin,6105,1152.1049507430896,230057,2866,134,0.04675505931612003,0.0063371356147021544,0.06001395673412421,0,0.0,0.0,0,16674.110479113988
06041128200,Marin,5297,1331.1672684313457,239625,2404,109,0.04534109816971714,0.015511892450879007,0.07029950083194675,0,0.0,0.0,0,17165.39757097237
06085509401,Santa Clara,4318,6490.129607025082,147823,2772,102,0.0367965367965368,0.11429915333960489,0.04256854256854257,0,0.0,0.0,0,18740.629547189736
06085509403,Santa Clara,4895,9298.632131813853,138750,3166,169,0.053379658875552745,0.06450116009280743,0.04864181933038535,0,0.0,0.0,0,18092.98851186506
06085509404,Santa Clara,6382,6085.534142649519,165250,3659,187,0.051106859797758954,0.09278350515463918,0.02596337797212353,0,0.0,0.0,0,18435.814866424178
06085509500,Santa Clara,5409,5507.253401590539,146587,3309,164,0.0495618011483832,0.08015267175572519,0.06104563312178906,0,0.0,0.0,0,17654.35419862766
06085512005,Santa Clara,6633,2739.790370696346,176855,3291,250,0.07596475235490732,0.005679129200189304,0.06289881494986327,0,0.0,0.0,0,10974.563643534191
06085509600,Santa Clara,3630,3461.478631235511,190556,2296,231,0.10060975609756098,0.06074766355140187,0.06750871080139373,0,0.0,0.0,0,16890.956719193207
06085509700,Santa Clara,3040,2902.8277636920493,192125,1704,75,0.04401408450704225,0.04225352112676056,0.03051643192488263,0,0.0,0.0,0,16344.497716913005
06085509802,Santa Clara,3158,3400.5490903982113,204632,1536,35,0.022786458333333332,0.03398926654740608,0.011067708333333334,0,0.0,0.0,0,17273.46256147548
06085509901,Santa Clara,2472,1774.1151521872714,250001,1238,7,0.005654281098546042,0.01675257731958763,0.05411954765751212,0,0.0,0.0,0,17857.05702858215
06041129000,Marin,2922,2164.4199763602724,70147,1411,145,0.10276399716513111,0.08443708609271523,0.1403260099220411,0,0.0,0.0,0,13174.175532826108
06041132100,Marin,1742,32.48810664404874,96875,933,0,0.0,0.0,0.19935691318327975,0,0.0,0.0,0,28169.908784619005
06041102100,Marin,2105,223.62955130447256,121845,950,61,0.06421052631578947,0.012182741116751269,0.15052631578947367,0,0.0,0.0,0,30100.315873083615
06041106002,Marin,5991,452.36716388861635,119600,2688,95,0.035342261904761904,0.06334231805929919,0.05505952380952381,0,0.0,0.0,0,15131.973543829341
06085508602,Santa Clara,5575,4158.467566103188,179087,3610,185,0.05124653739612189,0.08220810166799047,0.042105263157894736,0,0.0,0.0,0,12879.251003918267
06085509902,Santa Clara,5157,2313.538512444746,245521,2288,51,0.022290209790209792,0.11675977653631285,0.06905594405594405,0,0.0,0.0,0,16603.326054005174
06075026201,San Francisco,3651,8351.333610345428,124250,1901,530,0.2788006312467123,0.0640495867768595,0.1251972645975802,2,4.574819835850686,100.0,1,1006.0873145136013
06075026202,San Francisco,3863,11452.11592032908,138545,2161,824,0.3813049514113836,0.13803088803088803,0.20546043498380379,3,8.893696029248574,99.99999999999997,1,930.7390516418454
06075012405,San Francisco,3921,13282.634729800318,102358,2690,763,0.28364312267657993,0.6973058637083994,0.06356877323420074,15,50.81344579112593,100.0,1,315.2472697676392
06075020101,San Francisco,3924,12856.223199679425,135223,2721,745,0.27379639838294745,0.4755507791509941,0.04814406468210217,7,22.934139245095814,99.99999999999997,1,563.7034763913115
06075017603,San Francisco,4815,19364.455012217186,90590,2690,1096,0.4074349442379182,0.6708177667081777,0.04535315985130112,13,52.28201768615232,100.0,1,344.6223625562071
06075017803,San Francisco,2523,13289.634842869897,87132,1377,416,0.3021060275962237,0.5656903765690376,0.0392156862745098,6,31.60436347888204,100.0,1,679.7911682169184
06075012503,San Francisco,4368,40100.41705508986,39133,1767,569,0.322014714204867,0.7540385617509119,0.11035653650254669,8,73.44398728038436,100.0,1,304.2442943094938
06075017804,San Francisco,3482,10871.420153909281,124674,2522,329,0.13045202220459953,0.46116241173275396,0.04004758128469469,10,31.22176954023343,100.0,1,652.4272755234642
06085508403,Santa Clara,3320,2608.1605199861556,249500,1388,47,0.03386167146974063,0.0,0.03962536023054755,0,0.0,0.0,0,14618.88506882756
06075017602,San Francisco,3199,11708.33775960884,69671,2012,289,0.14363817097415507,0.6380175658720201,0.06312127236580517,17,62.2199880942014,99.99999999999996,2,273.7112925892139
06075061503,San Francisco,3205,13646.153362081102,221781,2532,309,0.12203791469194313,0.499141385231826,0.10110584518167456,5,21.288850798878475,99.99999999999999,1,577.823579370594
06075060703,San Francisco,6256,18044.750292887067,235371,4498,706,0.15695864828812806,0.29243575823380386,0.0542463317029791,13,37.49708340913234,100.0,1,1479.9626100979135
06075061402,San Francisco,2331,5919.972811752296,174675,1603,222,0.13849033063006863,0.07824591573516768,0.08983156581409857,8,20.317367007300888,99.99999999999996,1,2139.6581143887834
06075061502,San Francisco,1901,8828.99216865061,93403,1096,384,0.35036496350364965,0.44575645756457566,0.2937956204379562,2,9.288787131668185,99.99999999999996,1,1118.5381486588224
06075017903,San Francisco,3136,624.5036089022444,96000,1712,609,0.3557242990654206,0.1501597444089457,0.18516355140186916,13,2.588822358332008,70.80632794828496,1,3775.4073959481284
06075045201,San Francisco,3104,8770.132160817091,139659,1662,529,0.31829121540312877,0.245311327831958,0.0950661853188929,8,22.60343340416776,99.99999999999997,1,4578.918720563769
06075035102,San Francisco,4458,8205.47753004579,162721,2147,518,0.24126688402421984,0.08722264728385616,0.18537494177922684,7,12.88432990361609,99.99999999999997,1,5833.259053200898
06075980600,San Francisco,1172,282.51780590001897,136250,674,127,0.1884272997032641,0.11238095238095239,0.04747774480712166,6,1.4463368902731346,53.809395977927664,1,5563.035098292552
06081606800,San Mateo,3809,1319.1626164400861,195313,1791,62,0.03461753210496929,0.011406844106463879,0.06588498045784479,0,0.0,0.0,0,8973.84370556612
06081606000,San Mateo,5476,7098.027697139841,103813,3249,201,0.061865189289012,0.028128821850794947,0.07048322560787934,0,0.0,0.0,0,5415.433188812578
06081609100,San Mateo,1478,443.4262548073198,214038,868,47,0.05414746543778802,0.007067137809187279,0.07142857142857142,0,0.0,0.0,0,15325.624333714688
06081610304,San Mateo,4497,1198.1609867431373,188802,2306,106,0.04596704249783174,0.049189491335941866,0.035993061578490894,0,0.0,0.0,0,14019.0110802815
06081606100,San Mateo,5091,970.7073905377869,138108,2693,36,0.013367991088005942,0.04723346828609987,0.030449313033791312,0,0.0,0.0,0,6677.602215410154
06081606300,San Mateo,3817,3745.8316366845143,119102,1835,214,0.11662125340599455,0.18305084745762712,0.0768392370572207,0,0.0,0.0,0,7102.31424024804
06081606400,San Mateo,4739,5170.413812523196,147546,2426,211,0.08697444352844189,0.0975809758097581,0.1628194558944765,0,0.0,0.0,0,6911.460117161765
06081603900,San Mateo,5633,2857.349492629045,126188,2673,208,0.07781518892630004,0.021894336030461686,0.04377104377104377,0,0.0,0.0,0,2220.907288354663
06081613200,San Mateo,6851,169.8498717915145,248269,2797,37,0.013228459063282088,0.04566929133858268,0.031462281015373614,0,0.0,0.0,0,28320.251815691794
06095253203,Solano,3922,2138.625974874558,89135,1724,0,0.0,0.012667135819845179,0.16067285382830626,0,0.0,0.0,0,38434.42336755429
06095253402,Solano,8310,496.1038474850126,90857,4279,0,0.0,0.04156809733017911,0.051180182285580744,0,0.0,0.0,0,47805.859800564875
06095252903,Solano,4508,19.716073618335876,117991,2052,0,0.0,0.0,0.11598440545808966,0,0.0,0.0,0,47201.92170160843
06081610202,San Mateo,4681,2707.195447260565,173125,3269,307,0.09391251147139798,0.17295597484276728,0.01743652493117161,0,0.0,0.0,0,18542.319329781018
06081603400,San Mateo,5819,502.65793914777726,145809,2380,30,0.012605042016806723,0.006663493574488339,0.11428571428571428,0,0.0,0.0,0,6312.677746201692
06081611800,San Mateo,4558,749.180409575203,116548,2252,89,0.03952042628774423,0.021696252465483234,0.03952042628774423,0,0.0,0.0,0,15755.236026429146
06081608100,San Mateo,3564,4194.010082191318,209313,1927,57,0.029579657498702647,0.004528301886792453,0.08822003113648158,0,0.0,0.0,0,11839.636348342885
06081613300,San Mateo,2734,294.1243593118049,250001,1269,0,0.0,0.0059031877213695395,0.01103230890464933,0,0.0,0.0,0,21507.609680395257
06081607300,San Mateo,3853,2977.537355357088,237321,2154,138,0.06406685236768803,0.019123505976095617,0.10399257195914577,0,0.0,0.0,0,9871.037511560806
06081613600,San Mateo,5814,216.27827286454928,165913,2883,142,0.0492542490461325,0.020754716981132074,0.03537981269510926,0,0.0,0.0,0,12063.947457074417
06081600100,San Mateo,5175,309.8691788069833,148724,2517,163,0.06475963448549861,0.014832535885167464,0.08541914978148589,0,0.0,7.7634418116375405,0,3997.975877980919
06081603100,San Mateo,3368,404.1939944276991,196447,1773,88,0.049633389734912575,0.011484098939929329,0.06091370558375635,0,0.0,0.0,0,6408.176458038469
06081605600,San Mateo,6032,702.4027397423756,250001,2533,50,0.01973943939992104,0.021848739495798318,0.07816818002368733,0,0.0,0.0,0,4226.441065493204
06081604600,San Mateo,2565,1803.5197453937024,158516,1248,67,0.05368589743589743,0.024054982817869417,0.10176282051282051,0,0.0,0.0,0,2766.2377688939064
06081606500,San Mateo,3479,2432.418757088665,226875,1618,81,0.050061804697156986,0.013452914798206279,0.024103831891223733,0,0.0,0.0,0,7174.426642905979
06081606600,San Mateo,3838,3428.811583835342,209224,2041,129,0.06320431161195493,0.014208389715832206,0.12003919647231749,0,0.0,0.0,0,8096.078957991939
06081606700,San Mateo,2497,1277.0254376033322,172420,1278,56,0.04381846635367762,0.045881126173096975,0.07746478873239436,0,0.0,0.0,0,8678.991756417998
06081606900,San Mateo,2797,813.8159077965438,250001,1320,27,0.020454545454545454,0.00966702470461869,0.04318181818181818,0,0.0,0.0,0,9628.442634978408
06081600600,San Mateo,4845,6297.191502265704,103567,2773,472,0.1702127659574468,0.10985352862849534,0.09736747205192932,0,0.0,31.780484586182713,0,985.4503184373325
06081601100,San Mateo,6277,6428.648064380063,148381,3444,459,0.1332752613240418,0.02616123865456487,0.1248548199767712,0,0.0,0.0,0,2210.9989798552997
06081601200,San Mateo,6754,3442.788572408695,133873,3657,504,0.13781788351107466,0.0474158368895211,0.0916051408258135,0,0.0,8.890787798910816,0,1446.2159175710897
06081613502,San Mateo,6164,233.65648965024678,215336,3171,105,0.033112582781456956,0.009449465899753493,0.10280668558814254,0,0.0,0.0,0,11479.517300237156
06081612900,San Mateo,4441,2790.7735426507443,250001,2022,62,0.03066271018793274,0.021806853582554516,0.05192878338278932,0,0.0,0.0,0,24094.54979183209
06081605700,San Mateo,5226,647.6732067619233,250001,2360,27,0.011440677966101695,0.01707891637220259,0.09491525423728814,0,0.0,0.0,0,6725.936979522192
06055201402,Napa,2415,75.44325972791565,169028,1104,8,0.007246376811594203,0.01762977473065622,0.051630434782608696,0,0.0,0.0,0,39773.46104967861
06055201403,Napa,739,3.102584143637562,198603,410,0,0.0,0.0,0.036585365853658534,0,0.0,0.0,0,47811.59856176673
06055201101,Napa,1894,1094.5739212827377,116226,895,21,0.02346368715083799,0.016029593094944512,0.09385474860335195,0,0.0,0.0,0,41141.369738796646
06055201005,Napa,2688,68.9717785764429,100600,1171,7,0.005977796754910333,0.02152317880794702,0.11528608027327071,0,0.0,0.0,0,30272.881759500146
06055201401,Napa,2548,24.71772137762685,145682,1165,21,0.018025751072961373,0.026737967914438502,0.13905579399141632,0,0.0,0.0,0,48388.90714541193
06097151800,Sonoma,4786,1897.2319565925554,121456,2698,43,0.015937731653076354,0.01503006012024048,0.0748702742772424,0,0.0,0.0,0,63553.14925592671
06075015701,San Francisco,4926,10279.359074863845,148542,2730,922,0.33772893772893775,0.13142375737152484,0.08534798534798535,15,31.301337012374677,100.0,1,3099.69924022034
06075015402,San Francisco,2848,8705.349224584792,231313,1951,403,0.20656073808303435,0.08943716268311488,0.07227063044592516,6,18.339921119209535,100.0,1,3369.98125182298
06075015702,San Francisco,3273,9156.236327576913,209803,2256,483,0.21409574468085107,0.10847975553857907,0.0549645390070922,11,30.77256327630493,99.99999999999993,1,2682.0290808905024
06075016602,San Francisco,2098,15095.535230202067,207640,1726,483,0.27983777520278097,0.2747148288973384,0.1593279258400927,6,43.171216101626506,99.99999999999997,1,2811.9277909084176
06075016601,San Francisco,3202,15681.74112975095,158854,2173,750,0.3451449608835711,0.3936899862825789,0.07731247123791993,11,53.87231493668346,100.0,1,2304.1538501559403
06075012504,San Francisco,612,23274.85361623808,25667,205,160,0.7804878048780488,0.7647058823529411,0.3073170731707317,3,114.09241968744156,100.0,1,204.82743956339021
06075020102,San Francisco,3310,23601.925436769056,116076,1900,642,0.33789473684210525,0.5776173285198556,0.05052631578947368,8,57.04392854808231,100.0,2,14.230170621838823
06081607100,San Mateo,2998,2413.2923524150633,250001,1484,116,0.07816711590296496,0.028409090909090908,0.13005390835579514,0,0.0,0.0,0,10883.47009025536
06081607200,San Mateo,4424,4386.5697777769565,118848,2635,482,0.18292220113851992,0.0905861456483126,0.10740037950664137,0,0.0,0.0,0,10845.940397251325
06081607400,San Mateo,4799,4233.99979474242,149028,2596,273,0.1051617873651772,0.10943015632879476,0.07010785824345146,0,0.0,0.0,0,9050.479099073698
06081607500,San Mateo,6214,3166.7673903391105,202120,3675,456,0.12408163265306123,0.07646356033452807,0.06312925170068028,0,0.0,0.0,0,9713.24480189484
06013304002,Contra Costa,1997,20.69753336815357,78304,750,0,0.0,0.029462738301559793,0.39066666666666666,0,0.0,0.0,0,21888.743583145242
06075020802,San Francisco,2523,18231.704419193396,119030,1797,515,0.2865887590428492,0.45869191049913943,0.08625486922648859,4,28.904802884175027,100.0,1,372.9987072641423
06075020801,San Francisco,3743,18020.13442325961,101696,2253,859,0.3812694185530404,0.39046988749172734,0.09631602308033733,3,14.443067932080906,99.99999999999999,1,603.1083312711999
06075061401,San Francisco,2989,7223.122921033057,139038,1398,265,0.18955650929899856,0.276566757493188,0.12446351931330472,23,55.58107299557053,99.99999999999999,1,1634.6801163426917
06075020702,San Francisco,2248,16189.603995920206,144048,1545,454,0.29385113268608415,0.4974958263772955,0.018770226537216828,4,28.80712454790072,100.0,1,535.179123730784
06075060702,San Francisco,1945,3546.0142963297208,141333,1299,230,0.17705927636643573,0.3320388349514563,0.08468052347959969,17,30.993441150439722,99.99999999999996,1,1727.7118994533218
06081607701,San Mateo,4298,3490.290050628826,149333,2395,198,0.0826722338204593,0.023054755043227664,0.054279749478079335,0,0.0,0.0,0,8036.583573227468
06081607702,San Mateo,3299,5326.061813307779,152875,1457,77,0.05284831846259437,0.03361344537815126,0.06932052161976665,0,0.0,0.0,0,8393.14752344677
06081607800,San Mateo,3432,3225.70269439977,177014,1670,27,0.016167664670658683,0.012601260126012601,0.04790419161676647,0,0.0,0.0,0,9217.422265180046
06081607900,San Mateo,3182,1954.0136652642357,133802,1927,109,0.05656460819927348,0.057209573847051956,0.07680332122470161,0,0.0,0.0,0,9850.357447962495
06081608002,San Mateo,3551,3078.365681786071,210179,1530,41,0.02679738562091503,0.0076511094108645756,0.054901960784313725,0,0.0,0.0,0,11992.467640108665
06075012001,San Francisco,1912,30387.045203152524,87796,1395,307,0.22007168458781362,0.6549549549549549,0.05734767025089606,8,127.14244854875534,99.99999999999999,1,1074.4573292622388
06075010101,San Francisco,2121,1578.2992901589946,83816,1022,244,0.23874755381604695,0.397708674304419,0.012720156555772993,25,18.603244815641144,100.0,1,2137.519082530022
06075010102,San Francisco,1908,23983.14090217243,-666666666,841,265,0.3151010701545779,0.3839479392624729,0.09750297265160524,7,87.98846242935377,100.0,1,1987.28375275099
06075060701,San Francisco,7879,3869.4773166422274,222692,5217,1113,0.21334100057504313,0.25441919191919193,0.16407897258961088,16,7.857803917537205,98.24912418166541,1,2127.621633194825
06075033001,San Francisco,4075,7075.348856268105,148239,2143,617,0.28791413905739616,0.016911764705882352,0.12599160055996267,15,26.044228918778302,100.0,1,4031.1163014206677
06075033002,San Francisco,4288,4560.022484919046,173281,2257,505,0.22374833850243686,0.09251968503937008,0.0974745237040319,7,7.444066556537622,99.99999999999996,1,3541.8400677265986
06075031401,San Francisco,2533,7695.102880893307,97143,1292,336,0.26006191950464397,0.12012987012987013,0.08281733746130031,15,45.56910509806538,99.99999999999997,1,1271.8799236863338
06075025501,San Francisco,4397,8193.299310840184,150438,2308,746,0.32322357019064124,0.0196078431372549,0.19020797227036396,8,14.907071750448369,100.0,1,702.3379234672775
06075010202,San Francisco,1859,2961.9096704523013,208750,1406,352,0.2503556187766714,0.1595940959409594,0.034139402560455195,22,35.05218544913966,100.0,1,2736.983824857758
06075061504,San Francisco,1567,16435.375166565063,247063,1187,108,0.09098567818028644,0.19754601226993865,0.07919123841617523,0,0.0,99.99999999999994,0,913.0352372745585
06075061507,San Francisco,1772,2787.2089670832715,118370,1337,381,0.2849663425579656,0.6563342318059299,0.10471204188481675,23,36.17709155920725,99.99999999999993,2,636.454320687913
06075025502,San Francisco,3846,7118.4667931189115,161400,1935,537,0.2775193798449612,0.12520193861066237,0.05426356589147287,21,38.86838342576629,99.99999999999991,1,309.9412118443872
06075016101,San Francisco,2355,19188.742884211242,28522,788,278,0.35279187817258884,0.5672025723472669,0.1218274111675127,7,57.036603052857195,100.0,1,1589.8998954677013
06075990200,San Francisco,0,0.0,-666666666,0,0,,,,0,0.0,3.3567302939431714,0,2501.750911805747
06075016102,San Francisco,2618,10634.853891605924,-666666666,875,542,0.6194285714285714,0.55470737913486,0.16228571428571428,6,24.373232753871484,99.99999999999999,1,1158.9695589309001
06075012801,San Francisco,2591,8688.063499578819,250001,1549,198,0.12782440284054228,0.18961253091508656,0.09296320206584893,9,30.178530102743867,100.0,1,3312.0475754964996
06075010402,San Francisco,2077,10733.295525160882,202050,1290,192,0.14883720930232558,0.35498839907192575,0.11395348837209303,14,72.34768288505168,99.99999999999999,1,1242.133555972974
06075061101,San Francisco,1861,9423.687413129337,19531,638,152,0.23824451410658307,0.6758241758241759,0.1724137931034483,12,60.76531378697047,100.0,1,635.615252801877
06075047904,San Francisco,3145,645.7179299527836,84880,1486,353,0.23755047106325708,0.35963041933191187,0.1325706594885599,11,2.258472886957272,28.442628687293485,1,8854.87804743055
06075061102,San Francisco,2393,56460.85878114176,27450,931,193,0.20730397422126745,0.6924664602683178,0.15037593984962405,3,70.78252250038666,100.0,1,859.744714658633
06075061501,San Francisco,1656,3977.391801630863,239147,1064,103,0.09680451127819549,0.30344202898550726,0.015977443609022556,32,76.85781259190074,100.0,2,193.12207152612513
06075012403,San Francisco,2431,52853.81943552605,34732,1112,485,0.43615107913669066,0.7529411764705882,0.07194244604316546,6,130.4495749128574,100.0,1,456.83372321913
06075047903,San Francisco,3981,10152.148367438673,147768,2032,331,0.16289370078740156,0.10027855153203342,0.061515748031496065,9,22.951352752310488,100.0,1,7475.208237224003
06075035101,San Francisco,4018,10507.383483251007,98580,1938,241,0.12435500515995872,0.15850515463917525,0.04592363261093911,5,13.07539009861997,99.99999999999997,1,6363.395496380904
06075061506,San Francisco,4541,40223.524870840745,250001,3811,323,0.08475465757019154,0.211053412462908,0.08711624245604828,1,8.857856170632184,100.0,1,773.1618709431347
06075061505,San Francisco,1061,49851.61235609069,250001,852,110,0.12910798122065728,0.03244274809160305,0.24295774647887325,0,0.0,100.0,0,691.3162033152076
06075045202,San Francisco,3358,14091.698413797305,154375,1948,466,0.23921971252566734,0.2558139534883721,0.10215605749486653,12,50.35746901893021,99.99999999999997,1,4251.870981467476
06075012406,San Francisco,1533,24400.79004950426,32589,725,161,0.22206896551724137,0.7906026557711952,0.016551724137931035,7,111.41913264613818,99.99999999999999,1,619.7426938917645
06075012404,San Francisco,2586,56244.73591776298,27852,1182,559,0.47292724196277497,0.856396866840731,0.014382402707275803,2,43.499409062461694,100.0,1,423.00682210159175
06075017604,San Francisco,3146,28159.993422365187,100036,1925,438,0.22753246753246753,0.6882352941176471,0.0212987012987013,13,116.36360918332723,99.99999999999997,2,188.877137911951
06075015401,San Francisco,3338,8507.95982640792,133925,2239,639,0.28539526574363555,0.21921037124337064,0.07146047342563644,13,33.13465480626212,99.99999999999996,1,3269.753543575803
06075010901,San Francisco,2007,16329.20890014168,183194,1519,451,0.2969058591178407,0.42105263157894735,0.08492429229756418,13,105.76966402682703,99.99999999999997,1,1818.556125975985
06075012204,San Francisco,2720,59046.863306606385,62704,1547,271,0.17517776341305752,0.886107634543179,0.01874595992243051,2,43.416811254857635,100.0,1,731.1044599873321
06075015202,San Francisco,2212,11882.246663375197,146250,1425,305,0.21403508771929824,0.3923679060665362,0.01263157894736842,6,32.23032548835949,100.0,1,1832.306639635498
06075010902,San Francisco,2502,19586.872649578858,137141,1849,213,0.11519740400216333,0.5774027879677183,0.05029745808545159,9,70.45637643733403,99.99999999999997,1,1959.015547608464
06075015201,San Francisco,1612,17326.648523066797,92254,996,260,0.26104417670682734,0.5214489990467112,0.09337349397590361,1,10.748541267411163,100.0,1,1517.1905110646346
06075020701,San Francisco,3139,15073.252939363425,246500,2233,532,0.23824451410658307,0.2616892911010558,0.08105687416032244,0,0.0,99.99999999999999,0,715.2736940059297
06075011001,San Francisco,2618,22185.05499617953,114137,1836,416,0.22657952069716775,0.508298755186722,0.02886710239651416,6,50.844281885820166,100.0,1,1456.6005008662958
06075011102,San Francisco,2218,17646.573128423992,92000,1524,375,0.24606299212598426,0.73568281938326,0.09055118110236221,7,55.692521144710526,100.0,1,1165.7997920450637
06075012002,San Francisco,2102,33735.72918564696,53125,1187,256,0.21566975568660487,0.7401045556385362,0.11541701769165964,2,32.098695704706905,100.0,1,979.7056169510552
06075010401,San Francisco,2437,17133.71814850932,173750,1144,91,0.07954545454545454,0.33835341365461846,0.032342657342657344,11,77.33725877455993,99.99999999999993,1,1632.601928834546
06075010701,San Francisco,3424,34951.29427476759,24085,1270,612,0.4818897637795276,0.8425238600212089,0.1732283464566929,9,91.86964032503164,100.0,1,1138.8111406363168
06075010702,San Francisco,1458,17112.148623552188,77524,883,167,0.18912797281993204,0.5303703703703704,0.12117780294450736,11,129.10400196095614,100.0,1,1422.9852165610362
06075011002,San Francisco,1907,15738.247562947483,-666666666,1279,147,0.11493354182955434,0.38366336633663367,0.040656763096168884,18,148.55189099793114,100.0,1,1617.2214902049986
06075012203,San Francisco,1763,38339.5152756064,33750,725,220,0.30344827586206896,0.8212648945921174,0.2110344827586207,3,65.24024153534837,100.0,1,757.0499765945093
06075031402,San Francisco,4545,10297.459946023817,139643,2503,527,0.2105473431881742,0.1680194805194805,0.07670795045944866,8,18.12534203920584,99.99999999999996,1,1058.722973944423
06075013401,San Francisco,1370,7701.869406864979,197581,863,222,0.2572421784472769,0.21324503311258278,0.0984936268829664,7,39.35261740733931,100.0,1,2458.1089325568805
06075013402,San Francisco,2107,11951.444703842812,213607,1353,215,0.1589061345158906,0.17010309278350516,0.05543237250554324,3,17.016769867835045,100.0,1,2819.177630475215
06075012802,San Francisco,2027,10154.762458110692,250001,1336,262,0.19610778443113772,0.19567567567567568,0.04116766467065868,10,50.09749609329399,100.0,1,3019.9890991020247
06075013002,San Francisco,2609,14151.139447291633,210637,1767,397,0.2246745897000566,0.3389967637540453,0.15449915110356535,8,43.39176526574667,100.0,1,2605.6448832278847
06075020202,San Francisco,4113,20801.269586577117,164327,2875,904,0.3144347826086957,0.45701581027667987,0.04730434782608696,3,15.172333761179516,100.0,1,562.255446299331
06075020601,San Francisco,3044,9481.066841434837,149781,2217,773,0.34866937302661255,0.37214137214137216,0.05953991880920163,14,43.60543225364248,100.0,1,1025.1282697830575
06075020201,San Francisco,1920,13653.972392453268,116103,1314,464,0.3531202435312024,0.48824082784571965,0.1141552511415525,1,7.111443954402743,100.0,1,384.1995176351059
06075061508,San Francisco,2222,5843.700258824007,171915,1271,331,0.26042486231313927,0.3504587155963303,0.04799370574350905,4,10.519712437126925,99.99999999999993,1,1247.9113157031386
06075013001,San Francisco,1592,8773.50300986119,191541,1201,203,0.16902581182348042,0.2734375,0.07577019150707744,5,27.554971764639415,100.0,1,2266.8695585435767
06075010201,San Francisco,2473,13233.778892857077,147427,1728,250,0.14467592592592593,0.3302752293577982,0.10185185185185185,10,53.51305658251952,100.0,1,2183.761114904543
06075011101,San Francisco,2502,20607.624941835606,116897,1818,473,0.2601760176017602,0.5377926421404682,0.17106710671067107,17,140.01983373749212,99.99999999999997,1,1305.1280471349
06081608023,San Mateo,2366,2557.887288251268,234659,1109,58,0.05229936880072137,0.01164294954721863,0.09738503155996393,0,0.0,0.0,0,12160.171614100245
06081608200,San Mateo,3798,3353.09333056724,166250,1816,71,0.03909691629955947,0.030942334739803096,0.09966960352422907,0,0.0,0.0,0,11813.974841570498
06081608300,San Mateo,3196,2070.1757693217796,188594,1709,28,0.016383850204798128,0.05430566330488751,0.056173200702165006,0,0.0,0.0,0,13001.90554629601
06081608400,San Mateo,5243,3167.2012996282574,150350,3085,103,0.033387358184764994,0.09526044110746129,0.08038897893030794,0,0.0,0.0,0,10827.444921921217
06081608501,San Mateo,5120,4104.04206983789,168050,2885,210,0.07279029462738301,0.03824799506477483,0.07383015597920277,0,0.0,0.0,0,11109.278527167045
06081608502,San Mateo,2628,5180.737940378863,152667,1562,119,0.0761843790012804,0.030927835051546393,0.14212548015364918,0,0.0,0.0,0,11937.688559011332
06081608600,San Mateo,4598,2695.5903027415516,138967,2501,258,0.10315873650539784,0.12904858299595143,0.08716513394642143,0,0.0,0.0,0,12893.998680360663
06081608700,San Mateo,7315,2912.1222391341767,210804,3958,170,0.04295098534613441,0.020953757225433526,0.06291056088933805,0,0.0,0.0,0,12385.055717754007
06081609000,San Mateo,2637,1932.4093581008503,166181,1198,29,0.024207011686143573,0.06745182012847965,0.11101836393989983,0,0.0,0.0,0,13469.36568696324
06081609300,San Mateo,3449,3616.93871697507,243750,1733,13,0.0075014425851125215,0.03098106712564544,0.05943450663589152,0,0.0,0.0,0,17023.266497522152
06081609900,San Mateo,2949,2340.5516596384296,227614,1429,28,0.01959412176347096,0.0205799812909261,0.012596221133659902,0,0.0,0.0,0,18121.60710077101
06081610000,San Mateo,4780,3474.3512335607106,153303,2640,199,0.07537878787878788,0.05454545454545454,0.03901515151515152,0,0.0,0.0,0,18185.91199434272
06081610100,San Mateo,2551,5058.648315429257,122250,1466,64,0.04365620736698499,0.037199124726477024,0.08049113233287858,0,0.0,0.0,0,17669.832841171024
06081610201,San Mateo,5256,3631.983241143284,75184,2917,123,0.04216660953033939,0.1543175487465181,0.022625985601645526,0,0.0,0.0,0,19941.762070978806
06081610203,San Mateo,3134,5205.473102832637,75597,1734,162,0.09342560553633218,0.10633727175080558,0.0328719723183391,0,0.0,0.0,0,19681.15568104827
06081610303,San Mateo,7091,1419.5039075946434,202632,3576,214,0.059843400447427295,0.059233449477351915,0.06991051454138703,0,0.0,0.0,0,14581.159773665442
06081610400,San Mateo,5981,5924.056697703808,94861,2875,25,0.008695652173913044,0.033515731874145006,0.05182608695652174,0,0.0,0.0,0,19518.067329684458
06081610500,San Mateo,4729,4037.328016616059,95708,2265,66,0.02913907284768212,0.030303030303030304,0.039293598233995586,0,0.0,0.0,0,20609.65788658169
06081610601,San Mateo,5993,6534.8757621456,96042,2824,91,0.032223796033994334,0.04911591355599214,0.04461756373937677,0,0.0,0.0,0,21235.367340896846
06081610602,San Mateo,2996,2735.687428455887,162188,1541,43,0.027903958468526932,0.0,0.06099935107073329,0,0.0,0.0,0,20484.460578538245
06095250400,Solano,3511,3199.9746270170785,82711,1651,46,0.02786190187764991,0.031931464174454825,0.15384615384615385,0,0.0,0.0,0,20219.550183757125
06095250501,Solano,2473,1902.6237830078028,110250,1312,53,0.040396341463414635,0.019889502762430938,0.13795731707317074,0,0.0,0.0,0,19367.42534100943
06095250502,Solano,3250,1731.9406644661499,104145,1550,35,0.02258064516129032,0.0,0.08903225806451613,0,0.0,0.0,0,18390.26630965692
06095250601,Solano,5270,2176.3935416089735,84668,2271,46,0.02025539409951563,0.025118805159538356,0.19594892118009688,0,0.0,0.0,0,19268.26221635115
06001401700,Alameda,3276,284.31222923892295,145833,2224,431,0.19379496402877697,0.04267425320056899,0.12140287769784172,0,0.0,0.44104804764516103,0,2419.170034754117
06085506804,Santa Clara,4602,2984.257233795673,216938,2440,0,0.0,0.03087586641461878,0.05491803278688524,0,0.0,0.0,0,15237.829792994438
06075990100,San Francisco,0,0.0,-666666666,0,0,,,,0,0.0,1.1831794403544036,0,9578.427971688885
06097990100,Sonoma,0,0.0,-666666666,0,0,,,,0,0.0,0.0,0,107223.46744354253
06001433600,Alameda,5844,3695.196494976827,85886,2627,216,0.08222306813856109,0.18261269549218032,0.21431290445374954,0,0.0,0.0,0,1938.6746506239072
06081613900,San Mateo,6358,2331.58298637446,224223,2936,114,0.0388283378746594,0.09339294585196224,0.06982288828337875,0,0.0,0.0,0,19145.762917051637
06075020402,San Francisco,4169,7060.037177936189,152138,2790,569,0.2039426523297491,0.13551401869158877,0.08960573476702509,19,32.175751110766996,99.99999999999994,1,2278.8866241858095
06075980900,San Francisco,315,81.59666233999023,-666666666,176,50,0.2840909090909091,0.1858974358974359,0.09090909090909091,48,12.433777118474701,94.75582620295421,1,2660.259970145149
06013336202,Contra Costa,6012,8743.102846146114,71314,2909,117,0.04022000687521485,0.046875,0.08662770711584737,0,0.0,0.0,0,2486.6759216506434
06013355115,Contra Costa,10013,4539.612778720253,156916,4955,229,0.04621594349142281,0.022619673855865333,0.15216952573158427,0,0.0,0.0,0,6870.999438713277
06013351103,Contra Costa,1929,640.0337456023436,94444,253,0,0.0,0.061823802163833076,0.13043478260869565,0,0.0,0.0,0,4606.3476584164
06013351101,Contra Costa,2737,1131.3095543978895,76068,318,7,0.0220125786163522,0.05322819122720552,0.04716981132075472,0,0.0,0.0,0,5916.033174081988
06013365003,Contra Costa,5416,2116.8824351963995,77653,2536,272,0.10725552050473186,0.08468626590609916,0.26498422712933756,0,0.0,0.0,0,5566.461615675288
06013339001,Contra Costa,3659,3234.3578931002717,91188,2389,343,0.14357471745500208,0.06704486848891181,0.18166596902469653,0,0.0,0.0,0,1740.6938887439574
06013345111,Contra Costa,5850,2528.230412222515,153185,2878,140,0.048644892286309936,0.035346097201767304,0.14211257817929118,0,0.0,0.0,0,6719.745152983272
06013345114,Contra Costa,6571,1156.5324954714242,189967,2714,41,0.015106853352984525,0.0,0.07885040530582167,0,0.0,0.0,0,11528.823045473442
06013345116,Contra Costa,2961,2322.5747264126953,208393,1560,70,0.04487179487179487,0.03257328990228013,0.13782051282051283,0,0.0,0.0,0,8230.719845335732
06041120002,Marin,4780,1071.8771458998172,203393,2113,213,0.10080454330336015,0.058482358627356214,0.11878845243729295,0,0.0,0.0,0,16103.815889115554
06041112204,Marin,4266,15782.43777252674,71210,2280,229,0.10043859649122808,0.116,0.12631578947368421,0,0.0,0.0,0,13776.36072080426
06041104103,Marin,2884,948.2341945087315,135341,1591,79,0.049654305468258955,0.0,0.06851037083595223,0,0.0,0.0,0,25428.585122899654
06041108202,Marin,4777,1253.1223901342944,109958,1914,120,0.06269592476489028,0.23115327009485773,0.15047021943573669,0,0.0,0.0,0,18599.913060978095
06041130204,Marin,2448,448.0161810862866,126694,1404,60,0.042735042735042736,0.030345800988002825,0.12037037037037036,0,0.0,0.0,0,11215.466611932825
06041130203,Marin,2100,3019.376148429665,141172,1118,95,0.08497316636851521,0.04725738396624472,0.12075134168157424,0,0.0,0.0,0,12263.444051348471
06041105001,Marin,4324,1995.8470046137977,90804,1555,71,0.04565916398713826,0.03381294964028777,0.08102893890675242,0,0.0,0.0,0,19745.21734203926
06041105002,Marin,3030,373.74025173638256,125169,1465,157,0.10716723549488055,0.03110419906687403,0.11945392491467577,0,0.0,0.0,0,19075.21810334678
06041111002,Marin,4018,2210.2752962766585,87349,2392,100,0.04180602006688963,0.10018552875695733,0.04431438127090301,0,0.0,0.0,0,16766.850013654694
06041108201,Marin,2365,2387.1720957586317,88750,970,32,0.032989690721649485,0.24176857949200375,0.12474226804123711,0,0.0,0.0,0,17618.531265785725
06041111001,Marin,850,1721.0436725149261,92339,666,58,0.08708708708708708,0.1540084388185654,0.17567567567567569,0,0.0,0.0,0,15750.261961769906
06041112203,Marin,2498,23035.149580804944,94038,1359,225,0.16556291390728478,0.06502242152466367,0.15305371596762327,0,0.0,0.0,0,13566.872984938318
06041120001,Marin,1615,2636.6278460657627,127396,997,47,0.04714142427281846,0.0,0.11534603811434303,0,0.0,0.0,0,16896.785734949983
06041104104,Marin,5173,1746.2467820085506,145995,2554,106,0.04150352388410337,0.06517412935323383,0.11041503523884104,0,0.0,0.0,0,23273.77460779536
06013359105,Contra Costa,4927,1844.7271081491974,155170,2731,210,0.07689491028927133,0.02548476454293629,0.21530574880995973,0,0.0,0.0,0,10507.290396012195
06001438204,Alameda,6371,4276.250749614975,98194,2706,154,0.056910569105691054,0.04177151484650227,0.12416851441241686,0,0.0,40.380050792349756,0,835.068790656953
06001440336,Alameda,4248,3555.8982034292944,155625,2046,269,0.13147605083088953,0.05747126436781609,0.16715542521994134,0,0.0,16.197094698288385,0,1077.6601828590012
06001441926,Alameda,4210,10263.110909868998,112941,1977,146,0.0738492665655033,0.06646341463414634,0.125948406676783,0,0.0,0.0,0,1859.483507356746
06001442301,Alameda,5397,3820.1808975747535,148590,2354,55,0.02336448598130841,0.04524590163934426,0.1265930331350892,0,0.0,0.0,0,3430.7966055927163
06001442601,Alameda,3924,3320.985086618468,159000,1544,97,0.06282383419689119,0.05371900826446281,0.13471502590673576,0,0.0,0.0,0,2360.421637070437
06001443104,Alameda,5567,3014.004243367259,205515,2391,100,0.04182350480970305,0.026206075044669448,0.07737348389795065,0,0.0,0.0,0,3419.6722523977655
06001444601,Alameda,6081,1989.961616608319,213021,3321,39,0.011743450767841012,0.011037527593818985,0.10298102981029811,0,0.0,0.0,0,4860.511394895001
06001450746,Alameda,3229,1862.2220810788926,171736,1420,53,0.03732394366197183,0.05541346973572037,0.09154929577464789,0,0.0,0.0,0,4113.837155206937
06001451505,Alameda,3159,2300.0357293651773,221417,1758,12,0.006825938566552901,0.0,0.12684869169510807,0,0.0,0.0,0,15431.447601150941
06001983200,Alameda,896,1380.2152786913048,176103,698,149,0.2134670487106017,0.020560747663551402,0.1017191977077364,0,0.0,27.67413116686096,0,992.8227471308682
06001451506,Alameda,3548,4168.5496611724275,123571,1878,32,0.01703940362087327,0.003048780487804878,0.11288604898828541,0,0.0,0.0,0,15112.057190030922
06001451704,Alameda,4320,2154.2220495981187,149875,2160,20,0.009259259259259259,0.01277139208173691,0.062037037037037036,0,0.0,0.0,0,10570.31881118678
06001405902,Alameda,3138,6439.837014644835,69097,1611,223,0.13842333954065797,0.13434452871072589,0.1632526381129733,0,0.0,0.0,0,2250.932544817687
06001410500,Alameda,3081,4298.913633028912,46031,1199,364,0.3035863219349458,0.23629112662013957,0.10508757297748124,0,0.0,49.30422737429031,0,791.5828985774144
06001425104,Alameda,4014,3691.9361439247527,119083,2484,472,0.19001610305958133,0.19969666329625885,0.09782608695652174,0,0.0,0.0,0,1474.9378131622377
06001433104,Alameda,4398,4174.865255089898,75841,1973,443,0.22453117080587937,0.2335468841001747,0.14749113025848962,0,0.0,0.0,0,1470.1823434643459
06001440333,Alameda,2732,1090.4002227194198,113313,1280,66,0.0515625,0.027366020524515394,0.11484375,0,0.0,0.0,0,3539.9422873774156
06001441524,Alameda,4111,2445.954198314965,247656,1952,133,0.06813524590163934,0.02967121090617482,0.10245901639344263,0,0.0,0.0,0,4553.591984709879
06001442602,Alameda,4663,3529.7577643490868,136513,2004,54,0.02694610778443114,0.11056207535515751,0.07035928143712575,0,0.0,0.0,0,2702.8993858089902
06001443322,Alameda,3311,2883.4721229039183,203906,1457,25,0.017158544955387784,0.046890927624872576,0.03912148249828414,0,0.0,0.0,0,2754.2167879004037
06001450745,Alameda,6295,861.0097311980538,200729,3046,430,0.14116874589625739,0.04434589800443459,0.23079448456992777,0,0.0,0.0,0,4624.079442865656
06001981900,Alameda,25,4.795973640156724,-666666666,25,0,0.0,0.0,0.0,0,0.0,9.666157523957065,0,2166.0390913764527
06001428700,Alameda,5078,419.6977595725724,117153,2035,189,0.09287469287469287,0.18929765886287625,0.08943488943488943,0,0.0,0.0,0,2641.2198033492377
06001403701,Alameda,2909,16723.589151220087,84063,1853,323,0.1743119266055046,0.2585616438356164,0.11872638963842418,0,0.0,12.501899374848549,0,950.7622675489724
06001404102,Alameda,2701,11734.604017052074,98472,1446,276,0.1908713692946058,0.29484029484029484,0.07261410788381743,0,0.0,0.0,0,1432.0598320846887
06097150203,Sonoma,4759,1054.862239699513,95313,1834,51,0.027808069792802616,0.12850565089995813,0.1444929116684842,0,0.0,0.0,0,39067.14088142859
06097150204,Sonoma,3742,1388.0223361096396,107125,1776,12,0.006756756756756757,0.028960817717206135,0.20101351351351351,0,0.0,0.0,0,39840.63598597665
06097150306,Sonoma,3902,305.15961659212246,113802,1931,0,0.0,0.06855345911949685,0.10409114448472294,0,0.0,0.0,0,45879.12419760958
06001425102,Alameda,3969,5394.060855037151,124375,2894,529,0.1827919834139599,0.1558271497162811,0.11679336558396683,0,0.0,0.0,0,2629.0457537247567
06001425103,Alameda,3103,3541.880934469287,119301,2170,307,0.14147465437788018,0.08541545613015689,0.09585253456221199,0,0.0,0.0,0,2111.2474936155995
06001435103,Alameda,7774,150.10679742176976,232569,4126,264,0.06398448860882211,0.007314099959366111,0.19074163839069316,0,0.0,0.0,0,6830.500295370021
06001437702,Alameda,3880,10444.438998074442,82034,1983,110,0.05547150781643974,0.021442495126705652,0.19364599092284418,0,0.0,0.0,0,1500.5113778119874
06097152906,Sonoma,6235,237.051452607707,119407,3352,110,0.03281622911694511,0.0,0.04504773269689737,0,0.0,0.0,0,71175.96959919635
06097153806,Sonoma,2608,1658.3987819249635,101298,1224,0,0.0,0.09338168631006347,0.026143790849673203,0,0.0,0.0,0,78991.85960663199
06001440334,Alameda,4041,3979.779419318881,146523,1865,85,0.045576407506702415,0.03176130895091434,0.09436997319034852,0,0.0,0.0,0,4213.155716651044
06001441523,Alameda,4264,9129.357915518638,178417,2022,108,0.05341246290801187,0.011291460832745237,0.10336300692383778,0,0.0,0.0,0,3865.734961607796
06097150612,Sonoma,4987,27.574690928009648,148077,2632,35,0.013297872340425532,0.032105263157894734,0.12044072948328267,0,0.0,0.0,0,35339.48985772534
06097150611,Sonoma,4522,1530.2804565964034,118866,2293,22,0.009594417793283908,0.01208865010073875,0.04797208896641954,0,0.0,0.0,0,39453.36337832381
06097150609,Sonoma,5040,2190.7049713153915,86932,2368,57,0.024070945945945946,0.029089175011921792,0.13640202702702703,0,0.0,0.0,0,44042.63837027158
06097153807,Sonoma,3919,66.17697196362087,137321,2187,0,0.0,0.008436080467229072,0.025148605395518976,0,0.0,0.0,0,78875.46616427974
06097153808,Sonoma,3572,1184.33640561132,90945,1767,29,0.016411997736276173,0.059063136456211814,0.06395019807583475,0,0.0,0.0,0,78223.51519143958
06097154201,Sonoma,3656,136.95245870123276,75469,1951,12,0.006150691952844695,0.07483962936564505,0.04254228600717581,0,0.0,0.0,0,113406.87601568997
06097152905,Sonoma,4138,3336.0047572860503,119526,1954,17,0.008700102354145343,0.0364963503649635,0.036335721596724664,0,0.0,0.0,0,69133.30600957984
06097153103,Sonoma,4834,3046.0418094381703,70724,2301,26,0.011299435028248588,0.09405617243631613,0.054324206866579745,0,0.0,0.0,0,63207.95552177584
06097153804,Sonoma,3662,2941.771365398533,143527,1868,5,0.0026766595289079227,0.02049530315969257,0.10813704496788008,0,0.0,0.0,0,79752.56961027409
06085503326,Santa Clara,7172,1683.5083939487547,189612,3157,49,0.015521064301552107,0.007820646506777894,0.10231232182451695,0,0.0,0.0,0,10909.768917650781
06085512603,Santa Clara,4357,2085.9820625072985,90101,2183,32,0.014658726523133303,0.04591368227731864,0.16124599175446633,0,0.0,0.0,0,49266.34739816481
06085512042,Santa Clara,2991,4509.044334429762,112969,1459,65,0.04455106237148732,0.10184049079754601,0.10143934201507881,0,0.0,0.0,0,12565.219758143334
06085511301,Santa Clara,3925,4022.55839646084,215625,2078,58,0.02791145332050048,0.07611386138613861,0.022617901828681425,0,0.0,0.0,0,19994.154802260087
06085512312,Santa Clara,3493,2504.7289330440963,185375,1855,95,0.05121293800539083,0.0,0.21994609164420484,0,0.0,0.0,0,33251.23415950879
06085503327,Santa Clara,4522,3139.6592368857096,144688,1920,13,0.0067708333333333336,0.1689432063263839,0.05,0,0.0,0.0,0,10148.971621271288
06085512039,Santa Clara,6127,4401.705817205157,134594,3029,73,0.024100363156157146,0.04982698961937716,0.09177946517002311,0,0.0,0.0,0,15423.122959205664
06055201200,Napa,4587,76.66326725025662,74154,1749,11,0.006289308176100629,0.039755351681957186,0.10062893081761007,0,0.0,0.0,0,49479.45355897389
06001406900,Alameda,3865,4426.622754115936,137943,2320,85,0.036637931034482756,0.058264724509183026,0.09267241379310345,0,0.0,0.0,0,3600.5324518596585
06001422100,Alameda,3200,5797.682567971243,124583,1848,224,0.12121212121212122,0.09064327485380116,0.10227272727272728,0,0.0,0.0,0,1139.5665994640442
06001422200,Alameda,3280,4859.166195471189,105750,1762,408,0.23155505107832008,0.11306179775280899,0.11407491486946651,2,2.962906216750725,89.87097281700164,1,391.4736282444219
06001422300,Alameda,3567,6369.112363489241,93750,1732,330,0.1905311778290993,0.23760580411124546,0.08371824480369515,0,0.0,94.80728757691473,0,491.3300869920639
06001422400,Alameda,4187,8804.243125489998,69717,2272,542,0.238556338028169,0.335671883432272,0.05237676056338028,0,0.0,77.77054175037595,0,583.4364851351838
06075011901,San Francisco,2387,38317.7935437599,119464,1657,280,0.16898008449004223,0.6206630686198921,0.10681955340977671,4,64.21079772728932,99.99999999999999,1,865.5970298014156
06075012901,San Francisco,2816,15568.687939355144,220096,2103,426,0.20256776034236804,0.2036101083032491,0.11982881597717546,6,33.17192032533057,99.99999999999999,1,2599.190430180124
06075015802,San Francisco,3340,19561.54073179612,158523,2366,658,0.2781065088757396,0.32823025107164727,0.10608622147083685,7,40.99724105466253,99.99999999999997,1,2171.1648449535396
06085508900,Santa Clara,4782,5234.36420405463,129762,2539,127,0.05001969279243797,0.038834951456310676,0.03308389129578574,0,0.0,0.0,0,10421.09762083073
06085512019,Santa Clara,4404,4083.271952024441,126326,2018,12,0.005946481665014866,0.012121212121212121,0.14122893954410307,0,0.0,0.0,0,11161.738933274297
06085512021,Santa Clara,6133,3809.6021312371017,144632,3386,0,0.0,0.06286836935166994,0.050797401063201415,0,0.0,0.0,0,12478.642864002202
06085512022,Santa Clara,6217,6052.999036953159,89831,2776,47,0.016930835734870316,0.08468176914778856,0.05979827089337176,0,0.0,0.0,0,13800.05644174055
06085509102,Santa Clara,4865,1553.5161233784702,192237,3134,248,0.07913209955328654,0.061717352415026835,0.02297383535417996,0,0.0,0.0,0,13209.82279761984
06097154202,Sonoma,6544,34.488729946188904,110529,3110,2,0.0006430868167202572,0.01584786053882726,0.05369774919614148,0,0.0,0.0,0,114126.01177363144
06097150305,Sonoma,6072,1848.1053373512973,90532,3011,14,0.004649618067087346,0.02546296296296296,0.05247426104284291,0,0.0,0.0,0,44974.78602249486
06097151601,Sonoma,2697,49.279814430102554,79464,510,0,0.0,0.06727272727272728,0.049019607843137254,0,0.0,0.0,0,61238.14247962041
06075031301,San Francisco,3868,8565.287535241396,128571,2213,410,0.1852688657930411,0.046284224250325946,0.08088567555354723,11,24.358366827211828,100.0,1,1451.2399073301356
06075031302,San Francisco,4536,6614.080172729359,117014,2584,681,0.26354489164086686,0.08463768115942029,0.0708204334365325,20,29.162610990870192,100.0,1,806.0206100093901
06075032601,San Francisco,4915,11767.237533673617,145903,2701,418,0.15475749722325063,0.17231795441912173,0.08367271380970011,17,40.70051639317426,100.0,1,5275.606773446611
06085510002,Santa Clara,4075,2128.441781003136,250001,1941,0,0.0,0.005271084337349397,0.00824317362184441,0,0.0,0.0,0,17480.82562686367
06085510100,Santa Clara,2970,1467.1507033327357,250001,1209,20,0.016542597187758478,0.0,0.03143093465674111,0,0.0,0.0,0,18387.311937053535
06075032902,San Francisco,3907,7742.771115255716,107582,1804,383,0.2123059866962306,0.07799852832965416,0.13580931263858093,9,17.835920152879815,99.99999999999999,1,5121.360250427091
06075047802,San Francisco,3664,10794.02738814093,125682,1963,520,0.26490066225165565,0.13357142857142856,0.06928171166581763,10,29.459681736192497,100.0,1,6871.841351040482
06075012301,San Francisco,1901,20630.886815813934,25625,746,327,0.4383378016085791,0.8272656855151046,0.08579088471849866,6,65.11589736711394,99.99999999999999,1,327.67735077551646
06085503312,Santa Clara,3540,234.9528415042807,175927,1733,13,0.0075014425851125215,0.027958993476234855,0.07559145989613388,0,0.0,0.0,0,10119.537966551328
06085505100,Santa Clara,4389,630.0193652248149,103378,2525,48,0.01900990099009901,0.22390243902439025,0.0594059405940594,0,0.0,0.0,0,4399.547970279286
06085507205,Santa Clara,4652,1377.2878283912996,211711,2126,10,0.004703668861712135,0.009868421052631578,0.04609595484477893,0,0.0,0.0,0,15512.658032754987
06085508800,Santa Clara,3575,5142.5448498540745,133684,2408,133,0.055232558139534885,0.04307909604519774,0.03903654485049834,0,0.0,0.0,0,12150.449150689474
06085512023,Santa Clara,5737,6044.944456366439,98722,2992,33,0.011029411764705883,0.022314478463933574,0.06818181818181818,0,0.0,0.0,0,13373.911464862678
06081600800,San Mateo,8390,14165.971695139664,86671,4796,1111,0.231651376146789,0.169120422801057,0.10362802335279399,0,0.0,22.567445524303686,0,1247.4857853052124
06081600900,San Mateo,4035,1759.874339199304,138929,1811,201,0.11098840419657648,0.14096916299559473,0.078961899503037,0,0.0,52.61219031100881,0,1897.8214595042095
06095250300,Solano,3526,3211.9348764111787,70278,1703,0,0.0,0.0701468189233279,0.2736347621843805,0,0.0,0.0,0,20770.1425172868
06081601000,San Mateo,7202,1733.8449199390748,136445,3938,520,0.13204672422549518,0.021690013556258474,0.04139156932453022,0,0.0,0.0,0,2595.0751136364593
06001406601,Alameda,4531,6062.341334326981,75000,2450,218,0.08897959183673469,0.024509803921568627,0.1036734693877551,0,0.0,0.0,0,2518.9218475363373
06001405402,Alameda,3673,12871.104805950332,61204,1907,379,0.19874147876245413,0.17045454545454544,0.0713162034609334,0,0.0,0.0,0,1740.861145824027
06081601700,San Mateo,4561,3672.805667940248,173333,2421,221,0.0912845931433292,0.0515695067264574,0.07765386204047914,0,0.0,12.786378557492636,0,1059.857575863416
06081601800,San Mateo,6141,3324.009184662803,124196,3627,395,0.10890543148607665,0.045351473922902494,0.13234077750206782,0,0.0,27.214334912614373,0,1028.0603281995186
06001437102,Alameda,4457,5122.96056439732,82443,2042,2,0.0009794319294809011,0.10337972166998012,0.07296767874632713,0,0.0,0.0,0,3825.533550831697
06001435601,Alameda,5449,5759.474320200196,81788,2403,85,0.03537245110278818,0.08153946510110893,0.06075738660008323,0,0.0,0.0,0,1454.8378028509126
06001437701,Alameda,3597,7430.2363320156,69592,1593,94,0.059008160703075956,0.033366045142296366,0.11613308223477715,0,0.0,10.725278520249205,0,1104.6214225918152
06081611400,San Mateo,4251,478.2886067167307,250001,1719,38,0.02210587550901687,0.016561514195583597,0.03955788248981966,0,0.0,0.0,0,22951.398622760902
06081609603,San Mateo,4757,795.2715992941215,250001,2483,151,0.0608135320177205,0.016,0.05759162303664921,0,0.0,0.0,0,16133.775934311992
06081602300,San Mateo,4419,329.87215160372034,155345,2537,206,0.08119826566811195,0.04432348367029549,0.06385494678754434,0,0.0,5.081520944352596,0,2380.8342285962726
06081609602,San Mateo,1786,1791.8467709681117,250001,880,33,0.0375,0.01078582434514638,0.09659090909090909,0,0.0,0.0,0,15759.121942013891
06081613000,San Mateo,3460,743.5364748637916,249479,1584,105,0.06628787878787878,0.0444624090541633,0.09406565656565656,0,0.0,0.0,0,25126.13596155716
06081603000,San Mateo,4575,1098.7104643544717,142134,2818,135,0.047906316536550746,0.060139165009940355,0.07381121362668559,0,0.0,0.0,0,4813.886330103195
06081604500,San Mateo,3756,2309.1714120157185,149427,1688,91,0.05390995260663507,0.08739365815931942,0.09419431279620853,0,0.0,0.0,0,1931.5912507053183
06081607600,San Mateo,3978,3048.451826240457,119357,2140,115,0.053738317757009345,0.07288135593220339,0.0691588785046729,0,0.0,0.0,0,8475.951660205868
06081611100,San Mateo,6426,1914.3690875718385,220644,3245,49,0.01510015408320493,0.006105538595726123,0.05023112480739599,0,0.0,0.0,0,19779.064633971644
06081607000,San Mateo,3436,1508.0936399821421,160341,1700,15,0.008823529411764706,0.007087172218284904,0.047058823529411764,0,0.0,0.0,0,10091.154811048003
06081604900,San Mateo,3040,1968.1096538165843,101667,1297,122,0.09406322282189669,0.04292929292929293,0.04240555127216654,0,0.0,8.977390394417345,0,1568.5491001141293
06081610302,San Mateo,4398,131.2189018266624,134924,2419,132,0.05456800330715172,0.02774108322324967,0.04795369987598181,0,0.0,0.0,0,18328.559442963957
06081613400,San Mateo,3067,67.94408004895506,250001,1331,0,0.0,0.011516314779270634,0.08865514650638617,0,0.0,0.0,0,22413.642092581194
06081602900,San Mateo,3703,1680.8642478825877,154348,2194,78,0.03555150410209663,0.0258732212160414,0.04102096627164995,0,0.0,0.0,0,4179.127006199745
06081602800,San Mateo,4734,3950.914001060386,151676,2437,318,0.1304883052933935,0.004663557628247834,0.0644234714813295,0,0.0,0.0,0,3209.7801874445845
06081603200,San Mateo,3733,590.6267301791041,147059,1731,26,0.015020219526285385,0.008836524300441826,0.07914500288850375,0,0.0,0.0,0,9536.913586744726
06081613501,San Mateo,4247,46.972295614985846,149327,2062,0,0.0,0.007994186046511628,0.03540252182347236,0,0.0,0.0,0,7737.84161269584
06081609700,San Mateo,4783,885.7249416103907,250001,2418,11,0.004549214226633582,0.0,0.028122415219189414,0,0.0,0.0,0,17970.00849746915
06081609500,San Mateo,5029,2639.302907197809,250001,2486,50,0.02011263073209976,0.04208065458796026,0.08648431214802896,0,0.0,0.0,0,14334.127437806366
06081604700,San Mateo,2801,2536.147950163074,208625,1421,95,0.06685432793807178,0.04823151125401929,0.061224489795918366,0,0.0,0.0,0,1892.5038340272472
06081600300,San Mateo,4088,1866.4578639129606,175139,1954,388,0.1985670419651996,0.0,0.24872057318321392,0,0.0,46.606579808230315,0,2577.454313179204
06081609601,San Mateo,3675,1524.8106021701203,229167,1754,69,0.03933865450399088,0.027472527472527472,0.06670467502850627,0,0.0,0.0,0,14808.578578888386
06081603300,San Mateo,6427,804.0022470319391,147589,3453,173,0.050101361135244715,0.04067796610169491,0.07790327251665219,0,0.0,0.0,0,8793.53709175514
06081608001,San Mateo,3531,5799.218189079279,180000,1746,65,0.03722794959908362,0.025787965616045846,0.10309278350515463,0,0.0,0.0,0,12555.600290453764
06081605000,San Mateo,8194,1999.3626309762617,200893,3972,355,0.08937562940584089,0.03003217733285663,0.06092648539778449,0,0.0,4.869875350444099,0,2099.391420873794
06081608900,San Mateo,7303,1193.1324765985519,148988,3578,189,0.05282280603689212,0.08678881388621022,0.06316377864728899,0,0.0,0.0,0,12587.985323843724
06081602700,San Mateo,5702,3160.4792836715005,152454,3360,326,0.09702380952380953,0.0190623390005152,0.06190476190476191,0,0.0,0.0,0,3247.616475919081
06081604200,San Mateo,4055,2325.4024198406028,139350,2236,259,0.11583184257602862,0.061068702290076333,0.06350626118067978,0,0.0,31.032699306828004,0,1458.0125435350785
06081601400,San Mateo,6884,4676.839609778397,117143,3678,227,0.061718325176726485,0.07163323782234957,0.0864600326264274,0,0.0,15.902806470726173,0,1180.8927780481301
06013302006,Contra Costa,4183,288.47154971852893,136106,2443,77,0.03151862464183381,0.0421455938697318,0.31846090871878835,0,0.0,0.0,0,5877.646015945605
06013302005,Contra Costa,7539,2107.6452189741335,95269,3674,29,0.007893304300489928,0.04300131636682756,0.37425149700598803,0,0.0,0.0,0,4181.185872247962
06013313204,Contra Costa,5864,345.0279486151105,93006,2736,89,0.03252923976608187,0.03580695381421899,0.19334795321637427,0,0.0,0.0015317328391547553,0,3790.19015130887
06001450743,Alameda,7435,1737.6337346147623,155274,4248,352,0.08286252354048965,0.03919491525423729,0.21351224105461394,2,0.4674199689616038,20.776560960703623,1,1125.959792858807
06001451404,Alameda,6631,3958.22557135188,105387,3565,172,0.0482468443197756,0.07781919850885369,0.1152875175315568,0,0.0,0.0,0,10625.766071205018
06001403501,Alameda,4904,7320.761475092673,104167,3069,720,0.23460410557184752,0.2759764185703758,0.11306614532420985,0,0.0,15.651576641841041,0,1318.216258883656
06013313206,Contra Costa,6290,3635.3197926898415,81090,2618,129,0.0492742551566081,0.03865336658354115,0.27463712757830405,0,0.0,28.67511299766809,0,960.7025065460933
06013338101,Contra Costa,5543,4912.750356389787,74156,2528,184,0.07278481012658228,0.08115468409586056,0.08425632911392406,0,0.0,0.0,0,2565.0288461684995
06013338102,Contra Costa,3231,2067.4816296649064,168922,1762,279,0.1583427922814983,0.04334121355397951,0.1685584562996595,0,0.0,0.0,0,1894.0502922197177
06001406500,Alameda,6494,8716.59593964606,67717,3124,411,0.13156209987195902,0.11770833333333333,0.12516005121638923,0,0.0,0.0,0,1594.912411245867
06095250105,Solano,7595,2204.204099952534,109918,3000,203,0.06766666666666667,0.009928514694201748,0.2853333333333333,0,0.0,0.0,0,21740.273921818072
06095250605,Solano,3969,943.8367640827354,133125,2127,96,0.045133991537376586,0.0,0.19746121297602257,0,0.0,0.0,0,17356.94348445604
06095250604,Solano,4057,1529.433870638311,104805,1784,40,0.02242152466367713,0.019502353732347006,0.13733183856502243,0,0.0,0.0,0,18351.691725838664
06095250103,Solano,4232,2094.8761798016844,105903,1971,83,0.04211060375443937,0.053304904051172705,0.16489091831557584,0,0.0,0.0,0,21388.38775871668
06095252311,Solano,4305,537.7927024292431,152560,2379,30,0.012610340479192938,0.02216252518468771,0.16183270281630938,0,0.0,0.0,0,31889.0621361841
06095252310,Solano,3099,124.71434114300835,162750,1216,11,0.009046052631578948,0.08737864077669903,0.12417763157894737,0,0.0,0.0,0,33216.44592261864
06095252313,Solano,4835,677.3922635705379,95103,1929,48,0.024883359253499222,0.12163461538461538,0.17210990150336963,0,0.0,0.0,0,32506.77906708517
06095252312,Solano,3769,2327.0896594054125,94712,1745,19,0.010888252148997135,0.04341317365269461,0.11919770773638969,0,0.0,0.0,0,30139.723363770732
06095252611,Solano,3846,4077.4381213308934,91771,1678,0,0.0,0.021120293847566574,0.14481525625744934,0,0.0,0.0,0,27901.588490131362
06095252911,Solano,5330,1259.0356919543376,76812,2209,11,0.004979628791308284,0.07250289240262245,0.06971480307831598,0,0.0,0.0,0,39071.44406382773
06081601501,San Mateo,5503,7674.843368719695,169583,3145,179,0.056915739268680446,0.04671052631578947,0.09697933227344992,0,0.0,0.0,0,2017.7511498180581
06081601502,San Mateo,5451,6675.358590429172,92208,3016,436,0.14456233421750664,0.09819872167344568,0.13494694960212203,0,0.0,0.0,0,2027.0141234231078
06081601603,San Mateo,6251,5285.551212975603,100772,3133,302,0.09639323332269391,0.1380352644836272,0.08745611235237791,0,0.0,0.0,0,1778.313669997316
06081609800,San Mateo,4581,2236.797443952045,208239,2066,6,0.002904162633107454,0.0,0.0377541142303969,0,0.0,0.0,0,18488.796301977953
06095253403,Solano,5032,666.8040300267611,106397,2619,0,0.0,0.004889975550122249,0.08858342878961435,0,0.0,0.0,0,46866.70881510036
06095252802,Solano,990,274.7202537418151,86500,602,0,0.0,0.03296703296703297,0.006644518272425249,0,0.0,0.0,0,28077.577105908804
06095252912,Solano,5495,2176.4711547020547,153542,2926,0,0.0,0.01748971193415638,0.08031442241968557,0,0.0,0.0,0,37607.059204536505
06095252913,Solano,4622,2599.415465145325,106694,2302,21,0.009122502172024326,0.02510716472749541,0.09079061685490877,0,0.0,0.0,0,34131.89038594305
06095253404,Solano,6656,2548.6950000356237,93337,3524,16,0.004540295119182747,0.04551724137931035,0.13592508513053347,0,0.0,0.0,0,49539.560448332784
06095252315,Solano,3852,2232.2193073747035,126650,1829,13,0.007107709130672498,0.009295120061967466,0.14762165117550574,0,0.0,0.0,0,30119.552748490503
06081601604,San Mateo,2431,1645.3227551039636,117875,1709,255,0.1492100643651258,0.04809437386569873,0.05558806319485079,0,0.0,3.2331323220453996,0,1700.4865585994073
06081601605,San Mateo,5947,6298.0643632793035,144250,3092,238,0.07697283311772316,0.060064935064935064,0.043661060802069857,0,0.0,0.0,0,2401.7524547771814
06095252914,Solano,5750,2353.923279645622,125233,2451,6,0.0024479804161566705,0.029891304347826088,0.1905344757241942,0,0.0,0.0,0,34869.28755246368
06081608800,San Mateo,6278,2194.0298810018644,250001,3218,177,0.05500310752019888,0.021880819366852888,0.1124922311995028,0,0.0,0.0,0,11462.676046711791
06081609400,San Mateo,3408,3133.7234874008755,250001,1838,28,0.015233949945593036,0.0067243035542747355,0.04951033732317737,0,0.0,0.0,0,16025.028313358898
06081613800,San Mateo,4064,8.37450157839913,208703,2471,0,0.0,0.02360655737704918,0.14326183731282882,0,0.0,0.0,0,36774.41656836874
06081600200,San Mateo,4246,3731.2370408115703,111000,2041,224,0.10975012248897599,0.08979206049149338,0.07986281234688879,10,8.787652003795502,93.66855188476164,1,3382.7156078660446
06075030900,San Francisco,6627,3522.4331204790174,178516,3327,600,0.18034265103697025,0.059854638734501926,0.04087766756837992,44,23.387212509593596,99.99999999999999,1,1973.2033796797089
06075031100,San Francisco,6286,5864.024744496055,188591,3799,885,0.23295604106343776,0.08798999165971642,0.051855751513556196,29,27.05324810537474,100.0,2,880.500308435953
06075031000,San Francisco,4140,5055.954135563914,190000,2046,305,0.1490713587487781,0.11441798941798942,0.12854349951124144,18,21.982409285060495,100.0,1,1142.1041399471776
06075032700,San Francisco,6721,7956.551165669019,145147,3616,670,0.18528761061946902,0.090311986863711,0.0918141592920354,12,14.20601309150844,100.0,1,5744.129310714085
06075033100,San Francisco,3980,4461.497367765806,165592,1862,168,0.09022556390977443,0.07420494699646643,0.11546723952738991,16,17.93566781011379,100.0,1,3294.7628443119784
06075033201,San Francisco,3730,3993.8799846173506,53906,1789,615,0.3437674678591392,0.322061191626409,0.14477361654555618,24,25.697887300486975,99.99999999999993,1,2426.5697161300745
06075035201,San Francisco,5305,3379.404846845847,132277,2893,508,0.1755962668510197,0.09951325040562466,0.16280677497407536,16,10.192361460798029,99.99999999999997,1,6535.045573732142
06075035300,San Francisco,7157,6377.126192607437,146620,3643,830,0.22783420258029097,0.11505791505791506,0.1446609936865221,23,20.493768678213083,100.0,1,4761.440130242631
06075035400,San Francisco,7431,4678.181067772577,139477,3549,804,0.2265426880811496,0.19711934156378602,0.178923640462102,29,18.256930556507164,100.0,1,5230.161993277616
06075040100,San Francisco,4228,10087.641224392224,136429,2608,738,0.28297546012269936,0.19560047562425684,0.16947852760736196,8,19.087306006418586,99.99999999999993,1,4263.620862495706
06075040200,San Francisco,5464,10280.95289152969,184617,3421,664,0.19409529377375037,0.3054042731462086,0.08389359836305174,13,24.460539456421298,100.0,1,4778.418271673028
06075042700,San Francisco,5229,12772.475043960661,104414,2889,572,0.19799238490827276,0.17162108600871978,0.09415022499134648,20,48.85245761698474,100.0,1,6311.436512130567
06075042800,San Francisco,2348,2654.0849376088768,250001,1215,63,0.05185185185185185,0.030751708428246014,0.06255144032921811,4,4.521439416710182,87.26437640497319,1,6602.677294634002
06075047600,San Francisco,5121,9640.897958538053,169563,3102,677,0.21824629271437782,0.15532676812891674,0.1395873629916183,14,26.356682565813855,99.99999999999997,1,5074.079703559106
06075023400,San Francisco,4039,4706.718051321877,78664,1600,374,0.23375,0.1675438596491228,0.1925,18,20.975717980637235,100.0,1,4035.8925263698
06075025100,San Francisco,3408,6170.718737180754,131801,1908,190,0.09958071278825996,0.05166051660516605,0.13941299790356393,14,25.349196690296523,99.99999999999997,1,1336.00502713872
06075047701,San Francisco,4848,13292.045529309411,125658,2602,629,0.24173712528823982,0.25146484375,0.08262874711760185,12,32.90110279532033,99.99999999999999,1,5840.753332616099
06075060100,San Francisco,3952,149.38752121009327,236445,2269,332,0.14631996474217718,0.042073628850488355,0.10665491405905686,28,1.058413611812402,29.825886096682495,1,6968.960258189272
06085503710,Santa Clara,3334,5544.959209831977,56582,1481,97,0.06549628629304524,0.23659003831417624,0.11073598919648886,0,0.0,0.0,0,2889.972930567979
06085503711,Santa Clara,4780,4949.151513892081,96650,2148,25,0.011638733705772812,0.014314928425357873,0.051675977653631286,0,0.0,0.0,0,3386.426738493625
06075047902,San Francisco,3350,8152.462271307753,126944,1708,244,0.14285714285714285,0.14323962516733602,0.09074941451990633,10,24.33570827256046,100.0,1,7582.391730471409
06085503332,Santa Clara,5993,763.5079850731856,133872,2204,44,0.019963702359346643,0.018708083303918106,0.11433756805807622,0,0.0,0.0,0,15458.360014879067
06085503330,Santa Clara,7156,401.7586050478882,250001,3258,69,0.02117863720073665,0.005997001499250375,0.0905463474524248,0,0.0,0.0,0,13642.854145426396
06085504423,Santa Clara,2101,3772.7471812256153,176528,945,27,0.02857142857142857,0.00530035335689046,0.10052910052910052,0,0.0,0.0,0,3184.2761460221336
06085511707,Santa Clara,3090,27.26723713055418,211250,1179,5,0.004240882103477523,0.10118043844856661,0.004240882103477523,0,0.0,0.0,0,23113.121947115153
06085511704,Santa Clara,4577,297.32718494766686,250001,2039,16,0.00784698381559588,0.021377672209026127,0.02550269740068661,0,0.0,0.0,0,22740.032139034916
06085511609,Santa Clara,3274,2128.9125924769423,150192,1629,33,0.020257826887661142,0.10232843137254902,0.027010435850214856,0,0.0,0.0,0,21874.175823541344
06085512510,Santa Clara,6844,295.5241462386825,105833,3160,0,0.0,0.08035003977724742,0.18069620253164556,0,0.0,0.0,0,50417.3216610766
06085512509,Santa Clara,8056,1661.6730946389625,183036,3497,154,0.04403774663997712,0.03252452245740836,0.24535315985130113,0,0.0,0.0,0,50122.1332200607
06085512310,Santa Clara,5395,1358.3015522724022,101500,2293,31,0.013519406890536415,0.035147392290249435,0.16833842128216311,0,0.0,0.0,0,35167.5780714529
06085503331,Santa Clara,3725,2727.714412936511,119663,1453,38,0.02615278733654508,0.06517016654598118,0.13351686166551963,0,0.0,0.0,0,13116.306779447363
06085510600,Santa Clara,6100,2944.1301504262733,159250,2636,84,0.03186646433990895,0.037054409005628515,0.03831562974203338,0,0.0,0.0,0,19802.147223897577
06085511705,Santa Clara,2047,163.18736442212798,250001,980,38,0.03877551020408163,0.02287581699346405,0.0,0,0.0,0.0,0,22392.347464907838
06085513000,Santa Clara,10780,3907.019961148255,50346,4674,97,0.020753102267864785,0.40007930214115783,0.01989730423620026,0,0.0,0.0,0,21266.021038877498
06085512053,Santa Clara,5205,4763.762722541543,138750,2736,17,0.0062134502923976605,0.02670807453416149,0.08662280701754387,0,0.0,0.0,0,14004.9473407304
06075020300,San Francisco,3474,12146.436785463868,172151,2592,723,0.2789351851851852,0.3776844070961718,0.08834876543209877,18,62.93490562416512,100.0,1,852.1413954954775
06075020900,San Francisco,4098,13105.999279792619,117813,2601,1271,0.4886582083813918,0.38875739644970414,0.16570549788542868,13,41.57588839368083,100.0,2,67.30078358023975
06075021000,San Francisco,3820,12251.370765681662,151118,2292,566,0.2469458987783595,0.30665224445646294,0.059336823734729496,4,12.828660487624777,100.0,1,391.78618003453323
06075021100,San Francisco,3959,9332.23667395665,228125,2694,692,0.25686711210096513,0.2007007007007007,0.14699331848552338,12,28.286648165567012,99.99999999999999,1,1008.8357654024309
06075021200,San Francisco,2984,8629.474301143086,191156,1789,456,0.2548910005589715,0.16936050597329586,0.11850195640022358,16,46.270639684413325,100.0,1,1727.314570443089
06075021300,San Francisco,2663,8517.062653119341,183417,1582,263,0.16624525916561314,0.10581092801387684,0.12831858407079647,15,47.974442281933946,100.0,1,1790.7697523344493
06075021400,San Francisco,3500,9872.013837167939,217353,2222,484,0.21782178217821782,0.22578763127187865,0.0891089108910891,14,39.48805534867176,100.0,1,1008.0832312469628
06075021500,San Francisco,5559,11718.902605422296,200938,3687,1243,0.33713045836723626,0.08112582781456953,0.0794684024952536,12,25.297145397565668,99.99999999999996,1,1109.9970111592388
06075021600,San Francisco,4414,7382.285847583064,218988,2679,394,0.14706980216498694,0.14939172749391727,0.08921239268383725,24,40.1392977666501,100.0,1,1417.808123455842
06075021700,San Francisco,4602,3721.63128194832,141250,2158,483,0.22381835032437442,0.04608550805108273,0.10889712696941613,34,27.495754799270507,100.0,1,925.3311327101903
06075021800,San Francisco,4121,8163.850439706848,232500,2670,453,0.1696629213483146,0.09572072072072071,0.08352059925093633,28,55.46901536321081,99.99999999999997,1,647.1673503679141
06075022600,San Francisco,3849,2095.3674328549314,239625,3150,586,0.18603174603174602,0.292360430950049,0.10634920634920635,20,10.88785363915267,97.06661505442892,1,3010.914537229831
06075022802,San Francisco,2369,8133.752406444829,131042,1175,280,0.23829787234042554,0.3064516129032258,0.15829787234042553,10,34.33411737629729,99.99999999999996,1,1293.98750270188
06075022902,San Francisco,2096,12951.594842424269,190875,1244,212,0.17041800643086816,0.27310924369747897,0.0297427652733119,6,37.07517607564199,99.99999999999997,1,719.8690320983844
06075022903,San Francisco,2850,9156.149289132944,209659,1893,537,0.2836767036450079,0.21803127874885003,0.18013734812466983,13,41.76489149429062,99.99999999999997,1,1078.351815897335
06075023001,San Francisco,5719,8583.983716972098,95052,2465,775,0.3144016227180527,0.049689440993788817,0.1460446247464503,20,30.01917718822206,100.0,1,2413.625356685521
06075023003,San Francisco,4157,10160.202167466436,103472,2100,387,0.18428571428571427,0.12641815235008103,0.07476190476190477,14,34.21766426377919,100.0,1,2963.072444548546
06013359103,Contra Costa,5435,2050.027090666857,99424,2846,70,0.024595924104005622,0.05643919958953309,0.11138439915671117,0,0.0,0.0,0,8930.201476379372
06013317000,Contra Costa,1934,1192.7813608566996,61250,983,63,0.06408952187182096,0.058884297520661155,0.11597151576805696,0,0.0,0.0,0,9053.635868945199
06013328000,Contra Costa,2326,2148.836565864443,52099,1197,280,0.23391812865497075,0.24231843575418993,0.22639933166248954,0,0.0,47.15986398848578,0,788.4765911879391
06001450744,Alameda,5818,2214.962666299783,193214,2553,130,0.0509204857030944,0.03676470588235294,0.1218174696435566,0,0.0,0.0,0,3049.7980297490462
06001405901,Alameda,3757,8301.036257344156,51292,1685,293,0.17388724035608308,0.1689623507805326,0.1685459940652819,0,0.0,0.0,0,1766.3960340456783
06001450101,Alameda,6883,3799.312649739669,166898,4034,480,0.11898859692612791,0.028319938767699962,0.19335647000495787,0,0.0,24.221078590794242,0,1297.8533682893863
06013330000,Contra Costa,5587,2585.3388034337304,124833,3052,282,0.09239842726081259,0.014271653543307087,0.2008519003931848,0,0.0,12.345985904756281,0,1652.8537726340514
06013332000,Contra Costa,8109,2701.763554123097,123525,4161,310,0.07450132179764479,0.0322696306920043,0.1795241528478731,0,0.0,0.0,0,2912.962836481935
06013372000,Contra Costa,7610,4881.99316955293,89964,4275,626,0.1464327485380117,0.10388548057259714,0.1272514619883041,0,0.0,0.0,0,1736.290788873538
06013373000,Contra Costa,4386,5300.731081645715,83413,2181,417,0.19119669876203577,0.0770941438102298,0.16047684548372307,0,0.0,0.45515694424492215,0,1205.384819613227
06013310000,Contra Costa,6257,3160.874810707957,67054,2839,167,0.058823529411764705,0.16800804828973842,0.22965833039802747,0,0.0,0.038925002575965255,0,1094.676559587662
06013374000,Contra Costa,4687,4724.353638572659,83194,2089,235,0.11249401627573001,0.12921348314606743,0.13451412158927717,0,0.0,18.842518839829296,0,1051.9560346617648
06013375000,Contra Costa,5271,8037.0754312170775,74306,2225,123,0.05528089887640449,0.11769059955588453,0.13078651685393258,2,3.049544842047838,94.939345929669,1,398.58815443546297
06013376000,Contra Costa,6712,5592.70495490638,64964,2831,252,0.08901448251501236,0.09699376063528077,0.20204874602613918,0,0.0,28.33638625408012,0,938.7582472959014
06013377000,Contra Costa,7826,6285.393069039181,41264,2747,222,0.08081543502002184,0.25126017836370684,0.16672733891518018,0,0.0,42.14680793556448,0,926.7872317753416
06013383000,Contra Costa,5848,4360.231338545196,105905,3286,419,0.1275106512477176,0.05533421868083223,0.08338405356055995,0,0.0,10.407091797488246,0,1316.886903609763
06013385200,Contra Costa,1413,2212.8257074952985,130804,620,77,0.12419354838709677,0.017953321364452424,0.1032258064516129,0,0.0,45.97356658231577,0,757.3211368217256
06013387000,Contra Costa,3090,3855.8169250063706,105524,1601,224,0.13991255465334165,0.04541701073492981,0.14366021236727045,0,0.0,0.5005266551550464,0,1321.54788190151
06013391000,Contra Costa,2568,1819.2349481815875,170625,1185,139,0.11729957805907174,0.03821062441752097,0.1308016877637131,0,0.0,0.5120405344285885,0,1376.646295981406
06013315000,Contra Costa,3772,76.65763756746207,94737,2039,47,0.0230505149583129,0.05733558178752108,0.0853359489946052,0,0.0,0.14695374759421861,0,3646.6551323667372
06013347000,Contra Costa,6724,265.01811101743783,237976,3163,386,0.12203604173253241,0.019766397124887692,0.18779639582674676,0,0.0,0.0,0,4522.90625669961
06013350000,Contra Costa,6150,682.5717245466531,216875,3252,396,0.12177121771217712,0.006825938566552901,0.12730627306273062,0,0.0,8.588871609267972,0,2034.7188827292819
06013359102,Contra Costa,5061,1810.183966734051,114129,2452,347,0.14151712887438825,0.04607789358200768,0.300978792822186,0,0.0,0.0,0,8678.753867888896
06013362000,Contra Costa,2832,2156.512713755713,112344,1605,179,0.11152647975077881,0.041060735671514116,0.14392523364485982,0,0.0,0.0,0,2284.425021186506
06013379000,Contra Costa,8383,4976.207006688412,64518,3292,142,0.043134872417982986,0.07692307692307693,0.09234507897934387,0,0.0,9.079268379697897,0,988.2061760933423
06013382000,Contra Costa,8477,4285.184221801567,56378,3980,464,0.11658291457286432,0.10769728331177232,0.19798994974874373,0,0.0,14.613894876925372,0,1136.3820737373865
06013388000,Contra Costa,2711,4118.016231582692,116250,1445,260,0.17993079584775087,0.048446069469835464,0.06782006920415225,0,0.0,52.90953459134865,0,762.1123713311254
06013389100,Contra Costa,2455,3577.6403360400404,108333,1452,358,0.2465564738292011,0.1654275092936803,0.07506887052341597,2,2.914574611845247,99.99999999999997,1,87.82645410854828
06013389200,Contra Costa,1955,7708.747141953627,85000,1085,213,0.19631336405529953,0.13005780346820808,0.11981566820276497,0,0.0,91.02666058093656,0,574.549416041472
06013390100,Contra Costa,2225,2204.179928754739,174000,1044,93,0.08908045977011494,0.0507399577167019,0.1503831417624521,0,0.0,1.8501790987927864,0,1342.989837331025
06013390200,Contra Costa,1820,2900.379697574795,183611,909,215,0.23652365236523654,0.05443037974683544,0.14411441144114412,0,0.0,50.105847229583034,0,709.6746378004417
06013333200,Contra Costa,5866,2467.493191250734,122700,2831,274,0.09678558813140233,0.018660287081339714,0.17661603673613563,0,0.0,0.0,0,3888.67838624411
06013334001,Contra Costa,3960,3036.947901466911,110500,1938,139,0.0717234262125903,0.10416666666666667,0.11455108359133127,0,0.0,0.0,0,2668.6092445027098
06085503123,Santa Clara,3777,5481.340239769459,57772,1788,137,0.07662192393736018,0.15895249695493302,0.07606263982102908,0,0.0,0.0,0,7868.7515557580855
06013335000,Contra Costa,3612,2009.410664131005,150398,1896,247,0.13027426160337552,0.013805004314063849,0.17457805907172996,2,1.1126304895520516,42.46590448584991,1,919.4468139303067
06013336101,Contra Costa,4438,6558.543562459668,79554,2524,342,0.13549920760697307,0.028606965174129355,0.143026941362916,0,0.0,31.995244097798302,0,914.1211982737462
06013338201,Contra Costa,4019,1090.00017691031,199773,1888,176,0.09322033898305085,0.07766367137355584,0.13135593220338984,0,0.0,0.0,0,2213.1339588169094
06013338301,Contra Costa,2910,1480.9450381942027,204196,1331,137,0.10293012772351616,0.02302025782688766,0.17881292261457551,0,0.0,0.0,0,3319.5264803991818
06013311000,Contra Costa,5392,3322.015569427954,74667,2231,120,0.05378753922008068,0.029093369418132613,0.15867324069923802,0,0.0,54.533701964704775,0,644.1948005070176
06013312000,Contra Costa,2818,1973.7708858567678,49125,1020,141,0.13823529411764707,0.16645326504481434,0.3176470588235294,0,0.0,6.350930075421207,0,1725.7301526007136
06013368002,Contra Costa,4102,6241.491547761004,61855,1623,109,0.06715958102279729,0.04584040747028863,0.2144177449168207,0,0.0,0.0,0,2698.109755838718
06075017700,San Francisco,2080,2300.701721446384,156806,1420,390,0.2746478873239437,0.30810234541577824,0.10985915492957747,28,30.970984711778243,99.99999999999999,1,707.9041450676377
06013371000,Contra Costa,5776,4386.456607797767,94729,3406,301,0.08837345860246623,0.017037387600567912,0.21197886083382267,0,0.0,0.0,0,2033.7003828583486
06013345101,Contra Costa,6622,3065.1297948024576,173388,3271,135,0.04127178232956282,0.04719207173194903,0.14857841638642616,0,0.0,0.0,0,3683.0700762199995
06013345102,Contra Costa,4533,2566.534301610741,186632,2158,71,0.032900834105653386,0.021722846441947566,0.14921223354958293,0,0.0,0.0,0,5319.3602223738235
06013352201,Contra Costa,6070,876.3623780332498,173828,2879,181,0.06286905175408128,0.009503239740820735,0.0798888502952414,0,0.0,0.0,0,4649.416394782577
06013353002,Contra Costa,4182,821.4711088179536,250001,1910,340,0.17801047120418848,0.019543973941368076,0.07591623036649214,0,0.0,9.912046592578685,0,1342.243118071406
06013356001,Contra Costa,4025,255.25634320864458,127662,1949,269,0.13801949717804002,0.0,0.1806054386865059,0,0.0,0.0,0,13543.212218121958
06013358000,Contra Costa,5859,535.269588465252,68452,2824,205,0.07259206798866856,0.09972801450589303,0.19688385269121814,0,0.0,0.0,0,14668.197190685827
06013990000,Contra Costa,0,0.0,-666666666,0,0,,,,0,0.0,0.0,0,8283.346527883998
06013359204,Contra Costa,4340,1270.0895177140483,123250,2169,117,0.05394190871369295,0.06033898305084746,0.1839557399723375,0,0.0,0.0,0,9413.067417957986
06013360200,Contra Costa,5482,2431.789362584241,114583,2819,153,0.05427456544874069,0.02329450915141431,0.20539198297268535,0,0.0,0.0,0,5246.504652204808
06013364002,Contra Costa,5426,2567.4140335910415,113519,2695,140,0.05194805194805195,0.08907741251325557,0.16883116883116883,0,0.0,0.0,0,7036.158640065735
06013366001,Contra Costa,4690,4682.40697369037,87778,2193,289,0.13178294573643412,0.00390625,0.15914272685818515,0,0.0,0.0,0,4422.83655636499
06013313102,Contra Costa,4796,2426.9269583239034,95707,2166,187,0.08633425669436749,0.08928571428571429,0.30886426592797783,0,0.0,0.0,0,2575.1068553643054
06013314102,Contra Costa,6912,1242.429679914885,93199,3622,341,0.09414688017669795,0.07540301612064483,0.27388183324130316,0,0.0,0.0,0,2823.484907928087
06013316000,Contra Costa,1112,386.4484506812461,46528,384,2,0.005208333333333333,0.13725490196078433,0.140625,0,0.0,0.0,0,10294.792710304306
06013366002,Contra Costa,6876,6633.966766040323,77424,2936,188,0.06403269754768393,0.12513842746400886,0.19448228882833787,0,0.0,0.0,0,3583.932981772438
06013367200,Contra Costa,5869,4438.62943357635,90941,2711,111,0.040944300995942456,0.13904653802497163,0.20619697528587236,0,0.0,0.0,0,3592.49678668325
06001442700,Alameda,3139,2543.727878371859,191760,1366,53,0.038799414348462666,0.0519730510105871,0.11420204978038068,0,0.0,0.0,0,3577.2234958514027
06001442800,Alameda,3115,2436.1682696499633,169310,1570,59,0.0375796178343949,0.0032537960954446853,0.07707006369426751,0,0.0,0.0,0,3443.8982702722315
06001442900,Alameda,7780,3764.7769375577855,172578,3639,159,0.043693322341302555,0.029694323144104803,0.09013465237702666,0,0.0,0.0,0,3601.3456110817215
06095252204,Solano,5524,102.88555227041132,161974,2310,14,0.006060606060606061,0.013237063778580024,0.1632034632034632,0,0.0,0.0,0,29588.707889073154
06095252203,Solano,4121,103.30878839755533,134142,2238,75,0.03351206434316354,0.0527369826435247,0.13941018766756033,0,0.0,0.0,0,31871.98302694654
06095253501,Solano,5982,15.560085155237122,75402,1487,0,0.0,0.009272267490868222,0.1768661735036987,0,0.0,0.0,0,27845.347044614075
06095252205,Solano,8501,237.42706693710417,156586,4291,89,0.020741085993940808,0.0219435736677116,0.20135166627825682,0,0.0,0.0,0,19673.62867980205
06095252206,Solano,5955,323.02987034284365,129914,2953,0,0.0,0.05821545157780196,0.19674906874365053,0,0.0,0.0,0,22936.59193146486
06095253207,Solano,2539,611.989399371204,100357,1217,44,0.036154478225143796,0.0,0.10846343467543139,0,0.0,0.0,0,40203.596345387654
06095253502,Solano,4559,20.574557999056932,83856,1929,0,0.0,0.014188422247446084,0.14204250907205807,0,0.0,0.0,0,14744.135138314974
06095253208,Solano,4842,3086.2815148344566,99643,2344,36,0.015358361774744027,0.02727272727272727,0.12670648464163822,0,0.0,0.0,0,39959.700956400266
06001443001,Alameda,2762,3592.930899303089,149803,1293,28,0.02165506573859242,0.03117505995203837,0.09667440061871617,0,0.0,0.0,0,2087.2024182902715
06001443002,Alameda,6599,4175.739883958233,134309,2913,96,0.032955715756951595,0.010676156583629894,0.08101613456917267,0,0.0,0.0,0,2469.763152263409
06001443102,Alameda,4816,2034.2875850007995,229008,1988,56,0.028169014084507043,0.006587615283267457,0.06841046277665996,0,0.0,5.6901717657402875,0,1208.5334439814535
06001443301,Alameda,4399,2825.772516259872,240927,1820,63,0.03461538461538462,0.028974158183241974,0.06043956043956044,0,0.0,0.0,0,4205.5170731461685
06001444100,Alameda,7211,2390.8369671554337,158011,3575,265,0.07412587412587412,0.06113033448673587,0.10545454545454545,0,0.0,0.0,0,4699.3452825521745
06001444200,Alameda,6782,3276.765680322088,161307,3629,109,0.030035822540644807,0.016280217069560926,0.11600992008817856,0,0.0,0.0,0,5913.227564468804
06001444400,Alameda,5367,5222.071960883907,109107,2529,70,0.0276789244760775,0.08468834688346884,0.1051799130090945,0,0.0,0.0,0,5689.713286396319
06001444500,Alameda,6988,3566.615785334121,148750,3104,132,0.04252577319587629,0.00720164609053498,0.13434278350515463,0,0.0,0.0,0,5163.739560297226
06001450200,Alameda,5272,3269.248953274796,107111,2887,135,0.046761343955663316,0.039640375970576215,0.09213716660893662,0,0.0,0.0,0,2709.2653207249505
06001450300,Alameda,5374,1714.9424831811878,136875,2710,206,0.07601476014760147,0.05481639169771155,0.16383763837638377,0,0.0,12.430672186555997,0,1527.3122936637867
