GEOID,county_name,total_population,equity_need_score,commute_burden_score,is_transit_desert,transit_access_index,median_household_income,predicted_burden_score,high_priority_flag
06013324002,Contra Costa,4740,0.5117,0.2148,1,0.0,103581,0.165,1
06013320004,Contra Costa,6599,0.4437,0.1448,1,0.0,118109,0.1427,1
06013336201,Contra Costa,3376,0.5053,0.1488,1,0.0,92708,0.1806,1
06013338203,Contra Costa,5431,0.3557,0.1616,0,0.2528975577225961,142840,0.1094,0
06013338204,Contra Costa,6600,0.4176,0.1835,0,0.0097458937051577,140739,0.1578,1
06013345204,Contra Costa,3152,0.285,0.1297,1,0.0,237841,0.1063,0
06013345203,Contra Costa,6954,0.3086,0.0817,1,0.0,177356,0.1045,0
06013345112,Contra Costa,7723,0.3401,0.1593,1,0.0,184091,0.1341,1
06013345113,Contra Costa,4767,0.3271,0.1957,1,0.0,222212,0.1005,0
06001441402,Alameda,5344,0.344,0.1606,1,0.0,180938,0.112,0
06001441501,Alameda,5723,0.3159,0.1144,1,0.0,184967,0.1276,0
06001441521,Alameda,6016,0.3046,0.1594,1,0.0,229318,0.1167,0
06001441522,Alameda,5275,0.3244,0.115,1,0.0,178182,0.0822,0
06001441601,Alameda,4774,0.3313,0.1526,1,0.0,189667,0.1177,0
06001441602,Alameda,7509,0.4247,0.1219,1,0.0,121667,0.0895,0
06001441800,Alameda,6209,0.3353,0.0778,0,0.0506894817483193,152667,0.0968,0
06001441921,Alameda,3849,0.363,0.1489,1,0.0,163468,0.1293,1
06001441923,Alameda,5777,0.3655,0.0893,0,0.1168661792785323,132810,0.1029,0
06001442100,Alameda,5327,0.272,0.0921,1,0.0,227949,0.1125,0
06001442400,Alameda,6417,0.4205,0.1248,1,0.0,124886,0.0972,0
06001440337,Alameda,2852,0.2236,0.1069,0,0.1870889210448752,250001,0.1323,1
06001440338,Alameda,4095,0.3158,0.1557,0,0.4188162768370818,144850,0.1281,0
06001451103,Alameda,1361,0.2659,0.1168,1,0.0,250001,0.1037,0
06001432602,Alameda,3123,0.4228,0.0984,0,0.0895407767024899,109274,0.1116,0
06001451104,Alameda,7164,0.368,0.1996,1,0.0,177210,0.1519,1
06001441928,Alameda,3736,0.4062,0.2025,0,0.016347253867258,151902,0.1631,1
06001441929,Alameda,3064,0.371,0.1736,0,0.3602456778870283,126111,0.1029,0
06001441701,Alameda,3884,0.3974,0.108,1,0.0,133606,0.0711,0
06001444304,Alameda,6408,0.2882,0.0666,1,0.0,189750,0.1164,0
06001441525,Alameda,1603,0.237,0.0407,0,0.2062234342067428,186354,0.087,0
06001436301,Alameda,5255,0.371,0.1804,0,0.1612890904903777,149063,0.1222,0
06001450400,Alameda,7886,0.4052,0.232,0,0.0990916062579135,151272,0.1556,1
06001441702,Alameda,5037,0.4823,0.134,1,0.0,99181,0.1185,0
06001433801,Alameda,3528,0.4355,0.0498,0,0.0778711385655096,94254,0.0914,0
06001433802,Alameda,4301,0.443,0.2579,0,0.4879811556609928,100784,0.1265,0
06001436302,Alameda,3932,0.415,0.0943,0,0.3392255442142359,90833,0.1311,1
06001436403,Alameda,4519,0.6008,0.2826,0,0.0174950322600471,75179,0.2211,1
06001436404,Alameda,3232,0.4009,0.1824,1,0.0,150903,0.1644,1
06001442502,Alameda,3866,0.3526,0.1118,1,0.0,157760,0.1248,0
06001442501,Alameda,3280,0.5241,0.1827,1,0.0,91867,0.1425,1
06001450609,Alameda,4928,0.3738,0.2017,0,0.1665483998429885,152857,0.1605,1
06001450608,Alameda,4658,0.3166,0.2182,1,0.0,250001,0.1568,1
06001444303,Alameda,0,0.5477,0.0999,1,0.0,-666666666,0.1064,0
06001432601,Alameda,4092,0.4184,0.1482,0,0.4450759301722069,91767,0.126,0
06001403401,Alameda,2717,0.4785,0.0887,0,0.1855600770195662,69984,0.1447,1
06001403402,Alameda,1134,0.4213,0.1222,0,0.4,89021,0.1347,1
06001403302,Alameda,2556,0.3161,0.1316,0,0.3241622203957202,148235,0.109,0
06001982100,Alameda,923,0.4875,0.0183,0,0.0970482280488818,-666666666,0.1232,0
06001420302,Alameda,2446,0.422,0.1162,0,0.000542120643056,121538,0.129,1
06001402801,Alameda,3254,0.4594,0.1502,0,0.3999999999999998,74931,0.1111,0
06001402802,Alameda,1430,0.4618,0.0881,0,0.4,-666666666,0.0663,0
06001420401,Alameda,1333,0.4686,0.0019,1,0.0,72708,0.0809,0
06001403301,Alameda,1830,0.4802,0.2752,0,0.7488999999999999,34417,0.1463,1
06001422902,Alameda,3022,0.4287,0.0962,0,0.5861418103357321,-666666666,0.087,0
06001422901,Alameda,2024,0.4238,0.0317,0,0.3999999999999998,49604,0.0669,0
06001420402,Alameda,1661,0.5246,0.0851,1,0.0,58835,0.139,1
06001420301,Alameda,2645,0.4227,0.1095,0,0.0778224468221465,113188,0.1079,0
06075020602,San Francisco,2564,0.1755,0.1348,0,0.7,196417,0.1064,0
06001450603,Alameda,4897,0.292,0.1087,0,0.0276804581501848,202238,0.1041,0
06001450604,Alameda,4993,0.3255,0.1219,1,0.0,180125,0.1017,0
06001450605,Alameda,3814,0.3543,0.1844,1,0.0,182500,0.1351,1
06001450606,Alameda,6028,0.3423,0.2415,1,0.0,235150,0.1377,1
06095980000,Solano,0,0.5477,0.0999,1,0.0,-666666666,0.1072,0
06001451701,Alameda,2936,0.3422,0.1696,1,0.0,186991,0.1034,0
06001451501,Alameda,4496,0.3974,0.23,1,0.0,168580,0.1171,0
06001408000,Alameda,2860,0.3321,0.1616,1,0.0,192159,0.11,0
06001441401,Alameda,7549,0.3202,0.0854,1,0.0,172083,0.1033,0
06001432400,Alameda,6346,0.5142,0.1294,0,0.0093115285385777,82424,0.1564,1
06001404300,Alameda,3587,0.2316,0.0435,0,0.0826655985349458,227237,0.1216,0
06041109002,Marin,4345,0.3748,0.102,1,0.0,144043,0.1037,0
06041130201,Marin,3367,0.289,0.0599,1,0.0,184814,0.1385,1
06041112202,Marin,5808,0.4342,0.0556,1,0.0,102944,0.1475,1
06041131100,Marin,1286,0.3345,0.1631,1,0.0,191042,0.1444,1
06041990100,Marin,0,0.5477,0.0999,1,0.0,-666666666,0.106,0
06097151405,Sonoma,7271,0.4945,0.0306,1,0.0,62696,0.0631,0
06097153302,Sonoma,5594,0.4581,0.0246,1,0.0,86294,0.0604,0
06097153708,Sonoma,1521,0.5445,0.136,1,0.0,65438,0.0979,0
06097152401,Sonoma,4417,0.3496,0.1127,1,0.0,159482,0.1153,0
06097151205,Sonoma,2410,0.4663,0.0717,1,0.0,92869,0.087,0
06097154308,Sonoma,935,0.5281,0.1672,1,0.0,86806,0.1079,0
06097153405,Sonoma,3704,0.4264,0.0742,1,0.0,110430,0.0385,0
06097154304,Sonoma,2010,0.5284,0.117,1,0.0,70450,0.1174,0
06081610700,San Mateo,6010,0.4151,0.0571,1,0.0,111467,0.0686,0
06081610800,San Mateo,4311,0.4456,0.0117,1,0.0,89178,0.0625,0
06081611000,San Mateo,6735,0.3244,0.0525,1,0.0,156595,0.0741,0
06081611200,San Mateo,2634,0.2616,0.0423,1,0.0,205917,0.0615,0
06095250701,Solano,3579,0.6127,0.2551,1,0.0,54634,0.1803,1
06095251000,Solano,2206,0.6214,0.2699,1,0.0,53607,0.2394,1
06095251300,Solano,3185,0.5363,0.2388,1,0.0,98523,0.1719,1
06001435104,Alameda,6856,0.4547,0.1726,0,0.0817194318106082,112692,0.1434,1
06001405301,Alameda,2872,0.4479,0.126,1,0.0,112656,0.0954,0
06001982000,Alameda,50,0.416,0.1429,0,0.0273218088205451,129167,0.1756,1
06001450102,Alameda,7376,0.3689,0.2336,0,0.0113049229250478,189975,0.139,1
06081611300,San Mateo,4946,0.2454,0.0217,1,0.0,213641,0.048,0
06095251400,Solano,5952,0.5282,0.1962,1,0.0,93091,0.1658,1
06095251500,Solano,3592,0.5708,0.1693,1,0.0,53975,0.1544,1
06095251600,Solano,2604,0.6066,0.24,1,0.0,53333,0.2147,1
06095251701,Solano,3449,0.5948,0.2383,1,0.0,66175,0.1843,1
06097153406,Sonoma,2388,0.4234,0.0473,1,0.0,105673,0.0571,0
06097153710,Sonoma,2400,0.4929,0.0776,1,0.0,81214,0.0875,0
06097152601,Sonoma,6688,0.3339,0.0825,1,0.0,159833,0.0955,0
06097153709,Sonoma,1576,0.4159,0.0,1,0.0,98805,0.0556,0
06081611500,San Mateo,2873,0.2353,0.0556,1,0.0,250001,0.0711,0
06081611600,San Mateo,2335,0.2253,0.0355,1,0.0,250001,0.0382,0
06095251702,Solano,2803,0.549,0.1978,1,0.0,83750,0.1283,0
06095251803,Solano,4774,0.5263,0.159,1,0.0,85612,0.1497,1
06095251804,Solano,3313,0.484,0.2165,1,0.0,116250,0.1367,1
06081612500,San Mateo,4524,0.2855,0.0302,1,0.0,175865,0.0703,0
06095251901,Solano,5762,0.639,0.3558,1,0.0,75802,0.202,1
06095251903,Solano,5672,0.5379,0.1777,1,0.0,84136,0.1553,1
06097153301,Sonoma,6584,0.461,0.0595,1,0.0,92635,0.0519,0
06097151702,Sonoma,4181,0.4951,0.1022,1,0.0,86961,0.0643,0
06097152602,Sonoma,1082,0.5399,0.2226,1,0.0,93487,0.2035,1
06097151506,Sonoma,6592,0.4699,0.1078,1,0.0,98750,0.067,0
06097152402,Sonoma,2850,0.4523,0.1159,1,0.0,107885,0.0868,0
06097151404,Sonoma,3190,0.4786,0.0063,1,0.0,66522,0.0636,0
06097153711,Sonoma,2819,0.4779,0.0472,1,0.0,81175,0.0659,0
06097154305,Sonoma,2173,0.359,0.0936,1,0.0,149688,0.1059,0
06097152803,Sonoma,4785,0.4809,0.033,1,0.0,74894,0.0699,0
06097152204,Sonoma,4166,0.5054,0.0958,1,0.0,78500,0.0629,0
06097152804,Sonoma,3118,0.4813,0.0063,1,0.0,63482,0.0218,0
06097150501,Sonoma,2828,0.319,0.1405,1,0.0,195233,0.0923,0
06097154306,Sonoma,1633,0.4238,0.0141,1,0.0,98558,0.0734,0
06097152205,Sonoma,2168,0.3417,0.0139,1,0.0,137259,0.0551,0
06097153905,Sonoma,3410,0.4085,0.017,1,0.0,105625,0.0425,0
06097151403,Sonoma,4604,0.4667,0.0522,1,0.0,88973,0.0541,0
06097153712,Sonoma,2019,0.4712,0.0991,1,0.0,96000,0.0524,0
06097153601,Sonoma,1720,0.3834,0.0574,1,0.0,126618,0.0622,0
06097153810,Sonoma,3911,0.3794,0.1177,1,0.0,145806,0.0714,0
06097153904,Sonoma,1776,0.4301,0.0095,1,0.0,94583,0.0571,0
06097153811,Sonoma,5487,0.3447,0.0734,1,0.0,151932,0.0738,0
06097151206,Sonoma,5403,0.5079,0.0934,1,0.0,75781,0.0993,0
06081602100,San Mateo,3484,0.4875,0.0902,1,0.0,87853,0.1009,0
06081602400,San Mateo,7636,0.3659,0.0316,0,0.001849351385012,128750,0.0764,0
06081602500,San Mateo,5293,0.3472,0.1082,1,0.0,159712,0.1176,0
06095252000,Solano,4203,0.4972,0.1207,1,0.0,90370,0.1398,1
06095252103,Solano,6673,0.4792,0.145,1,0.0,102760,0.1138,0
06095252105,Solano,3112,0.4369,0.1881,1,0.0,133784,0.136,1
06095252106,Solano,4479,0.4739,0.1903,1,0.0,114943,0.1642,1
06081603700,San Mateo,5644,0.4165,0.108,1,0.0,122337,0.1422,1
06081612600,San Mateo,4372,0.3113,0.04,1,0.0,160962,0.0777,0
06081612700,San Mateo,2064,0.2442,0.0734,1,0.0,250001,0.0624,0
06081612800,San Mateo,3379,0.2125,0.0099,1,0.0,250001,0.041,0
06095252107,Solano,3342,0.4363,0.1512,1,0.0,123787,0.1399,1
06095252108,Solano,2996,0.3566,0.1178,1,0.0,156818,0.1196,0
06095252306,Solano,3058,0.4641,0.1538,1,0.0,111012,0.1422,1
06095252401,Solano,4820,0.5636,0.2023,1,0.0,75370,0.1739,1
06095252402,Solano,5610,0.5729,0.2301,1,0.0,78098,0.1933,1
06095252501,Solano,3067,0.5895,0.2204,1,0.0,62524,0.1668,1
06081604000,San Mateo,3273,0.3365,0.0532,1,0.0,150750,0.0911,0
06081604102,San Mateo,3164,0.3724,0.0625,0,0.2048983981082484,113750,0.1247,0
06095252605,Solano,5914,0.6142,0.2735,1,0.0,64278,0.1459,1
06095252606,Solano,6206,0.5497,0.1462,1,0.0,65011,0.1117,0
06095252607,Solano,3740,0.5689,0.1761,1,0.0,60536,0.136,1
06095252608,Solano,4559,0.5316,0.1691,1,0.0,85322,0.1265,0
06095252703,Solano,4222,0.5439,0.1972,1,0.0,86579,0.1529,1
06095252704,Solano,5345,0.5284,0.153,1,0.0,82120,0.1274,0
06095252705,Solano,6372,0.4954,0.1842,1,0.0,103992,0.1265,0
06095252706,Solano,4247,0.4983,0.2519,1,0.0,117708,0.1711,1
06095252707,Solano,4297,0.5409,0.1712,1,0.0,80321,0.1668,1
06097150205,Sonoma,4350,0.4528,0.0803,1,0.0,100431,0.0913,0
06097150206,Sonoma,1184,0.4493,0.0432,1,0.0,93576,0.0988,0
06097150502,Sonoma,1322,0.3988,0.1345,1,0.0,138893,0.1416,1
06097151505,Sonoma,1305,0.3048,0.0461,1,0.0,169010,0.0888,0
06097154307,Sonoma,783,0.4755,0.0733,1,0.0,89615,0.0975,0
06081604400,San Mateo,5314,0.3387,0.0659,0,0.2923392755037597,121471,0.1296,1
06081604800,San Mateo,5349,0.3459,0.0855,0,0.0996369084235905,144283,0.1021,0
06081605100,San Mateo,2927,0.402,0.1473,0,0.0203094515072473,138667,0.1345,1
06081605200,San Mateo,3623,0.3362,0.1519,1,0.0,184107,0.1355,1
06095252610,Solano,2906,0.5187,0.1352,1,0.0,82500,0.1578,1
06095252908,Solano,3708,0.4858,0.1573,1,0.0,102500,0.1376,1
06095252909,Solano,5112,0.3971,0.141,1,0.0,141739,0.1308,1
06095253000,Solano,5774,0.5477,0.0999,1,0.0,-666666666,0.1198,0
06095252801,Solano,2720,0.4582,0.0,1,0.0,78082,0.1271,0
06081605300,San Mateo,5149,0.3106,0.0759,1,0.0,174464,0.1133,0
06081605400,San Mateo,6790,0.3925,0.2184,1,0.0,167067,0.1574,1
06081605800,San Mateo,2723,0.2855,0.0644,1,0.0,190673,0.1443,1
06095253101,Solano,5156,0.4378,0.0947,1,0.0,110241,0.1018,0
06095253105,Solano,7130,0.4675,0.0786,1,0.0,93500,0.1166,0
06095253106,Solano,3797,0.5057,0.116,1,0.0,85208,0.1219,0
06095253107,Solano,5862,0.5341,0.1487,1,0.0,77250,0.1601,1
06095253201,Solano,5230,0.4187,0.1478,1,0.0,132500,0.115,0
06085503111,Santa Clara,5243,0.3988,0.0586,1,0.0,118864,0.0845,0
06085503112,Santa Clara,4062,0.5068,0.0772,1,0.0,72064,0.1088,0
06085506302,Santa Clara,6180,0.2872,0.0457,1,0.0,180155,0.0609,0
06085511200,Santa Clara,4995,0.2293,0.0435,1,0.0,250001,0.0563,0
06085509801,Santa Clara,5921,0.2844,0.0412,1,0.0,180903,0.0429,0
06085512401,Santa Clara,4600,0.45,0.2993,1,0.0,155431,0.1677,1
06085511911,Santa Clara,5049,0.3352,0.0967,1,0.0,164821,0.1214,0
06085506801,Santa Clara,6111,0.2712,0.0855,1,0.0,222938,0.0614,0
06085507600,Santa Clara,6018,0.2264,0.0377,1,0.0,250001,0.0631,0
06085505202,Santa Clara,7912,0.3745,0.0225,1,0.0,121944,0.104,0
06085512035,Santa Clara,4900,0.2815,0.0479,1,0.0,186731,0.0516,0
06085511913,Santa Clara,4624,0.247,0.079,1,0.0,250001,0.0625,0
06085502500,Santa Clara,6537,0.2619,0.0538,1,0.0,212722,0.0712,0
06085506502,Santa Clara,4893,0.3615,0.0727,1,0.0,143075,0.112,0
06085507206,Santa Clara,2594,0.2349,0.0547,1,0.0,250001,0.069,0
06085504308,Santa Clara,4895,0.3105,0.091,1,0.0,179875,0.1021,0
06085504202,Santa Clara,4184,0.3315,0.1083,1,0.0,172115,0.1118,0
06085504201,Santa Clara,5936,0.2935,0.0672,1,0.0,184539,0.0909,0
06085503113,Santa Clara,4746,0.471,0.0677,1,0.0,90188,0.0935,0
06085510500,Santa Clara,4637,0.2327,0.0503,1,0.0,250001,0.0439,0
06085512031,Santa Clara,4378,0.309,0.1002,1,0.0,184917,0.07,0
06085502902,Santa Clara,9155,0.2949,0.0571,1,0.0,178375,0.0502,0
06085502601,Santa Clara,3048,0.3421,0.055,1,0.0,148417,0.0891,0
06085503803,Santa Clara,4988,0.317,0.0546,1,0.0,162500,0.087,0
06085512052,Santa Clara,4279,0.365,0.0411,1,0.0,132698,0.089,0
06097153602,Sonoma,3824,0.3424,0.1277,1,0.0,171389,0.119,0
06097151701,Sonoma,3667,0.469,0.0805,1,0.0,93421,0.069,0
06097153707,Sonoma,1558,0.5049,0.1026,1,0.0,81587,0.0922,0
06097153201,Sonoma,4195,0.4162,0.0441,1,0.0,107985,0.0688,0
06085506802,Santa Clara,5885,0.2743,0.0488,1,0.0,193981,0.0521,0
06085500800,Santa Clara,4483,0.3508,0.0859,1,0.0,152112,0.0892,0
06085502302,Santa Clara,3332,0.3835,0.0368,1,0.0,120821,0.0753,0
06085501102,Santa Clara,4191,0.3735,0.0647,1,0.0,134250,0.0918,0
06085502703,Santa Clara,4015,0.3693,0.08,1,0.0,139702,0.1267,0
06085511917,Santa Clara,4220,0.282,0.1244,1,0.0,239073,0.0678,0
06085511918,Santa Clara,3127,0.261,0.0745,1,0.0,231724,0.0944,0
06085509110,Santa Clara,3248,0.2641,0.0371,1,0.0,199821,0.049,0
06085505011,Santa Clara,4875,0.2503,0.0041,1,0.0,196131,0.0468,0
06085508705,Santa Clara,4463,0.2821,0.0284,1,0.0,177301,0.0422,0
06085512515,Santa Clara,5028,0.3515,0.1226,1,0.0,161989,0.1413,1
06085508509,Santa Clara,4186,0.3029,0.0063,1,0.0,155813,0.0335,0
06085508005,Santa Clara,3615,0.2993,0.0194,1,0.0,162535,0.0479,0
06085504508,Santa Clara,4302,0.2621,0.0558,1,0.0,214412,0.0586,0
06085512054,Santa Clara,4150,0.4311,0.1107,1,0.0,116250,0.0582,0
06085505013,Santa Clara,5965,0.2845,0.0519,1,0.0,185227,0.0763,0
06085504902,Santa Clara,4616,0.2563,0.0497,1,0.0,218750,0.0299,0
06085508707,Santa Clara,4033,0.302,0.099,1,0.0,191439,0.0645,0
06085508706,Santa Clara,4079,0.3081,0.123,1,0.0,198250,0.0652,0
06085505901,Santa Clara,4153,0.3129,0.0636,1,0.0,169421,0.0654,0
06085503221,Santa Clara,2338,0.5684,0.1697,1,0.0,57396,0.1465,1
06085503220,Santa Clara,5092,0.5002,0.1334,1,0.0,91650,0.1302,1
06085501101,Santa Clara,4369,0.4797,0.0758,1,0.0,88583,0.0972,0
06085503122,Santa Clara,3451,0.5327,0.0945,1,0.0,54344,0.1482,1
06085503121,Santa Clara,5056,0.543,0.154,1,0.0,74063,0.1791,1
06085502301,Santa Clara,3185,0.3331,0.0982,1,0.0,166833,0.1015,0
06085503118,Santa Clara,4413,0.5014,0.1406,1,0.0,92656,0.0856,0
06085502604,Santa Clara,3998,0.4169,0.0546,1,0.0,110395,0.0895,0
06085512047,Santa Clara,5783,0.2966,0.0794,1,0.0,187813,0.0494,0
06085503117,Santa Clara,2823,0.4595,0.0408,1,0.0,89583,0.0704,0
06097153202,Sonoma,3299,0.5277,0.111,1,0.0,69592,0.0521,0
06097151406,Sonoma,2963,0.5185,0.0619,1,0.0,50417,0.0983,0
06001444602,Alameda,4935,0.3219,0.1016,1,0.0,175250,0.1083,0
06001450502,Alameda,6266,0.3299,0.1731,0,0.0022730555636144,202003,0.129,1
06001450751,Alameda,12662,0.3139,0.2128,1,0.0,250001,0.1571,1
06001450752,Alameda,9631,0.33,0.2449,1,0.0,250001,0.1522,1
06001435602,Alameda,5671,0.4979,0.1032,1,0.0,86099,0.0985,0
06001437101,Alameda,7960,0.4279,0.1999,1,0.0,140682,0.1694,1
06001438203,Alameda,4091,0.4114,0.1234,0,0.0075541019677117,128568,0.136,1
06001443105,Alameda,4668,0.2854,0.1167,1,0.0,225795,0.1159,0
06001443321,Alameda,3372,0.3582,0.0249,1,0.0,132188,0.0727,0
06001451504,Alameda,1539,0.4016,0.2231,1,0.0,162083,0.1298,1
06001403502,Alameda,1919,0.465,0.1444,1,0.0,108478,0.1386,1
06085502901,Santa Clara,6213,0.3306,0.0421,1,0.0,151010,0.0834,0
06085503337,Santa Clara,4330,0.4069,0.1178,1,0.0,130568,0.0775,0
06085512043,Santa Clara,5919,0.5361,0.1153,1,0.0,63033,0.0877,0
06085503713,Santa Clara,3331,0.5009,0.0475,1,0.0,64753,0.0679,0
06085503902,Santa Clara,6393,0.4743,0.1002,1,0.0,94883,0.1118,0
06001403702,Alameda,2238,0.4193,0.0824,1,0.0,115156,0.088,0
06001425101,Alameda,1754,0.5009,0.0955,1,0.0,81722,0.1641,1
06001430101,Alameda,7034,0.3019,0.1194,1,0.0,204527,0.1394,1
06001430102,Alameda,2459,0.3379,0.1397,1,0.0,177250,0.1644,1
06085504323,Santa Clara,5733,0.3345,0.0498,0,0.0428536210512749,146667,0.0874,0
06013381000,Contra Costa,6703,0.586,0.264,0,0.0767094779835617,70687,0.1816,1
06085511915,Santa Clara,4055,0.47,0.0816,1,0.0,93382,0.0618,0
06085504322,Santa Clara,6103,0.2865,0.0291,0,0.0048855697897799,174318,0.0728,0
06085512038,Santa Clara,3142,0.4619,0.0793,1,0.0,95795,0.1489,1
06085505006,Santa Clara,11716,0.254,0.0264,1,0.0,205610,0.09,0
06085506202,Santa Clara,8409,0.3053,0.0681,1,0.0,175179,0.064,0
06085508508,Santa Clara,6144,0.3763,0.0807,1,0.0,136625,0.0862,0
06085508507,Santa Clara,2838,0.2948,0.0363,1,0.0,172426,0.048,0
06085508003,Santa Clara,2353,0.2722,0.0192,1,0.0,181771,0.0537,0
06081600402,San Mateo,4688,0.3469,0.1725,0,0.4,134704,0.1385,1
06081601901,San Mateo,4080,0.4407,0.123,0,0.1124075337457951,104596,0.1508,1
06081603802,San Mateo,5530,0.3484,0.0983,1,0.0,155924,0.1471,1
06081609201,San Mateo,3548,0.3094,0.0467,1,0.0,165288,0.0664,0
06081609202,San Mateo,5172,0.3539,0.0557,1,0.0,142500,0.0555,0
06085511302,Santa Clara,3466,0.4857,0.1484,1,0.0,100852,0.1132,0
06085512045,Santa Clara,5244,0.3315,0.119,1,0.0,174926,0.0659,0
06085512037,Santa Clara,3064,0.3363,0.122,1,0.0,172929,0.0659,0
06085512036,Santa Clara,4884,0.3774,0.1059,1,0.0,143729,0.0622,0
06013307102,Contra Costa,5694,0.5751,0.2263,1,0.0,75532,0.1576,1
06013331000,Contra Costa,7789,0.4922,0.1802,0,0.0560124394730732,100294,0.1571,1
06085512311,Santa Clara,4171,0.3737,0.1138,1,0.0,147681,0.1338,1
06081614000,San Mateo,5872,0.2843,0.0708,1,0.0,195082,0.1129,0
06081600401,San Mateo,3278,0.3226,0.1685,0,0.3431504130667938,152611,0.1249,0
06081603801,San Mateo,1992,0.4657,0.0859,1,0.0,95573,0.1202,0
06081984300,San Mateo,0,0.5211,0.0999,0,0.1332806027114559,-666666666,0.0891,0
06085512313,Santa Clara,3833,0.4574,0.1396,1,0.0,110954,0.1411,1
06085512314,Santa Clara,7077,0.5141,0.2442,1,0.0,108950,0.1347,1
06085512604,Santa Clara,4744,0.5427,0.1752,1,0.0,80552,0.1538,1
06085502603,Santa Clara,3026,0.2855,0.0292,1,0.0,175592,0.0497,0
06013359104,Contra Costa,2537,0.5883,0.3138,1,0.0,92423,0.2257,1
06097152702,Sonoma,4401,0.4258,0.0551,1,0.0,106033,0.0561,0
06097152701,Sonoma,4387,0.4645,0.0393,1,0.0,86673,0.0507,0
06097150701,Sonoma,4903,0.4947,0.1996,1,0.0,107610,0.1345,1
06097153002,Sonoma,7218,0.48,0.0524,1,0.0,81504,0.0758,0
06097150800,Sonoma,4550,0.4568,0.0931,1,0.0,101192,0.1237,0
06097152300,Sonoma,4104,0.3624,0.0052,1,0.0,124211,0.0375,0
06097153404,Sonoma,3557,0.4546,0.0402,1,0.0,91207,0.0636,0
06097151309,Sonoma,5829,0.4618,0.1671,1,0.0,115144,0.1136,0
06097151307,Sonoma,5254,0.4022,0.1004,1,0.0,127708,0.1082,0
06097151204,Sonoma,3180,0.4986,0.0811,1,0.0,78094,0.1505,1
06097152501,Sonoma,4047,0.4144,0.0434,1,0.0,108553,0.0535,0
06013368001,Contra Costa,5013,0.5313,0.2076,1,0.0,93636,0.1204,0
06013304003,Contra Costa,3279,0.4649,0.2187,1,0.0,126232,0.1387,1
06013303204,Contra Costa,4735,0.4825,0.2244,1,0.0,118487,0.1194,0
06013355110,Contra Costa,4112,0.5666,0.3231,1,0.0,103438,0.1621,1
06013306004,Contra Costa,3863,0.6606,0.4479,1,0.0,90495,0.2024,1
06013304004,Contra Costa,3634,0.4796,0.2863,1,0.0,136438,0.1443,1
06013303202,Contra Costa,9146,0.4164,0.2594,1,0.0,164952,0.1359,1
06013320003,Contra Costa,3068,0.3416,0.1302,1,0.0,172500,0.1307,1
06013392300,Contra Costa,3754,0.4317,0.2867,1,0.0,163565,0.1925,1
06013370000,Contra Costa,2960,0.3437,0.1062,0,0.0026386635870446,160986,0.1308,1
06097152000,Sonoma,2345,0.4828,0.0204,1,0.0,69375,0.0736,0
06013306003,Contra Costa,5166,0.6236,0.2854,0,0.0041357203843966,59275,0.1548,1
06013313205,Contra Costa,1978,0.5038,0.2166,0,0.0119554615623591,106317,0.1969,1
06013333101,Contra Costa,3951,0.4587,0.1584,1,0.0,114679,0.1501,1
06013333102,Contra Costa,4251,0.4648,0.1754,1,0.0,115763,0.2066,1
06097152100,Sonoma,3057,0.4654,0.0387,1,0.0,86250,0.0599,0
06097151900,Sonoma,2881,0.4747,0.0056,1,0.0,69643,0.0404,0
06055201004,Napa,6844,0.4648,0.1303,1,0.0,105703,0.1369,1
06055201601,Napa,2446,0.3741,0.0516,1,0.0,130357,0.0428,0
06055200301,Napa,6120,0.4425,0.0269,1,0.0,93400,0.0987,0
06055200505,Napa,2857,0.4706,0.0437,1,0.0,84394,0.1183,0
06055200707,Napa,3508,0.4016,0.0687,1,0.0,119643,0.0819,0
06055201602,Napa,2980,0.3283,0.0359,1,0.0,150375,0.0857,0
06055201007,Napa,3991,0.4084,0.1306,1,0.0,133750,0.1106,0
06055200302,Napa,2716,0.4286,0.081,1,0.0,110673,0.1023,0
06055201003,Napa,5018,0.3874,0.2041,1,0.0,165833,0.1635,1
06097152201,Sonoma,4315,0.4753,0.0278,1,0.0,75625,0.0594,0
06097151308,Sonoma,5055,0.4944,0.1954,1,0.0,106593,0.1055,0
06097150702,Sonoma,4593,0.4147,0.1388,1,0.0,132378,0.1487,1
06097150303,Sonoma,4021,0.4257,0.0814,1,0.0,112594,0.1119,0
06097153902,Sonoma,4486,0.4566,0.0362,1,0.0,89712,0.0821,0
06097154100,Sonoma,3717,0.3921,0.074,1,0.0,126495,0.0929,0
06097153403,Sonoma,3689,0.4683,0.0557,1,0.0,89015,0.0714,0
06097151000,Sonoma,3353,0.4323,0.0604,1,0.0,104432,0.1153,0
06097152502,Sonoma,3945,0.5167,0.1266,1,0.0,81618,0.0837,0
06097153003,Sonoma,5449,0.5132,0.0738,1,0.0,65458,0.072,0
06097150603,Sonoma,7048,0.4978,0.1269,1,0.0,91333,0.1219,0
06097150601,Sonoma,3857,0.4783,0.1035,1,0.0,94167,0.1253,0
06097150100,Sonoma,2332,0.3886,0.0999,1,0.0,135938,0.1333,1
06097150304,Sonoma,5597,0.5349,0.1586,1,0.0,80222,0.1189,0
06097152801,Sonoma,3965,0.5419,0.1874,1,0.0,84744,0.0902,0
06097153006,Sonoma,7652,0.461,0.0405,1,0.0,88909,0.063,0
06097151100,Sonoma,5065,0.4205,0.0977,1,0.0,117941,0.1212,0
06097153502,Sonoma,3804,0.4182,0.1588,1,0.0,135625,0.1114,0
06097153705,Sonoma,3424,0.4227,0.028,1,0.0,101750,0.033,0
06097151503,Sonoma,3165,0.3141,0.0754,1,0.0,172571,0.067,0
06055200705,Napa,2846,0.4596,0.0953,1,0.0,100750,0.1231,0
06055200804,Napa,5411,0.5011,0.1264,1,0.0,89924,0.1037,0
06055200803,Napa,2236,0.3852,0.0898,1,0.0,135000,0.1284,0
06013329000,Contra Costa,6488,0.4262,0.1142,0,0.1236423877043036,108257,0.1511,1
06055200602,Napa,4482,0.4746,0.1219,1,0.0,100212,0.1111,0
06055200601,Napa,4949,0.3737,0.0803,1,0.0,137679,0.0939,0
06055201006,Napa,3436,0.407,0.1458,1,0.0,137292,0.1704,1
06055200706,Napa,3132,0.3772,0.0808,1,0.0,136419,0.1106,0
06055200504,Napa,5956,0.4792,0.0902,1,0.0,91379,0.098,0
06013340004,Contra Costa,3940,0.3752,0.183,0,0.0656426315082507,157631,0.1277,0
06013337202,Contra Costa,5515,0.5444,0.2104,1,0.0,89484,0.1477,1
06013334007,Contra Costa,3435,0.4784,0.137,1,0.0,101458,0.121,0
06013334008,Contra Costa,3793,0.4829,0.2366,1,0.0,121212,0.1258,0
06013355123,Contra Costa,3333,0.3675,0.32,1,0.0,250001,0.1701,1
06013355125,Contra Costa,4096,0.3495,0.2839,1,0.0,250001,0.0933,0
06075017102,San Francisco,3646,0.1929,0.1083,0,0.6999999999999998,171205,0.0997,0
06075012302,San Francisco,2614,0.406,0.1106,0,0.7,43879,0.0739,0
06075016801,San Francisco,3898,0.1783,0.1119,0,0.7,182344,0.0911,0
06075011902,San Francisco,2650,0.3653,0.1058,0,0.7,81995,0.0993,0
06075012202,San Francisco,2978,0.3725,0.0504,0,0.7,50583,0.0985,0
06075012601,San Francisco,2164,0.1778,0.1062,0,0.6999999999999998,180123,0.1065,0
06075012602,San Francisco,2768,0.1811,0.0952,0,0.6090718065136733,189500,0.1085,0
06075012902,San Francisco,3322,0.1248,0.0473,0,0.7,205463,0.0867,0
06075013101,San Francisco,4269,0.1307,0.0792,0,0.7,219107,0.0826,0
06075013102,San Francisco,2731,0.1534,0.1506,0,0.7,242969,0.0925,0
06075015801,San Francisco,3394,0.267,0.0845,0,0.7,121058,0.1032,0
06041102202,Marin,5393,0.409,0.0678,1,0.0,116483,0.1306,1
06041102203,Marin,5486,0.5219,0.1299,1,0.0,78704,0.2091,1
06041109001,Marin,3864,0.4732,0.1048,1,0.0,96486,0.1349,1
06097152203,Sonoma,3362,0.5045,0.0619,1,0.0,67750,0.0999,0
06097152903,Sonoma,4967,0.4399,0.0656,1,0.0,102500,0.0346,0
06097152904,Sonoma,5594,0.3989,0.0772,1,0.0,123935,0.0834,0
06097153102,Sonoma,6000,0.4747,0.0785,1,0.0,90849,0.0765,0
06097153501,Sonoma,4410,0.4201,0.0318,1,0.0,103604,0.073,0
06081613702,San Mateo,4687,0.4423,0.1528,1,0.0,120557,0.1175,0
06081608025,San Mateo,6340,0.3396,0.1522,1,0.0,181314,0.1199,0
06081610901,San Mateo,3591,0.3996,0.027,1,0.0,112059,0.0511,0
06081604104,San Mateo,3862,0.3607,0.0204,0,0.1320753273954446,115781,0.0927,0
06097153903,Sonoma,3933,0.4342,0.0546,1,0.0,102639,0.0504,0
06081602002,San Mateo,4036,0.3613,0.0865,1,0.0,146786,0.1292,1
06081612002,San Mateo,2941,0.446,0.0224,1,0.0,91127,0.0706,0
06097150901,Sonoma,5130,0.4385,0.0649,1,0.0,103101,0.0971,0
06097150902,Sonoma,3668,0.4119,0.1015,1,0.0,123529,0.1204,0
06081612102,San Mateo,3935,0.492,0.0195,1,0.0,58618,0.0628,0
06081611902,San Mateo,7336,0.3775,0.0804,1,0.0,136287,0.0928,0
06081600702,San Mateo,2724,0.2972,0.1058,0,0.4,143843,0.1081,0
06081602602,San Mateo,4370,0.3264,0.077,1,0.0,163828,0.0863,0
06081600502,San Mateo,3908,0.3885,0.0769,0,0.0209810254005416,126805,0.1338,1
06081600701,San Mateo,3620,0.4163,0.1923,0,0.7503999999999997,70290,0.1193,0
06081605502,San Mateo,2599,0.2911,0.0918,1,0.0,200350,0.0891,0
06081612101,San Mateo,3484,0.3965,0.0362,1,0.0,115109,0.0421,0
06081602201,San Mateo,4761,0.4716,0.0387,1,0.0,82015,0.0927,0
06097154000,Sonoma,2294,0.3453,0.0678,1,0.0,150000,0.0871,0
06085508006,Santa Clara,4215,0.2454,0.0054,1,0.0,203750,0.0436,0
06085506504,Santa Clara,2832,0.4475,0.0,1,0.0,85278,0.0337,0
06085512511,Santa Clara,4872,0.4374,0.1033,1,0.0,112188,0.0875,0
06055200704,Napa,4930,0.4972,0.0377,1,0.0,63462,0.078,0
06013380001,Contra Costa,2896,0.4576,0.1694,1,0.0,117159,0.1847,1
06013380002,Contra Costa,3470,0.5806,0.1965,1,0.0,58571,0.199,1
06097153001,Sonoma,7215,0.4941,0.0427,1,0.0,69243,0.0492,0
06097153005,Sonoma,6471,0.4033,0.0481,1,0.0,114740,0.0569,0
06081612001,San Mateo,4017,0.4201,0.0685,1,0.0,112118,0.0725,0
06081611901,San Mateo,4392,0.3885,0.0983,1,0.0,135368,0.0666,0
06081602202,San Mateo,3142,0.4658,0.0403,1,0.0,86491,0.0701,0
06081608024,San Mateo,3192,0.2722,0.0766,1,0.0,214719,0.0667,0
06081610902,San Mateo,2804,0.3768,0.0387,1,0.0,125541,0.0641,0
06081605501,San Mateo,2918,0.4799,0.0652,1,0.0,85313,0.1024,0
06081606201,San Mateo,3731,0.5076,0.0538,1,0.0,60703,0.083,0
06081605902,San Mateo,3061,0.4848,0.1572,1,0.0,103075,0.1168,0
06081606202,San Mateo,3805,0.3147,0.1091,1,0.0,184326,0.0776,0
06081601301,San Mateo,3726,0.4427,0.0817,0,0.2873617584240219,77453,0.1022,0
06081601302,San Mateo,4975,0.3611,0.0632,0,0.5226082255032259,91397,0.1085,0
06081604103,San Mateo,4344,0.4228,0.0325,1,0.0,102899,0.0782,0
06081613701,San Mateo,3929,0.3022,0.0764,1,0.0,180216,0.0718,0
06081605901,San Mateo,2815,0.3687,0.075,1,0.0,138934,0.0856,0
06081600501,San Mateo,3793,0.3972,0.0542,0,0.2489715358142818,96696,0.0932,0
06075016802,San Francisco,3807,0.2461,0.1186,0,0.7,141518,0.092,0
06075017101,San Francisco,4250,0.1422,0.0726,0,0.6999999999999997,199676,0.0976,0
06075017801,San Francisco,3582,0.3682,0.0268,0,0.7,25625,0.0605,0
06075022704,San Francisco,3716,0.1013,0.0676,0,0.6999999999999998,250001,0.0646,0
06075025701,San Francisco,5331,0.3102,0.1595,0,0.6999999999999998,118443,0.1174,0
06075025702,San Francisco,4153,0.3727,0.1581,0,0.7,91513,0.123,0
06075031201,San Francisco,6341,0.3397,0.1423,0,0.7,101800,0.1152,0
06075031202,San Francisco,2804,0.2621,0.073,0,0.7,120667,0.088,0
06075032602,San Francisco,4344,0.2125,0.1002,0,0.7,154609,0.0983,0
06075032801,San Francisco,3831,0.2688,0.1425,0,0.6999999999999998,136250,0.1228,0
06075032802,San Francisco,4454,0.2956,0.0957,0,0.7,110926,0.1182,0
06075032901,San Francisco,5064,0.2176,0.1079,0,0.6999999999999997,154291,0.1096,0
06041119202,Marin,3704,0.2576,0.1002,1,0.0,250001,0.1173,0
06041119201,Marin,3812,0.4952,0.0971,1,0.0,85739,0.105,0
06075033203,San Francisco,3313,0.3771,0.0765,0,0.6999999999999998,62813,0.1111,0
06075033204,San Francisco,3620,0.4216,0.1804,0,0.7,69769,0.1369,1
06075042601,San Francisco,4126,0.281,0.1231,0,0.7,124324,0.1213,0
06075042602,San Francisco,2842,0.2214,0.1231,0,0.7,155750,0.1002,0
06075047801,San Francisco,4613,0.2009,0.1037,0,0.7,163178,0.1177,0
06075061200,San Francisco,4006,0.2944,0.0795,0,0.7,107652,0.114,0
06075980300,San Francisco,38,0.3622,0.0,0,0.6780720474364805,-666666666,0.074,0
06075980401,San Francisco,0,0.5477,0.0999,1,0.0,-666666666,0.107,0
06075012502,San Francisco,4629,0.3717,0.0329,0,0.6999999999999998,21653,0.1076,0
06075980200,San Francisco,186,0.4623,0.0999,0,0.4270718090818656,-666666666,0.1089,0
06095251100,Solano,3015,0.6053,0.2936,1,0.0,77870,0.1885,1
06095253108,Solano,3875,0.5148,0.12,1,0.0,80786,0.1112,0
06095253300,Solano,2972,0.4619,0.0829,1,0.0,96585,0.1187,0
06097150602,Sonoma,4841,0.4108,0.1168,1,0.0,127632,0.1142,0
06097151203,Sonoma,4753,0.4855,0.1551,1,0.0,102292,0.128,0
06013322000,Contra Costa,6755,0.336,0.0851,1,0.0,159423,0.1118,0
06013314103,Contra Costa,5554,0.5351,0.1525,1,0.0,77679,0.1911,1
06013356002,Contra Costa,5688,0.446,0.2154,1,0.0,136008,0.1972,1
06013354002,Contra Costa,6943,0.2801,0.1506,0,0.0134883468685274,250001,0.1241,0
06013321103,Contra Costa,4546,0.3659,0.1391,1,0.0,157893,0.1759,1
06013353001,Contra Costa,4420,0.288,0.1667,0,0.0144265036241121,250001,0.1321,1
06013309000,Contra Costa,3600,0.5413,0.1489,1,0.0,73025,0.1206,0
06013323000,Contra Costa,4669,0.4225,0.1497,1,0.0,130673,0.156,1
06013359203,Contra Costa,7200,0.4797,0.2561,1,0.0,127917,0.1822,1
06097151301,Sonoma,4176,0.5132,0.0942,1,0.0,73953,0.0991,0
06097151305,Sonoma,6385,0.5033,0.0862,1,0.0,76780,0.1119,0
06097151306,Sonoma,3804,0.4755,0.1143,1,0.0,97630,0.0824,0
06097151310,Sonoma,5838,0.4628,0.0481,1,0.0,89631,0.1139,0
06013369001,Contra Costa,7347,0.5285,0.1102,1,0.0,67994,0.139,1
06001408200,Alameda,4471,0.5474,0.1822,1,0.0,79821,0.1467,1
06001408400,Alameda,4077,0.5332,0.1108,1,0.0,63994,0.1164,0
06001408500,Alameda,5634,0.53,0.1007,1,0.0,61750,0.0931,0
06001408600,Alameda,6519,0.5022,0.0927,1,0.0,80114,0.1471,1
06001408700,Alameda,7456,0.5547,0.1291,1,0.0,45500,0.1328,1
06097151504,Sonoma,4178,0.3324,0.0606,1,0.0,154650,0.0627,0
06097151311,Sonoma,7364,0.4317,0.0987,1,0.0,113654,0.1225,0
06001408800,Alameda,7968,0.4701,0.0936,0,0.3352050352707192,44100,0.1079,0
06001408900,Alameda,3956,0.5012,0.173,0,0.3789549844351795,44077,0.146,1
06001409100,Alameda,2532,0.5447,0.1534,1,0.0,72204,0.1213,0
06001409200,Alameda,3615,0.5358,0.1384,1,0.0,73621,0.129,1
06001409300,Alameda,5743,0.4965,0.0241,1,0.0,56058,0.1059,0
06095252702,Solano,6893,0.5872,0.2241,1,0.0,66590,0.1797,1
06013306002,Contra Costa,4439,0.4966,0.1771,0,0.029692199219904,100132,0.1494,1
06013326000,Contra Costa,3639,0.3951,0.1558,1,0.0,147569,0.1595,1
06013340001,Contra Costa,6118,0.4671,0.2273,0,0.0667966077562731,119792,0.172,1
06013301000,Contra Costa,5329,0.5753,0.3663,1,0.0,108882,0.1505,1
06013361000,Contra Costa,4973,0.4544,0.1292,1,0.0,110341,0.1557,1
06013352102,Contra Costa,5187,0.2762,0.1145,1,0.0,239886,0.1602,1
06013338302,Contra Costa,5513,0.3035,0.1068,1,0.0,193873,0.1478,1
06013346101,Contra Costa,3364,0.3029,0.1482,1,0.0,222857,0.1672,1
06013378000,Contra Costa,3887,0.4156,0.1332,1,0.0,129870,0.1615,1
06013349000,Contra Costa,5815,0.4154,0.091,0,0.0206337559551465,116875,0.1215,0
06013369002,Contra Costa,2728,0.4886,0.0429,1,0.0,72821,0.1505,1
06013345105,Contra Costa,6233,0.3126,0.1029,1,0.0,183444,0.1048,0
06013337300,Contra Costa,5994,0.3998,0.2115,1,0.0,159250,0.1726,1
06013343003,Contra Costa,3847,0.3441,0.1047,1,0.0,160786,0.1613,1
06013345103,Contra Costa,5286,0.344,0.2277,1,0.0,220852,0.109,0
06013352202,Contra Costa,2674,0.3169,0.0726,1,0.0,169591,0.1645,1
06013346102,Contra Costa,5396,0.2897,0.1643,1,0.0,250001,0.1497,1
06013321200,Contra Costa,5616,0.4785,0.1645,1,0.0,107025,0.1374,1
06013325000,Contra Costa,6161,0.3656,0.0848,0,0.0077230821478762,143520,0.0998,0
06013343001,Contra Costa,5940,0.3884,0.191,1,0.0,159744,0.1468,1
06013321102,Contra Costa,6133,0.3957,0.1304,1,0.0,139167,0.1687,1
06013307204,Contra Costa,4567,0.5459,0.2726,1,0.0,101549,0.2182,1
06001409400,Alameda,4710,0.5154,0.081,1,0.0,66602,0.125,0
06001409500,Alameda,4291,0.5538,0.1707,0,0.0875916581494315,54000,0.1501,1
06001409600,Alameda,5139,0.5157,0.0599,1,0.0,54012,0.1117,0
06001409700,Alameda,5240,0.528,0.0784,1,0.0,47161,0.1028,0
06001410100,Alameda,3172,0.5377,0.1769,1,0.0,84135,0.1394,1
06095250900,Solano,2911,0.5364,0.0897,1,0.0,39709,0.1335,1
06095252104,Solano,5837,0.3928,0.1937,1,0.0,158229,0.1456,1
06095252102,Solano,4224,0.4791,0.1557,1,0.0,105109,0.183,1
06095252604,Solano,4004,0.4841,0.1398,1,0.0,100122,0.1352,1
06095251902,Solano,5481,0.5555,0.2567,1,0.0,93750,0.1784,1
06095252910,Solano,4900,0.4442,0.1575,1,0.0,120795,0.1354,1
06001410200,Alameda,3238,0.5321,0.1367,1,0.0,75106,0.1084,0
06001410400,Alameda,4687,0.529,0.1546,1,0.0,82188,0.1069,0
06001420100,Alameda,2631,0.2864,0.0778,0,0.0450372596538955,188125,0.1036,0
06001420200,Alameda,3275,0.3639,0.1275,0,0.1408561075595291,140508,0.1009,0
06001420500,Alameda,2548,0.4155,0.1239,1,0.0,127000,0.0991,0
06001421100,Alameda,2108,0.345,0.2463,1,0.0,234243,0.1298,1
06001421400,Alameda,1638,0.3079,0.1375,1,0.0,208500,0.1141,0
06001421700,Alameda,3421,0.4246,0.0626,1,0.0,108339,0.1045,0
06001421800,Alameda,2260,0.298,0.1046,0,0.1660942007561862,171168,0.1112,0
06001421900,Alameda,4141,0.3314,0.1446,0,0.1665268214385992,160063,0.1101,0
06001420600,Alameda,3488,0.3395,0.1185,1,0.0,169868,0.1222,0
06075023102,San Francisco,3569,0.4524,0.2065,0,0.7,46786,0.1775,1
06075023200,San Francisco,4222,0.2733,0.1026,0,0.7,122803,0.1096,0
06075023300,San Francisco,3950,0.3717,0.0942,0,0.7,74844,0.1306,1
06075022901,San Francisco,4386,0.3187,0.0793,0,0.7,96964,0.0811,0
06001407000,Alameda,6202,0.4631,0.0498,1,0.0,89755,0.0774,0
06001407200,Alameda,6544,0.4876,0.1368,0,0.3093203250698152,59937,0.1179,0
06085504316,Santa Clara,5410,0.31,0.0755,1,0.0,174706,0.0698,0
06001407300,Alameda,2459,0.5604,0.2116,0,0.0206891871431726,77813,0.1857,1
06001407400,Alameda,4242,0.5429,0.1197,1,0.0,57961,0.0894,0
06001407600,Alameda,6459,0.4945,0.0998,1,0.0,86761,0.1438,1
06001407700,Alameda,4238,0.4636,0.1784,1,0.0,116814,0.1244,0
06001407800,Alameda,2769,0.5095,0.2526,1,0.0,113438,0.1828,1
06085503324,Santa Clara,3420,0.3616,0.1319,1,0.0,158404,0.1005,0
06001423700,Alameda,3606,0.45,0.1153,1,0.0,108750,0.1012,0
06001423800,Alameda,3425,0.3206,0.1422,0,0.011344941456189,191838,0.1287,0
06085503509,Santa Clara,4396,0.4026,0.1439,1,0.0,139130,0.1001,0
06001423901,Alameda,2258,0.3526,0.1386,0,0.5835946548848362,105625,0.1182,0
06001427700,Alameda,5009,0.4285,0.1265,1,0.0,120804,0.1364,1
06001427800,Alameda,4274,0.4078,0.1265,1,0.0,132647,0.1193,0
06085504317,Santa Clara,3763,0.3509,0.1117,0,0.0095762393712581,157610,0.1013,0
06085504319,Santa Clara,6720,0.2619,0.0752,0,0.2324356709510867,175625,0.0959,0
06085504320,Santa Clara,3000,0.2946,0.0511,1,0.0,176500,0.0551,0
06001424001,Alameda,3631,0.4341,0.1249,0,0.3574964834455492,87500,0.1139,0
06001428100,Alameda,4866,0.3631,0.1234,1,0.0,155071,0.1121,0
06001428200,Alameda,6475,0.4723,0.1334,1,0.0,103333,0.1589,1
06085503511,Santa Clara,3499,0.4437,0.1254,1,0.0,114167,0.0846,0
06085503601,Santa Clara,3582,0.4812,0.1191,0,0.0723881216084989,90750,0.1599,1
06085504321,Santa Clara,5412,0.3211,0.0906,1,0.0,172857,0.1033,0
06085504410,Santa Clara,4124,0.3247,0.0296,0,0.0752160192772523,143173,0.0706,0
06085507003,Santa Clara,3074,0.2463,0.0551,1,0.0,240179,0.0737,0
06081602601,San Mateo,4096,0.3547,0.1131,1,0.0,156595,0.0937,0
06081602001,San Mateo,3946,0.3677,0.0824,1,0.0,141995,0.1249,0
06013367100,Contra Costa,5773,0.5884,0.2273,1,0.0,66885,0.2198,1
06085503510,Santa Clara,4565,0.4446,0.0704,1,0.0,101607,0.097,0
06085507004,Santa Clara,3926,0.2541,0.0155,1,0.0,198306,0.0457,0
06085502204,Santa Clara,3242,0.5363,0.1248,1,0.0,67552,0.085,0
06085502203,Santa Clara,4211,0.3574,0.023,1,0.0,132125,0.0367,0
06085501902,Santa Clara,3385,0.3681,0.0857,1,0.0,142981,0.1113,0
06085502104,Santa Clara,2634,0.4125,0.0982,1,0.0,121875,0.1107,0
06085502103,Santa Clara,4261,0.4791,0.0503,1,0.0,81283,0.1162,0
06085504424,Santa Clara,5269,0.3343,0.0508,1,0.0,151302,0.1082,0
06085505015,Santa Clara,5229,0.3024,0.0562,1,0.0,173345,0.0955,0
06085505012,Santa Clara,2879,0.2707,0.0527,1,0.0,201190,0.102,0
06085505014,Santa Clara,6023,0.36,0.0508,1,0.0,137273,0.0857,0
06085505010,Santa Clara,4473,0.2784,0.0515,1,0.0,191326,0.0745,0
06085501901,Santa Clara,2618,0.3648,0.0219,1,0.0,126917,0.0674,0
06085511502,Santa Clara,3223,0.2117,0.0083,1,0.0,250001,0.0454,0
06085504903,Santa Clara,4970,0.2734,0.0116,1,0.0,177569,0.0614,0
06085504808,Santa Clara,2251,0.3817,0.0702,1,0.0,131276,0.0375,0
06085511501,Santa Clara,4820,0.2598,0.0237,1,0.0,196429,0.0564,0
06085512057,Santa Clara,4125,0.3273,0.0363,1,0.0,151146,0.0378,0
06085512059,Santa Clara,6927,0.3636,0.0994,1,0.0,148700,0.1071,0
06085503339,Santa Clara,3934,0.2977,0.1804,1,0.0,250001,0.0812,0
06085503338,Santa Clara,4092,0.2609,0.1067,1,0.0,250001,0.0881,0
06085512056,Santa Clara,3125,0.4876,0.1544,1,0.0,101111,0.0876,0
06085503219,Santa Clara,2648,0.4917,0.0165,1,0.0,57723,0.0695,0
06085503222,Santa Clara,6103,0.4385,0.0328,1,0.0,95912,0.067,0
06085509111,Santa Clara,4205,0.3125,0.0307,1,0.0,157311,0.0726,0
06085507705,Santa Clara,4092,0.2292,0.0434,1,0.0,250001,0.0459,0
06085507704,Santa Clara,3344,0.2494,0.0375,1,0.0,219286,0.0389,0
06085512058,Santa Clara,5504,0.4364,0.1095,1,0.0,113893,0.0878,0
06085504807,Santa Clara,5841,0.2441,0.0309,1,0.0,222917,0.0467,0
06085508205,Santa Clara,3882,0.272,0.0431,1,0.0,193292,0.0562,0
06085508510,Santa Clara,3500,0.3937,0.0073,1,0.0,110288,0.0662,0
06085508206,Santa Clara,3934,0.2708,0.0584,1,0.0,204750,0.0628,0
06085512513,Santa Clara,3761,0.5178,0.1615,1,0.0,90213,0.1433,1
06085512512,Santa Clara,4052,0.5733,0.2635,1,0.0,88587,0.1289,1
06085512514,Santa Clara,2924,0.4647,0.224,1,0.0,127266,0.112,0
06085512516,Santa Clara,4525,0.374,0.1229,1,0.0,149424,0.1298,1
06085508305,Santa Clara,5604,0.3924,0.017,1,0.0,113040,0.0496,0
06085504509,Santa Clara,4740,0.2477,0.0291,0,0.1370613609729841,184063,0.0975,0
06085501601,Santa Clara,4088,0.4397,0.1106,1,0.0,112793,0.0956,0
06085501602,Santa Clara,3255,0.5121,0.0463,1,0.0,47000,0.0816,0
06085506505,Santa Clara,4333,0.3718,0.0554,1,0.0,132950,0.0594,0
06085504510,Santa Clara,4325,0.3368,0.039,0,0.0595762374344953,139957,0.0731,0
06085508708,Santa Clara,4917,0.2267,0.0185,1,0.0,245007,0.0511,0
06085505902,Santa Clara,3950,0.4296,0.0587,1,0.0,105542,0.0749,0
06085503127,Santa Clara,4723,0.3438,0.1002,1,0.0,159375,0.1235,0
06085503126,Santa Clara,3770,0.376,0.0808,1,0.0,136865,0.1219,0
06085503124,Santa Clara,5747,0.4455,0.0668,1,0.0,100742,0.1116,0
06085503125,Santa Clara,3663,0.3696,0.1537,1,0.0,159792,0.0792,0
06085512055,Santa Clara,3532,0.4088,0.0312,1,0.0,108393,0.0859,0
06085509002,Santa Clara,3954,0.387,0.0479,1,0.0,121964,0.096,0
06085509001,Santa Clara,2929,0.4074,0.0197,1,0.0,106389,0.0969,0
06085508306,Santa Clara,3130,0.2328,0.006,1,0.0,221250,0.0317,0
06085502704,Santa Clara,4143,0.2914,0.0907,1,0.0,199167,0.0439,0
06001428301,Alameda,7203,0.3396,0.176,1,0.0,191875,0.156,1
06001428302,Alameda,7022,0.2989,0.1428,1,0.0,225500,0.1408,1
06001428400,Alameda,4756,0.4885,0.1243,1,0.0,94231,0.1968,1
06001430900,Alameda,5214,0.4509,0.1206,0,0.0520002620789998,105227,0.1099,0
06055201102,Napa,2053,0.3633,0.0433,1,0.0,134167,0.1368,1
06075022803,San Francisco,4430,0.1851,0.0417,0,0.6999999999999998,153750,0.0821,0
06075047702,San Francisco,3654,0.2603,0.0423,0,0.7,114892,0.0842,0
06075035202,San Francisco,4878,0.3743,0.204,0,0.7,100701,0.154,1
06075013300,San Francisco,4284,0.1783,0.0899,0,0.7,173851,0.103,0
06075025403,San Francisco,4244,0.1859,0.0848,0,0.7,166935,0.0915,0
06075022702,San Francisco,2152,0.1166,0.076,0,0.6999999999999998,240922,0.0747,0
06001431000,Alameda,3091,0.4474,0.1244,0,0.292100348142874,87083,0.1299,1
06001432100,Alameda,3892,0.3261,0.0981,1,0.0,172278,0.1197,0
06085503325,Santa Clara,4391,0.3005,0.0506,1,0.0,172955,0.0634,0
06085503602,Santa Clara,5255,0.5021,0.1201,1,0.0,88235,0.0938,0
06085503703,Santa Clara,3888,0.502,0.0904,1,0.0,78750,0.12,0
06085503712,Santa Clara,4340,0.4988,0.0569,1,0.0,70285,0.0802,0
06001428000,Alameda,2906,0.5313,0.1904,1,0.0,90750,0.1675,1
06001428500,Alameda,3302,0.3945,0.1238,1,0.0,138571,0.1351,1
06001428600,Alameda,3235,0.3981,0.0478,1,0.0,116833,0.1445,1
06001430300,Alameda,4290,0.3329,0.1049,1,0.0,169646,0.1157,0
06001430400,Alameda,2155,0.2935,0.1067,1,0.0,206750,0.1178,0
06001430700,Alameda,4085,0.4917,0.228,1,0.0,115625,0.1554,1
06085503708,Santa Clara,2662,0.4328,0.0782,1,0.0,108281,0.1334,1
06013304006,Contra Costa,3292,0.4045,0.3199,1,0.0,200990,0.1411,1
06013392202,Contra Costa,4724,0.4812,0.1835,1,0.0,110417,0.1442,1
06013392201,Contra Costa,4867,0.4929,0.1672,1,0.0,101648,0.1826,1
06013303210,Contra Costa,3598,0.5067,0.1915,1,0.0,100994,0.1211,0
06013355121,Contra Costa,6409,0.311,0.1867,1,0.0,244000,0.1357,1
06013355124,Contra Costa,4601,0.3265,0.2379,1,0.0,250001,0.1798,1
06013345205,Contra Costa,5779,0.3362,0.096,1,0.0,163667,0.1182,0
06013355126,Contra Costa,5773,0.301,0.1869,1,0.0,250001,0.1646,1
06001422500,Alameda,4467,0.5055,0.0674,0,0.053743840304662,58558,0.0826,0
06001422700,Alameda,4803,0.5093,0.0368,1,0.0,42417,0.0538,0
06001423000,Alameda,4549,0.4339,0.0647,0,0.2137169296266307,86917,0.1154,0
06001423100,Alameda,4275,0.5423,0.1665,0,0.1074265994641921,61161,0.1337,1
06001424002,Alameda,2663,0.4352,0.06,1,0.0,103393,0.0925,0
06075030202,San Francisco,4209,0.2196,0.1093,0,0.7,153412,0.111,0
06075026001,San Francisco,6416,0.2875,0.0943,0,0.7,114563,0.1038,0
06075026003,San Francisco,4920,0.3125,0.0692,0,0.6999999999999998,98177,0.0887,0
06075026404,San Francisco,2507,0.3745,0.1613,0,0.7,91463,0.1251,0
06001426200,Alameda,4861,0.2443,0.0736,1,0.0,250001,0.1129,0
06001427100,Alameda,4222,0.29,0.1127,1,0.0,215045,0.122,0
06001427200,Alameda,4508,0.4232,0.1065,1,0.0,118571,0.1354,1
06085503401,Santa Clara,4329,0.4749,0.0711,1,0.0,89321,0.1133,0
06013314106,Contra Costa,4176,0.5666,0.2384,0,0.1291991138737265,68352,0.1659,1
06013302011,Contra Costa,4915,0.519,0.3363,1,0.0,128703,0.1727,1
06013340003,Contra Costa,3718,0.3458,0.1071,1,0.0,160208,0.1155,0
06013355307,Contra Costa,4397,0.4349,0.2278,1,0.0,145430,0.1506,1
06013355119,Contra Costa,5288,0.497,0.4024,1,0.0,158343,0.1732,1
06013355120,Contra Costa,4036,0.5856,0.3222,1,0.0,94839,0.2263,1
06013313106,Contra Costa,7094,0.4516,0.2158,1,0.0,133548,0.1768,1
06013303206,Contra Costa,5452,0.4316,0.2658,1,0.0,156513,0.1438,1
06013303207,Contra Costa,8270,0.5749,0.3733,1,0.0,110563,0.2373,1
06013302014,Contra Costa,7602,0.5019,0.3438,1,0.0,139369,0.1714,1
06013303104,Contra Costa,6060,0.5208,0.3808,1,0.0,139292,0.2252,1
06013303106,Contra Costa,8245,0.5076,0.1984,1,0.0,101985,0.1601,1
06075025401,San Francisco,3819,0.1742,0.0561,0,0.6999999999999998,165278,0.1045,0
06075060502,San Francisco,3361,0.4059,0.1078,0,0.7,37891,0.1278,0
06075045100,San Francisco,4838,0.184,0.1399,0,0.7,190389,0.1016,0
06075016500,San Francisco,5317,0.1577,0.0587,0,0.7,177159,0.0956,0
06075015300,San Francisco,2293,0.1749,0.0899,0,0.7,176090,0.0956,0
06075013500,San Francisco,2471,0.1634,0.0635,0,0.7,175118,0.0784,0
06075023103,San Francisco,4456,0.4358,0.1405,0,0.6411076728101905,29799,0.1598,1
06075022801,San Francisco,4950,0.1773,0.0598,0,0.7,164539,0.0863,0
06075018000,San Francisco,3774,0.1848,0.1278,0,0.7,183507,0.0901,0
06085503402,Santa Clara,4597,0.5121,0.0736,1,0.0,66538,0.0871,0
06085503507,Santa Clara,2332,0.373,0.0667,1,0.0,135329,0.0717,0
06085508004,Santa Clara,5862,0.2502,0.055,1,0.0,232563,0.0427,0
06001427300,Alameda,5283,0.4001,0.082,1,0.0,124432,0.1343,1
06085504411,Santa Clara,5901,0.3636,0.1942,1,0.0,178333,0.0792,0
06085503322,Santa Clara,4635,0.4255,0.0673,1,0.0,108973,0.1131,0
06075010300,San Francisco,3925,0.2004,0.0567,0,0.6999999999999998,149766,0.0803,0
06075010500,San Francisco,3108,0.1744,0.1147,0,0.6999999999999998,187763,0.094,0
06075010600,San Francisco,3197,0.3671,0.0483,0,0.7,58060,0.0964,0
06075010800,San Francisco,4613,0.2485,0.1346,0,0.7,145402,0.0984,0
06075011200,San Francisco,2865,0.1838,0.0576,0,0.7,158750,0.0821,0
06075011300,San Francisco,2862,0.3991,0.0915,0,0.7,31801,0.1084,0
06075011700,San Francisco,2056,0.2835,0.0209,0,0.7756,93500,0.0757,0
06075011800,San Francisco,1695,0.41,0.1179,0,0.7,41471,0.0796,0
06085503508,Santa Clara,5982,0.3714,0.0194,1,0.0,123168,0.0649,0
06001423300,Alameda,3476,0.5038,0.1071,1,0.0,83450,0.1291,1
06085503709,Santa Clara,6178,0.5169,0.0872,0,0.0393570624254364,59926,0.0927,0
06085503804,Santa Clara,5372,0.4186,0.0225,1,0.0,102483,0.0954,0
06085503212,Santa Clara,4176,0.433,0.1153,1,0.0,116375,0.107,0
06085503213,Santa Clara,5140,0.4908,0.0489,1,0.0,73790,0.0835,0
06085503217,Santa Clara,4412,0.5429,0.1793,1,0.0,81696,0.1197,0
06085504001,Santa Clara,5085,0.5148,0.1016,1,0.0,75000,0.1232,0
06085504002,Santa Clara,6385,0.4724,0.0701,1,0.0,90153,0.0829,0
06085504101,Santa Clara,4490,0.4676,0.1438,1,0.0,107250,0.1167,0
06085503218,Santa Clara,4519,0.5341,0.1194,1,0.0,66958,0.0795,0
06085503304,Santa Clara,6804,0.4718,0.0925,1,0.0,94539,0.0959,0
06085503305,Santa Clara,5854,0.5013,0.1123,1,0.0,86629,0.1112,0
06085503306,Santa Clara,4047,0.3965,0.0511,1,0.0,118214,0.1209,0
06085504102,Santa Clara,5730,0.4421,0.0803,1,0.0,104489,0.08,0
06085503313,Santa Clara,4729,0.2969,0.099,1,0.0,197159,0.0628,0
06085503315,Santa Clara,8473,0.3486,0.0753,1,0.0,150192,0.0681,0
06075012700,San Francisco,4021,0.1121,0.0623,0,0.7,236158,0.088,0
06075013200,San Francisco,3931,0.1145,0.0206,0,0.6999999999999998,201464,0.0753,0
06085503323,Santa Clara,3750,0.3408,0.0835,1,0.0,156186,0.0724,0
06075012100,San Francisco,3513,0.3519,0.0848,0,0.6999999999999998,83906,0.074,0
06075015100,San Francisco,2799,0.1936,0.1081,0,0.6999999999999998,170583,0.1348,1
06085503321,Santa Clara,4301,0.3407,0.094,1,0.0,159375,0.1081,0
06085504311,Santa Clara,8064,0.3011,0.0658,0,0.0748502230597877,167277,0.0942,0
06085504314,Santa Clara,4745,0.3359,0.1005,1,0.0,165714,0.1048,0
06085504315,Santa Clara,6719,0.3099,0.0502,1,0.0,166042,0.0879,0
06001423400,Alameda,5551,0.4022,0.085,0,0.1774851831237023,107455,0.1026,0
06001423500,Alameda,3540,0.4205,0.0673,0,0.2574613011248457,89728,0.0992,0
06001423602,Alameda,7198,0.5103,0.0642,0,0.0169410259176728,59297,0.0935,0
06001427600,Alameda,4740,0.4944,0.1229,1,0.0,91820,0.0951,0
06075015900,San Francisco,5245,0.3216,0.1615,0,0.7,114323,0.1012,0
06075016000,San Francisco,2460,0.2434,0.0867,0,0.7,135246,0.0795,0
06075016200,San Francisco,3230,0.1802,0.1142,0,0.7,181425,0.0878,0
06075016300,San Francisco,3942,0.2582,0.0991,0,0.6999999999999998,129962,0.0987,0
06075016400,San Francisco,4162,0.1502,0.1096,0,0.7,212667,0.092,0
06075015500,San Francisco,3708,0.3434,0.1057,0,0.6999999999999998,92829,0.0934,0
06075015600,San Francisco,2988,0.334,0.1166,0,0.7,99028,0.1136,0
06075016700,San Francisco,5277,0.1288,0.093,0,0.7,232895,0.1255,0
06001433000,Alameda,3799,0.4849,0.1275,1,0.0,96237,0.1718,1
06001433200,Alameda,8120,0.4835,0.0617,0,0.0224756487431022,78701,0.1434,1
06001433300,Alameda,7367,0.4894,0.1708,1,0.0,103792,0.1516,1
06001433400,Alameda,6040,0.4233,0.0812,1,0.0,113633,0.1737,1
06001433500,Alameda,4311,0.5045,0.1168,1,0.0,86250,0.138,1
06001433102,Alameda,4445,0.4525,0.2464,0,0.182023791355143,120577,0.1632,1
06001440307,Alameda,4481,0.417,0.0903,1,0.0,117938,0.0921,0
06001440308,Alameda,6011,0.4455,0.1415,0,0.0912349323051686,108403,0.125,0
06001441200,Alameda,7354,0.3346,0.0783,1,0.0,158446,0.1566,1
06001441301,Alameda,3330,0.3435,0.1031,1,0.0,160714,0.1322,1
06001441302,Alameda,5828,0.3025,0.1271,1,0.0,208590,0.1222,0
06001433900,Alameda,7187,0.5347,0.1407,0,0.0269296052746751,70552,0.0977,0
06001434000,Alameda,5166,0.5266,0.0833,0,0.0183666195087234,48023,0.1331,1
06001435500,Alameda,4153,0.4803,0.0372,0,0.0083590934075848,75139,0.0915,0
06001435800,Alameda,5687,0.4785,0.1344,1,0.0,100882,0.1205,0
06001435900,Alameda,5290,0.4381,0.1121,1,0.0,113750,0.1484,1
06001436000,Alameda,5114,0.4451,0.1174,1,0.0,111806,0.1329,1
06001436100,Alameda,5765,0.46,0.1163,1,0.0,104531,0.1109,0
06001436200,Alameda,4128,0.5323,0.1296,1,0.0,72740,0.1003,0
06001436602,Alameda,5255,0.4601,0.0553,1,0.0,92125,0.0807,0
06001436700,Alameda,3367,0.5529,0.2789,1,0.0,100242,0.178,1
06001436800,Alameda,4196,0.459,0.1088,1,0.0,103567,0.1193,0
06001436900,Alameda,6403,0.4884,0.1372,1,0.0,96719,0.1162,0
06001437000,Alameda,3471,0.4866,0.2173,1,0.0,115273,0.1472,1
06001437200,Alameda,8491,0.4692,0.1162,1,0.0,100946,0.1333,1
06001437300,Alameda,3135,0.5347,0.1066,1,0.0,59847,0.1028,0
06001437400,Alameda,3733,0.4798,0.0773,1,0.0,88750,0.1133,0
06001437600,Alameda,3455,0.4356,0.1021,1,0.0,112742,0.1065,0
06013327002,Contra Costa,3833,0.4887,0.1227,1,0.0,93651,0.1736,1
06013346206,Contra Costa,3216,0.3244,0.1925,1,0.0,223214,0.1161,0
06013319001,Contra Costa,4236,0.3998,0.131,1,0.0,137278,0.152,1
06013302013,Contra Costa,2961,0.4483,0.2656,1,0.0,148003,0.1407,1
06013345206,Contra Costa,3622,0.3144,0.1022,1,0.0,181369,0.1443,1
06013302012,Contra Costa,5810,0.447,0.2486,1,0.0,144597,0.1274,0
06013355308,Contra Costa,3570,0.405,0.2326,1,0.0,163243,0.1556,1
06013355118,Contra Costa,3769,0.4617,0.2407,1,0.0,134178,0.1764,1
06013314105,Contra Costa,3958,0.524,0.2428,0,0.18640335710885,89175,0.1484,1
06013319002,Contra Costa,3943,0.5147,0.2132,1,0.0,102198,0.2131,1
06013345117,Contra Costa,4652,0.3114,0.1564,1,0.0,215938,0.0797,0
06013303208,Contra Costa,4060,0.537,0.3712,1,0.0,128309,0.144,1
06013304007,Contra Costa,5509,0.4421,0.2485,1,0.0,146806,0.1241,0
06013303107,Contra Costa,7260,0.5024,0.2719,1,0.0,120026,0.1301,1
06013355201,Contra Costa,8114,0.4235,0.2324,0,0.1062205827091464,140337,0.1438,1
06013313105,Contra Costa,6007,0.5884,0.2683,0,0.0306860393747228,76108,0.2253,1
06013303209,Contra Costa,5340,0.4911,0.3185,1,0.0,138854,0.2026,1
06013303211,Contra Costa,4679,0.4703,0.3628,1,0.0,163209,0.1289,0
06013355310,Contra Costa,3070,0.5045,0.2135,1,0.0,106384,0.1679,1
06013355309,Contra Costa,5150,0.3084,0.1341,1,0.0,205208,0.1498,1
06013324004,Contra Costa,2413,0.4367,0.0809,0,0.0465831133453214,103333,0.1656,1
06013355122,Contra Costa,5559,0.3216,0.1948,1,0.0,230833,0.1216,0
06013339003,Contra Costa,4153,0.3813,0.0998,0,0.2462622343017348,114362,0.0971,0
06013336103,Contra Costa,4862,0.5109,0.0699,1,0.0,65903,0.0887,0
06013337201,Contra Costa,3139,0.5916,0.2442,1,0.0,70655,0.1842,1
06013355202,Contra Costa,3981,0.4838,0.2768,0,0.0473512821443736,126537,0.2011,1
06013327001,Contra Costa,3479,0.5421,0.1864,1,0.0,84294,0.1668,1
06001437900,Alameda,2032,0.4712,0.1237,0,0.1605457056053838,88700,0.1358,1
06001438100,Alameda,7953,0.4078,0.2088,1,0.0,154318,0.1346,1
06001438201,Alameda,4895,0.4718,0.1423,1,0.0,105504,0.1088,0
06001438400,Alameda,2671,0.474,0.1152,1,0.0,98625,0.1576,1
06001437800,Alameda,4940,0.3552,0.1004,0,0.0743151359078805,145962,0.1115,0
06001440200,Alameda,5641,0.416,0.0987,0,0.0650575658855306,114653,0.0963,0
06001440304,Alameda,4662,0.3964,0.1145,1,0.0,135392,0.1112,0
06001432200,Alameda,3987,0.5188,0.1887,0,0.0077294594289336,94276,0.1365,1
06001432300,Alameda,4874,0.3608,0.1467,0,0.0818511742543623,154028,0.1216,0
06001440305,Alameda,4064,0.3617,0.1264,1,0.0,156528,0.1068,0
06001432700,Alameda,2755,0.5289,0.1932,1,0.0,92128,0.2351,1
06001432502,Alameda,5126,0.4548,0.0997,0,0.068329999080546,97412,0.1051,0
06001433103,Alameda,3552,0.5315,0.1284,1,0.0,72813,0.1248,0
06081608013,San Mateo,3677,0.3534,0.1236,1,0.0,160833,0.0952,0
06013346204,Contra Costa,7894,0.2597,0.1044,1,0.0,250001,0.0871,0
06013346203,Contra Costa,4033,0.3158,0.0861,1,0.0,174375,0.1119,0
06013360101,Contra Costa,4224,0.5154,0.2525,1,0.0,110433,0.1727,1
06013355109,Contra Costa,7471,0.524,0.2316,1,0.0,102062,0.1952,1
06013355113,Contra Costa,5423,0.3304,0.2199,1,0.0,236818,0.1536,1
06013334006,Contra Costa,4731,0.3496,0.094,1,0.0,154543,0.1272,0
06013334200,Contra Costa,7547,0.377,0.161,1,0.0,157768,0.1335,1
06013355306,Contra Costa,4550,0.3717,0.1298,1,0.0,152645,0.1428,1
06013355112,Contra Costa,5800,0.3195,0.175,1,0.0,217835,0.1486,1
06095252317,Solano,13124,0.4277,0.217,1,0.0,146397,0.1482,1
06095252316,Solano,3679,0.5396,0.2407,1,0.0,96938,0.1475,1
06095253206,Solano,3894,0.3614,0.1203,1,0.0,155110,0.1367,1
06095253205,Solano,3091,0.4279,0.1162,1,0.0,118821,0.1131,0
06013304001,Contra Costa,5895,0.3521,0.1897,1,0.0,187105,0.1188,0
06013355111,Contra Costa,6569,0.4882,0.2775,1,0.0,129306,0.1528,1
06013360102,Contra Costa,5030,0.4384,0.2553,1,0.0,150325,0.1469,1
06013302007,Contra Costa,6652,0.5154,0.1794,1,0.0,94507,0.1441,1
06013302009,Contra Costa,6806,0.5223,0.3324,1,0.0,126151,0.1689,1
06085504700,Santa Clara,667,0.3707,0.0,1,0.0,118438,0.0868,0
06081601902,San Mateo,5664,0.3549,0.1136,0,0.2957713928775473,125585,0.134,1
06081990100,San Mateo,0,0.5477,0.0999,0,9.98375981387748e-05,-666666666,0.0984,0
06013324003,Contra Costa,3449,0.3309,0.1142,0,0.5814071933102374,110288,0.1334,1
06013313107,Contra Costa,2718,0.4519,0.2462,1,0.0,140227,0.1636,1
06013351105,Contra Costa,1814,0.5305,0.0898,1,0.0,54167,0.1226,0
06001441927,Alameda,4229,0.4208,0.1575,0,0.0209349063111479,131792,0.0813,0
06013980000,Contra Costa,507,0.5477,0.0999,1,0.0,-666666666,0.1185,0
06013351104,Contra Costa,1667,0.4987,0.0377,1,0.0,61528,0.1127,0
06013346205,Contra Costa,4325,0.319,0.2049,1,0.0,246888,0.1578,1
06013336104,Contra Costa,2539,0.5536,0.1579,1,0.0,66887,0.1293,1
06013345118,Contra Costa,3525,0.4632,0.2182,1,0.0,126818,0.16,1
06013339004,Contra Costa,3319,0.3675,0.183,0,0.2954539589026237,137016,0.1351,1
06013303105,Contra Costa,3326,0.5288,0.2841,1,0.0,111291,0.1556,1
06013313104,Contra Costa,2909,0.5625,0.2233,0,0.1686126662911811,55476,0.2109,1
06013313203,Contra Costa,3382,0.4537,0.2098,0,0.0396505866941646,125694,0.1507,1
06013355107,Contra Costa,5607,0.5262,0.3652,1,0.0,133603,0.2129,1
06001404101,Alameda,3208,0.4332,0.1651,1,0.0,128711,0.1095,0
06001405302,Alameda,2559,0.5184,0.1062,0,0.0636138895694133,63709,0.1201,0
06001405600,Alameda,3044,0.5029,0.0959,1,0.0,80669,0.0997,0
06001406400,Alameda,2598,0.5358,0.1377,1,0.0,72955,0.1333,1
06001405700,Alameda,3522,0.5147,0.0995,1,0.0,74547,0.1152,0
06001405800,Alameda,4182,0.5055,0.0628,1,0.0,67222,0.0999,0
06085511608,Santa Clara,3252,0.5175,0.0553,1,0.0,45655,0.095,0
06001444301,Alameda,3698,0.2925,0.0655,1,0.0,184583,0.09,0
06001404700,Alameda,2187,0.2708,0.1265,1,0.0,250001,0.1418,1
06001404800,Alameda,2744,0.4566,0.1503,1,0.0,114083,0.1142,0
06001405200,Alameda,4913,0.4568,0.1114,1,0.0,105222,0.114,0
06001405500,Alameda,3537,0.503,0.1029,1,0.0,82222,0.0952,0
06001450750,Alameda,6858,0.4398,0.2714,1,0.0,153929,0.1189,0
06001451403,Alameda,2184,0.3479,0.1674,1,0.0,180197,0.1105,0
06001405100,Alameda,4508,0.2605,0.106,1,0.0,250001,0.1155,0
06001404900,Alameda,4669,0.3548,0.0928,1,0.0,151860,0.1158,0
06097151602,Sonoma,3182,0.3984,0.021,1,0.0,110761,0.0337,0
06097150607,Sonoma,4562,0.3583,0.0846,1,0.0,147857,0.1176,0
06097150610,Sonoma,3819,0.4266,0.1577,1,0.0,130671,0.1074,0
06097153809,Sonoma,4819,0.4049,0.0982,1,0.0,126190,0.0911,0
06097153104,Sonoma,3888,0.5288,0.106,1,0.0,65938,0.0752,0
06001405401,Alameda,3541,0.5697,0.1977,1,0.0,70231,0.1446,1
06001451703,Alameda,3827,0.3205,0.1421,1,0.0,194607,0.1156,0
06001990000,Alameda,0,0.5477,0.0999,1,0.0,-666666666,0.0921,0
06085503329,Santa Clara,3579,0.2776,0.1088,1,0.0,232098,0.0675,0
06085512032,Santa Clara,3314,0.3682,0.1285,1,0.0,153947,0.1366,1
06085511916,Santa Clara,4463,0.3005,0.0964,1,0.0,191458,0.0589,0
06001442302,Alameda,6186,0.377,0.1208,1,0.0,147684,0.079,0
06001406602,Alameda,2540,0.5632,0.1627,1,0.0,58869,0.1454,1
06001407101,Alameda,4053,0.5056,0.0349,0,0.0007084667247988,48281,0.0851,0
06001407102,Alameda,4268,0.5224,0.1038,0,3.406491755796e-06,70284,0.1362,1
06001432501,Alameda,4892,0.4127,0.1263,0,0.1782274560027259,112531,0.127,0
06001406201,Alameda,5072,0.548,0.1209,1,0.0,50417,0.1118,0
06001406202,Alameda,4733,0.4847,0.0632,0,0.1583631312267658,55000,0.0959,0
06001406300,Alameda,4556,0.5563,0.1553,1,0.0,62837,0.1457,1
06085503333,Santa Clara,4608,0.3101,0.0817,1,0.0,176354,0.0937,0
06001450501,Alameda,3400,0.3297,0.1446,0,0.0033497479937552,186000,0.1388,1
06075025200,San Francisco,5457,0.2326,0.1136,0,0.7,147868,0.0935,0
06075025300,San Francisco,4545,0.208,0.1315,0,0.7,168720,0.0823,0
06075025402,San Francisco,3294,0.1674,0.0455,0,0.7,166094,0.0796,0
06075025600,San Francisco,5027,0.2933,0.1117,0,0.7,115739,0.1032,0
06075025800,San Francisco,2129,0.3788,0.1518,0,0.7,87614,0.124,0
06075025900,San Francisco,4128,0.2355,0.1198,0,0.6999999999999998,147944,0.0871,0
06075026002,San Francisco,3683,0.2307,0.0671,0,0.7,136324,0.1105,0
06075026004,San Francisco,3839,0.2922,0.0776,0,0.6676766862113507,111089,0.111,0
06075020500,San Francisco,2970,0.123,0.1109,0,0.7,250001,0.1357,1
06075061000,San Francisco,4890,0.3413,0.0963,0,0.5067861777048606,107882,0.1213,0
06001440331,Alameda,3276,0.3821,0.0635,1,0.0,128929,0.1368,1
06075016900,San Francisco,3061,0.2259,0.1094,0,0.7,150139,0.1385,1
06075017000,San Francisco,4262,0.1049,0.0747,0,0.7,250001,0.0977,0
06013345115,Contra Costa,6758,0.2929,0.1313,1,0.0,225625,0.1009,0
06075026100,San Francisco,6879,0.2873,0.1343,0,0.7756,116444,0.1223,0
06055200900,Napa,438,0.6978,0.4,1,0.0,-666666666,0.2527,1
06055201300,Napa,3397,0.4984,0.0695,1,0.0,75134,0.0994,0
06055202000,Napa,5191,0.4579,0.0757,1,0.0,96667,0.0694,0
06055201800,Napa,1480,0.6097,0.3085,1,0.0,80313,0.1322,1
06075060400,San Francisco,1866,0.3641,0.0964,0,0.4944941684464244,99556,0.1013,0
06075026301,San Francisco,5345,0.3354,0.1048,0,0.7,95458,0.1245,0
06075026302,San Francisco,5004,0.3235,0.0681,0,0.7,93370,0.0983,0
06055200201,Napa,3906,0.4894,0.0732,1,0.0,81875,0.1158,0
06055200202,Napa,2089,0.4873,0.0297,1,0.0,69537,0.0928,0
06055200203,Napa,2062,0.5337,0.155,1,0.0,79886,0.1433,1
06055200501,Napa,5648,0.4724,0.0815,1,0.0,92344,0.1295,1
06055200503,Napa,1785,0.4547,0.1281,1,0.0,110179,0.1166,0
06075020401,San Francisco,3248,0.2351,0.1555,0,0.6999999999999998,157237,0.1082,0
06055201900,Napa,1510,0.3858,0.0655,1,0.0,127159,0.1031,0
06055201500,Napa,1668,0.4078,0.0753,1,0.0,118500,0.0934,0
06055200703,Napa,3036,0.3626,0.0804,1,0.0,144625,0.1047,0
06055200400,Napa,3440,0.385,0.0669,1,0.0,128065,0.1102,0
06055201700,Napa,4494,0.4113,0.0673,1,0.0,115625,0.0865,0
06055200802,Napa,6458,0.4276,0.0607,1,0.0,106452,0.111,0
06075026303,San Francisco,4612,0.3238,0.1459,0,0.7,110074,0.1546,1
06075026401,San Francisco,3842,0.3776,0.1819,0,0.6999999999999997,94093,0.1175,0
06075026402,San Francisco,4755,0.2821,0.1018,0,0.7,118182,0.0864,0
06075026403,San Francisco,3581,0.3586,0.1356,0,0.6999999999999998,92788,0.1269,0
06075030101,San Francisco,4792,0.2119,0.06,0,0.6999999999999998,144753,0.0822,0
06075030102,San Francisco,4726,0.1321,0.0681,0,0.7,209167,0.0941,0
06075030201,San Francisco,4131,0.2595,0.0922,0,0.6999999999999998,127009,0.1102,0
06075030301,San Francisco,6129,0.1506,0.0508,0,0.6999999999999998,179107,0.0869,0
06075030302,San Francisco,3742,0.1323,0.046,0,0.6999999999999998,194625,0.0907,0
06075030400,San Francisco,5262,0.2323,0.0771,0,0.7,137418,0.0888,0
06081611700,San Mateo,5699,0.4177,0.0774,1,0.0,114934,0.1319,1
06075030500,San Francisco,3787,0.1867,0.1092,0,0.7,174797,0.0885,0
06075030600,San Francisco,2348,0.1043,0.0385,0,0.7,229297,0.0937,0
06075030700,San Francisco,6910,0.1504,0.0579,0,0.7,183388,0.1013,0
06075030800,San Francisco,5907,0.1276,0.0585,0,0.6999999999999998,208750,0.0842,0
06095250106,Solano,3668,0.3663,0.1683,1,0.0,168750,0.1282,0
06095250104,Solano,2225,0.542,0.1994,1,0.0,88125,0.1626,1
06085503506,Santa Clara,6910,0.4627,0.11,1,0.0,102350,0.0721,0
06085512001,Santa Clara,6384,0.3408,0.1793,1,0.0,192176,0.1098,0
06085510300,Santa Clara,4629,0.226,0.0165,1,0.0,243854,0.0453,0
06085504602,Santa Clara,1920,0.4227,0.0547,1,0.0,107438,0.1235,0
06085507002,Santa Clara,3415,0.2266,0.0382,1,0.0,250001,0.0556,0
06085512307,Santa Clara,6918,0.3495,0.0817,1,0.0,151477,0.1333,1
06085511910,Santa Clara,3051,0.2554,0.0957,1,0.0,250001,0.0525,0
06085505700,Santa Clara,5853,0.4255,0.06,1,0.0,107431,0.0934,0
06085506900,Santa Clara,8174,0.2843,0.0887,1,0.0,206951,0.0775,0
06085507301,Santa Clara,6820,0.2412,0.0674,1,0.0,250001,0.0662,0
06085501700,Santa Clara,4466,0.474,0.0605,1,0.0,86995,0.1318,1
06085503116,Santa Clara,6469,0.4591,0.1113,1,0.0,103972,0.0792,0
06085507701,Santa Clara,3435,0.2453,0.0189,1,0.0,211371,0.0713,0
06081601601,San Mateo,2654,0.4305,0.0682,0,0.0711059626486657,101103,0.1242,0
06085502908,Santa Clara,6464,0.3766,0.0546,1,0.0,129412,0.0803,0
06085502909,Santa Clara,4918,0.4212,0.0929,1,0.0,116596,0.0888,0
06085509107,Santa Clara,4765,0.3145,0.0139,1,0.0,152361,0.0306,0
06085511701,Santa Clara,4346,0.2464,0.0311,1,0.0,219167,0.0716,0
06085511907,Santa Clara,4144,0.263,0.111,1,0.0,250001,0.0526,0
06085511912,Santa Clara,5705,0.2494,0.0837,1,0.0,250001,0.049,0
06095252904,Solano,8528,0.4548,0.1355,1,0.0,111068,0.1075,0
06095252305,Solano,6178,0.4164,0.1223,1,0.0,126369,0.1425,1
06095251802,Solano,3174,0.6146,0.2427,1,0.0,31841,0.2316,1
06085503207,Santa Clara,3589,0.3738,0.0541,1,0.0,131250,0.1047,0
06085502910,Santa Clara,3960,0.3973,0.0743,1,0.0,123994,0.0929,0
06085503001,Santa Clara,4455,0.3671,0.0877,1,0.0,144254,0.1097,0
06085503208,Santa Clara,3182,0.369,0.064,1,0.0,136328,0.101,0
06095251200,Solano,3266,0.5388,0.1524,1,0.0,75333,0.1546,1
06085500100,Santa Clara,7903,0.3504,0.0974,1,0.0,154868,0.096,0
06085500200,Santa Clara,5406,0.3531,0.1057,1,0.0,155536,0.0932,0
06085500300,Santa Clara,4156,0.4182,0.0839,1,0.0,116172,0.1696,1
06095252502,Solano,1599,0.5292,0.1218,1,0.0,71944,0.155,1
06095250200,Solano,4560,0.5953,0.2708,1,0.0,76875,0.1762,1
06085500400,Santa Clara,2545,0.3644,0.0917,1,0.0,146607,0.1317,1
06085500600,Santa Clara,6069,0.4185,0.1032,1,0.0,119675,0.0938,0
06085500901,Santa Clara,4459,0.5262,0.1194,1,0.0,73750,0.1039,0
06085500902,Santa Clara,4613,0.5123,0.0418,1,0.0,41250,0.1041,0
06085501000,Santa Clara,5003,0.5291,0.0876,1,0.0,54588,0.0993,0
06085503210,Santa Clara,4435,0.4161,0.0649,1,0.0,113113,0.0951,0
06085503211,Santa Clara,4160,0.4901,0.1391,1,0.0,96500,0.134,1
06085503002,Santa Clara,3814,0.369,0.0316,1,0.0,127028,0.0889,0
06085503003,Santa Clara,5050,0.3096,0.0681,1,0.0,172917,0.068,0
06085511800,Santa Clara,4538,0.305,0.1159,1,0.0,197361,0.1406,1
06085512305,Santa Clara,4658,0.3114,0.1663,1,0.0,223125,0.1148,0
06085511914,Santa Clara,6327,0.2847,0.1365,1,0.0,247039,0.1006,0
06085507302,Santa Clara,2640,0.2431,0.0712,1,0.0,250001,0.07,0
06085504307,Santa Clara,5740,0.3614,0.0777,1,0.0,144604,0.0786,0
06085503504,Santa Clara,5601,0.3395,0.04,1,0.0,146016,0.0728,0
06085504318,Santa Clara,7213,0.3952,0.0325,0,0.0321361607683312,112367,0.0934,0
06085507500,Santa Clara,5747,0.2733,0.0338,1,0.0,188375,0.0624,0
06085512200,Santa Clara,4905,0.3399,0.2374,1,0.0,235674,0.1561,1
06085507203,Santa Clara,3192,0.281,0.0605,1,0.0,192917,0.065,0
06085503802,Santa Clara,7937,0.412,0.1067,1,0.0,124659,0.1227,0
06085512602,Santa Clara,2838,0.433,0.1903,1,0.0,136146,0.1334,1
06085506604,Santa Clara,7362,0.2446,0.0231,1,0.0,216054,0.0409,0
06085512308,Santa Clara,8460,0.3221,0.1947,1,0.0,229395,0.1263,0
06085501200,Santa Clara,4345,0.4491,0.1045,1,0.0,106500,0.1297,1
06085501300,Santa Clara,4063,0.3787,0.0516,1,0.0,127188,0.0956,0
06085501401,Santa Clara,2954,0.5111,0.0913,1,0.0,74167,0.1533,1
06085501800,Santa Clara,4622,0.3549,0.043,1,0.0,137708,0.0887,0
06085503105,Santa Clara,2139,0.5128,0.0601,1,0.0,58162,0.0886,0
06085507401,Santa Clara,5907,0.2404,0.0274,1,0.0,226500,0.0545,0
06085507100,Santa Clara,3029,0.3054,0.0608,1,0.0,173006,0.0625,0
06085507805,Santa Clara,5220,0.2619,0.0243,1,0.0,194000,0.0463,0
06085507702,Santa Clara,6618,0.225,0.0349,1,0.0,250001,0.0766,0
06085505303,Santa Clara,5986,0.3618,0.0232,1,0.0,128933,0.0676,0
06085503707,Santa Clara,5264,0.4495,0.0731,1,0.0,100375,0.0757,0
06085502001,Santa Clara,4767,0.4201,0.0461,1,0.0,106477,0.0864,0
06085502002,Santa Clara,5308,0.425,0.0573,1,0.0,106813,0.0801,0
06085501501,Santa Clara,4159,0.5019,0.0777,1,0.0,75179,0.0958,0
06085501502,Santa Clara,4160,0.4712,0.1208,1,0.0,101094,0.091,0
06085502101,Santa Clara,5045,0.363,0.0263,1,0.0,129258,0.093,0
06085502202,Santa Clara,2910,0.4324,0.0585,1,0.0,104107,0.1476,1
06085502701,Santa Clara,5611,0.3688,0.0661,1,0.0,136691,0.0835,0
06085502800,Santa Clara,4419,0.2972,0.0684,1,0.0,181528,0.0681,0
06085502903,Santa Clara,5270,0.2609,0.0596,1,0.0,219107,0.0584,0
06085502906,Santa Clara,4995,0.4286,0.1325,1,0.0,122356,0.131,1
06085503110,Santa Clara,4067,0.4937,0.086,1,0.0,82750,0.1261,0
06085502400,Santa Clara,6909,0.2554,0.0201,1,0.0,200324,0.0704,0
06085510200,Santa Clara,4717,0.2161,0.0171,1,0.0,250001,0.0647,0
06085512309,Santa Clara,5295,0.3535,0.2064,1,0.0,193854,0.1289,0
06085504601,Santa Clara,1255,0.4904,0.0286,1,0.0,65625,0.1394,1
06085510001,Santa Clara,5969,0.2104,0.0058,1,0.0,250001,0.0296,0
06085500500,Santa Clara,5020,0.3036,0.0515,1,0.0,171885,0.0813,0
06085512100,Santa Clara,1640,0.4801,0.1044,1,0.0,93542,0.167,1
06085507402,Santa Clara,3980,0.2292,0.0168,1,0.0,236161,0.0353,0
06085502907,Santa Clara,3912,0.3527,0.1453,1,0.0,170270,0.083,0
06085503336,Santa Clara,3081,0.4,0.1522,1,0.0,144000,0.0737,0
06001406100,Alameda,4939,0.4511,0.0886,0,0.351099130264448,64879,0.1433,1
06085501402,Santa Clara,2705,0.4497,0.1013,1,0.0,105771,0.0977,0
06085504505,Santa Clara,10682,0.2495,0.0757,0,0.1298316501426481,209439,0.0693,0
06085503903,Santa Clara,3083,0.4018,0.0684,1,0.0,119548,0.1027,0
06013386000,Contra Costa,3758,0.4383,0.0923,0,0.4276175143262355,64201,0.1394,1
06013354001,Contra Costa,2396,0.2905,0.1358,0,0.0509924477501569,216518,0.1372,1
06013318000,Contra Costa,3512,0.5006,0.1594,1,0.0,96250,0.1543,1
06013314200,Contra Costa,7185,0.5937,0.2494,1,0.0,70750,0.228,1
06013357000,Contra Costa,3458,0.5139,0.1838,1,0.0,95954,0.1266,0
06013337100,Contra Costa,3160,0.3864,0.1207,0,0.0070528400034843,140972,0.1315,1
06013363000,Contra Costa,7793,0.5327,0.2398,1,0.0,100399,0.2109,1
06013321101,Contra Costa,6866,0.3915,0.1416,1,0.0,145685,0.1226,0
06013320001,Contra Costa,3100,0.4682,0.1247,1,0.0,103194,0.1277,0
06013307205,Contra Costa,7818,0.5941,0.2482,1,0.0,70419,0.1866,1
06013355302,Contra Costa,3454,0.2712,0.1273,1,0.0,250001,0.1553,1
06013307101,Contra Costa,4696,0.5849,0.2431,1,0.0,75139,0.2058,1
06013341000,Contra Costa,4760,0.3427,0.0525,1,0.0,147701,0.1332,1
06013385100,Contra Costa,3100,0.3511,0.1424,1,0.0,170278,0.1384,1
06013392000,Contra Costa,2588,0.2899,0.1117,1,0.0,214464,0.1292,1
06013351200,Contra Costa,5525,0.2485,0.0819,1,0.0,250001,0.1193,0
06013365002,Contra Costa,5171,0.5163,0.1023,1,0.0,74545,0.1463,1
06013307201,Contra Costa,4224,0.5765,0.1923,1,0.0,61196,0.1814,1
06013308001,Contra Costa,7523,0.6667,0.467,0,0.0385414421950721,88908,0.2811,1
06013307202,Contra Costa,4481,0.6213,0.2657,1,0.0,48125,0.1006,0
06085508102,Santa Clara,3556,0.2651,0.0497,1,0.0,206563,0.0853,0
06085506606,Santa Clara,5137,0.4005,0.0408,1,0.0,114574,0.0837,0
06085504506,Santa Clara,6609,0.3307,0.0498,1,0.0,152898,0.0798,0
06085504507,Santa Clara,6238,0.3419,0.08,1,0.0,154671,0.0782,0
06085506701,Santa Clara,4268,0.2708,0.0712,1,0.0,212679,0.055,0
06095250801,Solano,4232,0.5031,0.1989,1,0.0,103816,0.1762,1
06095252915,Solano,6449,0.3707,0.1437,1,0.0,156375,0.1435,1
06095252314,Solano,4441,0.4812,0.106,1,0.0,93500,0.1341,1
06085508203,Santa Clara,5873,0.2392,0.0394,1,0.0,239318,0.0484,0
06013308002,Contra Costa,4486,0.4922,0.3223,0,0.1472405837775589,123882,0.1889,1
06085506702,Santa Clara,5799,0.3622,0.0681,1,0.0,140670,0.0849,0
06085506703,Santa Clara,3622,0.3712,0.0965,1,0.0,144412,0.0754,0
06013343002,Contra Costa,4658,0.3927,0.1744,1,0.0,153080,0.1216,0
06013348000,Contra Costa,4819,0.2322,0.0796,0,0.0756747293533264,250001,0.1224,0
06013352101,Contra Costa,3628,0.2701,0.1252,1,0.0,250001,0.1385,1
06013359202,Contra Costa,6819,0.4359,0.1809,1,0.0,132350,0.1445,1
06085504805,Santa Clara,7442,0.3737,0.0504,1,0.0,130078,0.0647,0
06085504806,Santa Clara,2980,0.362,0.0388,1,0.0,133846,0.0504,0
06085505007,Santa Clara,4285,0.349,0.0459,1,0.0,142500,0.119,0
06085505203,Santa Clara,5476,0.4037,0.06,1,0.0,117000,0.0899,0
06085508204,Santa Clara,4892,0.2328,0.0189,1,0.0,231860,0.0339,0
06085508505,Santa Clara,4765,0.251,0.0208,1,0.0,205625,0.0546,0
06085504802,Santa Clara,4933,0.371,0.0204,1,0.0,123750,0.0881,0
06085505301,Santa Clara,5018,0.3061,0.0541,1,0.0,171071,0.063,0
06085505302,Santa Clara,4828,0.2971,0.0357,1,0.0,170827,0.0567,0
06085505402,Santa Clara,3058,0.2866,0.0252,1,0.0,173582,0.0588,0
06013384000,Contra Costa,3826,0.3179,0.1177,0,0.0957134686282797,171645,0.1148,0
06013305000,Contra Costa,7425,0.611,0.2541,1,0.0,56620,0.1507,1
06085508601,Santa Clara,3892,0.2689,0.0427,1,0.0,196731,0.057,0
06085505403,Santa Clara,8563,0.2813,0.0214,1,0.0,175735,0.0439,0
06085505500,Santa Clara,4661,0.336,0.0346,1,0.0,146602,0.0898,0
06085505600,Santa Clara,4594,0.3825,0.0183,1,0.0,117125,0.0601,0
06085505800,Santa Clara,4242,0.2921,0.0133,1,0.0,165750,0.1087,0
06085506803,Santa Clara,7090,0.2892,0.0382,1,0.0,175938,0.0488,0
06085507806,Santa Clara,5971,0.2734,0.0344,1,0.0,188468,0.0446,0
06085507807,Santa Clara,3432,0.21,0.0049,1,0.0,250001,0.0391,0
06085508301,Santa Clara,4702,0.231,0.0469,1,0.0,250001,0.0612,0
06085508303,Santa Clara,2569,0.2456,0.0123,1,0.0,208250,0.0576,0
06085506000,Santa Clara,4993,0.2919,0.0364,1,0.0,173750,0.0684,0
06085506101,Santa Clara,4845,0.3077,0.0394,1,0.0,163750,0.0841,0
06085506102,Santa Clara,4384,0.2957,0.0479,1,0.0,174929,0.0449,0
06085507808,Santa Clara,5811,0.2344,0.0538,1,0.0,250001,0.0371,0
06001410000,Alameda,3177,0.3679,0.1313,1,0.0,154648,0.1531,1
06085506103,Santa Clara,5218,0.2684,0.0257,1,0.0,188946,0.0363,0
06085506203,Santa Clara,6127,0.3501,0.0053,1,0.0,130735,0.073,0
06085506204,Santa Clara,5546,0.2775,0.0416,1,0.0,188047,0.0584,0
06085506301,Santa Clara,5101,0.3801,0.0327,1,0.0,121667,0.0818,0
06001430200,Alameda,7713,0.368,0.2125,1,0.0,183182,0.1338,1
06001407900,Alameda,3088,0.4363,0.1546,1,0.0,124523,0.1591,1
06001436601,Alameda,6634,0.523,0.1357,0,0.0161456312105519,77982,0.1054,0
06001400500,Alameda,3949,0.4041,0.0611,0,0.2504184702885283,95078,0.099,0
06001451102,Alameda,3950,0.2769,0.1199,1,0.0,246100,0.1098,0
06085507903,Santa Clara,5262,0.2479,0.0226,1,0.0,210813,0.0698,0
06085508401,Santa Clara,8085,0.2497,0.0158,1,0.0,204662,0.0405,0
06085508404,Santa Clara,6553,0.2711,0.0429,1,0.0,194303,0.0485,0
06001432800,Alameda,3862,0.3758,0.072,1,0.0,135313,0.1565,1
06001441503,Alameda,7416,0.3138,0.1676,1,0.0,221094,0.17,1
06001435400,Alameda,5048,0.5293,0.2747,0,0.3135447199811236,80816,0.1522,1
06001438000,Alameda,3645,0.4784,0.1789,1,0.0,110481,0.1543,1
06001451201,Alameda,7569,0.4698,0.157,1,0.0,109593,0.1298,1
06001451202,Alameda,5482,0.3638,0.1681,1,0.0,170459,0.1493,1
06001409000,Alameda,5039,0.4842,0.0952,0,0.1612022260991761,70769,0.1177,0
06085508503,Santa Clara,6212,0.2939,0.0544,1,0.0,178263,0.0574,0
06001401500,Alameda,3035,0.512,0.1006,1,0.0,75568,0.1208,0
06085507904,Santa Clara,3061,0.225,0.0349,1,0.0,250001,0.0549,0
06085504412,Santa Clara,5044,0.3738,0.0707,1,0.0,135993,0.0767,0
06085504413,Santa Clara,2048,0.3244,0.0199,1,0.0,148438,0.0403,0
06085504414,Santa Clara,5296,0.3112,0.0568,1,0.0,167772,0.0962,0
06085504415,Santa Clara,4690,0.2969,0.0543,1,0.0,176094,0.0723,0
06085504416,Santa Clara,3927,0.2818,0.0323,1,0.0,178813,0.0664,0
06001401600,Alameda,2403,0.459,0.0353,0,0.00306040424972,88304,0.1187,0
06001402400,Alameda,2623,0.5693,0.1514,1,0.0,31279,0.1543,1
06085504418,Santa Clara,4118,0.3863,0.0689,1,0.0,127870,0.0842,0
06085504421,Santa Clara,5631,0.2859,0.0749,1,0.0,195417,0.0684,0
06001402200,Alameda,2337,0.3703,0.1066,0,0.5212334143557793,96200,0.1209,0
06085507905,Santa Clara,5181,0.363,0.0595,1,0.0,137813,0.0693,0
06001402500,Alameda,2010,0.6456,0.3388,0,0.0819980398757559,34250,0.2248,1
06001402600,Alameda,1300,0.4502,0.0118,0,0.2284765630524902,45560,0.1108,0
06001402700,Alameda,2039,0.3706,0.0722,0,0.2137639331274361,115750,0.1062,0
06001403000,Alameda,2897,0.3637,0.0202,0,0.6971946519936115,32077,0.0817,0
06085504422,Santa Clara,3316,0.4066,0.0523,1,0.0,114417,0.0818,0
06001403100,Alameda,1941,0.3001,0.084,0,0.4,136071,0.1317,1
06085506304,Santa Clara,6164,0.4198,0.1099,1,0.0,120889,0.0569,0
06085506305,Santa Clara,5638,0.4666,0.0838,1,0.0,94777,0.0688,0
06085506401,Santa Clara,4710,0.3585,0.0658,1,0.0,142793,0.0709,0
06001404501,Alameda,1820,0.2674,0.0887,1,0.0,232112,0.1326,1
06001403800,Alameda,4008,0.3823,0.1591,1,0.0,154524,0.0939,0
06001403900,Alameda,3883,0.4112,0.1096,1,0.0,126075,0.1222,0
06041106001,Marin,5466,0.4312,0.1723,1,0.0,132379,0.1729,1
06001404000,Alameda,3145,0.4511,0.0673,1,0.0,98214,0.095,0
06001438300,Alameda,3899,0.4263,0.1205,1,0.0,120469,0.1455,1
06085506402,Santa Clara,5398,0.4117,0.0743,1,0.0,116783,0.0711,0
06085506503,Santa Clara,6182,0.4199,0.0122,1,0.0,100139,0.0475,0
06085507906,Santa Clara,4481,0.2284,0.0418,1,0.0,250001,0.058,0
06085506601,Santa Clara,3887,0.3724,0.0293,1,0.0,125208,0.0969,0
06085506603,Santa Clara,4252,0.2553,0.0956,1,0.0,250001,0.0459,0
06085506605,Santa Clara,4397,0.3666,0.0095,1,0.0,122917,0.061,0
06085508101,Santa Clara,6519,0.2203,0.0256,1,0.0,250001,0.0619,0
06001450701,Alameda,8738,0.3045,0.1939,1,0.0,250001,0.173,1
06001403600,Alameda,5056,0.4557,0.0824,1,0.0,99925,0.0896,0
06001435300,Alameda,4812,0.4913,0.1034,1,0.0,89205,0.1449,1
06001409800,Alameda,3511,0.4644,0.132,1,0.0,106023,0.1671,1
06001440306,Alameda,3787,0.4684,0.1487,1,0.0,108155,0.1265,0
06001450601,Alameda,3666,0.3079,0.1672,0,0.0006217875187476,230517,0.1465,1
06001435700,Alameda,4819,0.4689,0.1016,1,0.0,98125,0.1187,0
06001400600,Alameda,2058,0.3676,0.1365,1,0.0,155893,0.1004,0
06001442000,Alameda,2979,0.3516,0.1938,1,0.0,189821,0.1551,1
06001426100,Alameda,6300,0.248,0.081,1,0.0,250001,0.1316,1
06001400100,Alameda,3269,0.2682,0.0923,1,0.0,234236,0.1188,0
06001433700,Alameda,3125,0.5549,0.2113,0,0.0168979937228991,81992,0.1915,1
06001437500,Alameda,4172,0.4531,0.0092,1,0.0,84531,0.0723,0
06001441100,Alameda,4632,0.3198,0.0337,1,0.0,154432,0.1227,0
06001451503,Alameda,6104,0.3497,0.132,1,0.0,166898,0.0845,0
06001408100,Alameda,7313,0.3507,0.1332,1,0.0,166786,0.1656,1
06001450742,Alameda,5495,0.3807,0.2093,1,0.0,172760,0.1236,0
06001404502,Alameda,6110,0.2868,0.1211,1,0.0,227361,0.1441,1
06001440301,Alameda,7074,0.4102,0.0947,1,0.0,122093,0.1232,0
06001406800,Alameda,3971,0.4021,0.1102,1,0.0,131161,0.1262,0
06001430500,Alameda,6250,0.5,0.1697,1,0.0,99189,0.2094,1
06001422000,Alameda,2453,0.3773,0.0973,1,0.0,140331,0.1205,0
06001442200,Alameda,7293,0.2727,0.0976,1,0.0,231679,0.0827,0
06001436402,Alameda,2688,0.374,0.1368,1,0.0,152917,0.1418,1
06001431100,Alameda,3259,0.4842,0.1995,0,0.1636232058336361,98255,0.145,1
06075980501,San Francisco,129,0.4129,0.0999,0,0.663281516732966,12169,0.103,0
06085510400,Santa Clara,3767,0.2231,0.0312,1,0.0,250001,0.0575,0
06085510700,Santa Clara,4784,0.2598,0.0251,1,0.0,197257,0.0357,0
06001421200,Alameda,3557,0.2587,0.0852,1,0.0,247171,0.1188,0
06001422800,Alameda,8980,0.5018,0.0914,0,0.1916671913106908,26056,0.1043,0
06001405000,Alameda,3665,0.3571,0.1018,1,0.0,152857,0.1188,0
06001400900,Alameda,2844,0.4041,0.0484,1,0.0,114583,0.105,0
06001400700,Alameda,4758,0.4239,0.0755,0,0.0116001610978974,110556,0.1233,0
06001400800,Alameda,4335,0.4822,0.1265,1,0.0,97132,0.1043,0
06001451602,Alameda,6909,0.3851,0.1149,1,0.0,140909,0.1137,0
06001400200,Alameda,2147,0.2075,0.1005,0,0.351078805394845,225500,0.0967,0
06085509106,Santa Clara,4264,0.3388,0.026,1,0.0,142727,0.0625,0
06085509108,Santa Clara,4549,0.2891,0.0472,1,0.0,179028,0.0885,0
06001435200,Alameda,4647,0.4528,0.2224,1,0.0,134167,0.1698,1
06001410300,Alameda,3893,0.5207,0.0716,1,0.0,54698,0.0799,0
06001409900,Alameda,3983,0.2881,0.0374,1,0.0,176141,0.1078,0
06085510801,Santa Clara,5595,0.2527,0.0713,1,0.0,246048,0.0531,0
06085510802,Santa Clara,1997,0.2286,0.0422,1,0.0,250001,0.0525,0
06085510803,Santa Clara,3435,0.2165,0.0179,1,0.0,250001,0.039,0
06085510900,Santa Clara,5122,0.2865,0.0473,1,0.0,181712,0.065,0
06085511000,Santa Clara,7208,0.2481,0.0491,1,0.0,231856,0.0552,0
06001421300,Alameda,4011,0.4062,0.1162,1,0.0,130500,0.1194,0
06001450741,Alameda,5742,0.3358,0.0986,1,0.0,165000,0.0916,0
06001423200,Alameda,3003,0.5376,0.1632,1,0.0,80106,0.1327,1
06085511100,Santa Clara,5643,0.2281,0.0411,1,0.0,250001,0.0551,0
06085511400,Santa Clara,3705,0.2145,0.014,1,0.0,250001,0.0434,0
06085512024,Santa Clara,4977,0.3653,0.0618,1,0.0,137275,0.0878,0
06085512025,Santa Clara,2983,0.2419,0.0299,1,0.0,226364,0.0548,0
06085512026,Santa Clara,3680,0.437,0.1287,1,0.0,117162,0.1275,0
06001406000,Alameda,4735,0.5015,0.0522,0,0.0417027130111734,56763,0.128,0
06001423902,Alameda,1512,0.3205,0.1069,0,0.0566772797769148,171583,0.1045,0
06001443200,Alameda,3611,0.2456,0.0761,1,0.0,250001,0.0824,0
06001404200,Alameda,3894,0.2497,0.0676,1,0.0,247619,0.1289,1
06085509109,Santa Clara,6572,0.2575,0.0514,1,0.0,218105,0.0689,0
06085509201,Santa Clara,5611,0.3149,0.0287,1,0.0,155404,0.0689,0
06001400300,Alameda,5619,0.2804,0.1181,0,0.3317481346756739,164000,0.1186,0
06085512027,Santa Clara,4237,0.459,0.173,1,0.0,117194,0.1116,0
06001427900,Alameda,4686,0.5292,0.2735,1,0.0,108691,0.115,0
06001421500,Alameda,4064,0.2887,0.0893,1,0.0,201950,0.128,0
06001407500,Alameda,3988,0.5172,0.055,1,0.0,46019,0.0704,0
06001451401,Alameda,6166,0.4649,0.1648,1,0.0,113639,0.1624,1
06001443103,Alameda,4125,0.2645,0.0846,1,0.0,233906,0.1319,1
06001430600,Alameda,6244,0.3758,0.1085,1,0.0,144922,0.1236,0
06001451300,Alameda,6393,0.4172,0.1012,1,0.0,119928,0.1175,0
06001421600,Alameda,3854,0.321,0.1786,1,0.0,218390,0.1236,0
06001408300,Alameda,4791,0.4159,0.1324,1,0.0,129295,0.1371,1
06001450607,Alameda,5182,0.4528,0.0707,1,0.0,98214,0.1194,0
06085513500,Santa Clara,1362,0.457,0.1415,1,0.0,111964,0.1357,1
06001401800,Alameda,1709,0.4671,0.143,0,0.3609673981102556,72401,0.1382,1
06085509202,Santa Clara,4137,0.2942,0.0811,1,0.0,190579,0.0484,0
06085509302,Santa Clara,3535,0.2806,0.0448,1,0.0,185625,0.0417,0
06041101200,Marin,2770,0.3552,0.1009,1,0.0,153500,0.137,1
06041117000,Marin,4452,0.3285,0.1057,1,0.0,172891,0.0795,0
06041110100,Marin,5703,0.4511,0.1494,1,0.0,116122,0.1747,1
06041133000,Marin,2960,0.4316,0.1735,1,0.0,132500,0.1357,1
06041114100,Marin,5031,0.3998,0.1067,1,0.0,131566,0.132,1
06041124200,Marin,5703,0.2846,0.0863,1,0.0,205179,0.1653,1
06041114200,Marin,3352,0.4326,0.1326,1,0.0,120121,0.1237,0
06041108100,Marin,6701,0.3769,0.0833,1,0.0,136970,0.1487,1
06041128100,Marin,7360,0.2677,0.0842,1,0.0,228652,0.1212,0
06041121200,Marin,6256,0.2784,0.0844,1,0.0,211083,0.0939,0
06041126200,Marin,4180,0.3416,0.1091,1,0.0,164615,0.1069,0
06041110200,Marin,5261,0.2963,0.1215,1,0.0,212411,0.1299,1
06041113000,Marin,3612,0.4091,0.1403,1,0.0,135491,0.1425,1
06001400400,Alameda,4278,0.3005,0.1026,0,0.227841467136285,158836,0.0929,0
06001401000,Alameda,6277,0.2761,0.0578,0,0.2864374939480647,153654,0.088,0
06085509303,Santa Clara,3816,0.3039,0.0734,1,0.0,177692,0.0521,0
06085512402,Santa Clara,5246,0.4342,0.2103,1,0.0,140000,0.1342,1
06085505304,Santa Clara,3598,0.2476,0.0397,1,0.0,224435,0.0565,0
06085505305,Santa Clara,5626,0.2702,0.0334,1,0.0,190595,0.0591,0
06085505401,Santa Clara,6630,0.309,0.0437,1,0.0,164598,0.0603,0
06001401400,Alameda,5392,0.4712,0.1315,0,0.0927701184292158,95011,0.1258,0
06085512029,Santa Clara,7849,0.359,0.1149,1,0.0,155000,0.0795,0
06001423601,Alameda,2738,0.3555,0.1233,0,0.028254937620964,155857,0.1089,0
06001435102,Alameda,6137,0.4028,0.1422,1,0.0,138859,0.1471,1
06001431200,Alameda,5865,0.438,0.1497,0,0.1748173237154656,106250,0.1588,1
06001440332,Alameda,3203,0.3435,0.1681,1,0.0,184620,0.1436,1
06001404400,Alameda,5823,0.2651,0.0117,1,0.0,184737,0.126,0
06001404600,Alameda,4934,0.2971,0.1359,1,0.0,222617,0.1603,1
06001406700,Alameda,5380,0.3709,0.0936,1,0.0,143887,0.1277,0
06001436500,Alameda,5289,0.5298,0.1717,0,0.0162057372336828,85319,0.1739,1
06001430800,Alameda,5814,0.4655,0.1053,0,0.0269953474842521,98038,0.1609,1
06085512030,Santa Clara,2922,0.312,0.0993,1,0.0,182344,0.0853,0
06001401100,Alameda,5537,0.3893,0.1204,0,0.5041737712350839,93121,0.1583,1
06085512034,Santa Clara,2932,0.3838,0.2047,1,0.0,169219,0.0928,0
06085509304,Santa Clara,2936,0.3035,0.0242,1,0.0,160859,0.1154,0
06001401200,Alameda,2994,0.4089,0.1137,0,0.1326825958189304,115045,0.1158,0
06001401300,Alameda,4608,0.4578,0.1718,0,0.15370143409024,104226,0.1069,0
06085511702,Santa Clara,2829,0.2161,0.0171,1,0.0,250001,0.0376,0
06085511905,Santa Clara,2969,0.2765,0.1165,1,0.0,241440,0.0589,0
06085512505,Santa Clara,7947,0.4549,0.1966,1,0.0,125716,0.1308,1
06041112100,Marin,4352,0.4116,0.0576,1,0.0,113558,0.1183,0
06041103100,Marin,7228,0.3493,0.1097,1,0.0,158977,0.1514,1
06041104300,Marin,1742,0.3421,0.1031,1,0.0,161923,0.1094,0
06041107000,Marin,6334,0.2729,0.0805,1,0.0,216524,0.1003,0
06041118100,Marin,2537,0.2475,0.0799,1,0.0,250001,0.092,0
06041127000,Marin,4588,0.326,0.1793,1,0.0,210865,0.1238,0
06041116000,Marin,3143,0.3134,0.0951,1,0.0,178705,0.0902,0
06041124100,Marin,5430,0.282,0.0773,1,0.0,202153,0.1216,0
06041132200,Marin,1806,0.5583,0.1955,1,0.0,76088,0.1571,1
06041104102,Marin,5274,0.4508,0.0705,1,0.0,99174,0.1531,1
06041104200,Marin,5668,0.4666,0.1343,1,0.0,105741,0.1404,1
06001402900,Alameda,1828,0.4127,0.1068,0,0.6628583045054793,37973,0.1239,0
06041122000,Marin,1559,0.5477,0.0999,1,0.0,-666666666,0.1034,0
06041123000,Marin,2312,0.2612,0.1074,1,0.0,250001,0.1357,1
06041125000,Marin,4534,0.4174,0.0969,1,0.0,119069,0.1397,1
06041115000,Marin,7965,0.3662,0.1665,1,0.0,167306,0.1237,0
06001441924,Alameda,7199,0.32,0.1828,0,0.1940227552647108,177589,0.1509,1
06041103200,Marin,7457,0.4656,0.092,1,0.0,96731,0.1473,1
06041101100,Marin,2496,0.3377,0.1054,1,0.0,165938,0.1673,1
06041119100,Marin,5149,0.2858,0.0782,1,0.0,197847,0.0908,0
06001440100,Alameda,2661,0.4653,0.1256,1,0.0,104271,0.1457,1
06001451601,Alameda,5367,0.2856,0.0731,1,0.0,194662,0.0842,0
06041121100,Marin,5749,0.3089,0.0837,1,0.0,177754,0.1098,0
06041126100,Marin,6105,0.2545,0.06,1,0.0,230057,0.1015,0
06041128200,Marin,5297,0.2544,0.0703,1,0.0,239625,0.1115,0
06085509401,Santa Clara,4318,0.3374,0.0426,1,0.0,147823,0.0387,0
06085509403,Santa Clara,4895,0.3564,0.0486,1,0.0,138750,0.0485,0
06085509404,Santa Clara,6382,0.2993,0.026,1,0.0,165250,0.0479,0
06085509500,Santa Clara,5409,0.3493,0.061,1,0.0,146587,0.0526,0
06085512005,Santa Clara,6633,0.3002,0.0629,1,0.0,176855,0.1253,0
06085509600,Santa Clara,3630,0.2876,0.0675,1,0.0,190556,0.0648,0
06085509700,Santa Clara,3040,0.2667,0.0305,1,0.0,192125,0.077,0
06085509802,Santa Clara,3158,0.2475,0.0111,1,0.0,204632,0.0374,0
06085509901,Santa Clara,2472,0.2346,0.0541,1,0.0,250001,0.0456,0
06041129000,Marin,2922,0.5412,0.1403,1,0.0,70147,0.1914,1
06041132100,Marin,1742,0.5191,0.1994,1,0.0,96875,0.142,1
06041102100,Marin,2105,0.4388,0.1505,1,0.0,121845,0.1557,1
06041106002,Marin,5991,0.395,0.0551,1,0.0,119600,0.1136,0
06085508602,Santa Clara,5575,0.2864,0.0421,1,0.0,179087,0.0576,0
06085509902,Santa Clara,5157,0.2518,0.0691,1,0.0,245521,0.0386,0
06075026201,San Francisco,3651,0.3148,0.1252,0,0.5372445950755206,124250,0.1192,0
06075026202,San Francisco,3863,0.3021,0.2055,0,0.6668108808774571,138545,0.1555,1
06075012405,San Francisco,3921,0.2994,0.0636,0,0.7,102358,0.0757,0
06075020101,San Francisco,3924,0.2242,0.0481,0,0.6999999999999998,135223,0.0678,0
06075017603,San Francisco,4815,0.319,0.0454,0,0.7,90590,0.086,0
06075017803,San Francisco,2523,0.3231,0.0392,0,0.7,87132,0.0744,0
06075012503,San Francisco,4368,0.4069,0.1104,0,0.7,39133,0.0875,0
06075017804,San Francisco,3482,0.2385,0.04,0,0.7,124674,0.0623,0
06085508403,Santa Clara,3320,0.235,0.0396,1,0.0,249500,0.0685,0
06075017602,San Francisco,3199,0.3482,0.0631,0,0.7755999999999998,69671,0.0617,0
06075061503,San Francisco,3205,0.14,0.1011,0,0.7,221781,0.0607,0
06075060703,San Francisco,6256,0.1084,0.0542,0,0.7,235371,0.0764,0
06075061402,San Francisco,2331,0.1774,0.0898,0,0.6999999999999998,174675,0.091,0
06075061502,San Francisco,1901,0.4401,0.2938,0,0.6786636139500454,93403,0.1592,1
06075017903,San Francisco,3136,0.4421,0.1852,0,0.3608899825431001,96000,0.1797,1
06075045201,San Francisco,3104,0.2371,0.0951,0,0.6999999999999998,139659,0.1116,0
06075035102,San Francisco,4458,0.2421,0.1854,0,0.6999999999999998,162721,0.1248,0
06075980600,San Francisco,1172,0.3096,0.0475,0,0.2586276906199047,136250,0.1106,0
06081606800,San Mateo,3809,0.2815,0.0659,1,0.0,195313,0.1183,0
06081606000,San Mateo,5476,0.4391,0.0705,1,0.0,103813,0.0987,0
06081609100,San Mateo,1478,0.2701,0.0714,1,0.0,214038,0.1081,0
06081610304,San Mateo,4497,0.2737,0.036,1,0.0,188802,0.0975,0
06081606100,San Mateo,5091,0.3481,0.0304,1,0.0,138108,0.131,1
06081606300,San Mateo,3817,0.407,0.0768,1,0.0,119102,0.1043,0
06081606400,San Mateo,4739,0.3987,0.1628,1,0.0,147546,0.0957,0
06081603900,San Mateo,5633,0.3778,0.0438,1,0.0,126188,0.1482,1
06081613200,San Mateo,6851,0.2313,0.0315,1,0.0,248269,0.0756,0
06095253203,Solano,3922,0.5204,0.1607,1,0.0,89135,0.1225,0
06095253402,Solano,8310,0.4609,0.0512,1,0.0,90857,0.1165,0
06095252903,Solano,4508,0.4295,0.116,1,0.0,117991,0.1371,1
06081610202,San Mateo,4681,0.2835,0.0174,1,0.0,173125,0.0558,0
06081603400,San Mateo,5819,0.3775,0.1143,1,0.0,145809,0.1374,1
06081611800,San Mateo,4558,0.3946,0.0395,1,0.0,116548,0.1253,0
06081608100,San Mateo,3564,0.2819,0.0882,1,0.0,209313,0.0662,0
06081613300,San Mateo,2734,0.213,0.011,1,0.0,250001,0.0554,0
06081607300,San Mateo,3853,0.2723,0.104,1,0.0,237321,0.1125,0
06081613600,San Mateo,5814,0.3029,0.0354,1,0.0,165913,0.123,0
06081600100,San Mateo,5175,0.3503,0.0854,0,0.0310537672465501,148724,0.1246,0
06081603100,San Mateo,3368,0.2782,0.0609,1,0.0,196447,0.1354,1
06081605600,San Mateo,6032,0.2466,0.0782,1,0.0,250001,0.0907,0
06081604600,San Mateo,2565,0.3462,0.1018,1,0.0,158516,0.135,1
06081606500,San Mateo,3479,0.2386,0.0241,1,0.0,226875,0.1183,0
06081606600,San Mateo,3838,0.2979,0.12,1,0.0,209224,0.1182,0
06081606700,San Mateo,2497,0.3156,0.0775,1,0.0,172420,0.1315,1
06081606900,San Mateo,2797,0.2291,0.0432,1,0.0,250001,0.0878,0
06081600600,San Mateo,4845,0.4279,0.0974,0,0.1271219383447308,103567,0.1075,0
06081601100,San Mateo,6277,0.3772,0.1249,1,0.0,148381,0.1117,0
06081601200,San Mateo,6754,0.3809,0.0916,0,0.0355631511956432,133873,0.1262,0
06081613502,San Mateo,6164,0.2849,0.1028,1,0.0,215336,0.107,0
06081612900,San Mateo,4441,0.2335,0.0519,1,0.0,250001,0.0641,0
06081605700,San Mateo,5226,0.255,0.0949,1,0.0,250001,0.1002,0
06055201402,Napa,2415,0.3074,0.0516,1,0.0,169028,0.1241,0
06055201403,Napa,739,0.2645,0.0366,1,0.0,198603,0.112,0
06055201101,Napa,1894,0.423,0.0939,1,0.0,116226,0.1352,1
06055201005,Napa,2688,0.4701,0.1153,1,0.0,100600,0.1328,1
06055201401,Napa,2548,0.3904,0.1391,1,0.0,145682,0.1447,1
06097151800,Sonoma,4786,0.4018,0.0749,1,0.0,121456,0.0731,0
06075015701,San Francisco,4926,0.2169,0.0853,0,0.7,148542,0.1114,0
06075015402,San Francisco,2848,0.1202,0.0723,0,0.7,231313,0.0959,0
06075015702,San Francisco,3273,0.1247,0.055,0,0.6999999999999997,209803,0.0915,0
06075016602,San Francisco,2098,0.1794,0.1593,0,0.6999999999999998,207640,0.1013,0
06075016601,San Francisco,3202,0.1933,0.0773,0,0.7,158854,0.0924,0
06075012504,San Francisco,612,0.5082,0.3073,0,0.7,25667,0.1479,1
06075020102,San Francisco,3310,0.2469,0.0505,0,0.7756,116076,0.0744,0
06081607100,San Mateo,2998,0.2726,0.1301,1,0.0,250001,0.1262,0
06081607200,San Mateo,4424,0.4233,0.1074,1,0.0,118848,0.1144,0
06081607400,San Mateo,4799,0.3483,0.0701,1,0.0,149028,0.0747,0
06081607500,San Mateo,6214,0.2751,0.0631,1,0.0,202120,0.1096,0
06013304002,Contra Costa,1997,0.653,0.3907,1,0.0,78304,0.2169,1
06075020802,San Francisco,2523,0.2723,0.0863,0,0.7,119030,0.0572,0
06075020801,San Francisco,3743,0.3171,0.0963,0,0.7,101696,0.1221,0
06075061401,San Francisco,2989,0.2531,0.1245,0,0.7,139038,0.0861,0
06075020702,San Francisco,2248,0.193,0.0188,0,0.7,144048,0.0615,0
06075060702,San Francisco,1945,0.2293,0.0847,0,0.6999999999999998,141333,0.0853,0
06081607701,San Mateo,4298,0.3399,0.0543,1,0.0,149333,0.1157,0
06081607702,San Mateo,3299,0.3406,0.0693,1,0.0,152875,0.0815,0
06081607800,San Mateo,3432,0.2925,0.0479,1,0.0,177014,0.0589,0
06081607900,San Mateo,3182,0.3811,0.0768,1,0.0,133802,0.1362,1
06081608002,San Mateo,3551,0.2645,0.0549,1,0.0,210179,0.0504,0
06075012001,San Francisco,1912,0.3313,0.0573,0,0.7,87796,0.0857,0
06075010101,San Francisco,2121,0.3162,0.0127,0,0.7,83816,0.0726,0
06075010102,San Francisco,1908,0.4065,0.0975,0,0.7,-666666666,0.1016,0
06075060701,San Francisco,7879,0.1853,0.1641,0,0.6287306142527778,222692,0.1036,0
06075033001,San Francisco,4075,0.238,0.126,0,0.7,148239,0.1336,1
06075033002,San Francisco,4288,0.1987,0.0975,0,0.6233219966961285,173281,0.1087,0
06075031401,San Francisco,2533,0.3201,0.0828,0,0.6999999999999998,97143,0.1137,0
06075025501,San Francisco,4397,0.2651,0.1902,0,0.7,150438,0.1424,1
06075010202,San Francisco,1859,0.1154,0.0341,0,0.7,208750,0.0941,0
06075061504,San Francisco,1567,0.1759,0.0792,0,0.3999999999999998,247063,0.0807,0
06075061507,San Francisco,1772,0.2681,0.1047,0,0.7755999999999997,118370,0.0822,0
06075025502,San Francisco,3846,0.1779,0.0543,0,0.6999999999999997,161400,0.0958,0
06075016101,San Francisco,2355,0.4148,0.1218,0,0.7,28522,0.153,1
06075990200,San Francisco,0,0.5451,0.0999,0,0.0134269211757726,-666666666,0.0822,0
06075016102,San Francisco,2618,0.4389,0.1623,0,0.7,-666666666,0.1466,1
06075012801,San Francisco,2591,0.114,0.093,0,0.7,250001,0.0771,0
06075010402,San Francisco,2077,0.1607,0.114,0,0.7,202050,0.0815,0
06075061101,San Francisco,1861,0.4416,0.1724,0,0.7,19531,0.1108,0
06075047904,San Francisco,3145,0.478,0.1326,0,0.1815247013578921,84880,0.1479,1
06075061102,San Francisco,2393,0.4294,0.1504,0,0.7,27450,0.1105,0
06075061501,San Francisco,1656,0.0725,0.016,0,0.7756,239147,0.0799,0
06075012403,San Francisco,2431,0.3882,0.0719,0,0.7,34732,0.1051,0
06075047903,San Francisco,3981,0.2071,0.0615,0,0.7,147768,0.0844,0
06075035101,San Francisco,4018,0.2995,0.0459,0,0.6999999999999998,98580,0.0926,0
06075061506,San Francisco,4541,0.1179,0.0871,0,0.6657356851189655,250001,0.0846,0
06075061505,San Francisco,1061,0.249,0.243,0,0.4,250001,0.1242,0
06075045202,San Francisco,3358,0.2142,0.1022,0,0.6999999999999998,154375,0.1066,0
06075012406,San Francisco,1533,0.3612,0.0166,0,0.7,32589,0.0788,0
06075012404,San Francisco,2586,0.3613,0.0144,0,0.7,27852,0.1023,0
06075017604,San Francisco,3146,0.2699,0.0213,0,0.7755999999999998,100036,0.0601,0
06075015401,San Francisco,3338,0.2378,0.0715,0,0.6999999999999998,133925,0.1073,0
06075010901,San Francisco,2007,0.1641,0.0849,0,0.6999999999999998,183194,0.0861,0
06075012204,San Francisco,2720,0.3484,0.0187,0,0.7,62704,0.0585,0
06075015202,San Francisco,2212,0.1857,0.0126,0,0.7,146250,0.0693,0
06075010902,San Francisco,2502,0.2201,0.0503,0,0.6999999999999998,137141,0.0546,0
06075015201,San Francisco,1612,0.3386,0.0934,0,0.7,92254,0.0934,0
06075020701,San Francisco,3139,0.1773,0.0811,0,0.4,246500,0.0907,0
06075011001,San Francisco,2618,0.2556,0.0289,0,0.7,114137,0.075,0
06075011102,San Francisco,2218,0.3379,0.0906,0,0.7,92000,0.1025,0
06075012002,San Francisco,2102,0.4045,0.1154,0,0.7,53125,0.0864,0
06075010401,San Francisco,2437,0.1499,0.0323,0,0.6999999999999997,173750,0.0616,0
06075010701,San Francisco,3424,0.4417,0.1732,0,0.7,24085,0.1678,1
06075010702,San Francisco,1458,0.3798,0.1212,0,0.7,77524,0.098,0
06075011002,San Francisco,1907,0.3781,0.0407,0,0.7,-666666666,0.0567,0
06075012203,San Francisco,1763,0.4582,0.211,0,0.7,33750,0.1217,0
06075031402,San Francisco,4545,0.228,0.0767,0,0.6999999999999998,139643,0.0976,0
06075013401,San Francisco,1370,0.1561,0.0985,0,0.7,197581,0.0993,0
06075013402,San Francisco,2107,0.1224,0.0554,0,0.7,213607,0.0904,0
06075012802,San Francisco,2027,0.0881,0.0412,0,0.7,250001,0.0825,0
06075013002,San Francisco,2609,0.1742,0.1545,0,0.7,210637,0.0845,0
06075020202,San Francisco,4113,0.1712,0.0473,0,0.7,164327,0.0749,0
06075020601,San Francisco,3044,0.2017,0.0595,0,0.7,149781,0.1198,0
06075020201,San Francisco,1920,0.311,0.1142,0,0.6133433186320822,116103,0.1071,0
06075061508,San Francisco,2222,0.1617,0.048,0,0.6999999999999997,171915,0.1041,0
06075013001,San Francisco,1592,0.15,0.0758,0,0.7,191541,0.0825,0
06075010201,San Francisco,2473,0.2284,0.1019,0,0.7,147427,0.077,0
06075011101,San Francisco,2502,0.3194,0.1711,0,0.6999999999999998,116897,0.1049,0
06081608023,San Mateo,2366,0.2704,0.0974,1,0.0,234659,0.0979,0
06081608200,San Mateo,3798,0.3342,0.0997,1,0.0,166250,0.0831,0
06081608300,San Mateo,3196,0.284,0.0562,1,0.0,188594,0.0681,0
06081608400,San Mateo,5243,0.3508,0.0804,1,0.0,150350,0.0746,0
06081608501,San Mateo,5120,0.3195,0.0738,1,0.0,168050,0.1045,0
06081608502,San Mateo,2628,0.3776,0.1421,1,0.0,152667,0.1047,0
06081608600,San Mateo,4598,0.3746,0.0872,1,0.0,138967,0.1063,0
06081608700,San Mateo,7315,0.2682,0.0629,1,0.0,210804,0.0781,0
06081609000,San Mateo,2637,0.34,0.111,1,0.0,166181,0.1015,0
06081609300,San Mateo,3449,0.2476,0.0594,1,0.0,243750,0.039,0
06081609900,San Mateo,2949,0.2324,0.0126,1,0.0,227614,0.0531,0
06081610000,San Mateo,4780,0.3246,0.039,1,0.0,153303,0.0747,0
06081610100,San Mateo,2551,0.4029,0.0805,1,0.0,122250,0.0765,0
06081610201,San Mateo,5256,0.4741,0.0226,1,0.0,75184,0.0999,0
06081610203,San Mateo,3134,0.478,0.0329,1,0.0,75597,0.0951,0
06081610303,San Mateo,7091,0.278,0.0699,1,0.0,202632,0.0793,0
06081610400,San Mateo,5981,0.4502,0.0518,1,0.0,94861,0.0749,0
06081610500,San Mateo,4729,0.4421,0.0393,1,0.0,95708,0.1057,0
06081610601,San Mateo,5993,0.4437,0.0446,1,0.0,96042,0.0736,0
06081610602,San Mateo,2996,0.3204,0.061,1,0.0,162188,0.1048,0
06095250400,Solano,3511,0.5278,0.1538,1,0.0,82711,0.1374,1
06095250501,Solano,2473,0.4593,0.138,1,0.0,110250,0.1492,1
06095250502,Solano,3250,0.4475,0.089,1,0.0,104145,0.1325,1
06095250601,Solano,5270,0.5463,0.1959,1,0.0,84668,0.1605,1
06001401700,Alameda,3276,0.3806,0.1214,0,0.0017641921905806,145833,0.1383,1
06085506804,Santa Clara,4602,0.2598,0.0549,1,0.0,216938,0.0443,0
06075990100,San Francisco,0,0.5468,0.0999,0,0.0047327177614176,-666666666,0.1049,0
06097990100,Sonoma,0,0.5477,0.0999,1,0.0,-666666666,0.0736,0
06001433600,Alameda,5844,0.5537,0.2143,1,0.0,85886,0.1214,0
06081613900,San Mateo,6358,0.2628,0.0698,1,0.0,224223,0.0574,0
06075020402,San Francisco,4169,0.2125,0.0896,0,0.6999999999999997,152138,0.0852,0
06075980900,San Francisco,315,0.4074,0.0909,0,0.6790233048118168,-666666666,0.1015,0
06013336202,Contra Costa,6012,0.5118,0.0866,1,0.0,71314,0.0969,0
06013355115,Contra Costa,10013,0.3736,0.1522,1,0.0,156916,0.1047,0
06013351103,Contra Costa,1929,0.491,0.1304,1,0.0,94444,0.1194,0
06013351101,Contra Costa,2737,0.4843,0.0472,1,0.0,76068,0.1536,1
06013365003,Contra Costa,5416,0.5915,0.265,1,0.0,77653,0.2172,1
06013339001,Contra Costa,3659,0.5255,0.1817,1,0.0,91188,0.1746,1
06013345111,Contra Costa,5850,0.3764,0.1421,1,0.0,153185,0.1255,0
06013345114,Contra Costa,6571,0.294,0.0789,1,0.0,189967,0.1003,0
06013345116,Contra Costa,2961,0.3082,0.1378,1,0.0,208393,0.1191,0
06041120002,Marin,4780,0.3022,0.1188,1,0.0,203393,0.1029,0
06041112204,Marin,4266,0.5318,0.1263,1,0.0,71210,0.0736,0
06041104103,Marin,2884,0.3738,0.0685,1,0.0,135341,0.1608,1
06041108202,Marin,4777,0.4662,0.1505,1,0.0,109958,0.1443,1
06041130204,Marin,2448,0.4146,0.1204,1,0.0,126694,0.1673,1
06041130203,Marin,2100,0.3877,0.1208,1,0.0,141172,0.1111,0
06041105001,Marin,4324,0.4763,0.081,1,0.0,90804,0.1877,1
06041105002,Marin,3030,0.4177,0.1195,1,0.0,125169,0.1682,1
06041111002,Marin,4018,0.4654,0.0443,1,0.0,87349,0.124,0
06041108201,Marin,2365,0.5035,0.1247,1,0.0,88750,0.1341,1
06041111001,Marin,850,0.5196,0.1757,1,0.0,92339,0.1744,1
06041112203,Marin,2498,0.5034,0.1531,1,0.0,94038,0.1244,0
06041120001,Marin,1615,0.4102,0.1153,1,0.0,127396,0.1391,1
06041104104,Marin,5173,0.3749,0.1104,1,0.0,145995,0.107,0
06013359105,Contra Costa,4927,0.4087,0.2153,1,0.0,155170,0.1566,1
06001438204,Alameda,6371,0.4475,0.1242,0,0.161520203169399,98194,0.1375,1
06001440336,Alameda,4248,0.3707,0.1672,0,0.0647883787931535,155625,0.1125,0
06001441926,Alameda,4210,0.4471,0.1259,1,0.0,112941,0.0881,0
06001442301,Alameda,5397,0.3774,0.1266,1,0.0,148590,0.0926,0
06001442601,Alameda,3924,0.3617,0.1347,1,0.0,159000,0.104,0
06001443104,Alameda,5567,0.2797,0.0774,1,0.0,205515,0.0816,0
06001444601,Alameda,6081,0.2864,0.103,1,0.0,213021,0.082,0
06001450746,Alameda,3229,0.3238,0.0915,1,0.0,171736,0.0989,0
06001451505,Alameda,3159,0.293,0.1268,1,0.0,221417,0.0643,0
06001983200,Alameda,896,0.2983,0.1017,0,0.1106965246674438,176103,0.1288,0
06001451506,Alameda,3548,0.4175,0.1129,1,0.0,123571,0.0962,0
06001451704,Alameda,4320,0.3426,0.062,1,0.0,149875,0.1093,0
06001405902,Alameda,3138,0.5546,0.1633,1,0.0,69097,0.1236,0
06001410500,Alameda,3081,0.5026,0.1051,0,0.1972169094971612,46031,0.1367,1
06001425104,Alameda,4014,0.4177,0.0978,1,0.0,119083,0.0984,0
06001433104,Alameda,4398,0.5346,0.1475,1,0.0,75841,0.152,1
06001440333,Alameda,2732,0.4408,0.1148,1,0.0,113313,0.1696,1
06001441524,Alameda,4111,0.267,0.1025,1,0.0,247656,0.13,1
06001442602,Alameda,4663,0.3713,0.0704,1,0.0,136513,0.0581,0
06001443322,Alameda,3311,0.262,0.0391,1,0.0,203906,0.0671,0
06001450745,Alameda,6295,0.3604,0.2308,1,0.0,200729,0.1588,1
06001981900,Alameda,25,0.4901,0.0,0,0.0386646300958282,-666666666,0.0509,0
06001428700,Alameda,5078,0.4177,0.0894,1,0.0,117153,0.1036,0
06001403701,Alameda,2909,0.4987,0.1187,0,0.0500075974993942,84063,0.0997,0
06001404102,Alameda,2701,0.4533,0.0726,1,0.0,98472,0.1042,0
06097150203,Sonoma,4759,0.4954,0.1445,1,0.0,95313,0.1195,0
06097150204,Sonoma,3742,0.4964,0.201,1,0.0,107125,0.124,0
06097150306,Sonoma,3902,0.4339,0.1041,1,0.0,113802,0.0979,0
06001425102,Alameda,3969,0.4177,0.1168,1,0.0,124375,0.1051,0
06001425103,Alameda,3103,0.4164,0.0959,1,0.0,119301,0.1144,0
06001435103,Alameda,7774,0.3179,0.1907,1,0.0,232569,0.1402,1
06001437702,Alameda,3880,0.5489,0.1936,1,0.0,82034,0.1341,1
06097152906,Sonoma,6235,0.3906,0.045,1,0.0,119407,0.0827,0
06097153806,Sonoma,2608,0.4232,0.0261,1,0.0,101298,0.0354,0
06001440334,Alameda,4041,0.3662,0.0944,1,0.0,146523,0.1072,0
06001441523,Alameda,4264,0.3179,0.1034,1,0.0,178417,0.0951,0
06097150612,Sonoma,4987,0.3755,0.1204,1,0.0,148077,0.1594,1
06097150611,Sonoma,4522,0.3933,0.048,1,0.0,118866,0.1037,0
06097150609,Sonoma,5040,0.5123,0.1364,1,0.0,86932,0.1411,1
06097153807,Sonoma,3919,0.3465,0.0251,1,0.0,137321,0.0486,0
06097153808,Sonoma,3572,0.467,0.064,1,0.0,90945,0.0722,0
06097154201,Sonoma,3656,0.4833,0.0425,1,0.0,75469,0.0506,0
06097152905,Sonoma,4138,0.3859,0.0363,1,0.0,119526,0.0573,0
06097153103,Sonoma,4834,0.4963,0.0543,1,0.0,70724,0.0649,0
06097153804,Sonoma,3662,0.3787,0.1081,1,0.0,143527,0.0763,0
06085503326,Santa Clara,7172,0.3063,0.1023,1,0.0,189612,0.0764,0
06085512603,Santa Clara,4357,0.5181,0.1612,1,0.0,90101,0.1419,1
06085512042,Santa Clara,2991,0.4347,0.1014,1,0.0,112969,0.0597,0
06085511301,Santa Clara,3925,0.2447,0.0226,1,0.0,215625,0.0277,0
06085512312,Santa Clara,3493,0.3684,0.2199,1,0.0,185375,0.1386,1
06085503327,Santa Clara,4522,0.3471,0.05,1,0.0,144688,0.0505,0
06085512039,Santa Clara,6127,0.3868,0.0918,1,0.0,134594,0.0677,0
06055201200,Napa,4587,0.5161,0.1006,1,0.0,74154,0.1118,0
06001406900,Alameda,3865,0.3794,0.0927,1,0.0,137943,0.0809,0
06001422100,Alameda,3200,0.41,0.1023,1,0.0,124583,0.0999,0
06001422200,Alameda,3280,0.3603,0.1141,0,0.4798710777705284,105750,0.1251,0
06001422300,Alameda,3567,0.3931,0.0837,0,0.3792291503076589,93750,0.0933,0
06001422400,Alameda,4187,0.4355,0.0524,0,0.3110821670015038,69717,0.1022,0
06075011901,San Francisco,2387,0.2813,0.1068,0,0.7,119464,0.0816,0
06075012901,San Francisco,2816,0.1504,0.1198,0,0.7,220096,0.0816,0
06075015802,San Francisco,3340,0.2082,0.1061,0,0.6999999999999998,158523,0.0991,0
06085508900,Santa Clara,4782,0.3657,0.0331,1,0.0,129762,0.0808,0
06085512019,Santa Clara,4404,0.426,0.1412,1,0.0,126326,0.0936,0
06085512021,Santa Clara,6133,0.3476,0.0508,1,0.0,144632,0.0554,0
06085512022,Santa Clara,6217,0.4679,0.0598,1,0.0,89831,0.0673,0
06085509102,Santa Clara,4865,0.2625,0.023,1,0.0,192237,0.0882,0
06097154202,Sonoma,6544,0.4155,0.0537,1,0.0,110529,0.0744,0
06097150305,Sonoma,6072,0.4628,0.0525,1,0.0,90532,0.1192,0
06097151601,Sonoma,2697,0.4812,0.049,1,0.0,79464,0.0697,0
06075031301,San Francisco,3868,0.2515,0.0809,0,0.7,128571,0.1005,0
06075031302,San Francisco,4536,0.2689,0.0708,0,0.7,117014,0.1024,0
06075032601,San Francisco,4915,0.2219,0.0837,0,0.7,145903,0.0829,0
06085510002,Santa Clara,4075,0.2116,0.0082,1,0.0,250001,0.0427,0
06085510100,Santa Clara,2970,0.2232,0.0314,1,0.0,250001,0.0474,0
06075032902,San Francisco,3907,0.3229,0.1358,0,0.7,107582,0.1129,0
06075047802,San Francisco,3664,0.2516,0.0693,0,0.7,125682,0.1113,0
06075012301,San Francisco,1901,0.3977,0.0858,0,0.7,25625,0.11,0
06085503312,Santa Clara,3540,0.3081,0.0756,1,0.0,175927,0.0891,0
06085505100,Santa Clara,4389,0.4351,0.0594,1,0.0,103378,0.0921,0
06085507205,Santa Clara,4652,0.2588,0.0461,1,0.0,211711,0.0575,0
06085508800,Santa Clara,3575,0.3627,0.039,1,0.0,133684,0.0734,0
06085512023,Santa Clara,5737,0.4503,0.0682,1,0.0,98722,0.0642,0
06081600800,San Mateo,8390,0.4787,0.1036,0,0.0902697820972147,86671,0.1249,0
06081600900,San Mateo,4035,0.3288,0.079,0,0.2104487612440352,138929,0.1047,0
06095250300,Solano,3526,0.6075,0.2736,1,0.0,70278,0.1312,1
06081601000,San Mateo,7202,0.357,0.0414,1,0.0,136445,0.1491,1
06001406601,Alameda,4531,0.5159,0.1037,1,0.0,75000,0.1445,1
06001405402,Alameda,3673,0.5158,0.0713,1,0.0,61204,0.0921,0
06081601700,San Mateo,4561,0.3031,0.0777,0,0.0511455142299705,173333,0.1066,0
06081601800,San Mateo,6141,0.4044,0.1323,0,0.1088573396504575,124196,0.1342,1
06001437102,Alameda,4457,0.4877,0.073,1,0.0,82443,0.0553,0
06001435601,Alameda,5449,0.4833,0.0608,1,0.0,81788,0.0939,0
06001437701,Alameda,3597,0.5216,0.1161,0,0.0429011140809968,69592,0.1397,1
06081611400,San Mateo,4251,0.2273,0.0396,1,0.0,250001,0.0891,0
06081609603,San Mateo,4757,0.2363,0.0576,1,0.0,250001,0.1139,0
06081602300,San Mateo,4419,0.3286,0.0639,0,0.0203260837774103,155345,0.1292,1
06081609602,San Mateo,1786,0.2558,0.0966,1,0.0,250001,0.0711,0
06081613000,San Mateo,3460,0.2625,0.0941,1,0.0,249479,0.1097,0
06081603000,San Mateo,4575,0.3632,0.0738,1,0.0,142134,0.129,1
06081604500,San Mateo,3756,0.3595,0.0942,1,0.0,149427,0.1179,0
06081607600,San Mateo,3978,0.4029,0.0692,1,0.0,119357,0.1135,0
06081611100,San Mateo,6426,0.2554,0.0502,1,0.0,220644,0.0627,0
06081607000,San Mateo,3436,0.3156,0.0471,1,0.0,160341,0.1022,0
06081604900,San Mateo,3040,0.4231,0.0424,0,0.0359095615776693,101667,0.1488,1
06081610302,San Mateo,4398,0.3645,0.048,1,0.0,134924,0.1506,1
06081613400,San Mateo,3067,0.2519,0.0887,1,0.0,250001,0.066,0
06081602900,San Mateo,3703,0.3238,0.041,1,0.0,154348,0.1217,0
06081602800,San Mateo,4734,0.3407,0.0644,1,0.0,151676,0.1232,0
06081603200,San Mateo,3733,0.3572,0.0791,1,0.0,147059,0.1203,0
06081613501,San Mateo,4247,0.3306,0.0354,1,0.0,149327,0.0857,0
06081609700,San Mateo,4783,0.2216,0.0281,1,0.0,250001,0.0524,0
06081609500,San Mateo,5029,0.2508,0.0865,1,0.0,250001,0.0469,0
06081604700,San Mateo,2801,0.2694,0.0612,1,0.0,208625,0.1034,0
06081600300,San Mateo,4088,0.3585,0.2487,0,0.1864263192329213,175139,0.1346,1
06081609601,San Mateo,3675,0.2586,0.0667,1,0.0,229167,0.0726,0
06081603300,San Mateo,6427,0.3559,0.0779,1,0.0,147589,0.1403,1
06081608001,San Mateo,3531,0.3164,0.1031,1,0.0,180000,0.0501,0
06081605000,San Mateo,8194,0.2714,0.0609,0,0.0194795014017764,200893,0.1108,0
06081608900,San Mateo,7303,0.345,0.0632,1,0.0,148988,0.1206,0
06081602700,San Mateo,5702,0.3383,0.0619,1,0.0,152454,0.1333,1
06081604200,San Mateo,4055,0.3371,0.0635,0,0.124130797227312,139350,0.1292,1
06081601400,San Mateo,6884,0.4037,0.0865,0,0.0636112258829046,117143,0.0962,0
06013302006,Contra Costa,4183,0.4972,0.3185,1,0.0,136106,0.1542,1
06013302005,Contra Costa,7539,0.6105,0.3743,1,0.0,95269,0.1624,1
06013313204,Contra Costa,5864,0.5269,0.1933,0,6.1269313566188e-06,93006,0.1689,1
06001450743,Alameda,7435,0.3847,0.2135,0,0.1148288429116626,155274,0.1631,1
06001451404,Alameda,6631,0.4584,0.1153,1,0.0,105387,0.0974,0
06001403501,Alameda,4904,0.4469,0.1131,0,0.0626063065673641,104167,0.1135,0
06013313206,Contra Costa,6290,0.5688,0.2746,0,0.1147004519906723,81090,0.2035,1
06013338101,Contra Costa,5543,0.5078,0.0843,1,0.0,74156,0.1258,0
06013338102,Contra Costa,3231,0.3662,0.1686,1,0.0,168922,0.1485,1
06001406500,Alameda,6494,0.5364,0.1252,1,0.0,67717,0.0993,0
06095250105,Solano,7595,0.5338,0.2853,1,0.0,109918,0.1924,1
06095250605,Solano,3969,0.4427,0.1975,1,0.0,133125,0.1589,1
06095250604,Solano,4057,0.4701,0.1373,1,0.0,104805,0.1388,1
06095250103,Solano,4232,0.4812,0.1649,1,0.0,105903,0.138,1
06095252311,Solano,4305,0.3881,0.1618,1,0.0,152560,0.1416,1
06095252310,Solano,3099,0.3513,0.1242,1,0.0,162750,0.1329,1
06095252313,Solano,4835,0.5095,0.1721,1,0.0,95103,0.145,1
06095252312,Solano,3769,0.4848,0.1192,1,0.0,94712,0.1468,1
06095252611,Solano,3846,0.5055,0.1448,1,0.0,91771,0.1298,1
06095252911,Solano,5330,0.4949,0.0697,1,0.0,76812,0.1047,0
06081601501,San Mateo,5503,0.3293,0.097,1,0.0,169583,0.0838,0
06081601502,San Mateo,5451,0.4996,0.1349,1,0.0,92208,0.1106,0
06081601603,San Mateo,6251,0.4555,0.0875,1,0.0,100772,0.1041,0
06081609800,San Mateo,4581,0.2585,0.0378,1,0.0,208239,0.0584,0
06095253403,Solano,5032,0.4417,0.0886,1,0.0,106397,0.1106,0
06095252802,Solano,990,0.4488,0.0066,1,0.0,86500,0.1298,1
06095252912,Solano,5495,0.3448,0.0803,1,0.0,153542,0.1043,0
06095252913,Solano,4622,0.442,0.0908,1,0.0,106694,0.1325,1
06095253404,Solano,6656,0.4975,0.1359,1,0.0,93337,0.1335,1
06095252315,Solano,3852,0.4284,0.1476,1,0.0,126650,0.1346,1
06081601604,San Mateo,2431,0.3972,0.0556,0,0.0129325292881816,117875,0.136,1
06081601605,San Mateo,5947,0.3453,0.0437,1,0.0,144250,0.0868,0
06095252914,Solano,5750,0.4529,0.1905,1,0.0,125233,0.1369,1
06081608800,San Mateo,6278,0.2638,0.1125,1,0.0,250001,0.1089,0
06081609400,San Mateo,3408,0.2323,0.0495,1,0.0,250001,0.0401,0
06081613800,San Mateo,4064,0.3103,0.1433,1,0.0,208703,0.1118,0
06081600200,San Mateo,4246,0.2997,0.0799,0,0.6383037676529116,111000,0.1075,0
06075030900,San Francisco,6627,0.1465,0.0409,0,0.7,178516,0.0815,0
06075031100,San Francisco,6286,0.1269,0.0519,0,0.7756,188591,0.0902,0
06075031000,San Francisco,4140,0.1784,0.1285,0,0.7,190000,0.0907,0
06075032700,San Francisco,6721,0.2273,0.0918,0,0.7,145147,0.0996,0
06075033100,San Francisco,3980,0.2036,0.1155,0,0.7,165592,0.0977,0
06075033201,San Francisco,3730,0.4187,0.1448,0,0.6999999999999997,53906,0.1397,1
06075035201,San Francisco,5305,0.287,0.1628,0,0.6999999999999998,132277,0.12,0
06075035300,San Francisco,7157,0.2507,0.1447,0,0.7,146620,0.1169,0
06075035400,San Francisco,7431,0.2793,0.1789,0,0.7,139477,0.1167,0
06075040100,San Francisco,4228,0.2814,0.1695,0,0.6999999999999997,136429,0.1191,0
06075040200,San Francisco,5464,0.1615,0.0839,0,0.7,184617,0.083,0
06075042700,San Francisco,5229,0.3094,0.0942,0,0.7,104414,0.0975,0
06075042800,San Francisco,2348,0.1419,0.0626,0,0.4847006881211982,250001,0.1101,0
06075047600,San Francisco,5121,0.2107,0.1396,0,0.6999999999999998,169563,0.0958,0
06075023400,San Francisco,4039,0.4136,0.1925,0,0.7,78664,0.1409,1
06075025100,San Francisco,3408,0.2758,0.1394,0,0.6999999999999998,131801,0.0887,0
06075047701,San Francisco,4848,0.2584,0.0826,0,0.7,125658,0.1072,0
06075060100,San Francisco,3952,0.2438,0.1067,0,0.151055952741102,236445,0.142,1
06085503710,Santa Clara,3334,0.5394,0.1107,1,0.0,56582,0.0987,0
06085503711,Santa Clara,4780,0.4461,0.0517,1,0.0,96650,0.1052,0
06075047902,San Francisco,3350,0.2591,0.0907,0,0.7,126944,0.0879,0
06085503332,Santa Clara,5993,0.3995,0.1143,1,0.0,133872,0.1413,1
06085503330,Santa Clara,7156,0.2528,0.0905,1,0.0,250001,0.0948,0
06085504423,Santa Clara,2101,0.3192,0.1005,1,0.0,176528,0.0853,0
06085511707,Santa Clara,3090,0.2382,0.0042,1,0.0,211250,0.0657,0
06085511704,Santa Clara,4577,0.2203,0.0255,1,0.0,250001,0.059,0
06085511609,Santa Clara,3274,0.3245,0.027,1,0.0,150192,0.0866,0
06085512510,Santa Clara,6844,0.4893,0.1807,1,0.0,105833,0.1008,0
06085512509,Santa Clara,8056,0.3847,0.2454,1,0.0,183036,0.1285,0
06085512310,Santa Clara,5395,0.4939,0.1683,1,0.0,101500,0.1491,1
06085503331,Santa Clara,3725,0.4338,0.1335,1,0.0,119663,0.094,0
06085510600,Santa Clara,6100,0.3132,0.0383,1,0.0,159250,0.0902,0
06085511705,Santa Clara,2047,0.2075,0.0,1,0.0,250001,0.0822,0
06085513000,Santa Clara,10780,0.4978,0.0199,1,0.0,50346,0.0719,0
06085512053,Santa Clara,5205,0.3754,0.0866,1,0.0,138750,0.0703,0
06075020300,San Francisco,3474,0.1814,0.0883,0,0.7,172151,0.089,0
06075020900,San Francisco,4098,0.2999,0.1657,0,0.7756,117813,0.119,0
06075021000,San Francisco,3820,0.199,0.0593,0,0.7,151118,0.0909,0
06075021100,San Francisco,3959,0.1592,0.147,0,0.7,228125,0.1019,0
06075021200,San Francisco,2984,0.1721,0.1185,0,0.7,191156,0.1014,0
06075021300,San Francisco,2663,0.1854,0.1283,0,0.7,183417,0.0855,0
06075021400,San Francisco,3500,0.1367,0.0891,0,0.7,217353,0.0899,0
06075021500,San Francisco,5559,0.1444,0.0795,0,0.6999999999999998,200938,0.1025,0
06075021600,San Francisco,4414,0.1359,0.0892,0,0.7,218988,0.0848,0
06075021700,San Francisco,4602,0.2416,0.1089,0,0.7,141250,0.1092,0
06075021800,San Francisco,4121,0.1246,0.0835,0,0.6999999999999998,232500,0.0841,0
06075022600,San Francisco,3849,0.1347,0.1063,0,0.6882664602177158,239625,0.106,0
06075022802,San Francisco,2369,0.2863,0.1583,0,0.6999999999999998,131042,0.1097,0
06075022902,San Francisco,2096,0.128,0.0297,0,0.6999999999999998,190875,0.0727,0
06075022903,San Francisco,2850,0.1875,0.1801,0,0.6999999999999998,209659,0.098,0
06075023001,San Francisco,5719,0.3568,0.146,0,0.7,95052,0.135,1
06075023003,San Francisco,4157,0.3023,0.0748,0,0.7,103472,0.0935,0
06013359103,Contra Costa,5435,0.4707,0.1114,1,0.0,99424,0.1362,1
06013317000,Contra Costa,1934,0.538,0.116,1,0.0,61250,0.1793,1
06013328000,Contra Costa,2326,0.5624,0.2264,0,0.1886394559539431,52099,0.1926,1
06001450744,Alameda,5818,0.3115,0.1218,1,0.0,193214,0.1214,0
06001405901,Alameda,3757,0.5714,0.1685,1,0.0,51292,0.127,0
06001450101,Alameda,6883,0.361,0.1934,0,0.0968843143631769,166898,0.1284,0
06013330000,Contra Costa,5587,0.4489,0.2009,0,0.0493839436190251,124833,0.1626,1
06013332000,Contra Costa,8109,0.4511,0.1795,1,0.0,123525,0.1582,1
06013372000,Contra Costa,7610,0.5013,0.1273,1,0.0,89964,0.1269,0
06013373000,Contra Costa,4386,0.5303,0.1605,0,0.0018206277769796,83413,0.1312,1
06013310000,Contra Costa,6257,0.5891,0.2297,0,0.0001557000103038,67054,0.1755,1
06013374000,Contra Costa,4687,0.5027,0.1345,0,0.0753700753593171,83194,0.1329,1
06013375000,Contra Costa,5271,0.4301,0.1308,0,0.5027437289801112,74306,0.1129,0
06013376000,Contra Costa,6712,0.5551,0.202,0,0.1133455450163204,64964,0.1527,1
06013377000,Contra Costa,7826,0.5408,0.1667,0,0.1685872317422579,41264,0.1184,0
06013383000,Contra Costa,5848,0.432,0.0834,0,0.0416283671899529,105905,0.1189,0
06013385200,Contra Costa,1413,0.3621,0.1032,0,0.1838942663292631,130804,0.1607,1
06013387000,Contra Costa,3090,0.4719,0.1437,0,0.0020021066206201,105524,0.1412,1
06013391000,Contra Costa,2568,0.3444,0.1308,0,0.0020481621377143,170625,0.1331,1
06013315000,Contra Costa,3772,0.4674,0.0853,0,0.0005878149903768,94737,0.1455,1
06013347000,Contra Costa,6724,0.3139,0.1878,1,0.0,237976,0.1713,1
06013350000,Contra Costa,6150,0.2893,0.1273,0,0.0343554864370718,216875,0.1236,0
06013359102,Contra Costa,5061,0.5318,0.301,1,0.0,114129,0.1961,1
06013362000,Contra Costa,2832,0.4575,0.1439,1,0.0,112344,0.1703,1
06013379000,Contra Costa,8383,0.5162,0.0923,0,0.0363170735187915,64518,0.1366,1
06013382000,Contra Costa,8477,0.5716,0.198,0,0.0584555795077014,56378,0.1463,1
06013388000,Contra Costa,2711,0.3673,0.0678,0,0.2116381383653946,116250,0.1146,0
06013389100,Contra Costa,2455,0.3273,0.0751,0,0.5189372383553572,108333,0.1297,1
06013389200,Contra Costa,1955,0.4349,0.1198,0,0.3641066423237463,85000,0.1042,0
06013390100,Contra Costa,2225,0.3469,0.1504,0,0.0074007163951711,174000,0.1351,1
06013390200,Contra Costa,1820,0.2927,0.1441,0,0.2004233889183322,183611,0.1285,0
06013333200,Contra Costa,5866,0.4505,0.1766,1,0.0,122700,0.1795,1
06013334001,Contra Costa,3960,0.4461,0.1146,1,0.0,110500,0.1284,0
06085503123,Santa Clara,3777,0.5213,0.0761,1,0.0,57772,0.0985,0
06013335000,Contra Costa,3612,0.3506,0.1746,0,0.2344425326299612,150398,0.1731,1
06013336101,Contra Costa,4438,0.5024,0.143,0,0.1279809763911932,79554,0.179,1
06013338201,Contra Costa,4019,0.3114,0.1314,1,0.0,199773,0.1118,0
06013338301,Contra Costa,2910,0.3317,0.1788,1,0.0,204196,0.1279,0
06013311000,Contra Costa,5392,0.5005,0.1587,0,0.2181348078588191,74667,0.1949,1
06013312000,Contra Costa,2818,0.6419,0.3176,0,0.0254037203016848,49125,0.2063,1
06013368002,Contra Costa,4102,0.5867,0.2144,1,0.0,61855,0.1395,1
06075017700,San Francisco,2080,0.2128,0.1099,0,0.7,156806,0.1061,0
06013371000,Contra Costa,5776,0.531,0.212,1,0.0,94729,0.2029,1
06013345101,Contra Costa,6622,0.3485,0.1486,1,0.0,173388,0.0878,0
06013345102,Contra Costa,4533,0.3323,0.1492,1,0.0,186632,0.0903,0
06013352201,Contra Costa,6070,0.3134,0.0799,1,0.0,173828,0.1305,1
06013353002,Contra Costa,4182,0.2376,0.0759,0,0.0396481863703147,250001,0.1145,0
06013356001,Contra Costa,4025,0.4425,0.1806,1,0.0,127662,0.1872,1
06013358000,Contra Costa,5859,0.5715,0.1969,1,0.0,68452,0.1698,1
06013990000,Contra Costa,0,0.5477,0.0999,1,0.0,-666666666,0.1004,0
06013359204,Contra Costa,4340,0.4535,0.184,1,0.0,123250,0.1471,1
06013360200,Contra Costa,5482,0.4826,0.2054,1,0.0,114583,0.1661,1
06013364002,Contra Costa,5426,0.4674,0.1688,1,0.0,113519,0.1453,1
06013366001,Contra Costa,4690,0.5223,0.1591,1,0.0,87778,0.184,1
06013313102,Contra Costa,4796,0.5771,0.3089,1,0.0,95707,0.1912,1
06013314102,Contra Costa,6912,0.5667,0.2739,1,0.0,93199,0.1903,1
06013316000,Contra Costa,1112,0.5596,0.1406,1,0.0,46528,0.1175,0
06013366002,Contra Costa,6876,0.5568,0.1945,1,0.0,77424,0.1239,0
06013367200,Contra Costa,5869,0.5383,0.2062,1,0.0,90941,0.1006,0
06001442700,Alameda,3139,0.3091,0.1142,1,0.0,191760,0.0847,0
06001442800,Alameda,3115,0.3198,0.0771,1,0.0,169310,0.1166,0
06001442900,Alameda,7780,0.3212,0.0901,1,0.0,172578,0.1032,0
06095252204,Solano,5524,0.372,0.1632,1,0.0,161974,0.1442,1
06095252203,Solano,4121,0.4116,0.1394,1,0.0,134142,0.1569,1
06095253501,Solano,5982,0.5507,0.1769,1,0.0,75402,0.1689,1
06095252205,Solano,8501,0.3991,0.2014,1,0.0,156586,0.1232,0
06095252206,Solano,5955,0.4472,0.1967,1,0.0,129914,0.1105,0
06095253207,Solano,2539,0.4674,0.1085,1,0.0,100357,0.1363,1
06095253502,Solano,4559,0.5207,0.142,1,0.0,83856,0.1835,1
06095253208,Solano,4842,0.478,0.1267,1,0.0,99643,0.1129,0
06001443001,Alameda,2762,0.3601,0.0967,1,0.0,149803,0.0888,0
06001443002,Alameda,6599,0.3815,0.081,1,0.0,134309,0.1122,0
06001443102,Alameda,4816,0.255,0.0684,0,0.0227606870629611,229008,0.0968,0
06001443301,Alameda,4399,0.2487,0.0604,1,0.0,240927,0.0842,0
06001444100,Alameda,7211,0.3489,0.1055,1,0.0,158011,0.126,0
06001444200,Alameda,6782,0.3489,0.116,1,0.0,161307,0.1118,0
06001444400,Alameda,5367,0.4442,0.1052,1,0.0,109107,0.0764,0
06001444500,Alameda,6988,0.3808,0.1343,1,0.0,148750,0.1083,0
06001450200,Alameda,5272,0.4421,0.0921,1,0.0,107111,0.1333,1
06001450300,Alameda,5374,0.4074,0.1638,0,0.0497226887462239,136875,0.1311,1
