GEOID,county_name,total_population,stop_density_per_sq_km,pct_area_covered_800m,agencies_serving,avg_stop_departures_per_day,log_dist_to_bart_m,transit_access_index,is_transit_desert,pop_density,log_median_income,zero_vehicle_pct,transit_mode_share,income_quintile,car_dependency_index,transit_need_gap,low_income_poor_transit,zero_veh_x_bart_dist,centroid_lat,centroid_lon,commute_burden_score,equity_need_score,transit_access_index,is_transit_desert
06013324002,Contra Costa,4740,0.0,0.0,0,0.0,7.86353086037852,0.0,1,2338.314680426638,11.548118848538333,0.0974025974025974,0.0883380997775659,2,0.5487012987012987,0.0974025974025974,0.07088981052413701,0.7659283305563493,37.9515743,-122.0605372,0.2148,0.5117,0.0,1
06013320004,Contra Costa,6599,0.0,0.0,0,0.0,8.502823281266064,0.0,1,1112.422726347561,11.679371672605892,0.0206896551724137,0.0302855494663974,3,0.5103448275862068,0.0206896551724137,0.06032979310155162,0.17592048168136604,37.9992449,-122.0795275,0.1448,0.4437,0.0,1
06013336201,Contra Costa,3376,0.0,0.0,0,0.0,7.691855942698685,0.0,1,2721.291877589302,11.437220834219913,0.0560471976401179,0.0698340011448196,2,0.528023598820059,0.0560471976401179,0.0798121706459266,0.4311069702397486,37.9604171,-122.0474661,0.1488,0.5053,0.0,1
06013338203,Contra Costa,5431,0.0,63.22438943064902,0,0.0,5.837910557396325,0.2528975577225961,0,3443.782598394,11.86948740252398,0.0945696342814924,0.2375265392781316,3,0.42083603827944815,0.03477856042022109,0.03364495799767115,0.5520890663810338,37.9256927,-122.0541352,0.1616,0.3557,0.2528975577225961,0
06013338204,Contra Costa,6600,0.0,2.4364734262894485,0,0.0,7.179363225762526,0.009745893705157795,0,2476.5658405078702,11.85466949552054,0.0261657162026165,0.1637931034482758,3,0.5082099112487294,0.025528195480541433,0.04577559654858984,0.1878531806808036,37.9190883,-122.0467663,0.1835,0.4176,0.009745893705157795,0
06013345204,Contra Costa,3152,0.0,0.0,0,0.0,9.00277272811253,0.0,1,214.97538425848936,12.379361866651088,0.0184672206832871,0.0208044382801664,5,0.5092336103416435,0.0184672206832871,0.004011700921291772,0.16625619073153275,37.8320573,-122.0429151,0.1297,0.285,0.0,1
06013345203,Contra Costa,6954,0.0,0.0,0,0.0,9.377990482547022,0.0,1,258.19397438711906,12.085919929397475,0.0292718624222466,0.0126984126984126,4,0.5146359312111233,0.0292718624222466,0.027620731751137995,0.27451124720225445,37.8053853,-122.0228527,0.0817,0.3086,0.0,1
06013345112,Contra Costa,7723,0.0,0.0,0,0.0,8.834500774494984,0.0,1,908.974157010732,12.123190911632774,0.046711509715994,0.0582606248240923,4,0.523355754857997,0.046711509715994,0.0246220745827479,0.41267286876377895,37.761519,-121.9272789,0.1593,0.3401,0.0,1
06013345113,Contra Costa,4767,0.0,0.0,0,0.0,9.279483928290679,0.0,1,877.3448059779051,12.311391660326851,0.0476190476190476,0.0195295162006213,5,0.5238095238095238,0.0476190476190476,0.009480280878331193,0.44188018706146076,37.7955701,-121.9415913,0.1957,0.3271,0.0,1
06001441402,Alameda,5344,0.0,0.0,0,0.0,7.700957851337609,0.0,1,3213.886594141172,12.105915236870528,0.0378619153674833,0.0723768736616702,4,0.5189309576837416,0.0378619153674833,0.026011998401699987,0.29157301441590056,37.5823293,-122.0400088,0.1606,0.344,0.0,1
06001441501,Alameda,5723,0.0,0.0,0,0.0,8.618067519816183,0.0,1,2002.183734557048,12.12793811612594,0.0054119061936259,0.044014808720691,5,0.502705953096813,0.0054119061936259,0.024240135660575812,0.0466401729875794,37.5695603,-122.0740416,0.1144,0.3159,0.0,1
06001441521,Alameda,6016,0.0,0.0,0,0.0,8.216701751712819,0.0,1,3705.065428856912,12.342869326294165,0.0289301310043668,0.0982244049867774,5,0.5144650655021834,0.0289301310043668,0.006947728124524821,0.23771025810086202,37.5730234,-122.0528477,0.1594,0.3046,0.0,1
06001441522,Alameda,5275,0.0,0.0,0,0.0,8.186077132909388,0.0,1,4011.111234707797,12.090566391039395,0.0259208731241473,0.0287511230907457,4,0.5129604365620737,0.0259208731241473,0.027246898149913545,0.21219026674662772,37.5846106,-122.0572653,0.115,0.3244,0.0,1
06001441601,Alameda,4774,0.0,0.0,0,0.0,8.084600055697333,0.0,1,3681.743192820896,12.153030454292626,0.0155440414507772,0.0434782608695652,5,0.5077720207253886,0.0155440414507772,0.02222131793153992,0.125667358378715,37.5635065,-122.0305636,0.1526,0.3313,0.0,1
06001441602,Alameda,7509,0.0,0.0,0,0.0,8.234602726605415,0.0,1,4464.111299806977,11.70905130274058,0.0531634446397188,0.0286389134927664,3,0.5265817223198594,0.0531634446397188,0.05794190229962215,0.4377798461859645,37.5569619,-122.0212342,0.1219,0.4247,0.0,1
06001441800,Alameda,6209,0.0,12.672370437079833,0,0.0,7.19335190389479,0.05068948174831933,0,3047.0396248146776,11.936020908014529,0.0609430604982206,0.0369989722507708,4,0.5051267893749506,0.053220130116192414,0.037669532891055305,0.4383848802640505,37.5591958,-121.9915699,0.0778,0.3353,0.05068948174831933,0
06001441921,Alameda,3849,0.0,0.0,0,0.0,7.520744840052632,0.0,1,4545.30750453078,12.004378648896147,0.0,0.0820668693009118,4,0.5,0.0,0.034181179870035105,0.0,37.5424223,-121.9678076,0.1489,0.363,0.0,1
06001441923,Alameda,5777,0.0,29.21654481963308,0,0.0,6.939794870603912,0.11686617927853232,0,3827.3791879354494,11.796682343919446,0.1021047917599641,0.0861033239887865,3,0.49261930624071587,0.07227329951242117,0.0449440041040405,0.7085863101198795,37.5509616,-121.9850062,0.0893,0.3655,0.11686617927853232,0
06001442100,Alameda,5327,0.0,0.0,0,0.0,7.853922321681518,0.0,1,2865.804416389089,12.336881585641587,0.0037688442211055,0.048959136468774,5,0.5018844221105527,0.0037688442211055,0.007429475058827739,0.029600209755080882,37.5481429,-121.9499143,0.0921,0.272,0.0,1
06001442400,Alameda,6417,0.0,0.0,0,0.0,7.976291484377929,0.0,1,4054.121444315564,11.735164607430017,0.0206757438224911,0.0272410516312955,3,0.5103378719112456,0.0206757438224911,0.05584094215312052,0.16491575938451533,37.5313806,-121.9737794,0.1248,0.4205,0.0,1
06001440337,Alameda,2852,0.0,46.7722302612188,0,0.0,6.485831915913009,0.1870889210448752,0,2514.746982859356,12.429224196812383,0.0,0.0648967551622418,5,0.4064555394775624,0.0,0.0,0.0,37.5937696,-122.0108429,0.1069,0.2236,0.1870889210448752,0
06001440338,Alameda,4095,2.3110499389081363,79.49619466745942,1,21.0,5.960282867748934,0.4188162768370818,0,4731.874749914408,11.883460906867143,0.0537115268557634,0.2115473441108545,3,0.3174476250093408,0.011012906907640983,0.02551959283970153,0.3201358933190434,37.5882461,-122.0142011,0.1557,0.3158,0.4188162768370818,0
06001451103,Alameda,1361,0.0,0.0,0,0.0,9.713438826541894,0.0,1,22.58902175833484,12.429224196812383,0.0,0.0,5,0.5,0.0,0.0,0.0,37.6388221,-121.729043,0.1168,0.2659,0.0,1
06001432602,Alameda,3123,0.0,22.385194175622477,0,0.0,6.836334366671959,0.08954077670248992,0,5092.875505370878,11.601622919731515,0.0987460815047022,0.1577181208053691,2,0.5046026524011061,0.07664157941905617,0.06062302875865068,0.675061230564786,37.7247163,-122.1508066,0.0984,0.4228,0.08954077670248992,0
06001451104,Alameda,7164,0.0,0.0,0,0.0,10.132729658377693,0.0,1,14.39890599162056,12.085096391975872,0.0520257826887661,0.0313140181445712,4,0.526012891344383,0.0520257826887661,0.02768698990277818,0.527163191250773,37.6343064,-121.6163068,0.1996,0.368,0.0,1
06001441928,Alameda,3736,0.0,4.086813466814513,0,0.0,7.234007778063363,0.01634725386725805,0,1340.418054672101,11.930997438224257,0.0521327014218009,0.1068965517241379,4,0.5178927237772715,0.05000213515948054,0.039429823738131003,0.37712836757676266,37.5499103,-121.9629333,0.2025,0.4062,0.01634725386725805,0
06001441929,Alameda,3064,0.0,90.06141947175708,0,0.0,6.249589266535668,0.3602456778870283,0,6346.906389263377,11.744925679994731,0.1754966887417218,0.1662561576354679,3,0.40762550542734677,0.017441879734995856,0.03522206429117782,1.0967822222728156,37.5543457,-121.9723074,0.1736,0.371,0.3602456778870283,0
06001441701,Alameda,3884,0.0,0.0,0,0.0,8.1741744356782,0.0,1,3526.2023282489263,11.802657933921683,0.1238645747316267,0.0235602094240837,3,0.5619322873658134,0.1238645747316267,0.05041072982265382,1.012490640257415,37.5479521,-122.0150386,0.108,0.3974,0.0,1
06001444304,Alameda,6408,0.0,0.0,0,0.0,8.932703233002938,0.0,1,381.7130918296903,12.153467965336215,0.0076608784473953,0.029705719044975,5,0.5038304392236976,0.0076608784473953,0.0221861177423196,0.06843235367469053,37.508137,-122.0358825,0.0666,0.2882,0.0,1
06001441525,Alameda,1603,0.4290105339146489,40.50077954732584,1,20.9,5.9039550975209645,0.20622343420674283,0,343.8519429325911,12.135408735779007,0.1073253833049403,0.051490514905149,5,0.45055097454909876,0.06385776641428396,0.018764150034066354,0.6336442438565937,37.4990214,-121.9388552,0.0407,0.237,0.20622343420674283,0
06001436301,Alameda,5255,0.0,40.32227262259444,0,0.0,6.552773532891312,0.16128909049037776,0,4968.589374956065,11.912131022907248,0.0591397849462365,0.1360278139939157,4,0.44892534722792937,0.03529327963179895,0.03489290074101474,0.38752961753658255,37.6678078,-122.0945904,0.1804,0.371,0.16128909049037776,0
06001450400,Alameda,7886,0.0,24.772901564478374,0,0.0,7.300288195744173,0.09909160625791351,0,2504.7508552322533,11.92684143044791,0.0096582466567607,0.1226243165842228,4,0.45528332019942364,0.007265618719626848,0.0364142478985292,0.07050798405993576,37.7126655,-121.9324172,0.232,0.4052,0.09909160625791351,0
06001441702,Alameda,5037,0.0,0.0,0,0.0,7.935186314530675,0.0,1,4462.480041748202,11.504711825195725,0.0719424460431654,0.0872919204222492,2,0.5359712230215827,0.0719424460431654,0.07438214622065942,0.5708767132755875,37.5583412,-122.0082979,0.134,0.4823,0.0,1
06001433801,Alameda,3528,0.0,19.4677846413774,0,0.0,6.857767391971671,0.0778711385655096,0,5876.640476061205,11.453759154301013,0.0382462686567164,0.0359342915811088,2,0.4801875650456034,0.03080056744126423,0.07237012180139488,0.2622840140586179,37.7049461,-122.1226567,0.0498,0.4355,0.0778711385655096,0
06001433802,Alameda,4301,2.1412264382543764,93.6360906283404,1,32.8,5.781044558694918,0.48798115566099287,0,4604.707455466036,11.52074481402236,0.173469387755102,0.078646748681898,2,0.34274411604705457,0.011039434624307475,0.03742458550238861,1.0028342601817715,37.6948314,-122.123894,0.2579,0.443,0.48798115566099287,0
06001436302,Alameda,3932,1.2928269081477175,67.23518424245111,1,21.0,6.424171578321195,0.3392255442142359,0,5083.395402836825,11.416788943839935,0.0966257668711656,0.0665694849368318,2,0.3787001113284649,0.031659254489656126,0.05382406357049721,0.6207405052672317,37.6641766,-122.087795,0.0943,0.415,0.3392255442142359,0
06001436403,Alameda,4519,0.0,4.373758065011793,0,0.0,7.257913248007327,0.017495032260047172,0,2849.875631772106,11.22764051711817,0.0640945861854387,0.0789820096533567,1,0.5232997769626958,0.061291244052917145,0.09498275320816765,0.46519294620084295,37.669152,-122.0708563,0.2826,0.6008,0.017495032260047172,0
06001436404,Alameda,3232,0.0,0.0,0,0.0,7.773967954539275,0.0,1,2053.6252812886883,11.924399152025561,0.0151770657672849,0.1123529411764705,4,0.5075885328836425,0.0151770657672849,0.040615973836588326,0.11798602291880785,37.6737239,-122.0592192,0.1824,0.4009,0.0,1
06001442502,Alameda,3866,0.0,0.0,0,0.0,7.749084176552931,0.0,1,3978.7349604617143,11.968836508558766,0.0185185185185185,0.0606435643564356,4,0.5092592592592593,0.0185185185185185,0.037040742122238735,0.14350155882505414,37.5396667,-121.9903682,0.1118,0.3526,0.0,1
06001442501,Alameda,3280,0.0,0.0,0,0.0,7.871178407038952,0.0,1,3333.437707325712,11.428108043136305,0.0475737392959086,0.0287713841368584,2,0.5237868696479543,0.0475737392959086,0.08054534521413059,0.37446138948805624,37.5346224,-121.9839849,0.1827,0.5241,0.0,1
06001450609,Alameda,4928,0.7439429207357658,31.632528055228903,1,11.8,7.112956462991808,0.16654839984298858,0,1833.0753566929272,11.937264664843688,0.0334029227557411,0.1566589684372594,4,0.4334272614563762,0.022836733843764858,0.03298874110235764,0.23759353529826482,37.6891989,-121.92397,0.2017,0.3738,0.16654839984298858,0
06001450608,Alameda,4658,0.0,0.0,0,0.0,8.52469797577179,0.0,1,1325.5805607566151,12.429224196812383,0.0256410256410256,0.0955914447839371,5,0.5128205128205128,0.0256410256410256,0.0,0.2185819993787635,37.6564813,-121.9043199,0.2182,0.3166,0.0,1
06001444303,Alameda,0,0.0,0.0,0,0.0,9.130851841664134,0.0,1,0.0,11.780445645598057,0.050834597875569,0.0510949092613641,1,0.5,0.0,0.04551129022074418,0.0,37.5249502,-122.0812538,0.0999,0.5477,0.0,1
06001432601,Alameda,4092,1.886373905907888,84.89617824874256,1,32.6,5.601679479378498,0.4450759301722069,0,3859.5210114875385,11.427018931961104,0.1420486700622524,0.2946350043975373,2,0.34848636994502274,0.021454777926234396,0.04474517601160847,0.7957111201607261,37.7215214,-122.1576682,0.1482,0.4184,0.4450759301722069,0
06001403401,Alameda,2717,0.0,46.39001925489155,0,0.0,6.889276211836558,0.1855600770195662,0,2358.26601111848,11.156036212354746,0.3899244332493702,0.2654241645244216,1,0.6021821781149019,0.20903841358546063,0.08342717997372878,2.686297122398738,37.8092493,-122.2597833,0.0887,0.4785,0.1855600770195662,0
06001403402,Alameda,1134,0.0,100.0,0,0.0,6.260409056637992,0.4,0,11429.528167776982,11.396638809178848,0.3836734693877551,0.4616216216216216,1,0.49183673469387756,0.0,0.0498463317395958,2.4019528625468216,37.8024095,-122.2651075,0.1222,0.4213,0.4,0
06001403302,Alameda,2556,0.0,81.04055509893006,0,0.0,6.050690751168191,0.32416222039572024,0,3104.317611089267,11.906560877324814,0.163135593220339,0.3052434456928839,4,0.4194866864123094,0.030929602910643766,0.02841976391524674,0.9870830250846414,37.7937603,-122.2667344,0.1316,0.3161,0.32416222039572024,0
06001982100,Alameda,923,0.0,24.26205701222045,0,0.0,7.131376202304456,0.0970482280488818,0,544.4264958730256,11.780445645598057,0.0,0.2015706806282722,1,0.4514758859755591,0.0,0.04551129022074418,0.0,37.8737516,-122.2546176,0.0183,0.4875,0.0970482280488818,0
06001420302,Alameda,2446,0.0,0.1355301607640073,0,0.0,7.521768920845643,0.0005421206430560293,0,1235.7266389396236,11.707990477911546,0.1133474576271186,0.1806615776081425,3,0.5564026684920312,0.11319383763557465,0.05799579376790238,0.8525733840365292,37.8906499,-122.3181164,0.1162,0.422,0.0005421206430560293,0
06001402801,Alameda,3254,0.0,99.99999999999996,0,0.0,5.454703056200038,0.39999999999999986,0,11164.05658525038,11.224336314580949,0.4305799648506151,0.3331539289558665,1,0.5152899824253077,1.912159163677774e-16,0.05816394634865985,2.348685850209155,37.8095483,-122.2707403,0.1502,0.4594,0.39999999999999986,0
06001402802,Alameda,1430,0.0,100.0,0,0.0,6.050081684867803,0.4,0,12073.024020131628,11.780445645598057,0.6220362622036262,0.2677966101694915,1,0.611018131101813,0.0,0.04551129022074418,3.7633701972817852,37.8070174,-122.2735577,0.0881,0.4618,0.4,0
06001420401,Alameda,1333,0.0,0.0,0,0.0,7.5328056526045994,0.0,1,6663.208077453291,11.194220452283124,0.2837528604118993,0.1163227016885553,1,0.6418764302059496,0.2837528604118993,0.09936289867922643,2.1374551508534787,37.8848762,-122.2997917,0.0019,0.4686,0.0,1
06001403301,Alameda,1830,10.17311810002231,100.0,1,32.6,5.154103327391699,0.7488999999999999,0,9308.403061520414,10.446334962324856,0.3683527885862516,0.2546045503791982,1,0.3097263942931259,0.0,0.040059096118606585,1.8985283333064102,37.7981065,-122.266955,0.2752,0.4802,0.7488999999999999,0
06001422902,Alameda,3022,5.188702809559034,99.74518151224028,1,21.0,5.341352307558299,0.5861418103357321,0,7840.129945243701,11.780445645598057,0.5069393718042366,0.1840721262208865,1,0.4603987807342523,0.0012917752410901934,0.04551129022074418,2.7077417833787143,37.8687746,-122.2698172,0.0962,0.4287,0.5861418103357321,0
06001422901,Alameda,2024,0.0,99.99999999999996,0,0.0,6.189410481034744,0.39999999999999986,0,12743.210753368958,10.811846914084002,0.4393404004711425,0.248015873015873,1,0.5196702002355713,1.9510633130043974e-16,0.07807618192983477,2.719258079418091,37.8657427,-122.2678632,0.0317,0.4238,0.39999999999999986,0
06001420402,Alameda,1661,0.0,0.0,0,0.0,7.882841927321308,0.0,1,650.6450109472202,10.982509191439233,0.1885625965996908,0.2884371029224905,1,0.5942812982998454,0.1885625965996908,0.1163962434392467,1.486409142400617,37.886211,-122.3141636,0.0851,0.5246,0.0,1
06001420301,Alameda,2645,0.0,19.45561170553664,0,0.0,6.921287587849564,0.07782244682214656,0,6363.460290929963,11.636814266884727,0.0525838621940163,0.1812130177514793,2,0.4873807076859349,0.042353350145774,0.05879229779135586,0.36394803272463694,37.8947347,-122.3047951,0.1095,0.4227,0.07782244682214656,0
06075020602,San Francisco,2564,20.303529643890812,100.0,1,0.0,7.112828681128453,0.7,0,10411.65000138721,12.188000320397427,0.2793791574279379,0.2308188265635074,5,0.28968957871396894,0.0,0.0058223394942900865,1.9871760838629378,37.7578121,-122.4306825,0.1348,0.1755,0.7,0
06001450603,Alameda,4897,0.0,6.920114537546204,0,0.0,7.460491658551831,0.027680458150184818,0,1249.6060710559566,12.217205445308151,0.0,0.056170561705617,5,0.4861597709249076,0.0,0.016585908505780584,0.0,37.6888372,-121.9106075,0.1087,0.292,0.027680458150184818,0
06001450604,Alameda,4993,0.0,0.0,0,0.0,7.836478998491049,0.0,1,2362.98483092628,12.101411884986621,0.0246189917936694,0.0387016229712858,4,0.5123094958968347,0.0246189917936694,0.02637431802942558,0.19292621215511374,37.6811898,-121.8865528,0.1219,0.3255,0.0,1
06001450605,Alameda,3814,0.0,0.0,0,0.0,8.192880026327868,0.0,1,2153.812837413055,12.114510931441727,0.0200892857142857,0.0445086705202312,4,0.5100446428571428,0.0200892857142857,0.025320427114941535,0.16458910767176507,37.6721104,-121.8819955,0.1844,0.3543,0.0,1
06001450606,Alameda,6028,0.0,0.0,0,0.0,8.181469436356561,0.0,1,2972.134770555488,12.367983139968873,0.0204978038067349,0.0913043478260869,5,0.5102489019033675,0.0204978038067349,0.004927182571798472,0.16770215535723476,37.6694706,-121.899759,0.2415,0.3423,0.0,1
06095980000,Solano,0,0.0,0.0,0,0.0,10.195364867919748,0.0,1,0.0,11.780445645598057,0.050834597875569,0.0510949092613641,1,0.5,0.0,0.04551129022074418,0.0,38.2544515,-121.9456515,0.0999,0.5477,0.0,1
06001451701,Alameda,2936,0.0,0.0,0,0.0,9.243446569095914,0.0,1,2401.168354209413,12.138821114172938,0.066410009624639,0.0744680851063829,5,0.5332050048123195,0.066410009624639,0.02336453812732109,0.613857375618496,37.6721084,-121.787947,0.1696,0.3422,0.0,1
06001451501,Alameda,4496,0.0,0.0,0,0.0,9.591042085270026,0.0,1,890.1009342940433,12.035171625435646,0.0642410460488914,0.0304955527318932,4,0.5321205230244457,0.0642410460488914,0.031703714176931186,0.6161385762566871,37.6733478,-121.7369681,0.23,0.3974,0.0,1
06001408000,Alameda,2860,0.0,0.0,0,0.0,8.472984616998977,0.0,1,1462.709336220056,12.166083637313811,0.0567970204841713,0.0559886605244507,5,0.5283985102420856,0.0567970204841713,0.021171116984602945,0.4812402808537592,37.8029603,-122.1828718,0.1616,0.3321,0.0,1
06001441401,Alameda,7549,0.0,0.0,0,0.0,7.869709827644007,0.0,1,4066.228392801123,12.055738008673774,0.0261934938741022,0.0546683046683046,4,0.5130967469370511,0.0261934938741022,0.030049034615884818,0.20613519616135517,37.5735085,-122.0375264,0.0854,0.3202,0.0,1
06001432400,Alameda,6346,0.0,2.3278821346444274,0,0.0,7.672885941074083,0.00931152853857771,0,765.8724171020364,11.319644067939931,0.0851553509781357,0.0635451505016722,1,0.537921911219779,0.08317303477602192,0.08844061579632077,0.6533872953273666,37.7085402,-122.1858996,0.1294,0.5142,0.00931152853857771,0
06001404300,Alameda,3587,0.0,20.66639963373645,0,0.0,7.048603379935366,0.08266559853494582,0,1934.1916638876955,12.33375320536495,0.0301966292134831,0.1366358192705498,5,0.47376551533926864,0.02395607314430707,0.007046202032397774,0.21284406273681197,37.844821,-122.2385523,0.0435,0.2316,0.08266559853494582,0
06041109002,Marin,4345,0.0,0.0,0,0.0,9.796639540911205,0.0,1,1736.3067873117502,11.877874087441102,0.056706114398422,0.0445604175030108,3,0.528353057199211,0.056706114398422,0.04435917323888017,0.5555293625270151,37.983487,-122.5480915,0.102,0.3748,0.0,1
06041130201,Marin,3367,0.0,0.0,0,0.0,9.218136093887386,0.0,1,2240.881567190561,12.127110603726878,0.0345584201865057,0.0966647823629169,5,0.5172792100932528,0.0345584201865057,0.024306713621191633,0.31856422046895466,37.8511021,-122.4854014,0.0599,0.289,0.0,1
06041112202,Marin,5808,0.0,0.0,0,0.0,9.429372213774295,0.0,1,872.2741048932505,11.541950144010844,0.0829090909090909,0.0656525220176141,2,0.5414545454545454,0.0829090909090909,0.071386117005524,0.7817806780874688,37.9558873,-122.4938964,0.0556,0.4342,0.0,1
06041131100,Marin,1286,0.0,0.0,0,0.0,9.992443672881569,0.0,1,9.414931992091,12.160253812580663,0.0,0.0342577487765089,5,0.5,0.0,0.02164015870762881,0.0,37.9207111,-122.5974613,0.1631,0.3345,0.0,1
06041990100,Marin,0,0.0,0.0,0,0.0,10.628036010095478,0.0,1,0.0,11.780445645598057,0.050834597875569,0.0510949092613641,1,0.5,0.0,0.04551129022074418,0.0,37.9956135,-123.0361398,0.0999,0.5477,0.0,1
06097151405,Sonoma,7271,0.0,0.0,0,0.0,10.990109399663488,0.0,1,1028.2863689234164,11.046068878586361,0.0516156105749055,0.026239907727797,1,0.5258078052874527,0.0516156105749055,0.11128251420396362,0.567261206948639,38.3926107,-122.7046899,0.0306,0.4945,0.0,1
06097153302,Sonoma,5594,0.0,0.0,0,0.0,11.060037519083185,0.0,1,1044.059854125211,11.365526937965504,0.0109024833434282,0.0090053213262382,1,0.5054512416717141,0.0109024833434282,0.08558034210370724,0.12058187482949538,38.4136158,-122.7542692,0.0246,0.4581,0.0,1
06097153708,Sonoma,1521,0.0,0.0,0,0.0,11.29008721595118,0.0,1,33.732603661503994,11.088873689986276,0.0666666666666666,0.011608623548922,1,0.5333333333333333,0.0666666666666666,0.10783862979717229,0.7526724810634112,38.4605395,-122.9868326,0.136,0.5445,0.0,1
06097152401,Sonoma,4417,0.0,0.0,0,0.0,11.119145422648396,0.0,1,446.18719369008033,11.979692612454556,0.0,0.0647113594040968,4,0.5,0.0,0.03616730837256232,0.0,38.4815708,-122.6925847,0.1127,0.3496,0.0,1
06097151205,Sonoma,2410,0.0,0.0,0,0.0,10.807093113718771,0.0,1,170.72786960216757,11.438955944770054,0.0754214729370008,0.0,2,0.5377107364685004,0.0754214729370008,0.07967257138191253,0.8150868808039881,38.298648,-122.6798799,0.0717,0.4663,0.0,1
06097154308,Sonoma,935,0.0,0.0,0,0.0,11.793624697641883,0.0,1,27.837048415577694,11.371442542558086,0.0259179265658747,0.0,1,0.5129589632829373,0.0259179265658747,0.08510439891538668,0.3056662988589685,38.7531796,-123.4845088,0.1672,0.5281,0.0,1
06097153405,Sonoma,3704,0.0,0.0,0,0.0,11.13435005446312,0.0,1,451.4365085929376,11.612146170510453,0.0619469026548672,0.0,2,0.5309734513274336,0.0619469026548672,0.06573845747439966,0.6897384989490422,38.4144344,-122.8473555,0.0742,0.4264,0.0,1
06097154304,Sonoma,2010,0.0,0.0,0,0.0,11.580263340259942,0.0,1,2.219929011218864,11.162672711690245,0.0174482006543075,0.0023174971031286,1,0.5087241003271538,0.0174482006543075,0.10190108932518571,0.20205475839057668,38.6435073,-123.1933099,0.117,0.5284,0.0,1
06081610700,San Mateo,6010,0.0,0.0,0,0.0,9.93770782400783,0.0,1,5357.104752838864,11.621492833175521,0.0877284595300261,0.0112123335669236,2,0.543864229765013,0.0877284595300261,0.06498646664077501,0.8718197986596947,37.4699794,-122.2192352,0.0571,0.4151,0.0,1
06081610800,San Mateo,4311,0.0,0.0,0,0.0,9.916237524592573,0.0,1,8538.910550469334,11.39840086484208,0.0851351351351351,0.0463522773075372,2,0.5425675675675675,0.0851351351351351,0.08293545241823463,0.8442202216882863,37.4701804,-122.2260217,0.0117,0.4456,0.0,1
06081611000,San Mateo,6735,0.0,0.0,0,0.0,9.908672378290099,0.0,1,4896.375790781688,11.961424519428453,0.0085933966530981,0.0233107111242254,4,0.504296698326549,0.0085933966530981,0.03763707774326752,0.08514915205224373,37.4663591,-122.233641,0.0525,0.3244,0.0,1
06081611200,San Mateo,2634,0.0,0.0,0,0.0,9.946306329268614,0.0,1,2338.000420677954,12.235233310273074,0.0,0.0237741456166419,5,0.5,0.0,0.015607642397267307,0.0,37.4564914,-122.2345971,0.0423,0.2616,0.0,1
06095250701,Solano,3579,0.0,0.0,0,0.0,9.872203221272912,0.0,1,1274.46106752776,10.908429982004845,0.0382470119521912,0.036914963744232,1,0.5191235059760956,0.0382470119521912,0.12235632656763584,0.37758227459848553,38.0900421,-122.2449025,0.2551,0.6127,0.0,1
06095251000,Solano,2206,0.0,0.0,0,0.0,9.925083418937211,0.0,1,3035.578369301621,10.889453589653007,0.0213713268032057,0.1014354066985645,1,0.5106856634016028,0.0213713268032057,0.12388308254623548,0.2121122012951853,38.1011281,-122.2485428,0.2699,0.6214,0.0,1
06095251300,Solano,3185,0.0,0.0,0,0.0,10.009185898219586,0.0,1,2540.051442051408,11.4980554523035,0.025514403292181,0.0614596670934699,2,0.5127572016460905,0.025514403292181,0.07491768832584833,0.25537840563358544,38.114676,-122.2358356,0.2388,0.5363,0.0,1
06001435104,Alameda,6856,0.276218234360077,10.483221194951492,1,21.0,7.426394529140306,0.08171943181060828,0,946.876107386344,11.632422586297608,0.044093851132686,0.1005443483829651,2,0.4811872096610389,0.0394713951850739,0.05886831101054395,0.32745833482050635,37.6385144,-122.0388422,0.1726,0.4547,0.08171943181060828,0
06001405301,Alameda,2872,0.0,0.0,0,0.0,7.1922964395774684,0.0,1,12610.125344300935,11.63210308329955,0.1859364435429344,0.2104247104247104,2,0.5929682217714672,0.1859364435429344,0.06413281319016395,1.337310020881544,37.8020757,-122.2513558,0.126,0.4479,0.0,1
06001982000,Alameda,50,0.0,6.830452205136295,0,0.0,6.872981740495727,0.02732180882054518,0,29.021062099993543,11.768869161634797,0.125,0.4857142857142857,3,0.5488390955897274,0.11646193474357963,0.051677637395703954,0.8591227175619659,37.796028,-122.2953295,0.1429,0.416,0.02732180882054518,0
06001450102,Alameda,7376,0.0,2.826230731261953,0,0.0,7.715610366222814,0.011304922925047813,0,769.3124349934129,12.15465302737464,0.0352617079889807,0.1702054794520548,5,0.5119783925319664,0.03426513076142827,0.021841038445459145,0.2720655996905013,37.7208227,-121.8911768,0.2336,0.3689,0.011304922925047813,0
06081611300,San Mateo,4946,0.0,0.0,0,0.0,9.987600452817604,0.0,1,2801.4941433382387,12.27205699595267,0.0252808988764044,0.007496876301541,5,0.5126404494382022,0.0252808988764044,0.012644972716802316,0.25249551706561263,37.451725,-122.2251406,0.0217,0.2454,0.0,1
06095251400,Solano,5952,0.0,0.0,0,0.0,10.043458231083406,0.0,1,2696.9246246155367,11.441343530464556,0.0478610758153324,0.0322683706070287,2,0.5239305379076662,0.0478610758153324,0.07948047687491067,0.48069071584600714,38.1235139,-122.2398887,0.1962,0.5282,0.0,1
06095251500,Solano,3592,0.0,0.0,0,0.0,9.972629924641618,0.0,1,2609.080429251483,10.896294782307262,0.1665438467207074,0.0125164690382081,1,0.5832719233603537,0.1665438467207074,0.12333267066646514,1.6608801495718535,38.111521,-122.2497147,0.1693,0.5708,0.0,1
06095251600,Solano,2604,0.0,0.0,0,0.0,9.935935598991366,0.0,1,2382.3733666450044,10.88432930546973,0.046793760831889,0.0597572362278244,1,0.5233968804159445,0.046793760831889,0.12429535962018112,0.4649397940602537,38.1083885,-122.2622993,0.24,0.6066,0.0,1
06095251701,Solano,3449,0.0,0.0,0,0.0,9.96690725513818,0.0,1,1769.9872176855604,11.100073138428046,0.0676490288010716,0.0654152445961319,1,0.5338245144005358,0.0676490288010716,0.1069375720751109,0.6742515959604521,38.1165979,-122.266959,0.2383,0.5948,0.0,1
06097153406,Sonoma,2388,0.0,0.0,0,0.0,11.10982942294117,0.0,1,909.9224743153812,11.56811416241411,0.030392156862745,0.0,2,0.5151960784313725,0.030392156862745,0.06928107665956451,0.3376516785403678,38.4083965,-122.826599,0.0473,0.4234,0.0,1
06097153710,Sonoma,2400,0.0,0.0,0,0.0,11.34427813193381,0.0,1,118.76258827370371,11.304855238153497,0.0603305785123967,0.0356768100734522,1,0.5301652892561983,0.0603305785123967,0.0904617167455426,0.6844068625050977,38.5060009,-122.9766228,0.0776,0.4929,0.0,1
06097152601,Sonoma,6688,0.0,0.0,0,0.0,11.139966356832996,0.0,1,137.24437337579542,11.981891055640292,0.0183881064162754,0.010688042752171,4,0.5091940532081377,0.0183881064162754,0.03599043142908431,0.20484288684317292,38.5058699,-122.6643077,0.0825,0.3339,0.0,1
06097153709,Sonoma,1576,0.0,0.0,0,0.0,11.393893366679833,0.0,1,39.82472041851284,11.500913610636983,0.0596393897364771,0.0054406964091403,2,0.5298196948682385,0.0596393897364771,0.07468773364096815,0.6795248471112798,38.5480623,-123.024235,0.0,0.4159,0.0,1
06081611500,San Mateo,2873,0.0,0.0,0,0.0,9.91162949216023,0.0,1,686.3216498203643,12.429224196812383,0.0087431693989071,0.0412457912457912,5,0.5043715846994535,0.0087431693989071,0.0,0.08665905566916045,37.4675561,-122.1850155,0.0556,0.2353,0.0,1
06081611600,San Mateo,2335,0.0,0.0,0,0.0,9.835766700712599,0.0,1,2782.189355215221,12.429224196812383,0.0147453083109919,0.0209677419354838,5,0.5073726541554959,0.0147453083109919,0.0,0.14503141247699486,37.4748009,-122.1706968,0.0355,0.2253,0.0,1
06095251702,Solano,2803,0.0,0.0,0,0.0,9.993531247277756,0.0,1,4786.591748447625,11.335603389914535,0.0571725571725571,0.0549450549450549,1,0.5285862785862786,0.0571725571725571,0.08798785745439519,0.5713557365907234,38.122102,-122.2687692,0.1978,0.549,0.0,1
06095251803,Solano,4774,0.0,0.0,0,0.0,10.072067846889878,0.0,1,956.0308086937274,11.35759241975776,0.0119949494949494,0.026060070671378,1,0.5059974747474747,0.0119949494949494,0.08621871808615822,0.12081394513314783,38.1357308,-122.2650034,0.159,0.5263,0.0,1
06095251804,Solano,3313,0.0,0.0,0,0.0,10.110803136365778,0.0,1,1220.8362557200926,11.663506925563143,0.0287292817679558,0.0093896713615023,3,0.5143646408839779,0.0287292817679558,0.06160619996263461,0.29047611220498365,38.1503908,-122.282969,0.2165,0.484,0.0,1
06081612500,San Mateo,4524,0.0,0.0,0,0.0,9.93502991992203,0.0,1,2260.4442867497687,12.077477620399433,0.1114736269711799,0.0762463343108504,4,0.55573681348559,0.1114736269711799,0.028299962318095395,1.1074938192408998,37.4557091,-122.177839,0.0302,0.2855,0.0,1
06095251901,Solano,5762,0.0,0.0,0,0.0,10.074505729037881,0.0,1,1681.2407131777954,11.235893148683692,0.1596269884805266,0.0660813308687615,1,0.5798134942402633,0.1596269884805266,0.0960100992011017,1.608163009956129,38.1375695,-122.2403065,0.3558,0.639,0.0,1
06095251903,Solano,5672,0.0,0.0,0,0.0,10.083731853877968,0.0,1,2108.127077124529,11.340201701647915,0.0776361529548088,0.0193684210526315,1,0.5388180764774044,0.0776361529548088,0.08761789778027818,0.7828621485629476,38.1478379,-122.2282174,0.1777,0.5379,0.0,1
06097153301,Sonoma,6584,0.0,0.0,0,0.0,11.040513960798055,0.0,1,240.72564759567797,11.436433113981712,0.0082834790612057,0.0,2,0.5041417395306028,0.0082834790612057,0.07987554710657507,0.0914538662192199,38.3918573,-122.7695059,0.0595,0.461,0.0,1
06097151702,Sonoma,4181,0.0,0.0,0,0.0,11.06001094872329,0.0,1,1095.487525732609,11.373226520610652,0.1560920830993823,0.0114810562571756,1,0.5780460415496912,0.1560920830993823,0.08496086798985836,1.726380148088194,38.4546577,-122.6631418,0.1022,0.4951,0.0,1
06097152602,Sonoma,1082,0.0,0.0,0,0.0,11.16163684687423,0.0,1,14.552067531245164,11.445588364794219,0.0,0.0724381625441696,2,0.5,0.0,0.07913895641776492,0.0,38.5333374,-122.6225737,0.2226,0.5399,0.0,1
06097151506,Sonoma,6592,0.0,0.0,0,0.0,11.021287285781504,0.0,1,2693.0435979528465,11.500356809294374,0.0437007874015748,0.0165160486132751,2,0.5218503937007875,0.0437007874015748,0.07473253139614522,0.48163893256761686,38.4270571,-122.6702873,0.1078,0.4699,0.0,1
06097152402,Sonoma,2850,0.0,0.0,0,0.0,11.146533414444136,0.0,1,253.9698599121292,11.588830393059693,0.2268637532133676,0.054575986565911,2,0.6134318766066837,0.2268637532133676,0.06761434104376507,2.52874440571901,38.4894406,-122.7211476,0.1159,0.4523,0.0,1
06097151404,Sonoma,3190,0.0,0.0,0,0.0,11.044817669755844,0.0,1,2661.2941416150197,11.105303031508205,0.0157303370786516,0.0,1,0.5078651685393258,0.0157303370786516,0.10651679817986648,0.1737387049175067,38.4278406,-122.7036893,0.0063,0.4786,0.0,1
06097153711,Sonoma,2819,0.0,0.0,0,0.0,11.265955094597881,0.0,1,103.76476123276043,11.304374915958919,0.0081154192966636,0.0063424947145877,1,0.5040577096483319,0.0081154192966636,0.09050036132922479,0.09142794937004524,38.4669793,-122.9238834,0.0472,0.4779,0.0,1
06097154305,Sonoma,2173,0.0,0.0,0,0.0,11.195935493883471,0.0,1,20.84642498046371,11.91631508741399,0.0403022670025188,0.0127167630057803,4,0.5201511335012594,0.0403022670025188,0.041266381656381634,0.45122158161746884,38.3499066,-123.0135453,0.0936,0.359,0.0,1
06097152803,Sonoma,4785,0.0,0.0,0,0.0,11.123551652280925,0.0,1,3604.268638886947,11.223842411602819,0.0444591904445919,0.0314115308151093,1,0.522229595222296,0.0444591904445919,0.09697964781411683,0.49454410132901255,38.4655202,-122.7382164,0.033,0.4809,0.0,1
06097152204,Sonoma,4166,0.0,0.0,0,0.0,11.081273178973886,0.0,1,2246.3215213697304,11.270866642542865,0.0993690851735015,0.005068423720223,1,0.5496845425867507,0.0993690851735015,0.09319628771090893,1.1011359783522938,38.4630396,-122.6754382,0.0958,0.5054,0.0,1
06097152804,Sonoma,3118,0.0,0.0,0,0.0,11.116986687732181,0.0,1,4444.928517244613,11.058527432502881,0.1081481481481481,0.0,1,0.554074074074074,0.1081481481481481,0.11028015446539552,1.2022815232658501,38.4641357,-122.7310534,0.0063,0.4813,0.0,1
06097150501,Sonoma,2828,0.0,0.0,0,0.0,10.86026226450296,0.0,1,64.27618000980614,12.181954118121366,0.0630417651694247,0.0,5,0.5315208825847123,0.0630417651694247,0.019894248810350734,0.6846501033571601,38.3773322,-122.5730583,0.1405,0.319,0.0,1
06097154306,Sonoma,1633,0.0,0.0,0,0.0,11.19888941218658,0.0,1,37.68167976836731,11.498410632611979,0.0459770114942528,0.0,2,0.5229885057471264,0.0459770114942528,0.07488911210074733,0.5148914672269683,38.3856363,-122.9507491,0.0141,0.4238,0.0,1
06097152205,Sonoma,2168,0.0,0.0,0,0.0,11.099675574380168,0.0,1,2359.557219984664,11.829632216462626,0.0297684674751929,0.0,3,0.5148842337375964,0.0297684674751929,0.04824049923433915,0.3304203313211291,38.4751756,-122.6751526,0.0139,0.3417,0.0,1
06097153905,Sonoma,3410,0.0,0.0,0,0.0,11.367483760464214,0.0,1,68.57737579947276,11.56765983207028,0.0360294117647058,0.0,2,0.5180147058823529,0.0360294117647058,0.06931763005474312,0.40956375313437154,38.6081064,-122.8145185,0.017,0.4085,0.0,1
06097151403,Sonoma,4604,0.0,0.0,0,0.0,10.997860075105844,0.0,1,414.8411329377808,11.396099471203124,0.0941111722619702,0.0076923076923076,1,0.5470555861309851,0.0941111722619702,0.08312061229647905,1.0350215040413306,38.4060891,-122.685796,0.0522,0.4667,0.0,1
06097153712,Sonoma,2019,0.0,0.0,0,0.0,11.204783881058614,0.0,1,140.62842868516077,11.472113887062386,0.0376213592233009,0.0,2,0.5188106796116505,0.0376213592233009,0.07700483108152945,0.4215391994087577,38.4585904,-122.8653254,0.0991,0.4712,0.0,1
06097153601,Sonoma,1720,0.0,0.0,0,0.0,11.169826012723856,0.0,1,161.12866960708277,11.74893785642043,0.0,0.0,3,0.5,0.0,0.054732807906580416,0.0,38.4363229,-122.8579577,0.0574,0.3834,0.0,1
06097153810,Sonoma,3911,0.0,0.0,0,0.0,11.274963322123213,0.0,1,127.64667564031107,11.890039108378142,0.0061946902654867,0.0031104199066874,3,0.5030973451327434,0.0061946902654867,0.043380429855993885,0.06984490553527625,38.5252837,-122.8554317,0.1177,0.3794,0.0,1
06097153904,Sonoma,1776,0.0,0.0,0,0.0,11.327628241095889,0.0,1,108.12172201252808,11.45724360754295,0.0232300884955752,0.0,2,0.5116150442477876,0.0232300884955752,0.0782012275165741,0.26314180648563434,38.5845228,-122.8226027,0.0095,0.4301,0.0,1
06097153811,Sonoma,5487,0.0,0.0,0,0.0,11.2573280319658,0.0,1,793.1636452080119,11.931194913178492,0.0204778156996587,0.0024137931034482,4,0.5102389078498294,0.0204778156996587,0.04006921717299261,0.23052548870919723,38.5278326,-122.821957,0.0734,0.3447,0.0,1
06097151206,Sonoma,5403,0.0,0.0,0,0.0,10.915571542485473,0.0,1,378.37352654084106,11.235616076412237,0.0509125840537944,0.0014321518080916,1,0.5254562920268973,0.0509125840537944,0.09603239120155704,0.5557399536519979,38.3345436,-122.7257208,0.0934,0.5079,0.0,1
06081602100,San Mateo,3484,0.0,0.0,0,0.0,7.941849775463181,0.0,1,7254.729869235233,11.383431624735772,0.067527308838133,0.1262683201803833,1,0.5337636544190665,0.067527308838133,0.08413981078117616,0.5362917425337594,37.6618014,-122.4064186,0.0902,0.4875,0.0,1
06081602400,San Mateo,7636,0.0,0.462337846253021,0,0.0,7.531232024576791,0.0018493513850120838,0,2805.3505628775906,11.76563558548611,0.1060551773557864,0.0417639429312581,3,0.5521029129853872,0.10556484413295983,0.053290647293875976,0.7987261480740699,37.6444886,-122.4357422,0.0316,0.3659,0.0018493513850120838,0
06081602500,San Mateo,5293,0.0,0.0,0,0.0,7.929261744769539,0.0,1,4444.699599429401,11.981133733520021,0.0220293724966622,0.0773809523809523,4,0.5110146862483311,0.0220293724966622,0.036051362192604075,0.1746766605990618,37.6399723,-122.4505916,0.1082,0.3472,0.0,1
06095252000,Solano,4203,0.0,0.0,0,0.0,9.565911375191911,0.0,1,510.2095326673074,11.4116786984539,0.063412408759124,0.0151380231522707,2,0.531706204379562,0.063412408759124,0.08186717708571423,0.6065974822772234,38.0621001,-122.1791737,0.1207,0.4972,0.0,1
06095252103,Solano,6673,0.0,0.0,0,0.0,9.835937129002945,0.0,1,2896.8087142287445,11.540161182589472,0.0106331561140647,0.0239043824701195,2,0.5053165780570323,0.0106331561140647,0.0715300488707028,0.10458705502081365,38.1046332,-122.192134,0.145,0.4792,0.0,1
06095252105,Solano,3112,0.0,0.0,0,0.0,9.69121704934385,0.0,1,1183.1515331567125,11.803989312768417,0.0267857142857142,0.0202827289489858,3,0.5133928571428571,0.0267857142857142,0.05030361301265407,0.2595861709645666,38.0849333,-122.1823744,0.1881,0.4369,0.0,1
06095252106,Solano,4479,0.0,0.0,0,0.0,9.608259112158745,0.0,1,1566.721512649636,11.652200332221817,0.0286861732644865,0.07773851590106,3,0.5143430866322433,0.0286861732644865,0.06251587808592618,0.275624185661467,38.0753462,-122.1678055,0.1903,0.4739,0.0,1
06081603700,San Mateo,5644,0.0,0.0,0,0.0,7.967754099275558,0.0,1,3041.267279917668,11.714542984779978,0.050456253354804,0.1491588785046729,3,0.525228126677402,0.050456253354804,0.057500066031127894,0.4020230195018257,37.6326394,-122.4484921,0.108,0.4165,0.0,1
06081612600,San Mateo,4372,0.0,0.0,0,0.0,9.971277761667322,0.0,1,3356.451496455932,11.988929803890796,0.163135593220339,0.0497448979591836,4,0.5815677966101696,0.163135593220339,0.03542412510625603,1.6266703128143725,37.4492142,-122.181719,0.04,0.3113,0.0,1
06081612700,San Mateo,2064,0.0,0.0,0,0.0,10.010059726608196,0.0,1,1618.3005407995813,12.429224196812383,0.0093085106382978,0.0383747178329571,5,0.5046542553191489,0.0093085106382978,0.0,0.09317874745512876,37.4439637,-122.1886855,0.0734,0.2442,0.0,1
06081612800,San Mateo,3379,0.0,0.0,0,0.0,10.04687311061582,0.0,1,2046.5650652240436,12.429224196812383,0.0019920318725099,0.0,5,0.500996015936255,0.0019920318725099,0.0,0.020013691455409394,37.4364465,-122.1923294,0.0099,0.2125,0.0,1
06095252107,Solano,3342,0.0,0.0,0,0.0,9.514391526364701,0.0,1,1246.5155858315272,11.726325704001447,0.005921539600296,0.0220930232558139,3,0.502960769800148,0.005921539600296,0.056552080940916905,0.05633984619608928,38.0697573,-122.1542669,0.1512,0.4363,0.0,1
06095252108,Solano,2996,0.0,0.0,0,0.0,9.527330739183013,0.0,1,1795.8520704542182,11.96284755302692,0.0197693574958813,0.0073627844712182,4,0.5098846787479406,0.0197693574958813,0.037522586800314506,0.18834920736440802,38.0609883,-122.1631107,0.1178,0.3566,0.0,1
06095252306,Solano,3058,0.0,0.0,0,0.0,10.287100577604638,0.0,1,1638.9283621721029,11.617402590553914,0.0314523589269195,0.0100738750839489,2,0.5157261794634598,0.0314523589269195,0.06531554933787986,0.323553579684142,38.2655712,-122.0643005,0.1538,0.4641,0.0,1
06095252401,Solano,4820,0.0,0.0,0,0.0,10.23652586330741,0.0,1,3440.653087692044,11.230177864627965,0.0152949745083758,0.0396975425330812,1,0.5076474872541878,0.0152949745083758,0.09646992549156264,0.15656740213361642,38.2534089,-122.0580589,0.2023,0.5636,0.0,1
06095252402,Solano,5610,0.0,0.0,0,0.0,10.123375981802125,0.0,1,366.87341878871257,11.265732531648492,0.1179164281625644,0.0428954423592493,1,0.5589582140812822,0.1179164281625644,0.09360935539824611,1.1937123367208,38.2205759,-122.0685278,0.2301,0.5729,0.0,1
06095252501,Solano,3067,0.0,0.0,0,0.0,10.22317110500892,0.0,1,2724.77574559753,11.04332175574582,0.0950369588173178,0.0245664739884393,1,0.5475184794086589,0.0950369588173178,0.11150353546780445,0.971579091289126,38.2547036,-122.0412776,0.2204,0.5895,0.0,1
06081604000,San Mateo,3273,0.0,0.0,0,0.0,7.399561686855378,0.0,1,3577.010722892344,11.923384748066601,0.0584192439862542,0.0618854829381145,4,0.529209621993127,0.0584192439862542,0.04069758825941128,0.43227679957574305,37.62342,-122.4206865,0.0532,0.3365,0.0,1
06081604102,San Mateo,3164,0.8617824851810943,33.698730888203904,1,29.5,6.8684737371772115,0.20489839810824845,0,1363.3398915564912,11.641767127983346,0.1507191994996873,0.1321480057664584,2,0.47291040069571944,0.09992874206343251,0.05037389035170215,1.0352108634519748,37.6332687,-122.4257253,0.0625,0.3724,0.20489839810824845,0
06095252605,Solano,5914,0.0,0.0,0,0.0,10.263388038214545,0.0,1,3759.5219976768194,11.070988262792044,0.056471764117941,0.0101302460202604,1,0.5282358820589705,0.056471764117941,0.10927761158002713,0.579591628344949,38.2655914,-122.039698,0.2735,0.6142,0.0,1
06095252606,Solano,6206,0.0,0.0,0,0.0,10.254406786752417,0.0,1,4739.279311930972,11.082327147223067,0.2152230971128609,0.023291332569683,1,0.6076115485564304,0.2152230971128609,0.10836533545953275,2.2069851876999955,38.265491,-122.0295802,0.1462,0.5497,0.0,1
06095252607,Solano,3740,0.0,0.0,0,0.0,10.212452959366932,0.0,1,4856.954319501741,11.011010027333993,0.0809007506255212,0.0515843773028739,1,0.5404503753127606,0.0809007506255212,0.11410319316969975,0.8261951101406101,38.2546226,-122.0294348,0.1761,0.5689,0.0,1
06095252608,Solano,4559,0.0,0.0,0,0.0,10.251259670767345,0.0,1,5027.382666965623,11.354199333711149,0.0361204013377926,0.0138476755687438,1,0.5180602006688964,0.0361204013377926,0.08649171067144612,0.37027961352604416,38.2665083,-122.0232104,0.1691,0.5316,0.0,1
06095252703,Solano,4222,0.0,0.0,0,0.0,10.186532069891053,0.0,1,3206.925433190627,11.368824120995972,0.0343347639484978,0.0036610878661087,1,0.5171673819742489,0.0343347639484978,0.08531506544779865,0.34975217407351195,38.2485983,-122.0272236,0.1972,0.5439,0.0,1
06095252704,Solano,5345,0.0,0.0,0,0.0,10.17607289429743,0.0,1,4015.95381139544,11.315949048360237,0.0615901455767077,0.0052910052910052,1,0.5307950727883538,0.0615901455767077,0.08956915820519662,0.626745810958968,38.2490976,-122.014721,0.153,0.5284,0.0,1
06095252705,Solano,6372,0.0,0.0,0,0.0,10.16089679003647,0.0,1,3690.419338982306,11.552078868165937,0.0122994652406417,0.0169172932330827,2,0.5061497326203208,0.0122994652406417,0.07057120498891634,0.12497359688280138,38.2500177,-121.9964026,0.1842,0.4954,0.0,1
06095252706,Solano,4247,0.0,0.0,0,0.0,10.18871797118257,0.0,1,1018.8419697459605,11.675970755915507,0.0176565008025682,0.0488431876606683,3,0.5088282504012841,0.0176565008025682,0.060603415705547836,0.1798971070353261,38.2579938,-121.9778293,0.2519,0.4983,0.0,1
06095252707,Solano,4297,0.0,0.0,0,0.0,10.213445070200958,0.0,1,1139.250486353557,11.293798835013952,0.1105620753551575,0.033115671641791,1,0.5552810376775787,0.1105620753551575,0.09135126567993068,1.1292196834873203,38.2599906,-122.0011886,0.1712,0.5409,0.0,1
06097150205,Sonoma,4350,0.0,0.0,0,0.0,10.694994323604165,0.0,1,279.86381344278976,11.517236160557314,0.0100446428571428,0.0,2,0.5050223214285714,0.0100446428571428,0.07337449400011298,0.10742739833977337,38.3260902,-122.4518786,0.0803,0.4528,0.0,1
06097150206,Sonoma,1184,0.0,0.0,0,0.0,10.650931819709529,0.0,1,71.11840674384743,11.446539905774255,0.0,0.0,2,0.5,0.0,0.07906239967013773,0.0,38.3121064,-122.427682,0.0432,0.4493,0.0,1
06097150502,Sonoma,1322,0.0,0.0,0,0.0,10.8697432795137,0.0,1,22.51937486359145,11.841466331265162,0.0249520153550863,0.0134453781512605,3,0.5124760076775432,0.0249520153550863,0.04728837908467032,0.271222001216272,38.4023254,-122.4987558,0.1345,0.3988,0.0,1
06097151505,Sonoma,1305,0.0,0.0,0,0.0,10.940520704947458,0.0,1,52.94325036984255,12.037719080544425,0.0,0.0,4,0.5,0.0,0.03149875728916074,0.0,38.3861148,-122.6519679,0.0461,0.3048,0.0,1
06097154307,Sonoma,783,0.0,0.0,0,0.0,11.604632999163567,0.0,1,6.219947678510565,11.403289154449613,0.0432432432432432,0.0,2,0.5216216216216216,0.0432432432432432,0.08254216241637047,0.501821967531397,38.5786079,-123.3140349,0.0733,0.4755,0.0,1
06081604400,San Mateo,5314,0.4740615400410525,60.00435732563202,1,25.4,6.370268847272663,0.2923392755037597,0,2519.163023778153,11.707439062529545,0.0418875927889713,0.1135371179039301,3,0.37477415864260577,0.01675321193677129,0.0410950018254723,0.2668352274308269,37.6044311,-122.3887434,0.0659,0.3387,0.2923392755037597,0
06081604800,San Mateo,5349,0.0,24.909227105897635,0,0.0,6.87705256407551,0.09963690842359055,0,5173.507069377624,11.879538858503429,0.1735928458705944,0.135593220338983,3,0.5369779687235019,0.13035220965309718,0.03981876766862104,1.193807125799536,37.5995339,-122.3977958,0.0855,0.3459,0.09963690842359055,0
06081605100,San Mateo,2927,0.0,5.077362876811832,0,0.0,7.456056457401682,0.02030945150724733,0,687.0020744450854,11.839837865913678,0.0715488215488215,0.1435643564356435,3,0.5256196850207872,0.0679160282447053,0.046456336183908264,0.5334720529285711,37.5973795,-122.3682086,0.1473,0.402,0.02030945150724733,0
06081605200,San Mateo,3623,0.0,0.0,0,0.0,7.637702235216428,0.0,1,3822.700925166561,12.123277820921258,0.0066716085989621,0.1018685955394816,4,0.5033358042994811,0.0066716085989621,0.024615082248624076,0.05095575990878197,37.5833866,-122.3766437,0.1519,0.3362,0.0,1
06095252610,Solano,2906,0.0,0.0,0,0.0,10.25565059217495,0.0,1,2956.9861250511376,11.320565693461432,0.0,0.0,1,0.5,0.0,0.08919772350999011,0.0,38.2700745,-122.006417,0.1352,0.5187,0.0,1
06095252908,Solano,3708,0.0,0.0,0,0.0,10.490661542681586,0.0,1,3377.73266400776,11.537627833610571,0.0202265372168284,0.0114583333333333,2,0.5101132686084142,0.0202265372168284,0.07173387084211347,0.2121897561221995,38.342431,-121.9569363,0.1573,0.4858,0.0,1
06095252909,Solano,5112,0.0,0.0,0,0.0,10.497593209549938,0.0,1,903.55525822051,11.861749672364247,0.0069974554707379,0.0041904761904761,3,0.503498727735369,0.0069974554707379,0.04565647183302646,0.07345644103374624,38.3446313,-121.9249586,0.141,0.3971,0.0,1
06095253000,Solano,5774,0.0,0.0,0,0.0,10.436874198913863,0.0,1,1603.2446249931752,11.780445645598057,0.050834597875569,0.0510949092613641,1,0.5,0.0,0.04551129022074418,0.0,38.3213127,-121.9786503,0.0999,0.5477,0.0,1
06095252801,Solano,2720,0.0,0.0,0,0.0,10.272505365657855,0.0,1,1061.4439994153013,11.265527642480011,0.0063856960408684,0.0,1,0.5031928480204342,0.0063856960408684,0.09362583986785078,0.06559709684328076,38.2790208,-121.9458892,0.0,0.4582,0.0,1
06081605300,San Mateo,5149,0.0,0.0,0,0.0,7.999643048137153,0.0,1,4660.3803855158585,12.069479427441248,0.0077279752704791,0.0895883777239709,4,0.5038639876352395,0.0077279752704791,0.028943461287261663,0.06182104364866396,37.5820081,-122.3620338,0.0759,0.3106,0.0,1
06081605400,San Mateo,6790,0.0,0.0,0,0.0,8.26511366153171,0.0,1,1731.1921130960566,12.026156194150063,0.043943870014771,0.112075378130424,4,0.5219719350073855,0.043943870014771,0.03242905560957621,0.3632010803996575,37.5910356,-122.3453899,0.2184,0.3925,0.0,1
06081605800,San Mateo,2723,0.0,0.0,0,0.0,8.542236714007078,0.0,1,2260.502982378837,12.158320442492661,0.0246659815005138,0.0981848184818481,5,0.512332990750257,0.0246659815005138,0.02179570905070638,0.2107026527607084,37.5680135,-122.345218,0.0644,0.2855,0.0,1
06095253101,Solano,5156,0.0,0.0,0,0.0,10.525501432066726,0.0,1,827.2067368466087,11.61043322831804,0.0625986322987901,0.0035516969218626,2,0.5312993161493951,0.0625986322987901,0.06587627317112288,0.6588819939063336,38.3504671,-122.0064354,0.0947,0.4378,0.0,1
06095253105,Solano,7130,0.0,0.0,0,0.0,10.526499103991819,0.0,1,2884.22667212148,11.445727410406752,0.03125,0.0,2,0.515625,0.03125,0.07912776942730348,0.32895309699974434,38.3539119,-121.9670998,0.0786,0.4675,0.0,1
06095253106,Solano,3797,0.0,0.0,0,0.0,10.489487389586579,0.0,1,3473.3887600994663,11.352862341041368,0.0388548057259713,0.0,1,0.5194274028629856,0.0388548057259713,0.08659927914463561,0.40756699468741237,38.3417498,-121.9660442,0.116,0.5057,0.0,1
06095253107,Solano,5862,0.0,0.0,0,0.0,10.492704340428794,0.0,1,2305.0208971154234,11.254815139660025,0.0846873461349089,0.0130763936682725,1,0.5423436730674545,0.0846873461349089,0.0944877201147879,0.8885992843691543,38.3420882,-121.9790499,0.1487,0.5341,0.0,1
06095253201,Solano,5230,0.0,0.0,0,0.0,10.584067568276716,0.0,1,1039.6934426183668,11.794345471549745,0.0148619957537154,0.0,3,0.5074309978768577,0.0148619957537154,0.051079513508611396,0.15730036725676544,38.3703098,-122.011505,0.1478,0.4187,0.0,1
06085503111,Santa Clara,5243,0.0,0.0,0,0.0,8.694133131408845,0.0,1,5792.291316919363,11.685743674332373,0.0167844522968197,0.0163800163800163,3,0.5083922261484098,0.0167844522968197,0.05981713023333213,0.14592626280633145,37.3225494,-121.839789,0.0586,0.3988,0.0,1
06085503112,Santa Clara,4062,0.0,0.0,0,0.0,8.545109745137866,0.0,1,3572.62664101536,11.185323768517204,0.1602787456445993,0.0327868852459016,1,0.5801393728222997,0.1602787456445993,0.10007868621552352,1.3695994713461388,37.3223269,-121.8710045,0.0772,0.5068,0.0,1
06085506302,Santa Clara,6180,0.0,0.0,0,0.0,9.193508141601672,0.0,1,3067.9971734757028,12.101578421200305,0.0266129032258064,0.0028901734104046,4,0.5133064516129032,0.0266129032258064,0.026360919267680916,0.24466594247810855,37.3088699,-121.956866,0.0457,0.2872,0.0,1
06085511200,Santa Clara,4995,0.0,0.0,0,0.0,9.858755433590561,0.0,1,2425.3248046940707,12.429224196812383,0.0157434402332361,0.0368377483443708,5,0.5078717201166181,0.0157434402332361,0.0,0.15521072694282467,37.4511933,-122.1470199,0.0435,0.2293,0.0,1
06085509801,Santa Clara,5921,0.0,0.0,0,0.0,9.804661097393726,0.0,1,3510.952663345293,12.10572178280283,0.0707892595606183,0.0343932511356262,4,0.5353946297803092,0.0707892595606183,0.026027562854045172,0.6940646993273011,37.378794,-122.0894335,0.0412,0.2844,0.0,1
06085512401,Santa Clara,4600,0.0,0.0,0,0.0,10.634184315245232,0.0,1,111.1841156675,11.953963615922948,0.0,0.0232662192393736,4,0.5,0.0,0.03823734879698448,0.0,37.0596718,-121.6052179,0.2993,0.45,0.0,1
06085511911,Santa Clara,5049,0.0,0.0,0,0.0,9.89078656401537,0.0,1,132.233552878498,12.012621382693455,0.014947683109118,0.0132553606237816,4,0.507473841554559,0.014947683109118,0.03351800623451384,0.14784434325882378,37.2009977,-121.8180552,0.0967,0.3352,0.0,1
06085506801,Santa Clara,6111,0.0,0.0,0,0.0,9.666546632155312,0.0,1,2112.7518824188955,12.314653470421758,0.049070986183897,0.0113304093567251,5,0.5245354930919485,0.049070986183897,0.00921785017121246,0.47434697623248934,37.2422641,-121.9563613,0.0855,0.2712,0.0,1
06085507600,Santa Clara,6018,0.0,0.0,0,0.0,9.857351302960204,0.0,1,433.780098461409,12.429224196812383,0.0277915632754342,0.0089389817333851,5,0.5138957816377171,0.0277915632754342,0.0,0.2739512024644023,37.2712569,-122.0526822,0.0377,0.2264,0.0,1
06085505202,Santa Clara,7912,0.0,0.0,0,0.0,8.93256660484743,0.0,1,863.4134279408735,11.711325402393522,0.0925123762376237,0.0096291743495185,3,0.5462561881188118,0.0925123762376237,0.057758938373882907,0.8263729625152785,37.3702943,-121.9606672,0.0225,0.3745,0.0,1
06085512035,Santa Clara,4900,0.0,0.0,0,0.0,9.850623410397581,0.0,1,2144.826265913751,12.13742971280751,0.0495426829268292,0.0,5,0.5247713414634146,0.0495426829268292,0.02347648408174241,0.4880263122529283,37.2236094,-121.7614495,0.0479,0.2815,0.0,1
06085511913,Santa Clara,4624,0.0,0.0,0,0.0,9.66390501992577,0.0,1,2403.566279303732,12.429224196812383,0.0160614525139664,0.0296264491197939,5,0.5080307262569832,0.0160614525139664,0.0,0.15521635157701927,37.2275027,-121.8912184,0.079,0.247,0.0,1
06085502500,Santa Clara,6537,0.0,0.0,0,0.0,9.050285417798083,0.0,1,2618.311240303693,12.267746128863712,0.0172413793103448,0.013458162668227,5,0.5086206896551724,0.0172413793103448,0.012991805875549711,0.1560394037551391,37.2931927,-121.8928401,0.0538,0.2619,0.0,1
06085506502,Santa Clara,4893,0.0,0.0,0,0.0,9.385147345043535,0.0,1,1592.9426736926755,11.871131236594133,0.0109056424845898,0.0150753768844221,3,0.5054528212422948,0.0109056424845898,0.044901672975001916,0.10235106161024195,37.2792209,-121.9460918,0.0727,0.3615,0.0,1
06085507206,Santa Clara,2594,0.0,0.0,0,0.0,9.74052029017108,0.0,1,801.2523892714868,12.429224196812383,0.0,0.0063157894736842,5,0.5,0.0,0.0,0.0,37.2436526,-121.985561,0.0547,0.2349,0.0,1
06085504308,Santa Clara,4895,0.0,0.0,0,0.0,8.740023587413503,0.0,1,262.9853138442534,12.100023003590477,0.0339204174820613,0.0136323658751099,4,0.5169602087410307,0.0339204174820613,0.02648606123834607,0.29646524888812914,37.4093718,-121.8131628,0.091,0.3105,0.0,1
06085504202,Santa Clara,4184,0.0,0.0,0,0.0,8.900589503487655,0.0,1,269.8166247340759,12.055923947082213,0.0,0.0026304252520824,4,0.5,0.0,0.030034074839997427,0.0,37.3764599,-121.7923207,0.1083,0.3315,0.0,1
06085504201,Santa Clara,5936,0.0,0.0,0,0.0,8.52938862196461,0.0,1,1983.9858272099768,12.125621521132548,0.0205213533000554,0.019382192610539,5,0.5102606766500277,0.0205213533000554,0.024426518572068012,0.17503459734480845,37.3845968,-121.8211354,0.0672,0.2935,0.0,1
06085503113,Santa Clara,4746,0.0,0.0,0,0.0,8.681785632767244,0.0,1,6516.15604725238,11.409662747394549,0.1362951807228915,0.0488222698072805,2,0.5681475903614458,0.1362951807228915,0.08202937152580381,1.1832855418154147,37.3156874,-121.8809726,0.0677,0.471,0.0,1
06085510500,Santa Clara,4637,0.0,0.0,0,0.0,9.907369630605988,0.0,1,1774.2667482426905,12.429224196812383,0.0541344437834622,0.0153520381154049,5,0.527067221891731,0.0541344437834622,0.0,0.5363299443100206,37.3927552,-122.1201614,0.0503,0.2327,0.0,1
06085512031,Santa Clara,4378,0.0,0.0,0,0.0,9.69661882585206,0.0,1,3049.351445318922,12.127667762555895,0.0036310820624546,0.0298368298368298,5,0.5018155410312273,0.0036310820624546,0.024261887104251145,0.035209218685011,37.231499,-121.8102325,0.1002,0.309,0.0,1
06085502902,Santa Clara,9155,0.0,0.0,0,0.0,9.319426341694344,0.0,1,3483.1426644600847,12.091648960930206,0.0424202564945741,0.01819720694033,4,0.5212101282472871,0.0424202564945741,0.02715979939992974,0.39533245579696447,37.273586,-121.9156579,0.0571,0.2949,0.0,1
06085502601,Santa Clara,3048,0.0,0.0,0,0.0,9.147286065273086,0.0,1,2161.0585672341704,11.907787896160459,0.1471230881281864,0.0095617529880478,4,0.5735615440640932,0.1471230881281864,0.04195244147141963,1.3457769739149035,37.2902315,-121.914692,0.055,0.3421,0.0,1
06085503803,Santa Clara,4988,0.0,0.0,0,0.0,7.926547946758093,0.0,1,4738.420922432093,11.998439434579149,0.0354267310789049,0.0264183629276743,4,0.5177133655394525,0.0354267310789049,0.03465902259158815,0.28081168249384475,37.3835982,-121.8497624,0.0546,0.317,0.0,1
06085512052,Santa Clara,4279,0.0,0.0,0,0.0,9.517181530990499,0.0,1,2786.1391197224325,11.795838684496879,0.05,0.0186440677966101,3,0.525,0.05,0.05095937624795144,0.475859076549525,37.2484034,-121.8645577,0.0411,0.365,0.0,1
06097153602,Sonoma,3824,0.0,0.0,0,0.0,11.176882649219358,0.0,1,123.3775279814305,12.051696940386618,0.0232120451693851,0.0204778156996587,4,0.5116060225846926,0.0232120451693851,0.030374160965137786,0.25943830490659636,38.415157,-122.8986059,0.1277,0.3424,0.0,1
06097151701,Sonoma,3667,0.0,0.0,0,0.0,11.048919503637205,0.0,1,2557.1883302452493,11.444882142518866,0.0109114249037227,0.0,2,0.5054557124518614,0.0109114249037227,0.07919577591543991,0.12055945543121445,38.4428937,-122.6739179,0.0805,0.469,0.0,1
06097153707,Sonoma,1558,0.0,0.0,0,0.0,11.373482025207156,0.0,1,51.582026834266266,11.30943747131446,0.0610211706102117,0.0197775030902348,1,0.5305105853051059,0.0610211706102117,0.09009305068172357,0.694023187092342,38.4964073,-123.0457323,0.1026,0.5049,0.0,1
06097153201,Sonoma,4195,0.0,0.0,0,0.0,11.031891183413588,0.0,1,1430.215066812077,11.58975686807408,0.023168908819133,0.0152640264026402,2,0.5115844544095665,0.023168908819133,0.06753980099205181,0.25559688093110666,38.4078526,-122.7283931,0.0441,0.4162,0.0,1
06085506802,Santa Clara,5885,0.0,0.0,0,0.0,9.586266214022766,0.0,1,2879.3802410735325,12.175520650235654,0.0303186022610483,0.015166501813386,5,0.5151593011305241,0.0303186022610483,0.020411856971877085,0.29064219251148155,37.2469476,-121.9361955,0.0488,0.2743,0.0,1
06085500800,Santa Clara,4483,0.0,0.0,0,0.0,8.432512512270561,0.0,1,2600.789454543459,11.932378944680496,0.2144329896907216,0.0980908492429229,4,0.6072164948453608,0.2144329896907216,0.03997395527383829,1.8082088686105942,37.3306153,-121.8955567,0.0859,0.3508,0.0,1
06085502302,Santa Clara,3332,0.0,0.0,0,0.0,8.898320920935566,0.0,1,4942.177218224342,11.702073667106461,0.041014168530947,0.0085642317380352,3,0.5205070842654735,0.041014168530947,0.058503291773625565,0.3649572338937028,37.3083189,-121.908379,0.0368,0.3835,0.0,1
06085501102,Santa Clara,4191,0.0,0.0,0,0.0,7.441043192620814,0.0,1,3420.813618909452,11.807466461132941,0.0398818316100443,0.0100574712643678,3,0.5199409158050221,0.0398818316100443,0.05002385714780966,0.2967624316111697,37.3540383,-121.8812234,0.0647,0.3735,0.0,1
06085502703,Santa Clara,4015,0.0,0.0,0,0.0,9.504109504663194,0.0,1,2870.0341673651865,11.847274019602882,0.0119760479041916,0.0567470956210902,3,0.5059880239520957,0.0119760479041916,0.046821118357391,0.11382167071452912,37.261793,-121.945591,0.08,0.3693,0.0,1
06085511917,Santa Clara,4220,0.0,0.0,0,0.0,9.839216200933423,0.0,1,1475.8897498151266,12.384528406421168,0.0095238095238095,0.0419753086419753,5,0.5047619047619047,0.0095238095238095,0.003596024151103272,0.09370682096127046,37.201114,-121.8480117,0.1244,0.282,0.0,1
06085511918,Santa Clara,3127,0.0,0.0,0,0.0,9.890369242553746,0.0,1,148.8180097954328,12.353306602744034,0.0238095238095238,0.0390417036379769,5,0.5119047619047619,0.0238095238095238,0.006107991365045806,0.2354849819655653,37.1857459,-121.8427384,0.0745,0.261,0.0,1
06085509110,Santa Clara,3248,0.0,0.0,0,0.0,9.668289108040673,0.0,1,5344.438342831441,12.205182249245027,0.0210052513128282,0.0424387328153018,5,0.5105026256564141,0.0210052513128282,0.018025416873952094,0.20308484247947392,37.372961,-122.0635682,0.0371,0.2641,0.0,1
06085505011,Santa Clara,4875,0.0,0.0,0,0.0,8.69018133521584,0.0,1,4224.386305357214,12.186543180921669,0.0766823161189358,0.0126107702794819,5,0.5383411580594679,0.0766823161189358,0.01952503326418009,0.6663832322778966,37.403787,-121.9576916,0.0041,0.2503,0.0,1
06085508705,Santa Clara,4463,0.0,0.0,0,0.0,9.39726578704034,0.0,1,7319.318897885336,12.085609772314525,0.0651483050847457,0.0481886534518113,4,0.5325741525423728,0.0651483050847457,0.027645685608115533,0.612215938456547,37.3703845,-122.017895,0.0284,0.2821,0.0,1
06085512515,Santa Clara,5028,0.0,0.0,0,0.0,10.673507268177804,0.0,1,486.2395128617023,11.995289883914184,0.0315717227179135,0.014525646845211,4,0.5157858613589568,0.0315717227179135,0.03491242140514983,0.33698101189854407,37.0334208,-121.6278603,0.1226,0.3515,0.0,1
06085508509,Santa Clara,4186,0.0,0.0,0,0.0,9.454113865043697,0.0,1,7697.914380189074,11.95641826717505,0.1080121703853955,0.052437223042836,4,0.5540060851926978,0.1080121703853955,0.03803985849403135,1.0211593576340297,37.3653324,-122.0239218,0.0063,0.3029,0.0,1
06085508005,Santa Clara,3615,0.0,0.0,0,0.0,9.594405657853166,0.0,1,3430.0047071964805,11.998654794677446,0.1207012811867835,0.000669792364367,4,0.5603506405933918,0.1207012811867835,0.03464169567762421,1.1580570551286016,37.3169847,-122.0275787,0.0194,0.2993,0.0,1
06085504508,Santa Clara,4302,0.0,0.0,0,0.0,7.687329389558818,0.0,1,4518.66805464707,12.275659340668955,0.0,0.0,5,0.5,0.0,0.012355144111312333,0.0,37.4216684,-121.9105196,0.0558,0.2621,0.0,1
06085512054,Santa Clara,4150,0.0,0.0,0,0.0,9.287806102356384,0.0,1,11456.57193735086,11.663506925563143,0.048283885980221,0.0292745014849384,3,0.5241419429901105,0.048283885980221,0.06160619996263461,0.44845137085257647,37.2760754,-121.836858,0.1107,0.4311,0.0,1
06085505013,Santa Clara,5965,0.0,0.0,0,0.0,8.360353835723673,0.0,1,9824.426065358131,12.129342777671445,0.1149253731343283,0.1188254040519007,5,0.5574626865671641,0.1149253731343283,0.02412712285114671,0.9608167841055559,37.4073881,-121.9391312,0.0519,0.2845,0.0,1
06085504902,Santa Clara,4616,0.0,0.0,0,0.0,8.666678602716683,0.0,1,5656.248501142514,12.295689375637984,0.1303873431533006,0.0054426705370101,5,0.5651936715766503,0.1303873431533006,0.010743616742277862,1.130025196971788,37.39557,-121.9540658,0.0497,0.2563,0.0,1
06085508707,Santa Clara,4033,0.0,0.0,0,0.0,9.40569292519427,0.0,1,3638.1303905985833,12.162329722582255,0.1451917033312382,0.1020566550252231,5,0.5725958516656191,0.1451917033312382,0.021473140238195687,1.3656285768195324,37.3799483,-122.023162,0.099,0.302,0.0,1
06085508706,Santa Clara,4079,0.0,0.0,0,0.0,9.316815094211162,0.0,1,4804.054001618914,12.197289183620564,0.0753768844221105,0.0490486257928118,5,0.5376884422110553,0.0753768844221105,0.01866045776624592,0.7022724945385294,37.3693384,-122.0059341,0.123,0.3081,0.0,1
06085505901,Santa Clara,4153,0.0,0.0,0,0.0,9.080899795744674,0.0,1,3271.6265807988184,12.040147922897566,0.1824451410658307,0.0647312671635935,4,0.5912225705329154,0.1824451410658307,0.03130334345522545,1.6567660442393104,37.3273218,-121.9595385,0.0636,0.3129,0.0,1
06085503221,Santa Clara,2338,0.0,0.0,0,0.0,8.959366770940818,0.0,1,2216.1598393731565,10.957747316133442,0.2180267965895249,0.0613810741687979,1,0.6090133982947624,0.2180267965895249,0.1183884735988846,1.9533820365388623,37.3012945,-121.8501153,0.1697,0.5684,0.0,1
06085503220,Santa Clara,5092,0.0,0.0,0,0.0,9.167529506840317,0.0,1,5360.2697467542375,11.425743164283066,0.0340488527017024,0.0638409209837781,2,0.5170244263508512,0.0340488527017024,0.08073561282985553,0.31214386181691645,37.2873934,-121.8380451,0.1334,0.5002,0.0,1
06085501101,Santa Clara,4369,0.0,0.0,0,0.0,7.912108312570449,0.0,1,6651.069935826734,11.391706533377944,0.1521511017838405,0.0863157894736842,1,0.5760755508919202,0.1521511017838405,0.08347404850099349,1.203835997190677,37.3480957,-121.8919669,0.0758,0.4797,0.0,1
06085503122,Santa Clara,3451,0.0,0.0,0,0.0,8.767320288447985,0.0,1,946.8398578009948,10.903107891997287,0.1681780708985985,0.0457072266831377,1,0.5840890354492992,0.1681780708985985,0.12278451821687197,1.474471013061326,37.3124908,-121.8569324,0.0945,0.5327,0.0,1
06085503121,Santa Clara,5056,0.0,0.0,0,0.0,8.843296214367465,0.0,1,2355.9936908584955,11.212684863271052,0.0893561103810775,0.0470743510778706,1,0.5446780551905388,0.0893561103810775,0.0978773344400149,0.790202552663584,37.3061873,-121.8725034,0.154,0.543,0.0,1
06085502301,Santa Clara,3185,0.0,0.0,0,0.0,8.98939410076984,0.0,1,2595.281585817341,12.024754585065315,0.034181240063593,0.0404390525707683,4,0.5170906200317965,0.034181240063593,0.03254182283161311,0.3072686377846606,37.3010965,-121.9070616,0.0982,0.3331,0.0,1
06085503118,Santa Clara,4413,0.0,0.0,0,0.0,8.733171509096598,0.0,1,7795.968563190877,11.436659782016552,0.021094264996704,0.0131147540983606,2,0.510547132498352,0.021094264996704,0.07985731040641986,0.184219834074549,37.3186929,-121.8429993,0.1406,0.5014,0.0,1
06085502604,Santa Clara,3998,0.0,0.0,0,0.0,9.297978267420994,0.0,1,3120.421117976949,11.611829180284683,0.0286532951289398,0.0,2,0.5143266475644699,0.0286532951289398,0.06576396109560323,0.2664177153988821,37.2838102,-121.9372335,0.0546,0.4169,0.0,1
06085512047,Santa Clara,5783,0.0,0.0,0,0.0,9.57592721942801,0.0,1,3497.1630577649075,12.143207390368623,0.0072420036210018,0.003254149040026,5,0.5036210018105008,0.0072420036210018,0.02301163788783467,0.06934889959754735,37.2410744,-121.8445214,0.0794,0.2966,0.0,1
06085503117,Santa Clara,2823,0.0,0.0,0,0.0,8.517860105145857,0.0,1,5623.992403007285,11.402932011588675,0.088150289017341,0.0032679738562091,2,0.5440751445086704,0.088150289017341,0.08257089653969818,0.7508518300778859,37.3274052,-121.8516044,0.0408,0.4595,0.0,1
06097153202,Sonoma,3299,0.0,0.0,0,0.0,10.992254874457403,0.0,1,338.6938176639724,11.150419266551891,0.0557553956834532,0.0,1,0.5278776978417266,0.0557553956834532,0.10288694692533229,0.6128775199787397,38.3820955,-122.7284091,0.111,0.5277,0.0,1
06097151406,Sonoma,2963,0.0,0.0,0,0.0,11.035503898575048,0.0,1,1705.8135472116137,10.828103533156273,0.0776906628652886,0.044867437117607,1,0.5388453314326443,0.0776906628652886,0.1288190347444803,0.857355612932772,38.4187838,-122.7104093,0.0619,0.5185,0.0,1
06001444602,Alameda,4935,0.0,0.0,0,0.0,8.629997288873776,0.0,1,878.2847202137781,12.07397451101465,0.0503833515881708,0.0414762741652021,4,0.5251916757940854,0.0503833515881708,0.02858180689095946,0.4348081876102882,37.5116224,-122.0028758,0.1016,0.3219,0.0,1
06001450502,Alameda,6266,0.0,0.5682638909036163,0,0.0,8.204054078780407,0.002273055563614465,0,554.743090607894,12.216042778167484,0.0181461500735654,0.0363086232980332,5,0.5079365472549755,0.018043032055108148,0.01711264050492687,0.14887199652519562,37.7102505,-121.9676415,0.1731,0.3299,0.002273055563614465,0
06001450751,Alameda,12662,0.0,0.0,0,0.0,8.561673600837162,0.0,1,1264.756870675226,12.429224196812383,0.0022390148334732,0.075592885375494,5,0.5011195074167366,0.0022390148334732,0.0,0.01916971419163031,37.7164128,-121.8428623,0.2128,0.3139,0.0,1
06001450752,Alameda,9631,0.0,0.0,0,0.0,8.778138711522717,0.0,1,553.6187663753608,12.429224196812383,0.0192444761225944,0.0647537805350911,5,0.5096222380612973,0.0192444761225944,0.0,0.1689306808347205,37.7409198,-121.823992,0.2449,0.33,0.0,1
06001435602,Alameda,5671,0.0,0.0,0,0.0,7.708720787892971,0.0,1,4960.911610247467,11.363264690415821,0.0653634697617593,0.0377272727272727,1,0.5326817348808797,0.0653634697617593,0.08576235246202568,0.5038687381212875,37.6819299,-122.107,0.1032,0.4979,0.0,1
06001437101,Alameda,7960,0.0,0.0,0,0.0,8.796725290067897,0.0,1,140.94836983789193,11.854264411353435,0.0400881057268722,0.0819265143992055,3,0.5200440528634361,0.0400881057268722,0.04625870258309461,0.35264405347849237,37.6059048,-122.126873,0.1999,0.4279,0.0,1
06001438203,Alameda,4091,0.0,1.888525491927932,0,0.0,7.640075978818799,0.007554101967711728,0,778.3493021983271,11.764221004183849,0.0704225352112676,0.0658372213582167,3,0.5314342166217779,0.06909258768174088,0.05309902534961305,0.5380335196351266,37.6156286,-122.0575298,0.1234,0.4114,0.007554101967711728,0
06001443105,Alameda,4668,0.0,0.0,0,0.0,7.723378786475933,0.0,1,1419.0921650634716,12.327387215748939,0.0329444063143445,0.0659392789373814,5,0.5164722031571722,0.0329444063143445,0.00819334975786834,0.25444212886125206,37.5218355,-121.932256,0.1167,0.2854,0.0,1
06001443321,Alameda,3372,0.0,0.0,0,0.0,7.543322018741511,0.0,1,6033.553537122454,11.791987995676083,0.0228471001757469,0.0241404535479151,3,0.5114235500878734,0.0228471001757469,0.05126918551358395,0.17234303382010463,37.4902703,-121.9242859,0.0249,0.3582,0.0,1
06001451504,Alameda,1539,0.0,0.0,0,0.0,9.596400564736296,0.0,1,473.9149148013486,11.995869998348764,0.0522388059701492,0.0206746463547334,4,0.5261194029850746,0.0522388059701492,0.03486574798246511,0.5013045071130896,37.6979401,-121.7322366,0.2231,0.4016,0.0,1
06001403502,Alameda,1919,0.0,0.0,0,0.0,7.212176485242486,0.0,1,10594.37665147146,11.594311884842648,0.1618962432915921,0.3335826477187734,2,0.580948121645796,0.1618962432915921,0.06717332463790116,1.167624278916717,37.8159444,-122.2569636,0.1444,0.465,0.0,1
06085502901,Santa Clara,6213,0.0,0.0,0,0.0,9.370955707518295,0.0,1,3300.4086379965424,11.925107960825917,0.0533642691415313,0.0561926605504587,4,0.5266821345707656,0.0533642691415313,0.04055894623863587,0.5000742024893752,37.2713891,-121.9270197,0.0421,0.3306,0.0,1
06085503337,Santa Clara,4330,0.0,0.0,0,0.0,9.152259740501757,0.0,1,5652.932989752362,11.779657101645636,0.0190294957183634,0.0261348005502063,3,0.5095147478591817,0.0190294957183634,0.05226127430651184,0.1741628875452279,37.3010098,-121.8099934,0.1178,0.4069,0.0,1
06085512043,Santa Clara,5919,0.0,0.0,0,0.0,9.502299081972025,0.0,1,6417.651532735159,11.051429542337106,0.091626213592233,0.0269245354569586,1,0.5458131067961165,0.091626213592233,0.11085121908321749,0.8706596853020483,37.2616899,-121.8047156,0.1153,0.5361,0.0,1
06085503713,Santa Clara,3331,0.0,0.0,0,0.0,8.008639320563473,0.0,1,6830.483437289078,11.078350753715497,0.1225806451612903,0.0184696569920844,1,0.5612903225806452,0.1225806451612903,0.10868525836418108,0.9817041747787482,37.3647252,-121.841006,0.0475,0.5009,0.0,1
06085503902,Santa Clara,6393,0.0,0.0,0,0.0,8.327778393036633,0.0,1,6231.290532682935,11.460410371858927,0.007156798959011,0.0150511739915713,2,0.5035783994795054,0.007156798959011,0.077946443769348,0.059600235734158874,37.3735315,-121.8283205,0.1002,0.4743,0.0,1
06001403702,Alameda,2238,0.0,0.0,0,0.0,7.294042278364201,0.0,1,11240.445490039983,11.654051693674734,0.1697171381031613,0.1917623227548953,3,0.5848585690515806,0.1697171381031613,0.062366925792234906,1.2379239806874345,37.8094979,-122.2520933,0.0824,0.4193,0.0,1
06001425101,Alameda,1754,0.0,0.0,0,0.0,8.177410663032058,0.0,1,653.0290452788963,11.311090758977267,0.1230893000804505,0.1266726137377341,1,0.5615446500402252,0.1230893000804505,0.08996003452265944,1.0065517549830287,37.8382532,-122.3054128,0.0955,0.5009,0.0,1
06001430101,Alameda,7034,0.0,0.0,0,0.0,8.81047673016565,0.0,1,273.8724847193983,12.228460164407803,0.0057598582188746,0.0512323456106341,5,0.5028799291094374,0.0057598582188746,0.016152579535581024,0.05074709680644803,37.7272887,-122.0150232,0.1194,0.3019,0.0,1
06001430102,Alameda,2459,0.0,0.0,0,0.0,9.046770740086535,0.0,1,30.29457031554092,12.085322086127402,0.0118918918918918,0.0749306197964847,4,0.5059459459459459,0.0118918918918918,0.027668831556934892,0.10758321961183905,37.7674981,-122.050012,0.1397,0.3379,0.0,1
06085504323,Santa Clara,5733,0.0,10.713405262818736,0,0.0,7.311386585913705,0.042853621051274944,0,4447.040445307157,11.895926808094103,0.080715059588299,0.0435240435240435,4,0.518930719268512,0.0720677281464789,0.04106802294590687,0.5901390039551146,37.3988343,-121.8810513,0.0498,0.3345,0.042853621051274944,0
06013381000,Contra Costa,6703,0.0,19.17736949589043,0,0.0,7.430998047766158,0.07670947798356173,0,3414.517374484996,11.166031106219844,0.1645002241147467,0.0914432611090708,1,0.5438953730655924,0.13295340831469388,0.09383483550967352,1.2224008442537784,37.9301992,-122.3350677,0.264,0.586,0.07670947798356173,0
06085511915,Santa Clara,4055,0.0,0.0,0,0.0,9.530783207746683,0.0,1,3600.9007952584147,11.44446459480262,0.2138728323699422,0.0,2,0.6069364161849711,0.2138728323699422,0.07922936994428953,2.0383755993446666,37.2453788,-121.8801869,0.0816,0.47,0.0,1
06085504322,Santa Clara,6103,0.0,1.221392447444976,0,0.0,7.455832818651515,0.004885569789779904,0,1907.559952658058,12.068642233025637,0.0256529850746268,0.0226612434631028,4,0.5103837076424235,0.02533966145238112,0.028869083842719162,0.19126436801577998,37.3943438,-121.8929699,0.0291,0.2865,0.004885569789779904,0
06085512038,Santa Clara,3142,0.0,0.0,0,0.0,9.792091094702082,0.0,1,2277.0829818168427,11.4699762094338,0.0502463054187192,0.0583386176284083,2,0.5251231527093596,0.0502463054187192,0.07717681909902263,0.49201639983232126,37.2348353,-121.7620714,0.0793,0.4619,0.0,1
06085505006,Santa Clara,11716,0.0,0.0,0,0.0,8.079227621910237,0.0,1,822.2305031910838,12.233741313077495,0.0597923379878267,0.0327362569487337,5,0.5298961689939133,0.0597923379878267,0.015727681843973995,0.48307590864984223,37.3935811,-121.9211348,0.0264,0.254,0.0,1
06085506202,Santa Clara,8409,0.0,0.0,0,0.0,9.44789151627093,0.0,1,3343.8117978835594,12.07356929571708,0.0241877256317689,0.0349344978165938,4,0.5120938628158844,0.0241877256317689,0.02861440870834997,0.22852300779427834,37.3011233,-121.9904291,0.0681,0.3053,0.0,1
06085508508,Santa Clara,6144,0.0,0.0,0,0.0,9.323947930415402,0.0,1,5854.527651743391,11.82500254475672,0.0420743639921722,0.0932176149148183,3,0.5210371819960861,0.0420743639921722,0.04861298199212005,0.3922991790683583,37.3614064,-122.0020068,0.0807,0.3763,0.0,1
06085508507,Santa Clara,2838,0.0,0.0,0,0.0,9.307324416563489,0.0,1,7470.675119520766,12.05772923747827,0.0103626943005181,0.0238482384823848,4,0.5051813471502591,0.0103626943005181,0.029888829218269852,0.09644895768459542,37.356236,-121.9983729,0.0363,0.2948,0.0,1
06085508003,Santa Clara,2353,0.0,0.0,0,0.0,9.493994475360234,0.0,1,2948.234337863092,12.110508433462385,0.0277392510402219,0.0127931769722814,4,0.513869625520111,0.0277392510402219,0.025642450269079187,0.26335629612649736,37.317103,-122.010266,0.0192,0.2722,0.0,1
06081600402,San Mateo,4688,0.0,100.0,0,0.0,7.251027031676326,0.4,0,11651.13228624142,11.810842481234413,0.0445752733389402,0.2542033626901521,3,0.3222876366694701,0.0,0.02985134256745778,0.32321651192501644,37.7051278,-122.4529129,0.1725,0.3469,0.4,0
06081601901,San Mateo,4080,0.0,28.10188343644877,0,0.0,6.781606329533967,0.1124075337457951,0,4593.754607070197,11.557870149513324,0.0325329202168861,0.1387283236994219,2,0.46006269323554555,0.02339055689906389,0.06222490443298178,0.22062545766105834,37.6659681,-122.4343717,0.123,0.4407,0.1124075337457951,0
06081603802,San Mateo,5530,0.0,0.0,0,0.0,7.8714815101650935,0.0,1,2125.4995728596696,11.957130401394323,0.0382368560807222,0.0869734789391575,4,0.5191184280403611,0.0382368560807222,0.037982563347689347,0.3009807056462485,37.6190778,-122.4345807,0.0983,0.3484,0.0,1
06081609201,San Mateo,3548,0.0,0.0,0,0.0,9.684545812584046,0.0,1,3284.0292013633234,12.015450735920323,0.0848400556328233,0.0416873449131513,4,0.5424200278164116,0.0848400556328233,0.03329036908016969,0.8216374055182565,37.4991322,-122.2566652,0.0467,0.3094,0.0,1
06081609202,San Mateo,5172,0.0,0.0,0,0.0,9.603342204545456,0.0,1,5688.788793130881,11.86710429621008,0.0619307832422586,0.059305373525557,3,0.5309653916211293,0.0619307832422586,0.045225662656118604,0.5947425044709385,37.5077834,-122.2658726,0.0557,0.3539,0.0,1
06085511302,Santa Clara,3466,0.0,0.0,0,0.0,9.922270867806184,0.0,1,3464.362923793275,11.521419290089153,0.3270538984824699,0.1150700934579439,2,0.663526949241235,0.3270538984824699,0.07303793803607206,3.2451173691150523,37.4480075,-122.1622126,0.1484,0.4857,0.0,1
06085512045,Santa Clara,5244,0.0,0.0,0,0.0,9.606878846737635,0.0,1,2559.8716617793734,12.072124023020224,0.0363210310486233,0.0255627623044639,4,0.5181605155243116,0.0363210310486233,0.028730688910072133,0.34893174487272005,37.2384961,-121.8352509,0.119,0.3315,0.0,1
06085512037,Santa Clara,3064,0.0,0.0,0,0.0,9.60435912598936,0.0,1,3039.2164246324505,12.060642167319967,0.0168067226890756,0.0039370078740157,4,0.5084033613445378,0.0168067226890756,0.02965446786187531,0.16141780043679566,37.2411911,-121.8246191,0.122,0.3363,0.0,1
06085512036,Santa Clara,4884,0.0,0.0,0,0.0,9.6390227915602,0.0,1,5883.167719256819,11.875691818545278,0.0349611542730299,0.0121827411167512,3,0.517480577136515,0.0349611542730299,0.04453474887105702,0.33699136285698744,37.2401629,-121.810595,0.1059,0.3774,0.0,1
06013307102,Contra Costa,5694,0.0,0.0,0,0.0,8.05200546424144,0.0,1,3551.753285245105,11.232324925835531,0.0942105263157894,0.1163760424564063,1,0.5471052631578947,0.0942105263157894,0.09629718251311381,0.7585836726837981,38.0004738,-121.8155705,0.2263,0.5751,0.0,1
06013331000,Contra Costa,7789,0.0,14.003109868268313,0,0.0,7.32094694172381,0.05601243947307325,0,2765.247510291175,11.515871122258797,0.0724431818181818,0.1214165261382799,2,0.5082153711725543,0.06229888347611242,0.06936828293504649,0.53035269038056,37.9762076,-122.01211,0.1802,0.4922,0.05601243947307325,0
06085512311,Santa Clara,4171,0.0,0.0,0,0.0,10.337712658703854,0.0,1,760.4044442117838,11.902816592440209,0.0398467432950191,0.0124159337816864,4,0.5199233716475096,0.0398467432950191,0.04235241041892046,0.4119241825690419,37.1495734,-121.6601298,0.1138,0.3737,0.0,1
06081614000,San Mateo,5872,0.0,0.0,0,0.0,8.291324666242353,0.0,1,1854.9297887543596,12.18118038801208,0.0211304807184363,0.0637910085054678,5,0.5105652403592181,0.0211304807184363,0.019956499687560192,0.17519967599032935,37.6276315,-122.4598112,0.0708,0.2843,0.0,1
06081600401,San Mateo,3278,0.0,85.78760326669845,0,0.0,7.513571048206019,0.34315041306679384,0,6305.753407867774,11.93565403170014,0.0133451957295373,0.1500236630383341,4,0.33509739133137173,0.0018966721619174567,0.026083796859958146,0.10027007626609406,37.7054511,-122.444361,0.1685,0.3226,0.34315041306679384,0
06081603801,San Mateo,1992,0.0,0.0,0,0.0,7.708107932064183,0.0,1,8759.056509824466,11.467656095522694,0.0468883205456095,0.140625,2,0.5234441602728047,0.0468883205456095,0.07736348512695546,0.3614202355187806,37.620041,-122.4282283,0.0859,0.4657,0.0,1
06081984300,San Mateo,0,0.2602173444573498,15.618520594433862,1,42.0,7.168191148654194,0.13328060271145595,0,0.0,11.780445645598057,0.050834597875569,0.0510949092613641,1,0.43335969864427204,0.0,0.04551129022074418,0.0,37.6203823,-122.3769119,0.0999,0.5211,0.13328060271145595,0
06085512313,Santa Clara,3833,0.0,0.0,0,0.0,10.441376256380478,0.0,1,1458.4020389423874,11.616879992690079,0.035745422842197,0.0216816499206768,2,0.5178727114210985,0.035745422842197,0.06535759523354956,0.3732314093387961,37.1159262,-121.6532803,0.1396,0.4574,0.0,1
06085512314,Santa Clara,7077,0.0,0.0,0,0.0,10.392411876967317,0.0,1,1898.7466335941408,11.5986535188529,0.0555310709563684,0.00819413803971,2,0.5277655354781842,0.0555310709563684,0.06682401610974975,0.5771017613476779,37.1283275,-121.6632475,0.2442,0.5141,0.0,1
06085512604,Santa Clara,4744,0.0,0.0,0,0.0,10.762373656379415,0.0,1,2138.236959894416,11.29667063185944,0.0094582975064488,0.0213675213675213,1,0.5047291487532244,0.0094582975064488,0.09112021370114143,0.10179373191760369,37.0198203,-121.5705811,0.1752,0.5427,0.0,1
06085502603,Santa Clara,3026,0.0,0.0,0,0.0,9.222205882601937,0.0,1,2479.333155833531,12.075924096062849,0.055396370582617,0.0,4,0.5276981852913085,0.055396370582617,0.028424951964430845,0.5108767346618074,37.2876026,-121.9272392,0.0292,0.2855,0.0,1
06013359104,Contra Costa,2537,0.0,0.0,0,0.0,9.20784582742129,0.0,1,4069.74849976695,11.434141964162855,0.0345659163987138,0.2842395044735031,2,0.5172829581993569,0.0345659163987138,0.08005988281269627,0.31827762908289,38.0095232,-122.2780117,0.3138,0.5883,0.0,1
06097152702,Sonoma,4401,0.0,0.0,0,0.0,11.209341760710858,0.0,1,212.4417311667704,11.571515076380388,0.018217306441119,0.0054617676266137,2,0.5091086532205595,0.018217306441119,0.06900745427473776,0.20420401385810213,38.5043498,-122.7912191,0.0551,0.4258,0.0,1
06097152701,Sonoma,4387,0.0,0.0,0,0.0,11.215768167493442,0.0,1,183.92595578547215,11.369909233134491,0.0232835820895522,0.0,1,0.5116417910447761,0.0232835820895522,0.08522776215989125,0.26114325882522,38.5289963,-122.7468369,0.0393,0.4645,0.0,1
06097150701,Sonoma,4903,0.0,0.0,0,0.0,10.619594535508288,0.0,1,1367.6172933881387,11.586278151967912,0.0550335570469798,0.038615664845173,2,0.5275167785234899,0.0550335570469798,0.06781968299040364,0.5844340616856903,38.2336159,-122.6301845,0.1996,0.4947,0.0,1
06097153002,Sonoma,7218,0.0,0.0,0,0.0,11.084675382497574,0.0,1,3214.3267537885317,11.30841964704039,0.0113851992409867,0.0014249073810202,1,0.5056925996204934,0.0113851992409867,0.09017494028786088,0.12620123775139533,38.4410944,-122.7327644,0.0524,0.48,0.0,1
06097150800,Sonoma,4550,0.0,0.0,0,0.0,10.615030626676786,0.0,1,329.3177086415213,11.524784863482676,0.0332821300563236,0.0287769784172661,2,0.5166410650281618,0.0332821300563236,0.07276715899626796,0.35329082986891497,38.2087678,-122.6647282,0.0931,0.4568,0.0,1
06097152300,Sonoma,4104,0.0,0.0,0,0.0,11.091062805874536,0.0,1,1185.419731878514,11.72974506217175,0.0621562156215621,0.0,3,0.531078107810781,0.0621562156215621,0.05627697461761305,0.6893784912342252,38.4600991,-122.6991912,0.0052,0.3624,0.0,1
06097153404,Sonoma,3557,0.0,0.0,0,0.0,11.07575765344131,0.0,1,410.2510306869187,11.420897891513556,0.059731543624161,0.0044004400440044,2,0.5298657718120805,0.059731543624161,0.08112544188859538,0.6615721014471646,38.3819817,-122.8272234,0.0402,0.4546,0.0,1
06097151309,Sonoma,5829,0.0,0.0,0,0.0,10.849731062217918,0.0,1,162.709332862618,11.653947482682117,0.0446310207688908,0.0073773515308004,3,0.5223155103844453,0.0446310207688908,0.06237531014438491,0.48423457237472756,38.3441032,-122.6337915,0.1671,0.4618,0.0,1
06097151307,Sonoma,5254,0.0,0.0,0,0.0,10.950186204769428,0.0,1,1166.1978399261504,11.757509517219264,0.0158296943231441,0.0189159694434339,3,0.5079148471615721,0.0158296943231441,0.054043170270063,0.17333810040300945,38.3705059,-122.6996383,0.1004,0.4022,0.0,1
06097151204,Sonoma,3180,0.0,0.0,0,0.0,10.869565994194035,0.0,1,956.1172558296406,11.265681313291823,0.0503380916604057,0.0523943661971831,1,0.5251690458302029,0.0503380916604057,0.09361347619901839,0.5471532093245681,38.3184553,-122.7071995,0.0811,0.4986,0.0,1
06097152501,Sonoma,4047,0.0,0.0,0,0.0,11.074550975385183,0.0,1,2035.850186863328,11.595003024005683,0.027061855670103,0.0,2,0.5135309278350515,0.027061855670103,0.06711771866023997,0.2996979001070722,38.4655736,-122.6567894,0.0434,0.4144,0.0,1
06013368001,Contra Costa,5013,0.0,0.0,0,0.0,7.5728708484200595,0.0,1,6522.2715221812,11.44718088350086,0.056115107913669,0.0915627996164908,2,0.5280575539568345,0.056115107913669,0.07901082945815552,0.42495246487536975,37.9542751,-122.3524999,0.2076,0.5313,0.0,1
06013304003,Contra Costa,3279,0.0,0.0,0,0.0,9.901749103005892,0.0,1,358.3329031805088,11.745884684605668,0.0192307692307692,0.0055363321799307,3,0.5096153846153846,0.0192307692307692,0.05497845250727429,0.19041825198088225,37.9011591,-121.5807088,0.2187,0.4649,0.0,1
06013303204,Contra Costa,4735,0.0,0.0,0,0.0,9.178023872046918,0.0,1,2291.510476099973,11.682566968606809,0.0967365967365967,0.0179723502304147,3,0.5483682983682984,0.0967365967365967,0.06007271382207935,0.8878507941490604,37.9289405,-121.7089879,0.2244,0.4825,0.0,1
06013355110,Contra Costa,4112,0.0,0.0,0,0.0,8.072484995299073,0.0,1,2295.241974441701,11.546737345958947,0.0650542118432026,0.0429829104091144,2,0.5325271059216014,0.0650542118432026,0.07100096006633783,0.5251491489852602,37.967884,-121.7692731,0.3231,0.5666,0.0,1
06013306004,Contra Costa,3863,0.0,0.0,0,0.0,7.3383949822487144,0.0,1,2220.888200544112,11.41306092981619,0.0323076923076923,0.0170183798502382,2,0.5161538461538462,0.0323076923076923,0.08175596890888814,0.23708660711880458,38.0085744,-121.7845356,0.4479,0.6606,0.0,1
06013304004,Contra Costa,3634,0.0,0.0,0,0.0,9.818549997441181,0.0,1,1113.5501792037303,11.823632907276759,0.0137524557956778,0.0071428571428571,3,0.5068762278978389,0.0137524557956778,0.04872317692128647,0.1350291748174622,37.894462,-121.609977,0.2863,0.4796,0.0,1
06013303202,Contra Costa,9146,0.0,0.0,0,0.0,9.015493718731681,0.0,1,2454.9568677177726,12.013415863820834,0.0154696132596685,0.0116722248689852,4,0.5077348066298343,0.0154696132596685,0.03345408582284548,0.1394662011737497,37.942375,-121.7148585,0.2594,0.4164,0.0,1
06013320003,Contra Costa,3068,0.0,0.0,0,0.0,8.8938060883522,0.0,1,2464.8479927057037,12.058158312538197,0.0,0.0554517133956386,4,0.5,0.0,0.029854307750708187,0.0,37.9987252,-122.1074271,0.1302,0.3416,0.0,1
06013392300,Contra Costa,3754,0.0,0.0,0,0.0,9.378516007994099,0.0,1,1136.40414651921,12.004971857591512,0.0142721217887725,0.0860152135751901,4,0.5071360608943862,0.0142721217887725,0.03413345294146963,0.13385132266404426,38.0263559,-122.2744234,0.2867,0.4317,0.0,1
06013370000,Contra Costa,2960,0.0,0.6596658967611683,0,0.0,7.4404428174922455,0.002638663587044673,0,2972.4853238190094,11.989078895364905,0.0389725420726306,0.161662817551963,4,0.518166939242793,0.03871545350347656,0.03531868917290281,0.2899729707437187,37.9398973,-122.3223418,0.1062,0.3437,0.002638663587044673,0
06097152000,Sonoma,2345,0.0,0.0,0,0.0,11.072350080674642,0.0,1,1844.1084063440217,11.147296265359264,0.216867469879518,0.0666213460231135,1,0.608433734939759,0.216867469879518,0.10313820968664189,2.4012325476161864,38.4416422,-122.713301,0.0204,0.4828,0.0,1
06013306003,Contra Costa,5166,0.0,1.033930096099169,0,0.0,7.603621538271614,0.004135720384396677,0,2881.849951386704,10.98995978131007,0.0860273972602739,0.0319965870307167,1,0.5409458384379386,0.08513793410910914,0.11531789897942087,0.6541197706896671,38.0053331,-121.7994409,0.2854,0.6236,0.004135720384396677,0
06013313205,Contra Costa,1978,0.0,2.9888653905897846,0,0.0,7.792532112937431,0.011955461562359139,0,1335.107160398431,11.574189882074002,0.0330275229357798,0.1059907834101382,2,0.5105360306867103,0.03204037473338317,0.06796980820980689,0.2573680330878416,38.0162991,-121.9166488,0.2166,0.5038,0.011955461562359139,0
06013333101,Contra Costa,3951,0.0,0.0,0,0.0,8.568483332866915,0.0,1,2065.863781217598,11.649900919997306,0.0231941683233929,0.0307203389830508,3,0.5115970841616965,0.0231941683233929,0.06270087854839268,0.19873884469870182,37.9649027,-121.9701248,0.1584,0.4587,0.0,1
06013333102,Contra Costa,4251,0.0,0.0,0,0.0,8.766655972258649,0.0,1,2179.4353904630902,11.659308914958554,0.0191040843214756,0.1102907245039224,3,0.5095520421607378,0.0191040843214756,0.06194395319148571,0.16747893491139687,37.95982,-121.9580843,0.1754,0.4648,0.0,1
06097152100,Sonoma,3057,0.0,0.0,0,0.0,11.104719906416504,0.0,1,1403.417308748444,11.365016929029293,0.0063559322033898,0.0267041461700632,1,0.5031779661016949,0.0063559322033898,0.08562137515035073,0.07058084686281642,38.4592719,-122.7228816,0.0387,0.4654,0.0,1
06097151900,Sonoma,2881,0.0,0.0,0,0.0,11.059250224609404,0.0,1,2937.1841501696704,11.151151830486489,0.1004636785162287,0.0055555555555555,1,0.5502318392581144,0.1004636785162287,0.10282800809512072,1.1110529591956892,38.43518,-122.708351,0.0056,0.4747,0.0,1
06055201004,Napa,6844,0.0,0.0,0,0.0,10.150774499125006,0.0,1,2640.483943318847,11.568398014094052,0.0068169900367068,0.0221743147520788,2,0.5034084950183534,0.0068169900367068,0.06925823921810814,0.06919772862539263,38.1612495,-122.2397673,0.1303,0.4648,0.0,1
06055201601,Napa,2446,0.0,0.0,0,0.0,11.056991246145296,0.0,1,386.6152843590348,11.778039790704318,0.0765864332603938,0.0,3,0.5382932166301969,0.0765864332603938,0.05239139593886066,0.8468155221336652,38.5025825,-122.4521097,0.0516,0.3741,0.0,1
06055200301,Napa,6120,0.0,0.0,0,0.0,10.558881672522608,0.0,1,2084.4307561354376,11.444657330797734,0.0763358778625954,0.0046419098143236,2,0.5381679389312977,0.0763358778625954,0.07921386326486513,0.8060215017192828,38.28795,-122.2739891,0.0269,0.4425,0.0,1
06055200505,Napa,2857,0.0,0.0,0,0.0,10.630638720524376,0.0,1,3734.902571900185,11.343263437123028,0.0222602739726027,0.0147579693034238,1,0.5111301369863014,0.0222602739726027,0.08737156418562808,0.23664093042263123,38.3152192,-122.2812515,0.0437,0.4706,0.0,1
06055200707,Napa,3508,0.0,0.0,0,0.0,10.670751758005272,0.0,1,2354.1348448880685,11.69227594581923,0.097544338335607,0.0050251256281407,3,0.5487721691678035,0.097544338335607,0.059291572774280765,1.0408714197781395,38.3234476,-122.3205427,0.0687,0.4016,0.0,1
06055201602,Napa,2980,0.0,0.0,0,0.0,11.073418425418913,0.0,1,464.72452671358513,11.920894103296432,0.0960051546391752,0.0820338983050847,4,0.5480025773195876,0.0960051546391752,0.04089797444045773,1.0631052483166346,38.5082184,-122.4787754,0.0359,0.3283,0.0,1
06055201007,Napa,3991,0.0,0.0,0,0.0,10.1745667258591,0.0,1,3059.834047543228,11.803735141365816,0.0549450549450549,0.0263157894736842,3,0.5274725274725275,0.0549450549450549,0.050324062511237,0.5590421277944556,38.1609825,-122.259801,0.1306,0.4084,0.0,1
06055200302,Napa,2716,0.0,0.0,0,0.0,10.53910750781445,0.0,1,1434.59477294178,11.614344222095324,0.0,0.0,2,0.5,0.0,0.06556161203738231,0.0,38.2874768,-122.2591559,0.081,0.4286,0.0,1
06055201003,Napa,5018,0.0,0.0,0,0.0,10.339680307449012,0.0,1,68.9322281155772,12.018742567005097,0.0233236151603498,0.0156375300721732,4,0.5116618075801749,0.0233236151603498,0.03302552301796591,0.24115872437198804,38.2373454,-122.2312307,0.2041,0.3874,0.0,1
06097152201,Sonoma,4315,0.0,0.0,0,0.0,11.09502355243822,0.0,1,3582.455021934017,11.233555418386214,0.0639566395663956,0.0115262321144674,1,0.5319783197831978,0.0639566395663956,0.09619818256499169,0.7096004223239615,38.4570299,-122.7128443,0.0278,0.4753,0.0,1
06097151308,Sonoma,5055,0.0,0.0,0,0.0,10.926736263198292,0.0,1,1701.4050880587256,11.576782503951575,0.041343669250646,0.0039653929343907,2,0.520671834625323,0.041343669250646,0.0685836605215816,0.4517513700547097,38.3562805,-122.6998518,0.1954,0.4944,0.0,1
06097150702,Sonoma,4593,0.0,0.0,0,0.0,10.542102420979859,0.0,1,225.116102319838,11.793424299633202,0.0199579831932773,0.0320833333333333,3,0.5099789915966386,0.0199579831932773,0.05115362689670033,0.21039910293972394,38.2010747,-122.6258589,0.1388,0.4147,0.0,1
06097150303,Sonoma,4021,0.0,0.0,0,0.0,10.670459051967317,0.0,1,65.40403170211283,11.63155258872844,0.1192660550458715,0.0118187787261982,2,0.5596330275229358,0.1192660550458715,0.06417710353060613,1.2726235566566517,38.3129276,-122.5328087,0.0814,0.4257,0.0,1
06097153902,Sonoma,4486,0.0,0.0,0,0.0,11.379206264685346,0.0,1,1281.2610974740244,11.404370965082139,0.0337457817772778,0.0180855756506396,2,0.5168728908886389,0.0337457817772778,0.08245512475292538,0.3840002114067041,38.6120817,-122.8671471,0.0362,0.4566,0.0,1
06097154100,Sonoma,3717,0.0,0.0,0,0.0,11.484712235440773,0.0,1,6.407131952204783,11.747965966096412,0.0264227642276422,0.0,3,0.5132113821138211,0.0264227642276422,0.054811001871756915,0.30345784361936917,38.7072071,-122.8058771,0.074,0.3921,0.0,1
06097153403,Sonoma,3689,0.0,0.0,0,0.0,11.050089041080229,0.0,1,431.9267953521236,11.396571407837536,0.0899742930591259,0.0206378986866791,1,0.5449871465295629,0.0899742930591259,0.08308264237760576,0.994223949711588,38.3806559,-122.7996795,0.0557,0.4683,0.0,1
06097151000,Sonoma,3353,0.0,0.0,0,0.0,10.730671260992883,0.0,1,214.00092766859572,11.55630099643816,0.0273578113750899,0.0133565621370499,2,0.5136789056875449,0.0273578113750899,0.0702315113599844,0.2935676802863414,38.2576583,-122.6798744,0.0604,0.4323,0.0,1
06097152502,Sonoma,3945,0.0,0.0,0,0.0,11.098522300979306,0.0,1,2140.8747759811627,11.309817356985697,0.0458542713567839,0.0038209606986899,1,0.522927135678392,0.0458542713567839,0.09006248677321071,0.5089146532484228,38.478416,-122.66415,0.1266,0.5167,0.0,1
06097153003,Sonoma,5449,0.0,0.0,0,0.0,11.078203384805958,0.0,1,3155.6201713041523,11.089179271433748,0.0789341377576671,0.0205070842654735,1,0.5394670688788336,0.0789341377576671,0.10781404407543838,0.8744484320837274,38.4340246,-122.7383629,0.0738,0.5132,0.0,1
06097150603,Sonoma,7048,0.0,0.0,0,0.0,10.651573859174214,0.0,1,2034.2308491646168,11.422278395945531,0.1419712793733681,0.0183812629706492,2,0.570985639686684,0.1419712793733681,0.08101437265288813,1.5122175681268868,38.2544898,-122.6179426,0.1269,0.4978,0.0,1
06097150601,Sonoma,3857,0.0,0.0,0,0.0,10.608395330836322,0.0,1,3096.482832461896,11.452835700092317,0.0279770444763271,0.0198497854077253,2,0.5139885222381636,0.0279770444763271,0.07855586811045467,0.2967915479932685,38.2376164,-122.6132538,0.1035,0.4783,0.0,1
06097150100,Sonoma,2332,0.0,0.0,0,0.0,10.295931179293762,0.0,1,12.335294008574415,11.81996153468702,0.0097402597402597,0.0,3,0.5048701298701298,0.0097402597402597,0.04901855920191833,0.1002850439541596,38.1981906,-122.4133842,0.0999,0.3886,0.0,1
06097150304,Sonoma,5597,0.0,0.0,0,0.0,10.665283914947278,0.0,1,1813.6056736192468,11.292565535782604,0.010577346848832,0.0,1,0.505288673424416,0.010577346848832,0.09145049144107387,0.11281040720966622,38.3067265,-122.4901697,0.1586,0.5349,0.0,1
06097152801,Sonoma,3965,0.0,0.0,0,0.0,11.15540131003489,0.0,1,758.5976539418709,11.347402026452155,0.0440293529019346,0.0224499755978526,1,0.5220146764509673,0.0440293529019346,0.08703859172784678,0.49116510104222966,38.482824,-122.7503028,0.1874,0.5419,0.0,1
06097153006,Sonoma,7652,0.0,0.0,0,0.0,11.105607092753113,0.0,1,2245.979116761453,11.395379901115184,0.027064063035286,0.0,1,0.513532031517643,0.027064063035286,0.0831785056996831,0.30056285040338954,38.4432935,-122.7584148,0.0405,0.461,0.0,1
06097151100,Sonoma,5065,0.0,0.0,0,0.0,10.830362103274329,0.0,1,41.7966727291016,11.677948257185854,0.0256556442417331,0.0083018867924528,3,0.5128278221208665,0.0256556442417331,0.060444314764167006,0.2778599171307544,38.2708019,-122.7529532,0.0977,0.4205,0.0,1
06097153502,Sonoma,3804,0.0,0.0,0,0.0,11.068609784346846,0.0,1,54.69307626067261,11.817656376521567,0.0325259515570934,0.0105401844532279,3,0.5162629757785467,0.0325259515570934,0.04920402195719176,0.3600170656500355,38.3385194,-122.8815393,0.1588,0.4182,0.0,1
06097153705,Sonoma,3424,0.0,0.0,0,0.0,11.291423389368,0.0,1,73.29891574685686,11.530283931266375,0.0109890109890109,0.0,2,0.5054945054945055,0.0109890109890109,0.07232472850369465,0.12408157570733964,38.5214525,-122.9160376,0.028,0.4227,0.0,1
06097151503,Sonoma,3165,0.0,0.0,0,0.0,10.970359024536876,0.0,1,214.25907360588948,12.05856981967438,0.0057096247960848,0.0037688442211055,4,0.5028548123980424,0.0057096247960848,0.0298211997200164,0.0626366339084484,38.4125282,-122.6286521,0.0754,0.3141,0.0,1
06055200705,Napa,2846,0.0,0.0,0,0.0,10.625627758753788,0.0,1,2238.1184984250463,11.520407405317984,0.0463458110516934,0.0190651906519065,2,0.5231729055258467,0.0463458110516934,0.07311934977626966,0.4924533364128315,38.3056856,-122.3106008,0.0953,0.4596,0.0,1
06055200804,Napa,5411,0.0,0.0,0,0.0,10.596193659514464,0.0,1,4406.795041913022,11.406731268563824,0.0137844611528822,0.0,2,0.5068922305764411,0.0137844611528822,0.08226522525120983,0.1460628198679938,38.2946547,-122.3074338,0.1264,0.5011,0.0,1
06055200803,Napa,2236,0.0,0.0,0,0.0,10.5932455713824,0.0,1,436.6172469316458,11.813037464800539,0.046979865771812,0.0422386483632523,3,0.523489932885906,0.046979865771812,0.04957563901453099,0.4976692550313871,38.2888263,-122.3383135,0.0898,0.3852,0.0,1
06013329000,Contra Costa,6488,0.0,30.910596926075907,0,0.0,7.118693100366453,0.12364238770430364,0,2363.0148508206653,11.592272546136353,0.0909526089037817,0.0723643169058016,2,0.4836551105997391,0.06283861457178352,0.059011643734087085,0.6474637094636793,37.9950373,-122.033801,0.1142,0.4262,0.12364238770430364,0
06055200602,Napa,4482,0.0,0.0,0,0.0,10.695439076988741,0.0,1,1342.761924566752,11.51505319973629,0.1058510638297872,0.0171990171990172,2,0.5529255319148936,0.1058510638297872,0.07355012530150862,1.1321236044259355,38.334581,-122.2995123,0.1219,0.4746,0.0,1
06055200601,Napa,4949,0.0,0.0,0,0.0,10.693091818661305,0.0,1,2422.160630073671,11.832687430885422,0.0473484848484848,0.0,3,0.5236742424242424,0.0473484848484848,0.04799469029450365,0.5063016959593416,38.3317566,-122.3124397,0.0803,0.3737,0.0,1
06055201006,Napa,3436,0.0,0.0,0,0.0,10.214246914150493,0.0,1,2162.6625241149213,11.829872607208012,0.0222222222222222,0.0717592592592592,3,0.5111111111111111,0.0222222222222222,0.04822115846603536,0.2269832647588996,38.1712166,-122.260628,0.1458,0.407,0.0,1
06055200706,Napa,3132,0.0,0.0,0,0.0,10.68837274275399,0.0,1,1687.0732742768153,11.82349364120871,0.0,0.0,3,0.5,0.0,0.04873438164861643,0.0,38.3307724,-122.330222,0.0808,0.3772,0.0,1
06055200504,Napa,5956,0.0,0.0,0,0.0,10.644867172499684,0.0,1,3222.811430518037,11.422781915117262,0.0830670926517571,0.0089578978799641,2,0.5415335463258786,0.0830670926517571,0.08097386174377919,0.8842381676836789,38.317079,-122.2915951,0.0902,0.4792,0.0,1
06013340004,Contra Costa,3940,0.0,16.410657877062672,0,0.0,7.132501271784665,0.0656426315082507,0,954.7168304036692,11.96801848148021,0.1292307692307692,0.0951629863301787,4,0.5317940688612592,0.1080231498204113,0.034670784892724196,0.9217386258921719,37.9060698,-122.0816223,0.183,0.3752,0.0656426315082507,0
06013337202,Contra Costa,5515,0.0,0.0,0,0.0,7.879789294342024,0.0,1,3198.445433992631,11.401826292451508,0.108433734939759,0.1093525179856115,2,0.5542168674698795,0.108433734939759,0.08265985777490137,0.8544349837238336,37.9504592,-122.0230424,0.2104,0.5444,0.0,1
06013334007,Contra Costa,3435,0.0,0.0,0,0.0,8.330005654669295,0.0,1,2354.970092920153,11.527410054971183,0.1008042895442359,0.0405144694533762,2,0.5504021447721179,0.1008042895442359,0.07255594778574193,0.8397003019184058,37.9582537,-121.9860714,0.137,0.4784,0.0,1
06013334008,Contra Costa,3793,0.0,0.0,0,0.0,8.680767358489822,0.0,1,3069.413672968108,11.705304607591403,0.0958307405102675,0.0776610324349017,3,0.5479153702551337,0.0958307405102675,0.058243344697783916,0.8318843641614384,37.9516811,-121.9680486,0.2366,0.4829,0.0,1
06013355123,Contra Costa,3333,0.0,0.0,0,0.0,8.417699785180092,0.0,1,567.384029437475,12.429224196812383,0.0137711864406779,0.0889655172413793,5,0.506885593220339,0.0137711864406779,0.0,0.11592171314336935,37.742358,-121.8968778,0.32,0.3675,0.0,1
06013355125,Contra Costa,4096,0.0,0.0,0,0.0,8.893544620546422,0.0,1,3630.050553982505,12.429224196812383,0.0388265746333045,0.0423452768729641,5,0.5194132873166523,0.0388265746333045,0.0,0.3453058739642694,37.7672133,-121.8990719,0.2839,0.3495,0.0,1
06075017102,San Francisco,3646,64.42988097471923,99.99999999999996,1,0.0,7.9023843123144335,0.6999999999999998,0,12363.755054411911,12.05062278880463,0.2791430371770636,0.268595041322314,4,0.2895715185885319,1.2396441081510884e-16,0.009138174724650566,2.2058955578798325,37.7654353,-122.4504754,0.1083,0.1929,0.6999999999999998,0
06075012302,San Francisco,2614,107.9312911490496,100.0,1,0.0,6.199208285587564,0.7,0,28213.23950636157,10.689213914389166,0.8321167883211679,0.2418006430868167,1,0.5660583941605839,0.0,0.04199804239276969,5.158465288737097,37.7870222,-122.412097,0.1106,0.406,0.7,0
06075016801,San Francisco,3898,48.55777754261327,100.0,1,0.0,6.970459856774089,0.7,0,17207.110623736957,12.113655776063803,0.4544529262086514,0.3408382403879459,4,0.3772264631043257,0.0,0.007616768731941705,3.167745878930922,37.7713309,-122.4290133,0.1119,0.1783,0.7,0
06075011902,San Francisco,2650,53.7324955054285,100.0,1,0.0,6.604467237848688,0.7,0,28478.22261787711,11.314425744568778,0.6625233064014916,0.2568988173455979,1,0.4812616532007458,0.0,0.02690751493233602,4.37561347143984,37.7909959,-122.4098067,0.1058,0.3653,0.7,0
06075012202,San Francisco,2978,63.36845589718411,100.0,1,0.0,6.7319205731871365,0.7,0,31451.876943635714,10.83139059973845,0.7041499330655957,0.2785123966942149,1,0.5020749665327979,0.0,0.03856637160387813,4.740281421012629,37.785427,-122.4196803,0.0504,0.3725,0.7,0
06075012601,San Francisco,2164,11.733100869105405,99.99999999999996,1,0.0,8.123715384414046,0.6999999999999998,0,12695.215140372047,12.101400781586204,0.3222641509433962,0.2449511400651465,4,0.3111320754716982,1.4311403215545414e-16,0.007912563407865473,2.617982240863998,37.8022683,-122.4391509,0.1062,0.1778,0.6999999999999998,0
06075012602,San Francisco,2768,6.972979995743091,99.97060166034515,1,0.0,8.128635185335773,0.6090718065136733,0,2412.65107852711,12.15214958053555,0.3062678062678062,0.2536115569823435,5,0.3485979998770664,9.00376499400719e-05,0.008714645217341749,2.489539266164089,37.8062885,-122.4348613,0.0952,0.1811,0.6090718065136733,0
06075012902,San Francisco,3322,36.83953301142071,100.0,1,0.0,7.940294866520463,0.7,0,9413.917589533814,12.233026115090432,0.3648576034390113,0.2862684251357641,5,0.3324288017195057,0.0,0.004735567046226453,2.8970769555977403,37.8006183,-122.4321105,0.0473,0.1248,0.7,0
06075013101,San Francisco,4269,34.67564227414059,100.0,1,0.0,7.514678734805124,0.7,0,24671.719478051036,12.297320037924733,0.3070362473347548,0.2040319777546055,5,0.3035181236673774,0.0,0.003183726276048971,2.3072787586608485,37.7937795,-122.4247496,0.0792,0.1307,0.7,0
06075013102,San Francisco,2731,16.814679271359584,100.0,1,0.0,7.543746033862603,0.7,0,11480.222272520756,12.400693257911145,0.2961072112316528,0.164367816091954,5,0.2980536056158264,0.0,0.0006886416669969143,2.233757600326897,37.79262,-122.4274313,0.1506,0.1534,0.7,0
06075015801,San Francisco,3394,40.70551144663316,100.0,1,0.0,7.638397259976201,0.7,0,9868.17898927664,11.704033309044801,0.2282685512367491,0.2939814814814814,3,0.26413427561837455,0.0,0.017503688314357505,1.7436058763055213,37.7813045,-122.4373585,0.0845,0.267,0.7,0
06041102202,Marin,5393,0.0,0.0,0,0.0,10.271990610292576,0.0,1,1703.0360808870369,11.665509203500227,0.0288878189696677,0.0190014903129657,3,0.5144439094848339,0.0288878189696677,0.06144510560104144,0.29673540520825836,38.1166084,-122.5912872,0.0678,0.409,0.0,1
06041102203,Marin,5486,0.0,0.0,0,0.0,10.208092987086179,0.0,1,2015.960929986552,11.273461964788922,0.084536958368734,0.0621827411167512,1,0.542268479184367,0.084536958368734,0.09298747964654697,0.8629611318734698,38.1104411,-122.5703276,0.1299,0.5219,0.0,1
06041109001,Marin,3864,0.0,0.0,0,0.0,9.70151353755878,0.0,1,1746.0693837396193,11.477163563226286,0.1085946573751451,0.0874579529072561,2,0.5542973286875725,0.1085946573751451,0.07659855663640402,1.0535325386315277,37.9815035,-122.5305031,0.1048,0.4732,0.0,1
06097152203,Sonoma,3362,0.0,0.0,0,0.0,11.078320321211077,0.0,1,2546.525784040218,11.12359449878062,0.1467633928571428,0.0619318181818181,1,0.5733816964285714,0.1467633928571428,0.10504514822144795,1.6258918774991697,38.4483381,-122.7070355,0.0619,0.5045,0.0,1
06097152903,Sonoma,4967,0.0,0.0,0,0.0,11.118441621092918,0.0,1,2974.8664953664907,11.537627833610571,0.12577065351418,0.0,2,0.56288532675709,0.12577065351418,0.07173387084211347,1.398373668744115,38.4573439,-122.7481362,0.0656,0.4399,0.0,1
06097152904,Sonoma,5594,0.0,0.0,0,0.0,11.132156674142399,0.0,1,2427.871854685403,11.72752058231448,0.020253164556962,0.0118974984746796,3,0.510126582278481,0.020253164556962,0.056455946355675524,0.22546140099528883,38.4611543,-122.7607067,0.0772,0.3989,0.0,1
06097153102,Sonoma,6000,0.0,0.0,0,0.0,11.045574794153508,0.0,1,4835.82688010308,11.416965073824317,0.032235939643347,0.0227051573143042,2,0.5161179698216735,0.032235939643347,0.08144185887705457,0.35606448239040744,38.4201079,-122.7216605,0.0785,0.4747,0.0,1
06097153501,Sonoma,4410,0.0,0.0,0,0.0,10.98456387555653,0.0,1,96.39487177784544,11.548340870191183,0.0135294117647058,0.0132953466286799,2,0.5067647058823529,0.0135294117647058,0.07087194765117466,0.14861468772811687,38.3374048,-122.7943613,0.0318,0.4201,0.0,1
06081613702,San Mateo,4687,0.0,0.0,0,0.0,9.74255865227483,0.0,1,42.5434416851371,11.699886243912609,0.0878220140515222,0.0081933633756657,3,0.5439110070257611,0.0878220140515222,0.058679282097656715,0.8556111228578592,37.4437305,-122.3724159,0.1528,0.4423,0.0,1
06081608025,San Mateo,6340,0.0,0.0,0,0.0,9.287288190499327,0.0,1,1249.9137030916345,12.107991129117547,0.1477227722772277,0.0842586544741998,4,0.5738613861386138,0.1477227722772277,0.025844981360720776,1.3719439584381181,37.5686738,-122.2745605,0.1522,0.3396,0.0,1
06081610901,San Mateo,3591,0.0,0.0,0,0.0,9.855384784828242,0.0,1,6985.849673600598,11.626789721119275,0.0777777777777777,0.0585585585585585,2,0.5388888888888889,0.0777777777777777,0.06456030263730395,0.7665299277088625,37.4788785,-122.2342081,0.027,0.3996,0.0,1
06081604104,San Mateo,3862,0.0,33.01883184886117,0,0.0,6.902080186875901,0.13207532739544467,0,7086.410389434482,11.659464391624411,0.0427947598253275,0.0879899916597164,3,0.4553597162149414,0.028664430038478624,0.0537518284587108,0.2953728638925058,37.6290085,-122.4138753,0.0204,0.3607,0.13207532739544467,0
06097153903,Sonoma,3933,0.0,0.0,0,0.0,11.381595093763947,0.0,1,1195.1395115409716,11.538982999289518,0.0111962286387743,0.0,2,0.5055981143193872,0.0111962286387743,0.07162484024957716,0.12743094094373297,38.6190156,-122.8569212,0.0546,0.4342,0.0,1
06081602002,San Mateo,4036,0.0,0.0,0,0.0,7.7020578530069645,0.0,1,1798.416378794086,11.89673783538294,0.0008710801393728,0.0759958071278826,4,0.5004355400696864,0.0008710801393728,0.04284148012761779,0.0067091096280546755,37.6713222,-122.4206062,0.0865,0.3613,0.0,1
06081612002,San Mateo,2941,0.0,0.0,0,0.0,9.781104816112974,0.0,1,4715.563168719608,11.420020390579747,0.1397260273972602,0.0083916083916083,2,0.5698630136986301,0.1397260273972602,0.0811960417039913,1.366674919511675,37.4665634,-122.1427825,0.0224,0.446,0.0,1
06097150901,Sonoma,5130,0.0,0.0,0,0.0,10.665352542143497,0.0,1,1712.5215985539946,11.543474068458995,0.0538687561214495,0.0007212405337179,2,0.5269343780607247,0.0538687561214495,0.07126350883432842,0.5745292750420095,38.2468522,-122.6439003,0.0649,0.4385,0.0,1
06097150902,Sonoma,3668,0.0,0.0,0,0.0,10.672134957542035,0.0,1,1506.0655340567066,11.72423932053086,0.0723684210526315,0.0582726326742976,3,0.5361842105263157,0.0723684210526315,0.05671994205900033,0.7723255561379095,38.2443641,-122.653264,0.1015,0.4119,0.0,1
06081612102,San Mateo,3935,0.0,0.0,0,0.0,9.800782760694053,0.0,1,12383.123615401206,10.978814155095153,0.0805717998700454,0.0199907019990702,1,0.5402858999350227,0.0805717998700454,0.11669352960011814,0.7896667071644323,37.4560668,-122.136319,0.0195,0.492,0.0,1
06081611902,San Mateo,7336,0.0,0.0,0,0.0,9.723732875218802,0.0,1,3053.1702522249934,11.82252557272294,0.025223331581713,0.0155078831739467,3,0.5126116657908565,0.025223331581713,0.04881226812571604,0.24526493852364736,37.4674426,-122.1248062,0.0804,0.3775,0.0,1
06081600702,San Mateo,2724,0.0,100.0,0,0.0,5.878633704264367,0.4,0,8776.605285977725,11.8764846579951,0.0568828213879408,0.2176788935658448,3,0.32844141069397037,0.0,0.026682576324870165,0.33439327100479876,37.7033239,-122.4671356,0.1058,0.2972,0.4,0
06081602602,San Mateo,4370,0.0,0.0,0,0.0,7.940692339783923,0.0,1,6782.202632219795,12.006578479907503,0.050834597875569,0.1032380952380952,4,0.5254172989377845,0.050834597875569,0.03400419126829102,0.40366190194652685,37.6460249,-122.4660787,0.077,0.3264,0.0,1
06081600502,San Mateo,3908,0.0,5.24525635013541,0,0.0,7.281144921732886,0.020981025400541642,0,4840.83233509595,11.75041363847776,0.0,0.1391342756183745,3,0.4895094872997292,0.0,0.0534682138036005,0.0,37.6949354,-122.4558927,0.0769,0.3885,0.020981025400541642,0
06081600701,San Mateo,3620,22.93154328500509,99.99999999999991,2,33.6,6.316326857674238,0.7503999999999997,0,6917.68222430987,11.160399046843542,0.1422829581993569,0.2430653502585801,1,0.19594147909967857,1.263726529637638e-16,0.025480170959780744,0.898705670263939,37.7063626,-122.4625775,0.1923,0.4163,0.7503999999999997,0
06081605502,San Mateo,2599,0.0,0.0,0,0.0,8.405913748040984,0.0,1,3530.8197597848102,12.20782610731712,0.0581039755351682,0.0614567526555386,5,0.5290519877675841,0.0581039755351682,0.017812703833280596,0.4884170067669073,37.5751582,-122.3471428,0.0918,0.2911,0.0,1
06081612101,San Mateo,3484,0.0,0.0,0,0.0,9.824832507005368,0.0,1,5281.058321944739,11.653643471909108,0.091260634184068,0.0,3,0.545630317092034,0.091260634184068,0.062399769496649826,0.8966204453415566,37.4605444,-122.1476465,0.0362,0.3965,0.0,1
06081602201,San Mateo,4761,0.0,0.0,0,0.0,7.6230348354178865,0.0,1,9570.964573055951,11.314669629163797,0.0950200343445907,0.1137026239067055,1,0.5475100171722953,0.0950200343445907,0.08967209457324188,0.724341031871419,37.6572141,-122.4228916,0.0387,0.4716,0.0,1
06097154000,Sonoma,2294,0.0,0.0,0,0.0,11.430562908688993,0.0,1,10.202431833252552,11.918397239722838,0.0118279569892473,0.0102135561745589,4,0.5059139784946236,0.0118279569892473,0.04109886095871962,0.1352002064468589,38.6097462,-122.9669388,0.0678,0.3453,0.0,1
06085508006,Santa Clara,4215,0.0,0.0,0,0.0,9.544510012136758,0.0,1,3463.3394725699786,12.224653939066526,0.0076601671309192,0.0214216163583252,5,0.5038300835654596,0.0076601671309192,0.01645881146776007,0.07311254187569921,37.3163396,-122.0183989,0.0054,0.2454,0.0,1
06085506504,Santa Clara,2832,0.0,0.0,0,0.0,9.240682623732402,0.0,1,13507.727183949622,11.353683513252122,0.1312056737588652,0.0,1,0.5656028368794326,0.1312056737588652,0.08653321128732205,1.212429989638648,37.2992039,-121.9521951,0.0,0.4475,0.0,1
06085512511,Santa Clara,4872,0.0,0.0,0,0.0,10.775157256047839,0.0,1,3517.706245198621,11.627940228048889,0.1170212765957446,0.0203784570596797,2,0.5585106382978723,0.1170212765957446,0.06446773797587402,1.2609226576226187,37.0076293,-121.5810721,0.1033,0.4374,0.0,1
06055200704,Napa,4930,0.0,0.0,0,0.0,10.650469416531354,0.0,1,3180.932246595521,11.058212337893119,0.1048667439165701,0.0064322469982847,1,0.552433371958285,0.1048667439165701,0.11030550557378116,1.1168800488946553,38.3153554,-122.3154135,0.0377,0.4972,0.0,1
06013380001,Contra Costa,2896,0.0,0.0,0,0.0,8.090857555717985,0.0,1,267.3905672576633,11.67129580094167,0.016860465116279,0.0809952355743779,3,0.5084302325581395,0.016860465116279,0.06097954175330533,0.13641562157896545,37.908179,-122.3436635,0.1694,0.4576,0.0,1
06013380002,Contra Costa,3470,0.0,0.0,0,0.0,7.555731294159797,0.0,1,1302.1185952872877,10.978012045675149,0.0475830815709969,0.1473684210526315,1,0.5237915407854985,0.0475830815709969,0.11675806375022302,0.3595249784985396,37.9196372,-122.3508494,0.1965,0.5806,0.0,1
06097153001,Sonoma,7215,0.0,0.0,0,0.0,11.101690089220764,0.0,1,2879.642445352585,11.14539177769662,0.1160618038088393,0.0101086681829668,1,0.5580309019044196,0.1160618038088393,0.10329143627846193,1.2884821770816761,38.4509389,-122.736743,0.0427,0.4941,0.0,1
06097153005,Sonoma,6471,0.0,0.0,0,0.0,11.123140098371415,0.0,1,261.1920783598692,11.650432693474341,0.0363864491844416,0.0054744525547445,3,0.5181932245922208,0.0363864491844416,0.06265809442376713,0.40473157196081627,38.4334559,-122.8012458,0.0481,0.4033,0.0,1
06081612001,San Mateo,4017,0.0,0.0,0,0.0,9.790210848300198,0.0,1,6126.323233438638,11.62731608622361,0.0158730158730158,0.0196374622356495,2,0.5079365079365079,0.0158730158730158,0.06451795364624857,0.15540017219524052,37.4698593,-122.150592,0.0685,0.4201,0.0,1
06081611901,San Mateo,4392,0.0,0.0,0,0.0,9.760839783531322,0.0,1,3720.647561752616,11.815759661991432,0.0508149568552253,0.0391656023839931,3,0.5254074784276126,0.0508149568552253,0.04935662315740352,0.4959966524709108,37.4653691,-122.1352134,0.0983,0.3885,0.0,1
06081602202,San Mateo,3142,0.0,0.0,0,0.0,7.588818226845041,0.0,1,7177.265439809373,11.367807203093786,0.1259982253771073,0.0526881720430107,1,0.5629991126885536,0.1259982253771073,0.0853968821312926,0.9561776292919214,37.6551094,-122.4115181,0.0403,0.4658,0.0,1
06081608024,San Mateo,3192,0.0,0.0,0,0.0,9.31308661308497,0.0,1,4542.07447380002,12.277090132765455,0.0706910246227164,0.0473404255319148,5,0.5353455123113582,0.0706910246227164,0.012240028954175974,0.65835163507908,37.5499373,-122.2783395,0.0766,0.2722,0.0,1
06081610902,San Mateo,2804,0.0,0.0,0,0.0,9.886172040616293,0.0,1,4773.253240250717,11.740395642921937,0.0459098497495826,0.0420403587443946,3,0.5229549248747913,0.0459098497495826,0.055420076344515845,0.45387267298321843,37.474582,-122.2300774,0.0387,0.3768,0.0,1
06081605501,San Mateo,2918,0.0,0.0,0,0.0,8.2806508307799,0.0,1,8065.267639968628,11.35409384662443,0.0517560073937153,0.0864262990455991,1,0.5258780036968577,0.0517560073937153,0.08650019769244188,0.42857342562261924,37.5793766,-122.3506015,0.0652,0.4799,0.0,1
06081606201,San Mateo,3731,0.0,0.0,0,0.0,8.723683576149863,0.0,1,5930.121832150799,11.013764872734741,0.1118124436429215,0.0519559902200489,1,0.5559062218214608,0.1118124436429215,0.11388155058307281,0.9754163782169365,37.5750097,-122.3247999,0.0538,0.5076,0.0,1
06081605902,San Mateo,3061,0.0,0.0,0,0.0,8.697218637993869,0.0,1,9640.840127968278,11.543221859201578,0.0709163346613545,0.1614639397201291,2,0.5354581673306773,0.0709163346613545,0.07128380046745231,0.6167748675549429,37.5702636,-122.330426,0.1572,0.4848,0.0,1
06081606202,San Mateo,3805,0.0,0.0,0,0.0,8.830739414802514,0.0,1,6612.961995609251,12.124466633199095,0.1072026800670016,0.1003683241252302,4,0.5536013400335008,0.1072026800670016,0.024519435709547066,0.9466789322401348,37.5702163,-122.3191027,0.1091,0.3147,0.0,1
06081601301,San Mateo,3726,0.0,71.84043960600548,0,0.0,6.430559772065325,0.28736175842402195,0,7235.217879493613,11.257439490734765,0.3410714285714286,0.2651162790697674,1,0.5268548350737032,0.09604421491523131,0.06718509371316499,2.1932802079722804,37.690259,-122.4664094,0.0817,0.4427,0.28736175842402195,0
06081601302,San Mateo,4975,3.377065437686352,94.26156559315886,1,29.5,5.233060458211212,0.5226082255032259,0,8400.450276244801,11.422978875364755,0.1052631578947368,0.1185302252074279,2,0.29132746619575545,0.006040457270359094,0.03864869053598351,0.5508484692853906,37.6858755,-122.4646175,0.0632,0.3611,0.5226082255032259,0
06081604103,San Mateo,4344,0.0,0.0,0,0.0,7.178614401395101,0.0,1,7577.912616271585,11.541512921822141,0.1691125087351502,0.0770465489566613,2,0.5845562543675751,0.1691125087351502,0.07142129395476715,1.213993490662204,37.6186529,-122.4065562,0.0325,0.4228,0.0,1
06081613701,San Mateo,3929,0.0,0.0,0,0.0,9.784533416677672,0.0,1,592.8382379490969,12.101916959329314,0.007910349373764,0.0,4,0.503955174686882,0.007910349373764,0.026333681998190306,0.07739907778518915,37.4454799,-122.4377378,0.0764,0.3022,0.0,1
06081605901,San Mateo,2815,0.0,0.0,0,0.0,8.577185617793708,0.0,1,6172.585091764384,11.841761476842459,0.0764872521246459,0.0970384373030875,3,0.5382436260623229,0.0764872521246459,0.04726463298655326,0.656045358868074,37.57385,-122.3366392,0.075,0.3687,0.0,1
06081600501,San Mateo,3793,0.0,62.24288395357047,0,0.0,7.046070253138541,0.24897153581428189,0,7025.698559396435,11.479337657175236,0.0612409347300564,0.132725430597771,2,0.40613469945788727,0.02312281079394556,0.05739632801839152,0.43150792847584934,37.7001412,-122.4583264,0.0542,0.3972,0.24897153581428189,0
06075016802,San Francisco,3807,27.872752686778888,100.0,1,0.0,6.9437845948938195,0.7,0,17685.261579761205,11.86018926266964,0.461381074168798,0.2556497175141243,3,0.38069053708439904,0.0,0.013734604633377147,3.203730795188862,37.7735446,-122.4249292,0.1186,0.2461,0.7,0
06075017101,San Francisco,4250,73.39603306817094,99.99999999999991,1,0.0,7.748471605954489,0.6999999999999997,0,13562.310458248978,12.204456340011877,0.2194428652643547,0.2756821829855537,5,0.2597214326321775,1.9490441728496205e-16,0.005425146088960669,1.700346810630149,37.7657245,-122.4460838,0.0726,0.1422,0.6999999999999997,0
06075017801,San Francisco,3582,32.70213906513881,100.0,1,0.0,6.415131897928917,0.7,0,16734.151733046747,10.151362740069521,0.6428867689755289,0.1084598698481561,1,0.47144338448776446,0.0,0.05497997511366106,4.124203418411374,37.7820284,-122.4011589,0.0268,0.3682,0.7,0
06075022704,San Francisco,3716,22.03414930135535,99.99999999999996,1,0.0,7.394304412813766,0.6999999999999998,0,6823.241566986373,12.429224196812383,0.0695860827834433,0.0772966410360178,5,0.18479304139172173,3.090242851986038e-17,0.0,0.5145406789960388,37.7609519,-122.4019893,0.0676,0.1013,0.6999999999999998,0
06075025701,San Francisco,5331,16.326697798591972,99.99999999999996,1,0.0,7.553248775047228,0.6999999999999998,0,8703.762596429382,11.68219555401945,0.0963101938711694,0.2481177275838466,3,0.19815509693558478,4.2770317896753963e-17,0.018030778855477967,0.7274548538819714,37.7315824,-122.4119407,0.1595,0.3102,0.6999999999999998,0
06075025702,San Francisco,4153,46.86415291659991,100.0,1,0.0,7.826810421842604,0.7,0,7785.073082505578,11.42424724502395,0.1595197255574614,0.2735943775100402,2,0.22975986277873073,0.0,0.024256790348495854,1.2485306504826108,37.7281305,-122.4057589,0.1581,0.3727,0.7,0
06075031201,San Francisco,6341,46.79713335037816,100.0,1,0.0,6.763374376511295,0.7,0,12364.192607281162,11.530775206233024,0.2754424778761062,0.3031687995124923,2,0.2877212389380531,0.0,0.021685560812631646,1.862920597070036,37.7217838,-122.4573318,0.1423,0.3397,0.7,0
06075031202,San Francisco,2804,42.014236393341385,100.0,1,0.0,6.232101131701304,0.7,0,9062.14760360994,11.700798251802508,0.168235294117647,0.2056374119154388,3,0.23411764705882354,0.0,0.017581771801896233,1.0484593668626896,37.7193286,-122.4523956,0.073,0.2621,0.7,0
06075032602,San Francisco,4344,14.826889002383142,100.0,1,0.0,8.547874540070788,0.7,0,9201.14368947891,11.94866109609664,0.0805369127516778,0.1592677345537757,4,0.19026845637583892,0.0,0.011599189774989872,0.6884194260459692,37.7588987,-122.4825797,0.1002,0.2125,0.7,0
06075032801,San Francisco,3831,17.08335982792078,99.99999999999996,1,0.0,8.283913608052332,0.6999999999999998,0,6544.635150076451,11.822254051948098,0.0667678300455235,0.2350203606748109,3,0.18338391502276183,2.96508728883198e-17,0.01465023404324661,0.5530989358942375,37.746019,-122.4804356,0.1425,0.2688,0.6999999999999998,0
06075032802,San Francisco,4454,20.12061798955033,100.0,1,0.0,8.419297905276943,0.7,0,6893.633271189013,11.616627606285155,0.1410596026490066,0.2316814908936891,2,0.22052980132450334,0.0,0.019613370335751792,1.1876228171019794,37.7530955,-122.4812305,0.0957,0.2956,0.7,0
06075032901,San Francisco,5064,34.23124205986262,99.99999999999991,1,0.0,8.441130936945608,0.6999999999999997,0,7536.826512658449,11.946602189955948,0.1131725417439703,0.3031214742384355,4,0.20658627087198528,1.00517409279606e-16,0.011648884899353805,0.9553042433277961,37.746154,-122.4901873,0.1079,0.2176,0.6999999999999997,0
06041119202,Marin,3704,0.0,0.0,0,0.0,9.625943901468071,0.0,1,1838.974149855647,12.429224196812383,0.0275618374558303,0.0985302123026674,5,0.5137809187279152,0.0275618374558303,0.0,0.2653087011712039,37.9530661,-122.5245086,0.1002,0.2576,0.0,1
06041119201,Marin,3812,0.0,0.0,0,0.0,9.644562046410373,0.0,1,3734.207020776972,11.359074740151968,0.0860108749382105,0.0316811446090955,1,0.5430054374691052,0.0860108749382105,0.08609945719177448,0.8295372200076141,37.9456796,-122.5282641,0.0971,0.4952,0.0,1
06075033203,San Francisco,3313,29.78851626365964,99.99999999999996,1,0.0,7.204969719458307,0.6999999999999998,0,7591.48879857726,11.04793325754741,0.2002592352559948,0.2247972190034762,1,0.25012961762799746,8.893296555001253e-17,0.033339754373870475,1.44286172606132,37.7159219,-122.4782648,0.0765,0.3771,0.6999999999999998,0
06075033204,San Francisco,3620,28.35732192021884,100.0,1,0.0,7.491158566819743,0.7,0,9332.136850108382,11.152959396933282,0.3056741915802318,0.3224195338512763,1,0.3028370957901159,0.0,0.030804773805747615,2.2898538389119527,37.7196514,-122.4803901,0.1804,0.4216,0.7,0
06075042601,San Francisco,4126,10.234319291980968,100.0,1,0.0,8.658967571191438,0.7,0,14075.600466237824,11.730654383582939,0.2931654676258993,0.3270471464019851,3,0.29658273381294964,0.0,0.016861144400515362,2.538510277165835,37.7831223,-122.481191,0.1231,0.281,0.7,0
06075042602,San Francisco,2842,24.092268208080952,100.0,1,0.0,8.576242803340282,0.7,0,8558.778280920758,11.956013857174835,0.1844512195121951,0.2175980975029726,4,0.24222560975609758,0.0,0.011421718656235404,1.5818984439088017,37.7833847,-122.4754789,0.1231,0.2214,0.7,0
06075047801,San Francisco,4613,35.66880758052121,100.0,1,0.0,8.775792106007131,0.7,0,9678.83584523202,12.002603036762029,0.1640711902113459,0.274365575579257,4,0.23203559510567295,0.0,0.010297211313311894,1.4398546558799237,37.7758427,-122.4921123,0.1037,0.2009,0.7,0
06075061200,San Francisco,4006,59.7757718695653,100.0,1,0.0,8.013168571931903,0.7,0,9210.067004210714,11.586668370495238,0.2222222222222222,0.2975563009103977,2,0.2611111111111111,0.0,0.02033648632389852,1.7807041270959783,37.7370495,-122.3901596,0.0795,0.2944,0.7,0
06075980300,San Francisco,38,9.269068247882691,99.99999999999996,1,0.0,8.641639245762956,0.6780720474364805,0,8.00510439589869,11.780445645598057,0.2142857142857142,0.1764705882352941,1,0.26810683342461683,9.516197353929909e-17,0.04551129022074418,1.8517798383777755,37.7684025,-122.4920873,0.0,0.3622,0.6780720474364805,0
06075980401,San Francisco,0,0.0,0.0,0,0.0,10.847367696365115,0.0,1,0.0,11.780445645598057,0.050834597875569,0.0510949092613641,1,0.5,0.0,0.04551129022074418,0.0,37.7272391,-123.0322294,0.0999,0.5477,0.0,1
06075012502,San Francisco,4629,65.27959400658517,99.99999999999996,1,0.0,6.14391683677064,0.6999999999999998,0,75544.81016412067,9.982945473870844,0.8005342831700801,0.3810103469263542,1,0.5502671415850402,3.5550863727088716e-16,0.059045005968327055,4.91841606078077,37.783933,-122.4125954,0.0329,0.3717,0.6999999999999998,0
06075980200,San Francisco,186,2.837767071809376,85.48469923189609,1,0.0,8.935357113608518,0.42707180908186565,0,105.56493507130877,11.780445645598057,0.050834597875569,0.0510949092613641,1,0.28646409545906715,0.0,0.04551129022074418,0.0,37.785046,-122.5019092,0.0999,0.4623,0.42707180908186565,0
06095251100,Solano,3015,0.0,0.0,0,0.0,9.92131276082336,0.0,1,2854.1625474369253,11.262808890404589,0.0822550831792976,0.0435967302452316,1,0.5411275415896488,0.0822550831792976,0.09384457854633721,0.8160784063893521,38.0970267,-122.236521,0.2936,0.6053,0.0,1
06095253108,Solano,3875,0.0,0.0,0,0.0,10.461755317759872,0.0,1,466.8709634067332,11.299571340475719,0.0779480346435709,0.0,1,0.5389740173217854,0.0779480346435709,0.09088683561009192,0.8154732659413086,38.3288734,-122.0010025,0.12,0.5148,0.0,1
06095253300,Solano,2972,0.0,0.0,0,0.0,10.73144758591471,0.0,1,6.679747529659169,11.478189082161368,0.0445049954586739,0.0138181818181818,2,0.5222524977293369,0.0445049954586739,0.07651604795212552,0.4776030260761312,38.4198882,-121.7998024,0.0829,0.4619,0.0,1
06097150602,Sonoma,4841,0.0,0.0,0,0.0,10.61532284047246,0.0,1,2898.6130089880653,11.756914237145915,0.0347560975609756,0.0193392425463336,3,0.5173780487804878,0.0347560975609756,0.054091063852471866,0.36894719628471345,38.2440564,-122.6067891,0.1168,0.4108,0.0,1
06097151203,Sonoma,4753,0.0,0.0,0,0.0,10.862791760966163,0.0,1,1947.5454492639049,11.53559652340108,0.0262029537875178,0.0196772924045651,2,0.5131014768937588,0.0262029537875178,0.07189730101099012,0.28463723051602546,38.322283,-122.6934098,0.1551,0.4855,0.0,1
06013322000,Contra Costa,6755,0.0,0.0,0,0.0,8.329102688305289,0.0,1,1542.106011246754,11.979322598621852,0.0541090317331163,0.0250696378830083,4,0.5270545158665582,0.0541090317331163,0.036197078036931174,0.45067968166989514,37.9623355,-122.0743,0.0851,0.336,0.0,1
06013314103,Contra Costa,5554,0.0,0.0,0,0.0,7.714234911635406,0.0,1,764.5785261331513,11.260353102965206,0.0,0.0589184826472962,1,0.5,0.0,0.09404216026185663,0.0,38.0410617,-121.9444377,0.1525,0.5351,0.0,1
06013356002,Contra Costa,5688,0.0,0.0,0,0.0,9.0904198407232,0.0,1,50.84441161917743,11.820476338999212,0.019714144898965,0.0504430811179277,3,0.5098570724494825,0.019714144898965,0.04897714034068923,0.17920985393244349,37.9540677,-122.1903602,0.2154,0.446,0.0,1
06013354002,Contra Costa,6943,0.0,3.372086717131864,0,0.0,7.900271814944541,0.013488346868527457,0,475.61579967197554,12.429224196812383,0.0869412178810278,0.1537126995142262,5,0.5367264355062502,0.08400948462114899,0.0,0.6868592531824362,37.9015621,-122.1826098,0.1506,0.2801,0.013488346868527457,0
06013321103,Contra Costa,4546,0.0,0.0,0,0.0,8.821548880970209,0.0,1,865.2267091493089,11.969679200788388,0.0,0.1011286681715575,4,0.5,0.0,0.03697294286009023,0.0,37.9701324,-122.1123948,0.1391,0.3659,0.0,1
06013353001,Contra Costa,4420,0.0,3.606625906028049,0,0.0,7.7953925425065895,0.014426503624112194,0,322.6317119415838,12.429224196812383,0.0132802124833997,0.1419925512104283,5,0.49942685442964374,0.012801244899597835,0.0,0.10352446935599693,37.8534269,-122.1804788,0.1667,0.288,0.014426503624112194,0
06013309000,Contra Costa,3600,0.0,0.0,0,0.0,8.08423113696999,0.0,1,194.27762873191585,11.198570821102612,0.0705454545454545,0.0242622950819672,1,0.5352727272727272,0.0705454545454545,0.09901288738724223,0.5703057602080643,38.0392742,-121.8641513,0.1489,0.5413,0.0,1
06013323000,Contra Costa,4669,0.0,0.0,0,0.0,7.953970585735343,0.0,1,2436.19737730548,11.780460950978664,0.0231884057971014,0.0446680080482897,3,0.5115942028985507,0.0231884057971014,0.052196600170757335,0.18443989764023946,37.9504334,-122.0726576,0.1497,0.4225,0.0,1
06013359203,Contra Costa,7200,0.0,0.0,0,0.0,9.27749210870603,0.0,1,1938.6622868734987,11.75914471261388,0.0242504409171075,0.0762806236080178,3,0.5121252204585538,0.0242504409171075,0.05391160973428677,0.22498327424110665,38.0084765,-122.2564015,0.2561,0.4797,0.0,1
06097151301,Sonoma,4176,0.0,0.0,0,0.0,10.889757730253775,0.0,1,3567.4916962264706,11.21119855727786,0.0070077084793272,0.0142387732749178,1,0.5035038542396636,0.0070077084793272,0.09799691599793481,0.07631224758411831,38.3342271,-122.7001585,0.0942,0.5132,0.0,1
06097151305,Sonoma,6385,0.0,0.0,0,0.0,10.911199646849793,0.0,1,3617.036302586943,11.248712492695033,0.0872,0.0298461538461538,1,0.5436,0.0872,0.0949787118990183,0.951456609205302,38.3433806,-122.7067066,0.0862,0.5033,0.0,1
06097151306,Sonoma,3804,0.0,0.0,0,0.0,10.90558561436651,0.0,1,3411.042628462912,11.488950344920513,0.0598631698973774,0.0185348631950573,2,0.5299315849486887,0.0598631698973774,0.0756502446977354,0.6528429244632173,38.347139,-122.6932768,0.1143,0.4755,0.0,1
06097151310,Sonoma,5838,0.0,0.0,0,0.0,10.882381478394791,0.0,1,2388.001200594558,11.403467678059835,0.0418544752092723,0.0174249757986447,2,0.5209272376046361,0.0418544752092723,0.08252779920211073,0.45547636580531886,38.339813,-122.6813617,0.0481,0.4628,0.0,1
06013369001,Contra Costa,7347,0.0,0.0,0,0.0,7.881844149608551,0.0,1,4543.03714245259,11.127189452043059,0.0628332063975628,0.1132478632478632,1,0.5314166031987814,0.0628332063975628,0.10475591429940145,0.495241540245777,37.9567823,-122.3365954,0.1102,0.5285,0.0,1
06001408200,Alameda,4471,0.0,0.0,0,0.0,8.015840232565356,0.0,1,4961.501745089437,11.287554434665667,0.1690946930280957,0.1167076167076167,1,0.5845473465140478,0.1690946930280957,0.0918536623097932,1.3554360434878983,37.775104,-122.1755739,0.1822,0.5474,0.0,1
06001408400,Alameda,4077,0.0,0.0,0,0.0,7.853445050262472,0.0,1,7510.57280802978,11.066560234289891,0.1665421956684092,0.2100798403193612,1,0.5832710978342046,0.1665421956684092,0.10963387102406297,1.3079299822319124,37.7646042,-122.1709592,0.1108,0.5332,0.0,1
06001408500,Alameda,5634,0.0,0.0,0,0.0,7.479497411697958,0.0,1,6776.861392424687,11.030865448691081,0.1517696460707858,0.0922311519326444,1,0.5758848230353929,0.1517696460707858,0.11250571443388457,1.1351606749607575,37.7604176,-122.1785112,0.1007,0.53,0.0,1
06001408600,Alameda,6519,0.0,0.0,0,0.0,7.543697786877887,0.0,1,6150.104438365713,11.29121838144198,0.037593984962406,0.0952084629744866,1,0.518796992481203,0.037593984962406,0.09155887747702363,0.2835976611608227,37.7661938,-122.1822982,0.0927,0.5022,0.0,1
06001408700,Alameda,7456,0.0,0.0,0,0.0,7.51199057227747,0.0,1,6578.570133690714,10.725489582719506,0.093093093093093,0.1994784876140808,1,0.5465465465465464,0.093093093093093,0.13707489599630995,0.6993144376594634,37.7688645,-122.1889326,0.1291,0.5547,0.0,1
06097151504,Sonoma,4178,0.0,0.0,0,0.0,11.034193236662633,0.0,1,2698.181932052025,11.94892624430634,0.0107372942018611,0.0040080160320641,4,0.5053686471009305,0.0107372942018611,0.03864263327305817,0.11847737906223266,38.4360805,-122.6677168,0.0606,0.3324,0.0,1
06097151311,Sonoma,7364,0.0,0.0,0,0.0,10.853782416841597,0.0,1,1755.6010358296508,11.640922823033584,0.0099312452253628,0.0208429828624363,2,0.5049656226126814,0.0099312452253628,0.0634232162278453,0.10779157480438481,38.3260142,-122.6768445,0.0987,0.4317,0.0,1
06001408800,Alameda,7968,1.695679664252622,58.858661335785136,1,32.6,6.384052547625305,0.3352050352707192,0,6755.587782382446,10.694237736914808,0.2646310432569974,0.109610552763819,1,0.4647130039931391,0.10887275371700623,0.09279825065100952,1.6894184858855763,37.758918,-122.1969979,0.0936,0.4701,0.3352050352707192,0
06001408900,Alameda,3956,1.208760120977792,57.92304520146144,1,74.0,6.522501341067398,0.3789549844351795,0,4781.855038588145,10.693716070746637,0.1350397175639894,0.1405405405405405,1,0.37804236656440493,0.05682060091947395,0.08671729257581458,0.8807967389084835,37.7541581,-122.1889463,0.173,0.5012,0.3789549844351795,0
06001409100,Alameda,2532,0.0,0.0,0,0.0,7.748529136655552,0.0,1,5161.554284841871,11.187264574560665,0.2408759124087591,0.0982428115015974,1,0.6204379562043796,0.2408759124087591,0.09992253760860093,1.8664340256177607,37.7323419,-122.1834828,0.1534,0.5447,0.0,1
06001409200,Alameda,3615,0.0,0.0,0,0.0,7.4443679273113945,0.0,1,5116.9737304239525,11.206699173094842,0.0775945683802133,0.1125827814569536,1,0.5387972841901066,0.0775945683802133,0.09835891640212524,0.5776425161832307,37.7291306,-122.1778427,0.1384,0.5358,0.0,1
06001409300,Alameda,5743,0.0,0.0,0,0.0,7.650938989085453,0.0,1,5337.160872730876,10.934159986528998,0.1124780316344463,0.1034928848641656,1,0.5562390158172231,0.1124780316344463,0.12028620504462462,0.8605625576475721,37.7378474,-122.1733603,0.0241,0.4965,0.0,1
06095252702,Solano,6893,0.0,0.0,0,0.0,9.577480307017531,0.0,1,23.67535439547256,11.10632471226177,0.0865994774169466,0.0151729004940014,1,0.5432997387084733,0.0865994774169466,0.1064345982985716,0.8294047895588155,38.1377528,-121.9771056,0.2241,0.5872,0.0,1
06013306002,Contra Costa,4439,0.0,7.423049804976007,0,0.0,7.509796120347585,0.02969219921990403,0,476.38520911902265,11.514254581303659,0.0081466395112016,0.0513577331759149,2,0.4892272201456488,0.007541910402853251,0.07142860578800787,0.061179601795092124,38.0077971,-121.761924,0.1771,0.4966,0.02969219921990403,0
06013326000,Contra Costa,3639,0.0,0.0,0,0.0,8.011928478450029,0.0,1,1527.216692889098,11.902057918457496,0.0162544169611307,0.0717377860235003,4,0.5081272084805654,0.0162544169611307,0.04241344994726903,0.13022922615148425,37.9374179,-122.088446,0.1558,0.3951,0.0,1
06013340001,Contra Costa,6118,0.0,16.699151939068283,0,0.0,7.152123002698842,0.06679660775627314,0,2255.0184885255217,11.693520532238482,0.0265646105357946,0.1259715025906735,3,0.47988400138976073,0.022128545860400518,0.05523765156980446,0.18999336207079254,37.9232319,-122.0689509,0.2273,0.4671,0.06679660775627314,0
06013301000,Contra Costa,5329,0.0,0.0,0,0.0,9.54550894883124,0.0,1,43.763782100200366,11.598029190215417,0.0302872062663185,0.0,2,0.5151436031331592,0.0302872062663185,0.06687424681020193,0.28910679845024084,38.0381229,-121.6299682,0.3663,0.5753,0.0,1
06013361000,Contra Costa,4973,0.0,0.0,0,0.0,8.081826380394354,0.0,1,310.928334822555,11.611339912455154,0.0338983050847457,0.0449125596184419,2,0.5169491525423728,0.0338983050847457,0.06580332540521594,0.27396021628455386,37.9434498,-122.2881682,0.1292,0.4544,0.0,1
06013352102,Contra Costa,5187,0.0,0.0,0,0.0,9.042608279148979,0.0,1,227.06415704694,12.387923258113977,0.0060277275467148,0.1039929793769197,5,0.5030138637733574,0.0060277275467148,0.0033228895097892064,0.05450637901837762,37.8172535,-122.105392,0.1145,0.2762,0.0,1
06013338302,Contra Costa,5513,0.0,0.0,0,0.0,8.381465687708918,0.0,1,797.495558796953,12.174963742502932,0.0069067587567834,0.0921712302352487,5,0.5034533793783917,0.0069067587567834,0.02045666328672857,0.05788876153326317,37.9065751,-122.0146435,0.1068,0.3035,0.0,1
06013346101,Contra Costa,3364,0.0,0.0,0,0.0,8.681780703915107,0.0,1,373.456450320468,12.314290076316857,0.0139751552795031,0.0805142083897158,5,0.5069875776397516,0.0139751552795031,0.009247087241776697,0.12132923343980737,37.8805837,-122.0082587,0.1482,0.3029,0.0,1
06013378000,Contra Costa,3887,0.0,0.0,0,0.0,8.18027659229653,0.0,1,140.40358704997578,11.77429692908219,0.0282968499733048,0.0637642919964819,3,0.5141484249866524,0.0282968499733048,0.05269252990851647,0.23147605947235192,37.9448236,-122.4048055,0.1332,0.4156,0.0,1
06013349000,Contra Costa,5815,0.0,5.158438988786649,0,0.0,7.522009926490932,0.020633755955146597,0,1646.01580417832,11.668868822704118,0.0730260155180283,0.099006116207951,3,0.5261961297814408,0.06925901306158894,0.059912539599270315,0.5493024136186897,37.8895825,-122.1040793,0.091,0.4154,0.020633755955146597,0
06013369002,Contra Costa,2728,0.0,0.0,0,0.0,8.173770325131612,0.0,1,1807.3995547455756,11.195773386334416,0.0,0.0308270676691729,1,0.5,0.0,0.09923795652461553,0.0,37.9587227,-122.323664,0.0429,0.4886,0.0,1
06013345105,Contra Costa,6233,0.0,0.0,0,0.0,9.367031379515229,0.0,1,1696.6102327144447,12.119670174029055,0.0128755364806866,0.0364018200910045,4,0.5064377682403433,0.0128755364806866,0.02490533744356438,0.12060555424268446,37.7968123,-121.979604,0.1029,0.3126,0.0,1
06013337300,Contra Costa,5994,0.0,0.0,0,0.0,8.332698433873745,0.0,1,1370.46402994542,11.978236852849545,0.0295234078447912,0.1001862197392923,4,0.5147617039223956,0.0295234078447912,0.03628443230418987,0.24600965431090746,37.9402165,-122.0080941,0.2115,0.3998,0.0,1
06013343003,Contra Costa,3847,0.0,0.0,0,0.0,8.292902324882673,0.0,1,707.3939441289436,11.987835786687663,0.0107758620689655,0.0710743801652892,4,0.5053879310344828,0.0107758620689655,0.03551214485598542,0.08936317160433901,37.8871646,-122.0283977,0.1047,0.3441,0.0,1
06013345103,Contra Costa,5286,0.0,0.0,0,0.0,8.373851626358913,0.0,1,1626.6298693440804,12.305252600812874,0.0845,0.0488538143555054,5,0.54225,0.0845,0.009974202254015352,0.7075904624273283,37.7387221,-121.9283794,0.2277,0.344,0.0,1
06013352202,Contra Costa,2674,0.0,0.0,0,0.0,8.67002275941315,0.0,1,194.8561465341659,12.041150831416088,0.0194624652455977,0.1111951588502269,4,0.5097312326227988,0.0194624652455977,0.031222653904321773,0.1687400166336195,37.8296923,-122.1594391,0.0726,0.3169,0.0,1
06013346102,Contra Costa,5396,0.0,0.0,0,0.0,9.071692470867255,0.0,1,266.2270172843594,12.429224196812383,0.0165929203539823,0.0659382064807837,5,0.5082964601769911,0.0165929203539823,0.0,0.15052587064492126,37.86371,-121.9837208,0.1643,0.2897,0.0,1
06013321200,Contra Costa,5616,0.0,0.0,0,0.0,8.249192452240443,0.0,1,2446.4386371595065,11.580827074580801,0.0335598980458793,0.0286953620286953,2,0.5167799490229397,0.0335598980458793,0.06825825238949046,0.27684205765802633,37.9821461,-122.0714008,0.1645,0.4785,0.0,1
06013325000,Contra Costa,6161,0.0,1.9307705369690529,0,0.0,7.489146708118208,0.007723082147876212,0,2097.335683638487,11.87423664493836,0.1186067019400352,0.0626018910987936,3,0.5554418098960795,0.11631667868410629,0.0443069759382958,0.8882629913949721,37.9354715,-122.0743431,0.0848,0.3656,0.007723082147876212,0
06013343001,Contra Costa,5940,0.0,0.0,0,0.0,7.760084654480534,0.0,1,2274.1808198037324,11.981334072845423,0.0574057843996494,0.1549839228295819,4,0.5287028921998247,0.0574057843996494,0.036035243783101634,0.4454737465981373,37.8931142,-122.0459606,0.191,0.3884,0.0,1
06013321102,Contra Costa,6133,0.0,0.0,0,0.0,8.630940036230587,0.0,1,1151.496885498117,11.843437115397364,0.0328638497652582,0.0442536327608982,3,0.5164319248826291,0.0328638497652582,0.0471298185742961,0.28364591668363415,37.9754057,-122.0929416,0.1304,0.3957,0.0,1
06013307204,Contra Costa,4567,0.0,0.0,0,0.0,8.396255781908957,0.0,1,3044.6761895353043,11.528306567008531,0.0178217821782178,0.1190804597701149,2,0.5089108910891089,0.0178217821782178,0.07248381842165996,0.14963624165778322,37.9946847,-121.8308707,0.2726,0.5459,0.0,1
06001409400,Alameda,4710,0.0,0.0,0,0.0,7.400415667839429,0.0,1,3757.125724132634,11.106504900559028,0.0591760299625468,0.033931168201648,1,0.5295880149812734,0.0591760299625468,0.10642010115101008,0.4379272192953668,37.744613,-122.1803623,0.081,0.5154,0.0,1
06001409500,Alameda,4291,0.0,21.89791453735788,0,0.0,7.020065370074378,0.08759165814943154,0,5129.031316800413,10.896757843893464,0.1209090909090909,0.1341463414634146,1,0.5166587163798296,0.09443252151392183,0.11249576497036165,0.8487897220180838,37.7504463,-122.1837659,0.1707,0.5538,0.08759165814943154,0
06001409600,Alameda,5139,0.0,0.0,0,0.0,7.642601125004163,0.0,1,6875.111295475623,10.89698003731375,0.0902341519131924,0.12312734082397,1,0.5451170759565962,0.0902341519131924,0.12327753810182251,0.6896236309255608,37.7532669,-122.1726197,0.0599,0.5157,0.0,1
06001409700,Alameda,5240,0.0,0.0,0,0.0,7.906208422356545,0.0,1,6461.714601159819,10.761343762573114,0.208131067961165,0.1334987593052109,1,0.6040655339805825,0.208131067961165,0.13419022843493444,1.6455276024686252,37.7564185,-122.1658933,0.0784,0.528,0.0,1
06001410100,Alameda,3172,0.0,0.0,0,0.0,7.991645346100804,0.0,1,3920.927293912625,11.340189816199864,0.0831146106736658,0.1051912568306011,1,0.5415573053368329,0.0831146106736658,0.08761885403047232,0.6642224915831815,37.7477424,-122.1533513,0.1769,0.5377,0.0,1
06095250900,Solano,2911,0.0,0.0,0,0.0,9.906218139324574,0.0,1,2997.661784247256,10.589358324125298,0.2213333333333333,0.055930568948891,1,0.6106666666666667,0.2213333333333333,0.14802741052486124,2.1925762815038388,38.1017927,-122.259038,0.0897,0.5364,0.0,1
06095252104,Solano,5837,0.0,0.0,0,0.0,9.67527730469316,0.0,1,571.6535192164596,11.971804949713029,0.0032967032967032,0.0429988974641675,4,0.5016483516483516,0.0032967032967032,0.036801914572967886,0.0318965185868996,38.0908319,-122.1636212,0.1937,0.3928,0.0,1
06095252102,Solano,4224,0.0,0.0,0,0.0,9.375770509552325,0.0,1,53.89812069327847,11.5627626998174,0.0365408038976857,0.0515518148342977,2,0.5182704019488429,0.0365408038976857,0.0697116314964531,0.34259819157925625,38.0870342,-122.1072279,0.1557,0.4791,0.0,1
06095252604,Solano,4004,0.0,0.0,0,0.0,10.269065539000842,0.0,1,2550.7997489524546,11.514154709139946,0.0316901408450704,0.0058651026392961,2,0.5158450704225352,0.0316901408450704,0.07362241385163171,0.3254281332781955,38.2641804,-122.0512736,0.1398,0.4841,0.0,1
06095251902,Solano,5481,0.0,0.0,0,0.0,10.130626354055753,0.0,1,2659.0769416514518,11.448397610442436,0.0233438485804416,0.0359771054783319,2,0.5116719242902208,0.0233438485804416,0.07891293702960889,0.23648780763410868,38.1482702,-122.2443068,0.2567,0.5555,0.0,1
06095252910,Solano,4900,0.0,0.0,0,0.0,10.483032482498372,0.0,1,2957.0258336918864,11.701858451351837,0.0169988276670574,0.012531328320802,3,0.5084994138335287,0.0169988276670574,0.0585206070743407,0.17819926259815475,38.3401253,-121.9444368,0.1575,0.4442,0.0,1
06001410200,Alameda,3238,0.0,0.0,0,0.0,7.875477796264391,0.0,1,5527.137551781667,11.226669042463126,0.0967450271247739,0.0508166969147005,1,0.5483725135623869,0.0967450271247739,0.09675222968925656,0.7619133130201531,37.7453063,-122.1571742,0.1367,0.5321,0.0,1
06001410400,Alameda,4687,0.0,0.0,0,0.0,7.658319119413707,0.0,1,6633.109516739988,11.316776752138244,0.1543296089385475,0.0992817912970004,1,0.5771648044692738,0.1543296089385475,0.08950256484708341,1.1819053948257188,37.7408161,-122.1621741,0.1546,0.529,0.0,1
06001420100,Alameda,2631,0.0,11.259314913473876,0,0.0,7.027022524961571,0.04503725965389551,0,4677.533203977911,12.144867230085767,0.0557729941291585,0.10062893081761,5,0.5053678672376315,0.04949333708348325,0.021847727893700555,0.3919180860301462,37.8946938,-122.2909385,0.0778,0.2864,0.04503725965389551,0
06001420200,Alameda,3275,0.0,35.21402688988227,0,0.0,6.825504510876108,0.1408561075595291,0,7291.659215309468,11.853026822643882,0.0713737528779739,0.1710189452124936,3,0.46525882265922236,0.046240180347206054,0.03982842750427352,0.48716187222676743,37.8944075,-122.2974489,0.1275,0.3639,0.1408561075595291,0
06001420500,Alameda,2548,0.0,0.0,0,0.0,7.4560802222666105,0.0,1,6052.722883287252,11.751950239425476,0.0873180873180873,0.1239479724560061,3,0.5436590436590436,0.0873180873180873,0.05449044499178013,0.6510506638985396,37.8866878,-122.2949826,0.1239,0.4155,0.0,1
06001421100,Alameda,2108,0.0,0.0,0,0.0,7.970617987091269,0.0,1,2827.5857626762063,12.364118586112014,0.0359281437125748,0.1084558823529411,5,0.5179640718562875,0.0359281437125748,0.005238107356456467,0.28636950851824877,37.899434,-122.2661928,0.2463,0.345,0.0,1
06001421400,Alameda,1638,0.0,0.0,0,0.0,7.569471676111879,0.0,1,3450.0290606969843,12.24769911637256,0.0403225806451612,0.1245136186770428,5,0.5201612903225806,0.0403225806451612,0.014604699180370107,0.30522063210128475,37.8883409,-122.270922,0.1375,0.3079,0.0,1
06001421700,Alameda,3421,0.0,0.0,0,0.0,7.191162013222038,0.0,1,5961.771584474808,11.59302970921189,0.1384062312762133,0.1642458100558659,2,0.5692031156381067,0.1384062312762133,0.06727648277637022,0.995301632746729,37.8819398,-122.2701842,0.0626,0.4246,0.0,1
06001421800,Alameda,2260,0.0,41.52355018904656,0,0.0,6.731049893473408,0.16609420075618625,0,4276.408319111275,12.050406651527409,0.0609357997823721,0.1972789115646258,4,0.4474207995130929,0.035633092376641896,0.025415757481425272,0.41016190863385266,37.8802854,-122.2782006,0.1046,0.298,0.16609420075618625,0
06001421900,Alameda,4141,0.0,41.63170535964979,0,0.0,6.69258474208869,0.1665268214385992,0,4900.256115546459,11.983329014237292,0.1056085918854415,0.1684078562473882,4,0.46954088522342113,0.06164193407721947,0.029900633317193583,0.7067944506859772,37.8794472,-122.2896362,0.1446,0.3314,0.1665268214385992,0
06001420600,Alameda,3488,0.0,0.0,0,0.0,7.296422876570107,0.0,1,4373.292617551746,12.042782830741375,0.0225903614457831,0.1484741784037558,4,0.5112951807228916,0.0225903614457831,0.031091350510043525,0.16482883004299917,37.8869937,-122.2870443,0.1185,0.3395,0.0,1
06075023102,San Francisco,3569,59.5166026121645,100.0,1,0.0,8.184349534383271,0.7,0,7324.646714579831,10.753360665540567,0.2129471890971039,0.3805054151624549,1,0.25647359454855195,0.0,0.0404497538559553,1.7428342279351086,37.7345195,-122.3845849,0.2065,0.4524,0.7,0
06075023200,San Francisco,4222,31.52119693339693,100.0,1,0.0,8.281445912390307,0.7,0,4928.981238992661,11.718344867454583,0.0822259136212624,0.2799616490891659,3,0.19111295681063123,0.0,0.017158255047168117,0.6809494562513619,37.7277635,-122.3861501,0.1026,0.2733,0.7,0
06075023300,San Francisco,3950,22.108035652208944,100.0,1,0.0,8.090232143468304,0.7,0,6237.6243447303805,11.223174587349336,0.1928079571537873,0.2508073196986006,1,0.24640397857689367,0.0,0.029110013393410808,1.5598611324820295,37.7254423,-122.3977657,0.0942,0.3717,0.7,0
06075022901,San Francisco,4386,52.22905635150031,100.0,1,0.0,6.039678345586838,0.7,0,17621.280089052336,11.482105367630341,0.2894183601962158,0.2934986847049981,2,0.2947091800981079,0.0,0.022860288321734704,1.747993802892336,37.751201,-122.4139445,0.0793,0.3187,0.7,0
06001407000,Alameda,6202,0.0,0.0,0,0.0,7.779594234590598,0.0,1,7187.072306436444,11.404850156483693,0.1042606516290726,0.0865712338104976,2,0.5521303258145362,0.1042606516290726,0.08241657114781165,0.811105564308192,37.7879458,-122.2024901,0.0498,0.4631,0.0,1
06001407200,Alameda,6544,0.0,77.3300812674538,0,0.0,6.276604009139329,0.30932032506981527,0,9151.522440330118,11.00106597361394,0.1508410200759631,0.2096408929149142,1,0.4207603475030739,0.03419553666656452,0.07936133758055022,0.946769351351456,37.7777848,-122.2192819,0.1368,0.4876,0.30932032506981527,0
06085504316,Santa Clara,5410,0.0,0.0,0,0.0,7.639121730465388,0.0,1,4793.871952380908,12.070865564008601,0.014569536423841,0.0027192386131883,4,0.5072847682119205,0.014569536423841,0.028831938915035993,0.11129846229817075,37.3869267,-121.8708177,0.0755,0.31,0.0,1
06001407300,Alameda,2459,0.0,5.172296785793157,0,0.0,7.415715737226235,0.020689187143172628,0,953.0380544585282,11.262076642563796,0.0832049306625577,0.1238447319778188,1,0.5312578717596925,0.0789013247082768,0.09196070502680101,0.6170241137291469,37.7621786,-122.2109235,0.2116,0.5604,0.020689187143172628,0
06001407400,Alameda,4242,0.0,0.0,0,0.0,7.367017416797891,0.0,1,8293.40726988002,10.967542902395527,0.1563236449332286,0.0554913294797687,1,0.5781618224666143,0.1563236449332286,0.11760036437284005,1.1516390148804243,37.7710407,-122.2067479,0.1197,0.5429,0.0,1
06001407600,Alameda,6459,0.0,0.0,0,0.0,7.528409347786542,0.0,1,6315.5735939982205,11.370924016772856,0.0357317670093,0.0879120879120879,1,0.51786588350465,0.0357317670093,0.08514611718975518,0.2690033687657449,37.7775293,-122.2031992,0.0998,0.4945,0.0,1
06001407700,Alameda,4238,0.0,0.0,0,0.0,7.850605668863209,0.0,1,4635.317881185265,11.668346765788058,0.0427553444180522,0.1539880129091747,3,0.5213776722090261,0.0427553444180522,0.06121680798222795,0.3356553492625595,37.7765251,-122.1932278,0.1784,0.4636,0.0,1
06001407800,Alameda,2769,0.0,0.0,0,0.0,8.085544667638452,0.0,1,2266.394044748793,11.639020526494377,0.0712365591397849,0.2162588792423046,2,0.5356182795698925,0.0712365591397849,0.06357626653163617,0.575986380893599,37.7817468,-122.1868539,0.2526,0.5095,0.0,1
06085503324,Santa Clara,3420,0.0,0.0,0,0.0,9.08416663204222,0.0,1,4130.600218474542,11.972910323520843,0.0110132158590308,0.0295226130653266,4,0.5055066079295154,0.0110132158590308,0.036712981121425625,0.10004588801808577,37.3276407,-121.7892747,0.1319,0.3616,0.0,1
06001423700,Alameda,3606,0.0,0.0,0,0.0,7.552209829962989,0.0,1,4948.608053252568,11.596816144310951,0.1908713692946058,0.0813106796116504,2,0.5954356846473029,0.1908713692946058,0.06697184307890369,1.441500631445218,37.8618284,-122.2490093,0.1153,0.45,0.0,1
06001423800,Alameda,3425,0.0,2.8362353640472544,0,0.0,7.146740061089975,0.011344941456189018,0,3157.4737751844805,12.164411757570525,0.0316678395496129,0.1434948979591837,5,0.5101614490467119,0.030769665085277037,0.0210639178661635,0.22632181755738803,37.8547209,-122.2441397,0.1422,0.3206,0.011344941456189018,0
06085503509,Santa Clara,4396,0.0,0.0,0,0.0,8.830186292325019,0.0,1,4075.28557139591,11.843171214332553,0.0107913669064748,0.0091556459816887,3,0.5053956834532374,0.0107913669064748,0.047151211789238534,0.09528978013300363,37.3487217,-121.801472,0.1439,0.4026,0.0,1
06001423901,Alameda,2258,5.069821829494541,100.0,1,21.0,5.364852789560452,0.5835946548848362,0,5723.828845499336,11.56765983207028,0.1490104772991851,0.2025602409638554,2,0.2827079112071744,0.0,0.02886423166551056,0.7994192748122675,37.852246,-122.267564,0.1386,0.3526,0.5835946548848362,0
06001427700,Alameda,5009,0.0,0.0,0,0.0,8.183642033780275,0.0,1,2931.641686585087,11.701932954354756,0.1679705476300046,0.136981526664343,3,0.5839852738150023,0.1679705476300046,0.05851461289467674,1.3746108340219976,37.7681553,-122.2868948,0.1265,0.4285,0.0,1
06001427800,Alameda,4274,0.0,0.0,0,0.0,7.968538911016467,0.0,1,5142.278895976669,11.79545428218121,0.0877390326209223,0.1689785624211853,3,0.5438695163104611,0.0877390326209223,0.05099030354555123,0.6991518954547624,37.7714922,-122.2690581,0.1265,0.4078,0.0,1
06085504317,Santa Clara,3763,0.0,2.394059842814539,0,0.0,7.384523204316364,0.009576239371258156,0,3159.49451527104,11.967885250924537,0.081967213114754,0.0528917449332674,4,0.5361954868717479,0.08000486898129945,0.03676183215263933,0.6052887872390456,37.3828815,-121.8767483,0.1117,0.3509,0.009576239371258156,0
06085504319,Santa Clara,6720,0.957662795823808,43.08894676909313,1,20.9,6.775302109122359,0.23243567095108675,0,3217.746993967995,12.076112013004115,0.020350212967345,0.011296076099881,4,0.3939572710081291,0.011581520534448626,0.02180637440857325,0.13787884083874175,37.3737018,-121.8672416,0.0752,0.2619,0.23243567095108675,0
06085504320,Santa Clara,3000,0.0,0.0,0,0.0,7.5426792178529185,0.0,1,3247.1695865493884,12.081081821061819,0.0559210526315789,0.010351966873706,4,0.5279605263157895,0.0559210526315789,0.028009984391451304,0.42179456152466943,37.402805,-121.8713866,0.0511,0.2946,0.0,1
06001424001,Alameda,3631,0.0,89.3741208613873,0,0.0,6.254009811718552,0.3574964834455492,0,7154.250657462387,11.37940550085183,0.1824034334763948,0.2937563971340839,1,0.4124534750154228,0.019381968385881534,0.054268246611260736,1.1407528626525252,37.8503694,-122.2746228,0.1249,0.4341,0.3574964834455492,0
06001428100,Alameda,4866,0.0,0.0,0,0.0,7.554184035382909,0.0,1,4709.948226788359,11.951644804176198,0.0608836206896551,0.1524294670846395,4,0.5304418103448275,0.0608836206896551,0.03842391005857515,0.45992607543010117,37.7589136,-122.2346068,0.1234,0.3631,0.0,1
06001428200,Alameda,6475,0.0,0.0,0,0.0,7.917316156984644,0.0,1,2988.257986160185,11.54572173938531,0.0545722713864306,0.1210702341137123,2,0.5272861356932153,0.0545722713864306,0.0710826712461794,0.4320659259711378,37.7533497,-122.2396803,0.1334,0.4723,0.0,1
06085503511,Santa Clara,3499,0.0,0.0,0,0.0,8.713575602403736,0.0,1,4219.922845512025,11.645426326780226,0.0675675675675675,0.0042194092827004,2,0.5337837837837838,0.0675675675675675,0.0630608843819207,0.5887551082705221,37.3426023,-121.8140638,0.1254,0.4437,0.0,1
06085503601,Santa Clara,3582,0.0,18.097030402124744,0,0.0,7.213445741963402,0.07238812160849899,0,2610.1891979065567,11.415874771350133,0.0847457627118644,0.0517520215633423,2,0.5061788205516827,0.0694092962693858,0.07562780662215897,0.6113089611833391,37.3583268,-121.8661802,0.1191,0.4812,0.07238812160849899,0
06085504321,Santa Clara,5412,0.0,0.0,0,0.0,7.960712395276358,0.0,1,3731.8038981896234,12.060225727183003,0.0207317073170731,0.055350553505535,4,0.5103658536585366,0.0207317073170731,0.029687972779830818,0.1650391594142654,37.3931319,-121.8651427,0.0906,0.3211,0.0,1
06085504410,Santa Clara,4124,0.0,18.80400481931309,0,0.0,6.9616761200631405,0.07521601927725236,0,3741.826976344794,11.871815952778089,0.1002527379949452,0.0167696381288614,3,0.5125183593588464,0.08140120831088238,0.041473402252886545,0.6979270920703567,37.4093719,-121.8788884,0.0296,0.3247,0.07521601927725236,0
06085507003,Santa Clara,3074,0.0,0.0,0,0.0,9.892612691110354,0.0,1,322.5109213569327,12.389143921214675,0.0483333333333333,0.013235294117647,5,0.5241666666666667,0.0483333333333333,0.0032246803954173453,0.4781429467370001,37.2199919,-121.9979469,0.0551,0.2463,0.0,1
06081602601,San Mateo,4096,0.0,0.0,0,0.0,7.738739728143004,0.0,1,5287.750699300514,11.961424519428453,0.0632911392405063,0.0897374701670644,4,0.5316455696202531,0.0632911392405063,0.03763707774326752,0.4897936536799368,37.6463794,-122.4568702,0.1131,0.3547,0.0,1
06081602001,San Mateo,3946,0.0,0.0,0,0.0,7.6802255238963735,0.0,1,2700.000196389665,11.863554167172559,0.0667547918043622,0.1549549549549549,3,0.5333773959021811,0.0667547918043622,0.04551129022074418,0.5126918558582509,37.6626495,-122.4197376,0.0824,0.3677,0.0,1
06013367100,Contra Costa,5773,0.0,0.0,0,0.0,8.400308118660094,0.0,1,3254.8272930249045,11.11074495665328,0.0365974282888229,0.1134896364254162,1,0.5182987141444114,0.0365974282888229,0.10607896512939574,0.3074296739766796,37.970609,-122.3305065,0.2273,0.5884,0.0,1
06085503510,Santa Clara,4565,0.0,0.0,0,0.0,8.577104211821698,0.0,1,4419.464331411504,11.528877551184156,0.0347523892267593,0.0170691090757701,2,0.5173761946133797,0.0347523892267593,0.07243787957893066,0.2980748640077042,37.3494389,-121.8196391,0.0704,0.4446,0.0,1
06085507004,Santa Clara,3926,0.0,0.0,0,0.0,9.809924327181903,0.0,1,1619.8705186415882,12.197571613935283,0.0149855907780979,0.0,5,0.5074927953890489,0.0149855907780979,0.018637734681502427,0.14700751153125538,37.2260168,-121.9763843,0.0155,0.2541,0.0,1
06085502204,Santa Clara,3242,0.0,0.0,0,0.0,9.073559836521571,0.0,1,9790.305334953518,11.120667753949183,0.1202321724709784,0.0545702592087312,1,0.5601160862354893,0.1202321724709784,0.10528062107036362,1.0909338111904041,37.3013832,-121.9258424,0.1248,0.5363,0.0,1
06085502203,Santa Clara,4211,0.0,0.0,0,0.0,8.974132693858506,0.0,1,6539.995396220044,11.791511291734247,0.1104225352112676,0.0107156525066972,3,0.5552112676056338,0.1104225352112676,0.05130753898877172,0.9909464833781786,37.3063756,-121.9180681,0.023,0.3574,0.0,1
06085501902,Santa Clara,3385,0.0,0.0,0,0.0,8.786302311933747,0.0,1,3179.5716050596643,11.870474027193358,0.0460720614294152,0.0632286995515695,3,0.5230360307147076,0.0460720614294152,0.04495454911516705,0.40480305985282444,37.3162127,-121.9087833,0.0857,0.3681,0.0,1
06085502104,Santa Clara,2634,0.0,0.0,0,0.0,9.033179715383444,0.0,1,3418.49312226916,11.710759413394692,0.005091649694501,0.0379829731499672,3,0.5025458248472505,0.005091649694501,0.05780447532694355,0.04599378673820474,37.3061059,-121.9278721,0.0982,0.4125,0.0,1
06085502103,Santa Clara,4261,0.0,0.0,0,0.0,8.923294108263775,0.0,1,4137.675608505778,11.305704474199834,0.0394656952034001,0.0397822445561139,1,0.5197328476017,0.0394656952034001,0.09039339099705745,0.352164005487034,37.31332,-121.92366,0.0503,0.4791,0.0,1
06085504424,Santa Clara,5269,0.0,0.0,0,0.0,8.575004575618314,0.0,1,206.0231321013736,11.927039727735853,0.0653846153846153,0.0255855855855855,4,0.5326923076923077,0.0653846153846153,0.040403524880122554,0.5606733760981198,37.4524963,-121.8635532,0.0508,0.3343,0.0,1
06085505015,Santa Clara,5229,0.0,0.0,0,0.0,8.406204799259648,0.0,1,2313.020237970153,12.06304487614259,0.0501635768811341,0.0328305235137533,4,0.5250817884405671,0.0501635768811341,0.029461156615366635,0.42168530072621974,37.4161406,-121.9408683,0.0562,0.3024,0.0,1
06085505012,Santa Clara,2879,0.0,0.0,0,0.0,8.509661955827513,0.0,1,2708.828411409096,12.212009984596895,0.0618131868131868,0.094017094017094,5,0.5309065934065934,0.0618131868131868,0.017476087708772292,0.5260093241926346,37.4043782,-121.9465958,0.0527,0.2707,0.0,1
06085505014,Santa Clara,6023,0.0,0.0,0,0.0,8.680710606610576,0.0,1,5340.7693355279125,11.829734207472935,0.017578125,0.0255063765941485,3,0.5087890625,0.017578125,0.048232293492074474,0.15259061613182653,37.4137914,-121.9573012,0.0508,0.36,0.0,1
06085505010,Santa Clara,4473,0.0,0.0,0,0.0,8.904209502849275,0.0,1,573.8198950980612,12.161739285040445,0.0715307582260372,0.0,5,0.5357653791130186,0.0715307582260372,0.0215206442120931,0.6369248571422944,37.3997725,-121.9732045,0.0515,0.2784,0.0,1
06085501901,Santa Clara,2618,0.0,0.0,0,0.0,8.66141437063809,0.0,1,4379.604465110453,11.751296487615205,0.1093148575827559,0.0464989059080962,3,0.5546574287913779,0.1093148575827559,0.05454304294961865,0.9468212783915381,37.3236809,-121.9078195,0.0219,0.3648,0.0,1
06085511502,Santa Clara,3223,0.0,0.0,0,0.0,9.993190590973645,0.0,1,1662.7453416454732,12.429224196812383,0.032051282051282,0.0096952908587257,5,0.516025641025641,0.032051282051282,0.0,0.32029457022351376,37.4155195,-122.1617499,0.0083,0.2117,0.0,1
06085504903,Santa Clara,4970,0.0,0.0,0,0.0,8.537282974035552,0.0,1,8375.885472802456,12.087120176352881,0.0288689067676289,0.0371687136393018,4,0.5144344533838144,0.0288689067676289,0.02752416522885137,0.24646202622629795,37.3973289,-121.9464072,0.0116,0.2734,0.0,1
06085504808,Santa Clara,2251,0.0,0.0,0,0.0,9.395335689648391,0.0,1,4461.022904269767,11.785064873583302,0.2044776119402985,0.0047846889952153,3,0.6022388059701492,0.2044776119402985,0.05182618907093839,1.9211358051967606,37.4010219,-122.02654,0.0702,0.3817,0.0,1
06085511501,Santa Clara,4820,0.0,0.0,0,0.0,9.920308289169935,0.0,1,3162.2379391511176,12.188061412728322,0.1279426816786079,0.0434276851492826,5,0.5639713408393039,0.1279426816786079,0.019402883097555668,1.2692308455949242,37.4299081,-122.1475911,0.0237,0.2598,0.0,1
06085512057,Santa Clara,4125,0.0,0.0,0,0.0,9.348509318536989,0.0,1,3007.6190188188834,11.926008152177355,0.1142284569138276,0.0,4,0.5571142284569138,0.1142284569138276,0.040486520853335595,1.0678657939010183,37.2737909,-121.8229031,0.0363,0.3273,0.0,1
06085512059,Santa Clara,6927,0.0,0.0,0,0.0,9.711598845440685,0.0,1,2935.4477594908813,11.909692857375196,0.0099099099099099,0.0537668021256642,4,0.5049549549549549,0.0099099099099099,0.041799176779708125,0.0962410696395022,37.2337395,-121.7963166,0.0994,0.3636,0.0,1
06085503339,Santa Clara,3934,0.0,0.0,0,0.0,9.496832022558396,0.0,1,1048.4646830322956,12.429224196812383,0.0112812248186946,0.0193089430894308,5,0.5056406124093473,0.0112812248186946,0.0,0.1071358971118594,37.2849697,-121.7667846,0.1804,0.2977,0.0,1
06085503338,Santa Clara,4092,0.0,0.0,0,0.0,9.531993896161463,0.0,1,435.2865572596748,12.429224196812383,0.0146551724137931,0.0059770114942528,5,0.5073275862068966,0.0146551724137931,0.0,0.13969301399546968,37.2767906,-121.7696638,0.1067,0.2609,0.0,1
06085512056,Santa Clara,3125,0.0,0.0,0,0.0,9.410617956534766,0.0,1,3306.6540334832057,11.523984092326963,0.1240079365079365,0.033033033033033,2,0.5620039682539683,0.1240079365079365,0.07283158547559065,1.1669913140544104,37.2721374,-121.8082789,0.1544,0.4876,0.0,1
06085503219,Santa Clara,2648,0.0,0.0,0,0.0,9.097591036122184,0.0,1,5469.322009412364,10.963428310555969,0.0639097744360902,0.0,1,0.5319548872180451,0.0639097744360902,0.11793140609953223,0.5814249910303648,37.292524,-121.8417606,0.0165,0.4917,0.0,1
06085503222,Santa Clara,6103,0.0,0.0,0,0.0,9.043049971483827,0.0,1,8124.37261689716,11.471196809557176,0.1473820297349709,0.0645047585477617,2,0.5736910148674854,0.1473820297349709,0.07707861505152547,1.332783059792057,37.2961288,-121.8451132,0.0328,0.4385,0.0,1
06085509111,Santa Clara,4205,0.0,0.0,0,0.0,9.64513594404535,0.0,1,4333.091406052941,11.965986373485652,0.058681185722928,0.0727370689655172,4,0.529340592861464,0.058681185722928,0.037270051291337536,0.5659880136554136,37.3820251,-122.0620648,0.0307,0.3125,0.0,1
06085507705,Santa Clara,4092,0.0,0.0,0,0.0,9.858135958489965,0.0,1,769.0413172416746,12.429224196812383,0.010566037735849,0.0,5,0.5052830188679245,0.010566037735849,0.0,0.10416143654253493,37.3066122,-122.0806241,0.0434,0.2292,0.0,1
06085507704,Santa Clara,3344,0.0,0.0,0,0.0,9.777943348752759,0.0,1,2522.56706538822,12.298136653123116,0.0982608695652173,0.0245398773006134,5,0.5491304347826087,0.0982608695652173,0.010546719699760954,0.9607892160078789,37.3271563,-122.0672795,0.0375,0.2494,0.0,1
06085512058,Santa Clara,5504,0.0,0.0,0,0.0,9.626463872041386,0.0,1,3586.9230270495905,11.643023470260218,0.0354824751189961,0.0159076731129132,2,0.5177412375594981,0.0354824751189961,0.06325420751150301,0.3415707648236233,37.2469505,-121.7969833,0.1095,0.4364,0.0,1
06085504807,Santa Clara,5841,0.0,0.0,0,0.0,9.312823735698332,0.0,1,6158.984035998774,12.314559269814767,0.0315048183839881,0.0281234444997511,5,0.515752409191994,0.0315048183839881,0.009225429132336593,0.29339882043526955,37.40117,-122.0157372,0.0309,0.2441,0.0,1
06085508205,Santa Clara,3882,0.0,0.0,0,0.0,9.369520812311961,0.0,1,3135.7660508110644,12.171962451400514,0.0269896193771626,0.024537037037037,5,0.5134948096885813,0.0269896193771626,0.020698133796463902,0.2528798004707032,37.3487184,-122.004968,0.0431,0.272,0.0,1
06085508510,Santa Clara,3500,0.0,0.0,0,0.0,9.432755691482482,0.0,1,4750.567176368393,11.61085947225392,0.1262665627435697,0.0401459854014598,2,0.5631332813717849,0.1262665627435697,0.06584197948318793,1.191041638363337,37.3603463,-122.0177173,0.0073,0.3937,0.0,1
06085508206,Santa Clara,3934,0.0,0.0,0,0.0,9.384692121613966,0.0,1,2861.5850147768897,12.229549885708273,0.0126671358198451,0.0344108446298227,5,0.5063335679099226,0.0126671358198451,0.016064905415039354,0.11887716973191437,37.3415391,-122.0050075,0.0584,0.2708,0.0,1
06085512513,Santa Clara,3761,0.0,0.0,0,0.0,10.745183684461223,0.0,1,2939.7310526324063,11.409939904649805,0.0314465408805031,0.0206185567010309,2,0.5157232704402516,0.0314465408805031,0.0820070726879305,0.3378988580019248,37.0257555,-121.580832,0.1615,0.5178,0.0,1
06085512512,Santa Clara,4052,0.0,0.0,0,0.0,10.793667338069843,0.0,1,4137.2530326094575,11.391751687239736,0.0,0.0,1,0.5,0.0,0.08347041562245838,0.0,37.0008369,-121.5756972,0.2635,0.5733,0.0,1
06085512514,Santa Clara,2924,0.0,0.0,0,0.0,10.74238362566825,0.0,1,3733.085384632144,11.754042520774586,0.0315258511979823,0.0100076982294072,3,0.5157629255989912,0.0315258511979823,0.05432210935666881,0.3386627876944588,37.0229981,-121.5834218,0.224,0.4647,0.0,1
06085512516,Santa Clara,4525,0.0,0.0,0,0.0,10.722516018786212,0.0,1,1381.058443748512,11.914549873692454,0.0163822525597269,0.0161127895266868,4,0.5081911262798634,0.0163822525597269,0.0414084028874403,0.1756589654954731,37.0146086,-121.6113934,0.1229,0.374,0.0,1
06085508305,Santa Clara,5604,0.0,0.0,0,0.0,9.597837375423191,0.0,1,13151.19551303509,11.635505863745324,0.0638637573177221,0.0158607350096711,2,0.531931878658861,0.0638637573177221,0.063859040636713,0.6129539569189896,37.3400957,-122.0374423,0.017,0.3924,0.0,1
06085504509,Santa Clara,4740,0.584616739823982,22.043214694566167,1,20.9,7.207741515703073,0.13706136097298413,0,1385.5416733828374,12.12303880220061,0.0410958904109589,0.0284005979073243,4,0.4520172647189874,0.032037035057027596,0.02125790021423829,0.2962085554398523,37.4219633,-121.8902996,0.0291,0.2477,0.13706136097298413,0
06085501601,Santa Clara,4088,0.0,0.0,0,0.0,8.372741705389021,0.0,1,5228.696974930704,11.633318425142017,0.0655848546315077,0.0498442367601246,2,0.5327924273157538,0.0655848546315077,0.0640350322005202,0.5491250476151008,37.333456,-121.8709378,0.1106,0.4397,0.0,1
06085501602,Santa Clara,3255,0.0,0.0,0,0.0,8.38102654371256,0.0,1,7461.36900169958,10.757924157061597,0.170364500792393,0.0699588477366255,1,0.5851822503961965,0.170364500792393,0.1344653546582103,1.427829403247385,37.3293246,-121.8781864,0.0463,0.5121,0.0,1
06085506505,Santa Clara,4333,0.0,0.0,0,0.0,9.280969309356648,0.0,1,6590.2612281586,11.79773591826755,0.056068133427963,0.0199416342412451,3,0.5280340667139815,0.056068133427963,0.050806733271959614,0.5203666255778381,37.2977336,-121.957282,0.0554,0.3718,0.0,1
06085504510,Santa Clara,4325,0.0,14.894059358623846,0,0.0,7.339822374560205,0.05957623743449539,0,2530.220652949667,11.849097656582439,0.1230053191489361,0.0367877972184836,3,0.5317145408572204,0.10468483390062885,0.043893711714289414,0.9028371936792801,37.4209191,-121.9012791,0.039,0.3368,0.05957623743449539,0
06085508708,Santa Clara,4917,0.0,0.0,0,0.0,9.234986261081335,0.0,1,1005.0406313307212,12.409046142054988,0.1799910674408218,0.0162489672266593,5,0.5899955337204109,0.1799910674408218,0.0016234363816987063,1.6622150349333533,37.3800505,-122.0006021,0.0185,0.2267,0.0,1
06085505902,Santa Clara,3950,0.0,0.0,0,0.0,8.979625595441684,0.0,1,4477.502700514101,11.566873731797283,0.122290161200667,0.0283479960899315,2,0.5611450806003335,0.122290161200667,0.06938087618020916,1.098119861588199,37.3344951,-121.9536944,0.0587,0.4296,0.0,1
06085503127,Santa Clara,4723,0.0,0.0,0,0.0,9.140000997603249,0.0,1,1613.7510543483245,11.979021469384946,0.0410356619443087,0.0328528327187395,4,0.5205178309721543,0.0410356619443087,0.036221305553640004,0.3750659911082912,37.2858514,-121.8568775,0.1002,0.3438,0.0,1
06085503126,Santa Clara,3770,0.0,0.0,0,0.0,9.018126557551101,0.0,1,2439.8766790679806,11.826757623966394,0.0268610897927858,0.0229257641921397,3,0.513430544896393,0.0268610897927858,0.04847177613873099,0.24223670722508642,37.2953016,-121.8591564,0.0808,0.376,0.0,1
06085503124,Santa Clara,5747,0.0,0.0,0,0.0,9.152563520659353,0.0,1,3654.482714129557,11.52032799848697,0.0115874855156431,0.0373412994772218,2,0.5057937427578215,0.0115874855156431,0.07312573849609294,0.10605519722664367,37.2836065,-121.8718216,0.0668,0.4455,0.0,1
06085503125,Santa Clara,3663,0.0,0.0,0,0.0,9.156589259652415,0.0,1,4932.731200242931,11.98163450659891,0.0074626865671641,0.0225225225225225,4,0.503731343283582,0.0074626865671641,0.03601107222188993,0.06833275566904715,37.2832604,-121.8775331,0.1537,0.3696,0.0,1
06085512055,Santa Clara,3532,0.0,0.0,0,0.0,9.350311700884832,0.0,1,5215.387023099105,11.59352801590228,0.0160366552119129,0.0311909262759924,2,0.5080183276059564,0.0160366552119129,0.06723639124028569,0.14994772487100494,37.2697738,-121.8357569,0.0312,0.4088,0.0,1
06085509002,Santa Clara,3954,0.0,0.0,0,0.0,9.346671915302123,0.0,1,5874.8784995064825,11.711489397310048,0.0293515358361774,0.0805398345668263,3,0.5146757679180887,0.0293515358361774,0.05774574407358468,0.2743391756709831,37.3904903,-122.0182184,0.0479,0.387,0.0,1
06085509001,Santa Clara,2929,0.0,0.0,0,0.0,9.387537241825193,0.0,1,3391.7067839244155,11.574866866510412,0.0156576200417536,0.0250596658711217,2,0.5078288100208768,0.0156576200417536,0.06873778417490295,0.14698649126031046,37.3936552,-122.0243888,0.0197,0.4074,0.0,1
06085508306,Santa Clara,3130,0.0,0.0,0,0.0,9.583488501839362,0.0,1,3599.633133650263,12.307053082633972,0.0510033444816053,0.0060483870967741,5,0.5255016722408027,0.0510033444816053,0.009829343508804267,0.4887899653948165,37.3471326,-122.0367347,0.006,0.2328,0.0,1
06085502704,Santa Clara,4143,0.0,0.0,0,0.0,9.537643612813733,0.0,1,2539.5800345099788,12.201903968657954,0.0825688073394495,0.0063045586808923,5,0.5412844036697247,0.0825688073394495,0.018289172723485736,0.7875118579387482,37.2550203,-121.9400151,0.0907,0.2914,0.0,1
06001428301,Alameda,7203,0.0,0.0,0,0.0,8.142478972519967,0.0,1,1221.2206902061623,12.164604609036402,0.0128976784178847,0.175220321410057,5,0.5064488392089423,0.0128976784178847,0.021290113009937106,0.10501907531195077,37.7344929,-122.2414385,0.176,0.3396,0.0,1
06001428302,Alameda,7022,0.0,0.0,0,0.0,8.330522007047335,0.0,1,2594.796190002913,12.326079872504838,0.019872813990461,0.109802767147483,5,0.5099364069952305,0.019872813990461,0.008298532770371736,0.16555091428949353,37.7439709,-122.249779,0.1428,0.2989,0.0,1
06001428400,Alameda,4756,0.0,0.0,0,0.0,8.259842538565733,0.0,1,2403.7532399534034,11.45351510563862,0.0675381263616557,0.1293031066330814,2,0.5337690631808278,0.0675381263616557,0.07850120616731604,0.5578542890970315,37.7564138,-122.2559068,0.1243,0.4885,0.0,1
06001430900,Alameda,5214,0.0,13.000065519749956,0,0.0,6.956122609541178,0.052000262078999826,0,4754.909522467641,11.563884703567355,0.0875706214689265,0.0516154452324665,2,0.5177851796949633,0.07618638330191382,0.06600103110372434,0.6091519799315717,37.6982784,-122.0828322,0.1206,0.4509,0.052000262078999826,0
06055201102,Napa,2053,0.0,0.0,0,0.0,10.552420380108712,0.0,1,13.182709887873228,11.806848025011464,0.0326704545454545,0.0,3,0.5163352272727273,0.0326704545454545,0.05007361376267838,0.34475237037286943,38.2693294,-122.3654555,0.0433,0.3633,0.0,1
06075022803,San Francisco,4430,21.27059900305029,99.99999999999996,1,0.0,6.517686056170413,0.6999999999999998,0,15704.792263918796,11.943089689712654,0.2431880108991825,0.259634098871156,4,0.27159400544959134,1.0799717160522637e-16,0.011733664935203364,1.58502310766542,37.7558368,-122.4120842,0.0417,0.1851,0.6999999999999998,0
06075047702,San Francisco,3654,25.51113313532012,100.0,1,0.0,8.653068802398654,0.7,0,10357.520052939968,11.651756539439653,0.1947728686994399,0.1555891238670695,3,0.24738643434971996,0.0,0.01876547510275311,1.6853830336968127,37.7744602,-122.4837889,0.0423,0.2603,0.7,0
06075035202,San Francisco,4878,37.55786518562018,100.0,1,0.0,8.822731444603944,0.7,0,13086.23331253252,11.519920939482615,0.0737197523916713,0.3464121597737716,2,0.18685987619583566,0.0,0.02194754659497498,0.6504095775144152,37.7613995,-122.5061469,0.204,0.3743,0.7,0
06075013300,San Francisco,4284,20.64318644048437,100.0,1,0.0,8.173304760273787,0.7,0,7369.617559252923,12.065959641540097,0.308085977482088,0.2440984429934706,4,0.304042988741044,0.0,0.008767994273498982,2.5180805863279527,37.7887307,-122.4524293,0.0899,0.1783,0.7,0
06075025403,San Francisco,4244,40.71859065745517,100.0,1,0.0,7.035071038045865,0.7,0,8229.033273820938,12.025365784413221,0.097962382445141,0.2110960757780784,4,0.19898119122257052,0.0,0.009747794536590694,0.6891723195577841,37.7337691,-122.4206236,0.0848,0.1859,0.7,0
06075022702,San Francisco,2152,23.68637324544665,99.99999999999996,1,0.0,7.671328240526538,0.6999999999999998,0,7281.867889171597,12.39223265934644,0.160865475070555,0.1374287523749208,5,0.23043273753527757,7.143862171623771e-17,0.0008928522861972992,1.2340518618344662,37.7626143,-122.3955143,0.076,0.1166,0.6999999999999998,0
06001431000,Alameda,3091,0.0,73.0250870357185,0,0.0,5.850719858082121,0.292100348142874,0,3239.329473272176,11.374628449066137,0.0981098109810981,0.1257179323548181,1,0.40300473141911203,0.026465036121572312,0.06006392280469392,0.574013019379794,37.6929313,-122.0784573,0.1244,0.4474,0.292100348142874,0
06001432100,Alameda,3892,0.0,0.0,0,0.0,7.607498879549116,0.0,1,3519.698512422105,12.056870534646905,0.0236511456023651,0.1194793119479312,4,0.5118255728011826,0.0236511456023651,0.02995791662209879,0.1799260636700455,37.7360495,-122.1466048,0.0981,0.3261,0.0,1
06085503325,Santa Clara,4391,0.0,0.0,0,0.0,9.134430115563342,0.0,1,3857.132883434088,12.060792505871103,0.0096660808435852,0.0236294896030245,4,0.5048330404217926,0.0096660808435852,0.02964237229189004,0.08829413995711458,37.3206767,-121.7888418,0.0506,0.3005,0.0,1
06085503602,Santa Clara,5255,0.0,0.0,0,0.0,8.106595573749779,0.0,1,4295.906414546533,11.387770321984222,0.1088328075709779,0.0468050468050468,1,0.554416403785489,0.1088328075709779,0.08379073853179453,0.8822635561336508,37.344543,-121.8523293,0.1201,0.5021,0.0,1
06085503703,Santa Clara,3888,0.0,0.0,0,0.0,8.300025543326772,0.0,1,5935.611078116922,11.274046255019954,0.0138568129330254,0.0246107483676544,1,0.5069284064665127,0.0138568129330254,0.09294047025788521,0.11501190129321158,37.3456372,-121.8393992,0.0904,0.502,0.0,1
06085503712,Santa Clara,4340,0.0,0.0,0,0.0,7.852932601435471,0.0,1,6534.460176468129,11.16032791145152,0.1214882308276385,0.0160132523467697,1,0.5607441154138193,0.1214882308276385,0.10208974150504802,0.9540388885570802,37.3622865,-121.8466432,0.0569,0.4988,0.0,1
06001428000,Alameda,2906,0.0,0.0,0,0.0,7.7199038153136526,0.0,1,5527.195330156569,11.415874771350133,0.0404440919904837,0.2306064880112835,2,0.5202220459952418,0.0404440919904837,0.08152957975624375,0.31222450006423147,37.7666414,-122.2475404,0.1904,0.5313,0.0,1
06001428500,Alameda,3302,0.0,0.0,0,0.0,8.18233525979725,0.0,1,3276.7093390184027,11.83914532512709,0.0942737430167597,0.1742296918767507,3,0.5471368715083799,0.0942737430167597,0.04747511689720951,0.7713793715590977,37.7601324,-122.2593887,0.1238,0.3945,0.0,1
06001428600,Alameda,3235,0.0,0.0,0,0.0,8.25297530349861,0.0,1,1634.3426946409757,11.668509402906487,0.0682989690721649,0.1164787976382179,3,0.5341494845360825,0.0682989690721649,0.061203722924314974,0.5636697050069923,37.766273,-122.2738461,0.0478,0.3981,0.0,1
06001430300,Alameda,4290,0.0,0.0,0,0.0,8.08122902458394,0.0,1,1674.753397549322,12.041475086590063,0.0336134453781512,0.0469348659003831,4,0.5168067226890756,0.0336134453781512,0.03119656577775487,0.2716379504061824,37.7172764,-122.0819576,0.1049,0.3329,0.0,1
06001430400,Alameda,2155,0.0,0.0,0,0.0,8.145649375231761,0.0,1,739.2484263465113,12.239270449633612,0.040787623066104,0.0449438202247191,5,0.520393811533052,0.040787623066104,0.015282832151944592,0.3322416763455986,37.7212084,-122.1010957,0.1067,0.2935,0.0,1
06001430700,Alameda,4085,0.0,0.0,0,0.0,7.495911702208815,0.0,1,3088.6070176865323,11.658116123425975,0.0227606461086637,0.0998914223669924,3,0.5113803230543319,0.0227606461086637,0.062039919883669636,0.17061179351576575,37.7060948,-122.0822254,0.228,0.4917,0.0,1
06085503708,Santa Clara,2662,0.0,0.0,0,0.0,7.482176192954244,0.0,1,2182.6096913109145,11.592494214189353,0.0813464235624123,0.0292184075967859,2,0.5406732117812062,0.0813464235624123,0.06731956631996538,0.6086482737606534,37.3694488,-121.8546251,0.0782,0.4328,0.0,1
06013304006,Contra Costa,3292,0.0,0.0,0,0.0,9.718824160017903,0.0,1,80.03675840782945,12.21101540991933,0.0,0.014312383322962,5,0.5,0.0,0.017556106755964307,0.0,37.9521279,-121.5995247,0.3199,0.4045,0.0,1
06013392202,Contra Costa,4724,0.0,0.0,0,0.0,8.98290358044465,0.0,1,1780.875130332861,11.61202844301325,0.0,0.008471157724889,2,0.5,0.0,0.0657479293042853,0.0,38.0068674,-122.320599,0.1835,0.4812,0.0,1
06013392201,Contra Costa,4867,0.0,0.0,0,0.0,8.72030895654612,0.0,1,328.01346978182715,11.529280981329794,0.0853586247777119,0.1407241508025382,2,0.5426793123888559,0.0853586247777119,0.07240542138691075,0.7443535801675406,37.9917413,-122.3595538,0.1672,0.4929,0.0,1
06013303210,Contra Costa,3598,0.0,0.0,0,0.0,9.2263947491164,0.0,1,1093.720658519613,11.52282628964749,0.0420939017808958,0.0,2,0.521046950890448,0.0420939017808958,0.07292473712054759,0.3883749543610785,37.9162293,-121.7223832,0.1915,0.5067,0.0,1
06013355121,Contra Costa,6409,0.0,0.0,0,0.0,9.127441026553658,0.0,1,1319.295125138721,12.404927602627597,0.0105162523900573,0.0502481389578163,5,0.5052581261950286,0.0105162523900573,0.0019547957137193706,0.09598647351060195,37.78368,-121.9137603,0.1867,0.311,0.0,1
06013355124,Contra Costa,4601,0.0,0.0,0,0.0,8.722392858630021,0.0,1,2304.8506066584373,12.429224196812383,0.0155555555555555,0.113896218117854,5,0.5077777777777778,0.0155555555555555,0.0,0.13568166668979983,37.7568691,-121.896725,0.2379,0.3265,0.0,1
06013345205,Contra Costa,5779,0.0,0.0,0,0.0,9.293080888805013,0.0,1,1422.5714524420011,12.005595264714875,0.0111396743787489,0.0201988812927284,4,0.5055698371893744,0.0111396743787489,0.03408329638193763,0.10352189507666228,37.7858204,-121.9867395,0.096,0.3362,0.0,1
06013355126,Contra Costa,5773,0.0,0.0,0,0.0,9.011861669236989,0.0,1,420.4082804958277,12.429224196812383,0.0198973042362002,0.0815993472052223,5,0.5099486521181001,0.0198973042362002,0.0,0.17931175336735936,37.7738098,-121.8797382,0.1869,0.301,0.0,1
06001422500,Alameda,4467,0.0,13.435960076165518,0,0.0,6.9636265405276525,0.053743840304662074,0,9595.572299495829,10.977790071986655,0.2177564487102579,0.1237812632471386,1,0.5820063042027979,0.1884987791982718,0.110499936219719,1.5163745856098003,37.8773391,-122.2602611,0.0674,0.5055,0.053743840304662074,0
06001422700,Alameda,4803,0.0,0.0,0,0.0,7.4088542926798855,0.0,1,13848.591981752235,10.655328079435291,0.3823823823823823,0.0904168922577152,1,0.6911911911911912,0.3823823823823823,0.14271977794334323,2.833015355158875,37.8679151,-122.2495095,0.0368,0.5093,0.0,1
06001423000,Alameda,4549,0.0,53.42923240665767,0,0.0,6.767022359494231,0.2137169296266307,0,6230.803119345825,11.37272042444158,0.1216287678476996,0.22568093385214,1,0.45395591911053446,0.056643450800998064,0.06683530820964739,0.8230645915831162,37.8668441,-122.2771352,0.0647,0.4339,0.2137169296266307,0
06001423100,Alameda,4275,0.0,26.856649866048027,0,0.0,6.848862670400437,0.10742659946419211,0,5710.280749225772,11.021281360620167,0.3132470119521912,0.245575221238938,1,0.6029102062439995,0.22911935873633357,0.10110786523445357,2.145385766773842,37.865807,-122.2863197,0.1665,0.5423,0.10742659946419211,0
06001424002,Alameda,2663,0.0,0.0,0,0.0,6.975664009105108,0.0,1,8149.552365164701,11.546302212293526,0.2140790742526518,0.1729004940014114,2,0.6070395371263259,0.2140790742526518,0.07103596898230324,1.4933436933667632,37.8504772,-122.281531,0.06,0.4352,0.0,1
06075030202,San Francisco,4209,50.47431273835969,100.0,1,0.0,8.340920852916948,0.7,0,11802.576795319776,11.940888910087285,0.3224987303199593,0.3386100386100386,4,0.3112493651599797,0.0,0.011786784412103615,2.6899363847649878,37.7630946,-122.4673205,0.1093,0.2196,0.7,0
06075026001,San Francisco,6416,41.73882064556123,100.0,1,0.0,6.985393670658299,0.7,0,15752.72195658358,11.648888897786033,0.1033707865168539,0.3107462686567164,2,0.20168539325842696,0.0,0.01883469040392262,0.7220856378658015,37.7235502,-122.4322434,0.0943,0.2875,0.7,0
06075026003,San Francisco,4920,63.81384058504976,99.99999999999996,1,0.0,7.360318629227566,0.6999999999999998,0,12075.542141478649,11.49453743665695,0.1333803810868031,0.1745283018867924,2,0.21669019054340163,5.923278804633863e-17,0.02256021965703565,0.9817221036866691,37.7195817,-122.4287703,0.0692,0.3125,0.6999999999999998,0
06075026404,San Francisco,2507,31.716146296544384,100.0,1,0.0,8.02993382177161,0.7,0,13252.063127572794,11.423700731221805,0.1652173913043478,0.3030523255813953,2,0.2326086956521739,0.0,0.0242699813681482,1.326684718379657,37.7096507,-122.4152933,0.1613,0.3745,0.7,0
06001426200,Alameda,4861,0.0,0.0,0,0.0,7.767206601753933,0.0,1,3578.972982819248,12.429224196812383,0.0332929782082324,0.1122355105795768,5,0.5166464891041161,0.0332929782082324,0.0,0.25859344013103247,37.8246262,-122.2406411,0.0736,0.2443,0.0,1
06001427100,Alameda,4222,0.0,0.0,0,0.0,7.162495420860679,0.0,1,3537.071819296956,12.278607237713388,0.0,0.1301952929394091,5,0.5,0.0,0.012117969449583432,0.0,37.764909,-122.2299614,0.1127,0.29,0.0,1
06001427200,Alameda,4508,0.0,0.0,0,0.0,7.647565555542644,0.0,1,2306.1930716891543,11.683275649982964,0.0911360799001248,0.0649188514357053,3,0.5455680399500624,0.0911360799001248,0.06001569647611038,0.6969691455113768,37.780827,-122.248255,0.1065,0.4232,0.0,1
06085503401,Santa Clara,4329,0.0,0.0,0,0.0,8.506880976711145,0.0,1,4797.39515276707,11.400003097105111,0.0304302203567681,0.0312331717824448,2,0.5152151101783841,0.0304302203567681,0.0828065439491571,0.25886626267011875,37.3330729,-121.840794,0.0711,0.4749,0.0,1
06013314106,Contra Costa,4176,0.0,32.29977846843164,0,0.0,6.822296655911747,0.12919911387372657,0,4127.0657411688535,11.132440732922605,0.0451354062186559,0.0121488230827638,1,0.4579681461724647,0.03055676999920333,0.09085363427258182,0.3079271309087544,38.0229463,-121.9350969,0.2384,0.5666,0.12919911387372657,0
06013302011,Contra Costa,4915,0.0,0.0,0,0.0,9.209524454898617,0.0,1,298.3728766875846,11.765270473132324,0.0468642315644383,0.0577925153955471,3,0.5234321157822192,0.0468642315644383,0.05341875833652898,0.4315972866527262,37.9872578,-121.6618882,0.3363,0.519,0.0,1
06013340003,Contra Costa,3718,0.0,0.0,0,0.0,7.762027211088981,0.0,1,1475.3281566942196,11.984234491813652,0.0282447881640887,0.0412307692307692,4,0.5141223940820443,0.0282447881640887,0.03580188899584369,0.21923681430110048,37.9182611,-122.0889917,0.1071,0.3458,0.0,1
06013355307,Contra Costa,4397,0.0,0.0,0,0.0,8.861022415686813,0.0,1,715.8454237246002,11.887457026308468,0.0207939508506616,0.0576024909185262,3,0.5103969754253308,0.0207939508506616,0.04358817267475612,0.1842556645984023,37.9566884,-121.928483,0.2278,0.4349,0.0,1
06013355119,Contra Costa,5288,0.0,0.0,0,0.0,8.761048156151514,0.0,1,303.0466477898307,11.97252516050057,0.088638195004029,0.1178571428571428,4,0.5443190975020145,0.088638195004029,0.036743969621928496,0.7765634949046466,37.9403403,-121.8011252,0.4024,0.497,0.0,1
06013355120,Contra Costa,4036,0.0,0.0,0,0.0,8.170823301631257,0.0,1,2645.506577866212,11.459946540179342,0.0267921795800144,0.0904899135446686,2,0.5133960897900072,0.0267921795800144,0.07798376159966791,0.2189141652138708,37.9642256,-121.7886864,0.3222,0.5856,0.0,1
06013313106,Contra Costa,7094,0.0,0.0,0,0.0,8.36663615964104,0.0,1,549.8672510046059,11.8022237306778,0.0,0.0614980289093298,3,0.5,0.0,0.05044566388104765,0.0,37.9797609,-121.8749222,0.2158,0.4516,0.0,1
06013303206,Contra Costa,5452,0.0,0.0,0,0.0,8.860366913430584,0.0,1,714.7505630470735,11.960900741830327,0.0442953020134228,0.0179547228727556,4,0.5221476510067113,0.0442953020134228,0.03767921855510192,0.39247262838014646,37.9348664,-121.7563341,0.2658,0.4316,0.0,1
06013303207,Contra Costa,8270,0.0,0.0,0,0.0,8.484409383252162,0.0,1,1483.7882978245568,11.61334981779711,0.0166191832858499,0.1188118811881188,2,0.508309591642925,0.0166191832858499,0.065641617376611,0.14100395461245238,37.9542876,-121.7620862,0.3733,0.5749,0.0,1
06013302014,Contra Costa,7602,0.0,0.0,0,0.0,8.577233086927443,0.0,1,1979.183042126651,11.844887546113556,0.0145610278372591,0.0316004077471967,3,0.5072805139186296,0.0145610278372591,0.04701312338131991,0.12489332974541029,37.979776,-121.7231589,0.3438,0.5019,0.0,1
06013303104,Contra Costa,6060,0.0,0.0,0,0.0,8.879286027851473,0.0,1,1397.119275114487,11.84433490724898,0.006043956043956,0.1135503406510219,3,0.503021978021978,0.006043956043956,0.04705758624206047,0.05366601445404697,37.9629721,-121.7095374,0.3808,0.5208,0.0,1
06013303106,Contra Costa,8245,0.0,0.0,0,0.0,9.400340723343003,0.0,1,273.1424120615761,11.532590827944132,0.0324864639733444,0.0309746328437917,2,0.5162432319866722,0.0324864639733444,0.07213912587546722,0.3053838302460447,37.9366457,-121.6618676,0.1984,0.5076,0.0,1
06075025401,San Francisco,3819,31.920941290446823,99.99999999999996,1,0.0,7.099174520615489,0.6999999999999998,0,10158.8395656847,12.015390233996342,0.0846953937592867,0.2510598210080075,4,0.19234769687964343,3.7612310492501554e-17,0.00998857103862138,0.6012673813894243,37.7396295,-122.4224695,0.0561,0.1742,0.6999999999999998,0
06075060502,San Francisco,3361,25.800400727615592,100.0,1,0.0,7.876461030884631,0.7,0,9635.016316168443,10.542495286995425,0.2601880877742947,0.2620408163265306,1,0.28009404388714737,0.0,0.04553934050769229,2.049361334054622,37.7112928,-122.4205879,0.1078,0.4059,0.7,0
06075045100,San Francisco,4838,36.414622912363086,100.0,1,0.0,8.271583980057326,0.7,0,12583.853260715188,12.156829878951722,0.196797520661157,0.2337257617728531,5,0.2483987603305785,0.0,0.006574689945584534,1.6278272192158267,37.7775849,-122.4613475,0.1399,0.184,0.7,0
06075016500,San Francisco,5317,40.49182975185511,100.0,1,0.0,7.8872398030487485,0.7,0,14353.00391937424,12.084808558037135,0.2876106194690265,0.2657566076096427,4,0.29380530973451324,0.0,0.008313044321710207,2.268453925655613,37.7741957,-122.4477882,0.0587,0.1577,0.7,0
06075015300,San Francisco,2293,42.78621662057378,100.0,1,0.0,7.776058210356402,0.7,0,9810.879471097567,12.07875618585289,0.3352826510721247,0.2755905511811024,4,0.3176413255360624,0.0,0.008459128391521976,2.607177411659456,37.7867618,-122.4393346,0.0899,0.1749,0.7,0
06075013500,San Francisco,2471,51.023704252903485,100.0,1,0.0,7.639575073747704,0.7,0,10506.631100743709,12.073221021810408,0.3150517976843388,0.1714780600461893,4,0.3075258988421694,0.0,0.008592728782540016,2.406861860528679,37.7908976,-122.4325551,0.0635,0.1634,0.7,0
06075023103,San Francisco,4456,21.16411948062212,85.27691820254763,1,0.0,8.359768182190006,0.6411076728101905,0,2619.6476779347818,10.302263672493496,0.2075098814229249,0.1684782608695652,1,0.2832011043063672,0.03055184957969364,0.06141572477302586,1.7347345042093885,37.7326764,-122.3732109,0.1405,0.4358,0.6411076728101905,0
06075022801,San Francisco,4950,24.21897228485453,100.0,1,0.0,6.687959543229071,0.7,0,8563.136629287852,12.010908980722922,0.1451346893897746,0.1944536150544734,4,0.22256734469488731,0.0,0.010096733540217463,0.9706549309579301,37.7607269,-122.4125113,0.0598,0.1773,0.7,0
06075018000,San Francisco,3774,13.925976037679527,100.0,1,0.0,7.011698536901906,0.7,0,4042.817966630964,12.120013542256697,0.3874767513949163,0.1993656547349343,4,0.34373837569745813,0.0,0.007463313469757517,2.716870170839238,37.7753353,-122.4022844,0.1278,0.1848,0.7,0
06085503402,Santa Clara,4597,0.0,0.0,0,0.0,8.724956352980307,0.0,1,6309.465239775333,11.105543520905284,0.1228406909788867,0.0201149425287356,1,0.5614203454894433,0.1228406909788867,0.10649744947448703,1.0717796671607283,37.3242017,-121.8329376,0.0736,0.5121,0.0,1
06085503507,Santa Clara,2332,0.0,0.0,0,0.0,8.500793417774622,0.0,1,6001.950833679176,11.81547151907055,0.035264483627204,0.0044444444444444,3,0.517632241813602,0.035264483627204,0.04937980585298607,0.2997760902993567,37.340185,-121.8319402,0.0667,0.373,0.0,1
06085508004,Santa Clara,5862,0.0,0.0,0,0.0,9.441267805854077,0.0,1,4052.4374456854575,12.356920734947243,0.0303772660460558,0.0066179031696273,5,0.5151886330230279,0.0303772660460558,0.0058172143908774565,0.2867999039504908,37.3163796,-122.0012063,0.055,0.2502,0.0,1
06001427300,Alameda,5283,0.0,0.0,0,0.0,7.495124893148265,0.0,1,1905.823289002834,11.731522697420369,0.0838709677419354,0.0979591836734693,3,0.5419354838709677,0.0838709677419354,0.05613395400582988,0.6286233781350152,37.7810489,-122.2662775,0.082,0.4001,0.0,1
06085504411,Santa Clara,5901,0.0,0.0,0,0.0,7.7828372215105945,0.0,1,4323.356885045836,12.091413475520804,0.0056962025316455,0.0198598130841121,4,0.5028481012658228,0.0056962025316455,0.02717874550675614,0.04433261708455348,37.4160962,-121.8648388,0.1942,0.3636,0.0,1
06085503322,Santa Clara,4635,0.0,0.0,0,0.0,8.915285494472876,0.0,1,3210.007548925768,11.59886460064788,0.0324276950043821,0.0173434856175972,2,0.516213847502191,0.0324276950043821,0.06680703340900851,0.2891021588917583,37.3413457,-121.7977324,0.0673,0.4255,0.0,1
06075010300,San Francisco,3925,48.46093714943536,99.99999999999996,1,0.0,7.524058077359191,0.6999999999999998,0,14631.475254733368,11.916836032072062,0.3133684714901772,0.2081681205392545,4,0.3066842357450887,1.3916355689599467e-16,0.012367340631084495,2.357802579105371,37.80162,-122.415681,0.0567,0.2004,0.6999999999999998,0
06075010500,San Francisco,3108,19.52594162891133,99.99999999999996,1,0.0,6.6527787631406605,0.6999999999999998,0,2638.5489818546266,12.142941134090057,0.3655133928571428,0.1585441085749537,5,0.3327566964285715,1.6232055382354406e-16,0.006909917904508004,2.431679737643489,37.8026835,-122.39905,0.1147,0.1744,0.6999999999999998,0
06075010600,San Francisco,3197,90.80093763022144,100.0,1,0.0,7.002545581437375,0.7,0,17075.917506106933,10.96924946099213,0.6419479800774764,0.2655367231638418,1,0.47097399003873824,0.0,0.035238918681538015,4.4952699914041805,37.7993784,-122.4063879,0.0483,0.3671,0.7,0
06075010800,San Francisco,4613,70.77367473569475,100.0,1,0.0,7.227653967173039,0.7,0,20404.935097234997,11.887264476605981,0.280716368179925,0.2136135508155583,3,0.2903581840899625,0.0,0.01308109930977174,2.0289207721260425,37.7964984,-122.4142913,0.1346,0.2485,0.7,0
06075011200,San Francisco,2865,124.0022859814831,100.0,1,0.0,6.946186971383657,0.7,0,16148.479515315868,11.975092215947697,0.4906117504542701,0.189158667419537,4,0.39530587522713506,0.0,0.010961230733479389,3.407880949013181,37.7929713,-122.4127333,0.0576,0.1838,0.7,0
06075011300,San Francisco,2862,127.07908292312156,100.0,1,0.0,6.816334768753458,0.7,0,27976.94887122876,10.367284459872343,0.6818510484454086,0.221608832807571,1,0.4909255242227043,0.0,0.049768345255261755,4.647725008629437,37.7946971,-122.4093492,0.0915,0.3991,0.7,0
06075011700,San Francisco,2056,90.6207787952937,100.0,2,50.4,5.376890593387054,0.7756,0,3726.326424062477,11.445727410406752,0.7482638888888888,0.2236727589208006,2,0.48633194444444444,0.0,0.017756271459486904,4.023333065537882,37.7904975,-122.403475,0.0209,0.2835,0.7756,0
06075011800,San Francisco,1695,123.75280201862928,100.0,1,0.0,6.411928686998298,0.7,0,29965.85706022523,10.632773779711947,0.7953929539295393,0.3256379100850546,1,0.5476964769647696,0.0,0.04336031892226606,5.100002898737129,37.7933506,-122.4061645,0.1179,0.41,0.7,0
06085503508,Santa Clara,5982,0.0,0.0,0,0.0,8.666864678032754,0.0,1,5933.669567028581,11.72131267504246,0.0294840294840294,0.005126327352618,3,0.5147420147420148,0.0294840294840294,0.05695540691521794,0.25553409370121066,37.3545123,-121.81141,0.0194,0.3714,0.0,1
06001423300,Alameda,3476,0.0,0.0,0,0.0,7.207749638624802,0.0,1,4783.765015891724,11.33201491224167,0.1581525542337298,0.1641176470588235,1,0.5790762771168649,0.1581525542337298,0.08827657037935688,1.1399240156257553,37.8573281,-122.2842016,0.1071,0.5038,0.0,1
06085503709,Santa Clara,6178,0.0,9.8392656063591,0,0.0,7.090197201470028,0.03935706242543641,0,6981.047600564422,11.000882433797798,0.1600727603456116,0.059347181008902,1,0.5603578489600876,0.1443227762917762,0.11039517876221586,1.1349474374340378,37.3645486,-121.8620422,0.0872,0.5169,0.03935706242543641,0
06085503804,Santa Clara,5372,0.0,0.0,0,0.0,7.923491866584896,0.0,1,3558.781515698244,11.537461967815132,0.0584453535943892,0.0328495034377387,2,0.5292226767971946,0.0584453535943892,0.07174721566499331,0.4630912838448211,37.3759232,-121.8448761,0.0225,0.4186,0.0,1
06085503212,Santa Clara,4176,0.0,0.0,0,0.0,9.008695280548954,0.0,1,2498.567693281352,11.664581607453298,0.0706357214934409,0.0209183673469387,3,0.5353178607467205,0.0706357214934409,0.061519735846038204,0.6363356908561314,37.3046221,-121.8289144,0.1153,0.433,0.0,1
06085503213,Santa Clara,5140,0.0,0.0,0,0.0,9.003197137509577,0.0,1,4675.083166234143,11.208992051932396,0.0713725490196078,0.0111111111111111,1,0.5356862745098039,0.0713725490196078,0.09817444158686339,0.6425811290300949,37.3016723,-121.8373674,0.0489,0.4908,0.0,1
06085503217,Santa Clara,4412,0.0,0.0,0,0.0,9.200174847045307,0.0,1,7330.07883613825,11.310772560467667,0.0134436401240951,0.0490736104156234,1,0.5067218200620476,0.0134436401240951,0.08998563535699644,0.1236838397224288,37.2867501,-121.8303183,0.1793,0.5429,0.0,1
06085504001,Santa Clara,5085,0.0,0.0,0,0.0,8.375256130273966,0.0,1,4470.885772514055,11.225256725762893,0.0856573705179282,0.0531457600625244,1,0.5428286852589641,0.0856573705179282,0.09686585839832718,0.7174024175334266,37.358625,-121.8272151,0.1016,0.5148,0.0,1
06085504002,Santa Clara,6385,0.0,0.0,0,0.0,8.271154071677818,0.0,1,6221.012325883519,11.409274598140744,0.0287114845938375,0.0054157374960178,2,0.5143557422969187,0.0287114845938375,0.08206060028535145,0.23747711270223398,37.3546753,-121.8340275,0.0701,0.4724,0.0,1
06085504101,Santa Clara,4490,0.0,0.0,0,0.0,8.477016013051752,0.0,1,4521.772770043205,11.58292716075612,0.0121608980355472,0.0372272143774069,2,0.5060804490177736,0.0121608980355472,0.06808928881283727,0.10308812738042322,37.3693439,-121.8203724,0.1438,0.4676,0.0,1
06085503218,Santa Clara,4519,0.0,0.0,0,0.0,9.264224512345788,0.0,1,7652.7478526880495,11.111835770762712,0.1532779316712834,0.0457235072619688,1,0.5766389658356417,0.1532779316712834,0.10599120308631416,1.4200011717907663,37.2804873,-121.8299569,0.1194,0.5341,0.0,1
06085503304,Santa Clara,6804,0.0,0.0,0,0.0,8.962870310515552,0.0,1,4573.84816327332,11.456778304347228,0.0841865756541524,0.0151085930122757,2,0.5420932878270762,0.0841865756541524,0.07823866373852595,0.7545533594745739,37.3126099,-121.8212218,0.0925,0.4718,0.0,1
06085503305,Santa Clara,5854,0.0,0.0,0,0.0,8.932647714430233,0.0,1,2518.643797815728,11.369401454884185,0.1736654804270462,0.0329628210042161,1,0.586832740213523,0.1736654804270462,0.08526861573548583,1.5512925568120826,37.3198735,-121.8146799,0.1123,0.5013,0.0,1
06085503306,Santa Clara,4047,0.0,0.0,0,0.0,8.734354056981916,0.0,1,2426.891931206412,11.68026027945586,0.0829326923076923,0.0374513618677042,3,0.5414663461538461,0.0829326923076923,0.06025829975362451,0.7243634975141252,37.3314079,-121.8221358,0.0511,0.3965,0.0,1
06085504102,Santa Clara,5730,0.0,0.0,0,0.0,8.576574186172147,0.0,1,4268.014345702832,11.556846652028156,0.0589135424636572,0.0079145231499802,2,0.5294567712318285,0.0589135424636572,0.0701876103424024,0.505276367509759,37.3640803,-121.8149359,0.0803,0.4421,0.0,1
06085503313,Santa Clara,4729,0.0,0.0,0,0.0,9.171776369829795,0.0,1,2944.481683817054,12.191770860819314,0.0175438596491228,0.0044603033006244,5,0.5087719298245614,0.0175438596491228,0.01910443743173984,0.16090835736543493,37.3312838,-121.7764695,0.099,0.2969,0.0,1
06085503315,Santa Clara,8473,0.0,0.0,0,0.0,9.053728109203297,0.0,1,5144.034109604377,11.91967641269885,0.0561745589600742,0.0173835524849565,4,0.5280872794800371,0.0561745589600742,0.04099594440047294,0.5085891834789217,37.3184032,-121.8013312,0.0753,0.3486,0.0,1
06075012700,San Francisco,4021,20.59520510262284,100.0,1,0.0,8.2718434339422,0.7,0,5915.237122689032,12.372260585967936,0.1296037296037296,0.1607204710772428,5,0.2148018648018648,0.0,0.0013749114975105782,1.072061759737031,37.8049771,-122.4447185,0.0623,0.1121,0.7,0
06075013200,San Francisco,3931,21.950898354117445,99.99999999999996,1,0.0,7.9007519405989,0.6999999999999998,0,7190.748452502973,12.213370948011285,0.1717126073203795,0.126921387790953,5,0.23585630366018984,7.62557161062014e-17,0.005209977196882235,1.356658715511785,37.7936676,-122.4387455,0.0206,0.1145,0.6999999999999998,0
06085503323,Santa Clara,3750,0.0,0.0,0,0.0,9.024136098705304,0.0,1,3313.122488893732,11.958809286291672,0.0729783037475345,0.0124545926310326,4,0.5364891518737672,0.0729783037475345,0.03784748774918345,0.6585661452704067,37.3336993,-121.7916431,0.0835,0.3408,0.0,1
06075012100,San Francisco,3513,97.2489819642112,99.99999999999996,1,0.0,6.41325871677329,0.6999999999999998,0,28469.63947002283,11.337464321632913,0.778393351800554,0.2153344208809135,1,0.5391966759002771,3.4567608855364985e-16,0.026351440553935748,4.992037948513281,37.7888066,-122.4118881,0.0848,0.3519,0.6999999999999998,0
06075015100,San Francisco,2799,17.4421152114497,99.99999999999996,1,0.0,7.110375739975322,0.6999999999999998,0,16273.49349228257,12.04698312300607,0.4720930232558139,0.3781414377556984,4,0.38604651162790704,2.0965141767340164e-16,0.009226024112695868,3.356758779569745,37.7874563,-122.4234259,0.1081,0.1936,0.6999999999999998,0
06085503321,Santa Clara,4301,0.0,0.0,0,0.0,8.883891062827951,0.0,1,2149.960283216936,11.979021469384946,0.0951949229374433,0.0037789324515824,4,0.5475974614687217,0.0951949229374433,0.036221305553640004,0.8457013251105481,37.3320024,-121.8050953,0.094,0.3407,0.0,1
06085504311,Santa Clara,8064,0.0,18.71255576494694,0,0.0,7.193346091764086,0.07485022305978777,0,3704.999908647224,12.027412378029128,0.0200066688896298,0.0372135239391876,4,0.472578222914921,0.01626290981694953,0.029908231489991582,0.14391489346643663,37.3775246,-121.8845878,0.0658,0.3011,0.07485022305978777,0
06085504314,Santa Clara,4745,0.0,0.0,0,0.0,8.10275630797656,0.0,1,3215.762576473091,12.018024724362773,0.0178306092124814,0.0329714515480498,4,0.5089153046062407,0.0178306092124814,0.03308327743859241,0.14447708127149864,37.4018243,-121.8548256,0.1005,0.3359,0.0,1
06085504315,Santa Clara,6719,0.0,0.0,0,0.0,7.920015812948633,0.0,1,4234.439876144863,12.020002069939189,0.0,0.0071776467572417,4,0.5,0.0,0.03292418902365157,0.0,37.4093269,-121.8596884,0.0502,0.3099,0.0,1
06001423400,Alameda,5551,0.0,44.37129578092557,0,0.0,6.677494614360642,0.17748518312370232,0,7348.019606047007,11.584836740437213,0.1491431218156554,0.2316999395039322,2,0.4858289693459765,0.0829663860979248,0.05587808080822807,0.995902392692972,37.8583735,-122.275884,0.085,0.4022,0.17748518312370232,0
06001423500,Alameda,3540,0.0,64.36532528121143,0,0.0,6.573158446800933,0.2574613011248457,0,5568.2615872343695,11.404549295685257,0.2358366271409749,0.1989949748743718,2,0.4891876630080646,0.08403961494944864,0.061215467337703604,1.5501915177567414,37.8593612,-122.268048,0.0673,0.4205,0.2574613011248457,0
06001423602,Alameda,7198,0.0,4.235256479418216,0,0.0,6.99700842646835,0.016941025917672863,0,17792.860756815913,10.990330857604238,0.3610108303249097,0.2150878203282464,1,0.6720349022036184,0.34572109574217247,0.1138057361793041,2.5259958218297287,37.8631828,-122.2592684,0.0642,0.5103,0.016941025917672863,0
06001427600,Alameda,4740,0.0,0.0,0,0.0,7.900349733260068,0.0,1,8132.241421661324,11.427596308617355,0.1434643995749203,0.0999596936719064,2,0.5717321997874601,0.1434643995749203,0.08058651709347286,1.1334189309140374,37.7778323,-122.2835979,0.1229,0.4944,0.0,1
06075015900,San Francisco,5245,50.74805568359327,100.0,1,0.0,7.264188093344888,0.7,0,17744.90347069645,11.64679180149478,0.402536402066698,0.2556657223796034,2,0.351268201033349,0.0,0.01888530731109346,2.924100139030798,37.7833409,-122.4293428,0.1615,0.3216,0.7,0
06075016000,San Francisco,2460,19.044746345473857,100.0,1,0.0,6.713907370636661,0.7,0,15616.69200328856,11.814858015316696,0.5645067133683596,0.1914609739826551,3,0.4322533566841798,0.0,0.014828749689459632,3.790045783657706,37.7823391,-122.4224915,0.0867,0.2434,0.7,0
06075016200,San Francisco,3230,25.616702023055307,100.0,1,0.0,6.724899398656477,0.7,0,11820.278219209806,12.108603136050673,0.5105576610720086,0.2376916868442292,4,0.40527883053600433,0.0,0.00773872260291041,3.4334489079226085,37.7771541,-122.4228807,0.1142,0.1802,0.7,0
06075016300,San Francisco,3942,48.80728964734252,99.99999999999996,1,0.0,7.265771266242115,0.6999999999999998,0,16033.194649152016,11.77500507354246,0.3602122015915119,0.2835051546391752,3,0.33010610079575603,1.59966351983126e-16,0.015790666728122245,2.617219464073419,37.7760456,-122.4295509,0.0991,0.2582,0.6999999999999998,0
06075016400,San Francisco,4162,25.88169504993759,100.0,1,0.0,7.536245767923206,0.7,0,13464.951849730032,12.26748754323164,0.3497652582159624,0.3157709870038637,5,0.3248826291079812,0.0,0.0039037831570104325,2.635916946996614,37.7750995,-122.436973,0.1096,0.1502,0.7,0
06075015500,San Francisco,3708,44.85072280110614,99.99999999999996,1,0.0,7.544112071402605,0.6999999999999998,0,11879.034296178685,11.438525142393978,0.5753668297020899,0.2602321319486866,2,0.437683414851045,2.555142007763366e-16,0.023912169546490638,4.340631845440183,37.7850941,-122.4341319,0.1057,0.3434,0.6999999999999998,0
06075015600,San Francisco,2988,27.21711789896431,100.0,1,0.0,8.171609866838004,0.7,0,10165.59353526317,11.503168015514248,0.2845763939174511,0.264186633039092,2,0.29228819695872554,0.0,0.022351906280738736,2.325447268405022,37.7782473,-122.4564269,0.1166,0.334,0.7,0
06075016700,San Francisco,5277,26.49305856350524,100.0,1,0.0,7.4289476096931875,0.7,0,10754.14384920132,12.35834728097183,0.4118150684931507,0.358950328022493,5,0.3559075342465754,0.0,0.0017107322561305763,3.059352568717828,37.7703481,-122.4377358,0.093,0.1288,0.7,0
06001433000,Alameda,3799,0.0,0.0,0,0.0,7.720991882631427,0.0,1,2885.569274387149,11.474579569052741,0.0361890694239291,0.0869800108049702,2,0.5180945347119645,0.0361890694239291,0.07680645329452429,0.27941551126214176,37.7159042,-122.1354894,0.1275,0.4849,0.0,1
06001433200,Alameda,8120,0.0,5.618912185775554,0,0.0,7.543339340869165,0.02247564874310222,0,2558.820164999274,11.273423847043201,0.1156333206542411,0.0651690940508516,1,0.5465788359555694,0.10913598590918304,0.09090052357253083,0.872261376806476,37.7017249,-122.1470315,0.0617,0.4835,0.02247564874310222,0
06001433300,Alameda,7367,0.0,0.0,0,0.0,7.864130145893128,0.0,1,2923.269691922556,11.550153810060348,0.0140070035017508,0.0352187833511205,2,0.5070035017508754,0.0140070035017508,0.07072608658692336,0.11015289849174907,37.6985123,-122.1575782,0.1708,0.4894,0.0,1
06001433400,Alameda,6040,0.0,0.0,0,0.0,8.3723189813565,0.0,1,659.2961258051565,11.640738036263791,0.0449698655540102,0.085625,2,0.5224849327770051,0.0449698655540102,0.06343808334801848,0.37650205896688943,37.6862098,-122.1772459,0.0812,0.4233,0.0,1
06001433500,Alameda,4311,0.0,0.0,0,0.0,7.968603260184663,0.0,1,3493.401869757809,11.365016929029293,0.0686666666666666,0.0691391941391941,1,0.5343333333333333,0.0686666666666666,0.08562137515035073,0.547177423866013,37.6845055,-122.155317,0.1168,0.5045,0.0,1
06001433102,Alameda,4445,0.0,45.505947838785765,0,0.0,6.708569575587832,0.18202379135514307,0,2954.879791006215,11.700052125407248,0.0345092024539877,0.1299578059071729,3,0.42624270554942234,0.018805462785695077,0.04798733991544334,0.23150738566062282,37.7020462,-122.1331241,0.2464,0.4525,0.18202379135514307,0
06001440307,Alameda,4481,0.0,0.0,0,0.0,7.926539923748965,0.0,1,3189.42045424534,11.677922820630979,0.0615384615384615,0.0416666666666666,3,0.5307692307692308,0.0615384615384615,0.06044636127603875,0.4877870722307053,37.5911451,-122.0486878,0.0903,0.417,0.0,1
06001440308,Alameda,6011,0.0,22.80873307629217,0,0.0,6.847993268722564,0.09123493230516869,0,3270.0373625552984,11.593620267675885,0.199896694214876,0.1320106829454406,2,0.5543308809548537,0.15430279080307296,0.06109533863123531,1.3688912164233635,37.5893168,-122.027817,0.1415,0.4455,0.09123493230516869,0
06001441200,Alameda,7354,0.0,0.0,0,0.0,7.8018174175668,0.0,1,2256.022902471446,11.973175431522346,0.0146604938271604,0.061091340450771,4,0.5073302469135802,0.0146604938271604,0.0366916517128234,0.11437849609087056,37.5780625,-121.9910071,0.0783,0.3346,0.0,1
06001441301,Alameda,3330,0.0,0.0,0,0.0,7.821462319971374,0.0,1,1027.877190567684,11.987387888999912,0.0352459016393442,0.0396270396270396,4,0.5176229508196721,0.0352459016393442,0.03554818070831689,0.2756744916055479,37.5716231,-122.0024689,0.1031,0.3435,0.0,1
06001441302,Alameda,5828,0.0,0.0,0,0.0,7.77664493157054,0.0,1,2921.790720710283,12.248130675843358,0.0421108742004264,0.1372093023255814,5,0.5210554371002132,0.0421108742004264,0.014569977828179259,0.32748131641475053,37.5693426,-122.0194346,0.1271,0.3025,0.0,1
06001433900,Alameda,7187,0.0,6.732401318668776,0,0.0,7.060700266975985,0.026929605274675108,0,8801.245652092834,11.164119479410191,0.0605928509154315,0.0265125764785859,1,0.5168316228203782,0.05651349702138198,0.0990436673470847,0.4278279586354232,37.6992655,-122.1135392,0.1407,0.5347,0.026929605274675108,0
06001434000,Alameda,5166,0.0,4.591654877180866,0,0.0,7.325308617081572,0.018366619508723463,0,4241.509361099802,10.779456164931679,0.1722689075630252,0.0499791753436068,1,0.5769511440271509,0.16435891386704138,0.13029512900546333,1.2619229130266574,37.692345,-122.1102056,0.0833,0.5266,0.018366619508723463,0
06001435500,Alameda,4153,0.0,2.089773351896206,0,0.0,7.221046869049669,0.008359093407584823,0,4102.414478684685,11.227108319127959,0.1076265146115466,0.0227507755946225,1,0.5496337106019809,0.10537736438961982,0.09590842194976568,0.7771761063624371,37.6809369,-122.09333,0.0372,0.4803,0.008359093407584823,0
06001435800,Alameda,5687,0.0,0.0,0,0.0,7.583509953775443,0.0,1,4341.137527283998,11.52171670849956,0.0,0.0372162262746557,2,0.5,0.0,0.07301400907592948,0.0,37.6793903,-122.1296211,0.1344,0.4785,0.0,1
06001435900,Alameda,5290,0.0,0.0,0,0.0,8.120464487384135,0.0,1,2144.2159004084624,11.641767127983346,0.0457815565729234,0.0379839298758217,2,0.5228907782864617,0.0457815565729234,0.06335528721341988,0.37176750432759215,37.6724681,-122.147305,0.1121,0.4381,0.0,1
06001436000,Alameda,5114,0.0,0.0,0,0.0,8.085092552017162,0.0,1,3801.947147480552,11.624529449549897,0.0227272727272727,0.0619219943707277,2,0.5113636363636364,0.0227272727272727,0.06474215401705119,0.18375210345493528,37.6690407,-122.1375296,0.1174,0.4451,0.0,1
06001436100,Alameda,5765,0.0,0.0,0,0.0,7.939798098703732,0.0,1,4570.385847109065,11.557248523606892,0.1341965862271924,0.0853113175094599,2,0.5670982931135962,0.1341965862271924,0.07015527754573114,1.0654938001791938,37.6717496,-122.1236242,0.1163,0.46,0.0,1
06001436200,Alameda,4128,0.0,0.0,0,0.0,7.704162007481087,0.0,1,6404.828174925524,11.194660466040654,0.060582218725413,0.0428494911622924,1,0.5302911093627065,0.060582218725413,0.09932749713279343,0.4667352278332361,37.6685047,-122.11212,0.1296,0.5323,0.0,1
06001436602,Alameda,5255,0.0,0.0,0,0.0,7.597173182092368,0.0,1,5876.222456074985,11.43091248424955,0.0802431610942249,0.0156316011829319,2,0.5401215805471125,0.0802431610942249,0.08031971237745161,0.6096211915113631,37.6518201,-122.0851944,0.0553,0.4601,0.0,1
06001436700,Alameda,3367,0.0,0.0,0,0.0,7.2917297163371835,0.0,1,4217.882430239352,11.515352517294497,0.017391304347826,0.0548819400127632,2,0.508695652173913,0.017391304347826,0.07352604354439585,0.1268126907189069,37.6619708,-122.1005195,0.2789,0.5529,0.0,1
06001436800,Alameda,4196,0.0,0.0,0,0.0,7.553717524580792,0.0,1,4092.195378182501,11.547983680785292,0.0641120117907148,0.0660971223021582,2,0.5320560058953574,0.0641120117907148,0.07090068551930184,0.48428402699965273,37.6535732,-122.0944503,0.1088,0.459,0.0,1
06001436900,Alameda,6403,0.0,0.0,0,0.0,7.720958798408904,0.0,1,5304.465121105404,11.479575485288674,0.0316353887399463,0.0513585155732273,2,0.5158176943699732,0.0316353887399463,0.07640450413367372,0.24425553303277434,37.6603504,-122.1097205,0.1372,0.4884,0.0,1
06001437000,Alameda,3471,0.0,0.0,0,0.0,7.943050617335306,0.0,1,2173.105947876281,11.65506718212945,0.0619946091644204,0.0478405315614617,3,0.5309973045822102,0.0619946091644204,0.062285224115715465,0.4924263185949105,37.647144,-122.1015751,0.2173,0.4866,0.0,1
06001437200,Alameda,8491,0.0,0.0,0,0.0,8.204845867536907,0.0,1,3323.8046544913623,11.522350905617383,0.0577217125382263,0.0549059481443823,2,0.5288608562691132,0.0577217125382263,0.0729629844015186,0.4735977545864193,37.6431726,-122.1115983,0.1162,0.4692,0.0,1
06001437300,Alameda,3135,0.0,0.0,0,0.0,8.058024630748772,0.0,1,3050.0240114522007,10.99956329355224,0.2028571428571428,0.0299089726918075,1,0.6014285714285714,0.2028571428571428,0.11502414636842706,1.634627853666179,37.6362157,-122.0929895,0.1066,0.5347,0.0,1
06001437400,Alameda,3733,0.0,0.0,0,0.0,7.95220104311682,0.0,1,4348.774453215931,11.393589974879816,0.0404135338345864,0.0420531849103277,1,0.5202067669172932,0.0404135338345864,0.08332251518949729,0.32137654591543485,37.6428175,-122.0876396,0.0773,0.4798,0.0,1
06001437600,Alameda,3455,0.0,0.0,0,0.0,7.627144626218407,0.0,1,4218.670226211808,11.632866171180412,0.0931263858093126,0.0510697032436162,2,0.5465631929046563,0.0931263858093126,0.06407141853923648,0.7102884130846407,37.6353602,-122.0804834,0.1021,0.4356,0.0,1
06013327002,Contra Costa,3833,0.0,0.0,0,0.0,7.54400024942816,0.0,1,2282.670170203103,11.447341063757383,0.0987408880053015,0.0515773660490736,2,0.5493704440026508,0.0987408880053015,0.07899794206840483,0.7449012837407525,37.9974209,-122.0447125,0.1227,0.4887,0.0,1
06013346206,Contra Costa,3216,0.0,0.0,0,0.0,9.122909748885052,0.0,1,490.5562771834392,12.31589071153226,0.090289608177172,0.0358868184955141,5,0.545144804088586,0.090289608177172,0.00911830726403573,0.823703946662534,37.8416451,-122.0018029,0.1925,0.3244,0.0,1
06013319001,Contra Costa,4236,0.0,0.0,0,0.0,9.036026339586806,0.0,1,2900.613319070051,11.829770630312973,0.010545905707196,0.0686900958466453,3,0.505272952853598,0.010545905707196,0.048229363072648246,0.09529308174502188,37.9967508,-122.126487,0.131,0.3998,0.0,1
06013302013,Contra Costa,2961,0.0,0.0,0,0.0,8.196369479351757,0.0,1,962.0546215046264,11.904994579408056,0.0,0.03596214511041,4,0.5,0.0,0.04217717929159015,0.0,37.9884917,-121.7399442,0.2656,0.4483,0.0,1
06013345206,Contra Costa,3622,0.0,0.0,0,0.0,9.133461581409048,0.0,1,1260.6663445619445,12.108294422611468,0.0,0.0434065934065934,4,0.5,0.0,0.025820579717535486,0.0,37.765644,-121.9926624,0.1022,0.3144,0.0,1
06013302012,Contra Costa,5810,0.0,0.0,0,0.0,9.029890929119965,0.0,1,1959.1486748044751,11.881712757352505,0.0398457583547557,0.0169884169884169,3,0.5199228791773779,0.0398457583547557,0.044050330961146744,0.35980285193151457,37.9775022,-121.6879255,0.2486,0.447,0.0,1
06013355308,Contra Costa,3570,0.0,0.0,0,0.0,9.085028225513934,0.0,1,972.2893240390026,12.003001293017617,0.0330396475770925,0.0469043151969981,4,0.5165198237885462,0.0330396475770925,0.03429199578716069,0.3001661307989184,37.9403941,-121.929448,0.2326,0.405,0.0,1
06013355118,Contra Costa,3769,0.0,0.0,0,0.0,8.43823082705554,0.0,1,1311.8554004937243,11.806930008413596,0.0372129849564528,0.0676657584014532,3,0.5186064924782264,0.0372129849564528,0.050067017743422926,0.31401175682629406,37.961197,-121.8103813,0.2407,0.4617,0.0,1
06013314105,Contra Costa,3958,0.0,46.6008392772125,0,0.0,6.693177774343842,0.18640335710885003,0,3012.7755726525606,11.39836722406946,0.0782608695652174,0.0044464206313917,1,0.4459287562281837,0.04179064752218152,0.06747820773396869,0.5238139127747355,38.0234307,-121.9514739,0.2428,0.524,0.18640335710885003,0
06013319002,Contra Costa,3943,0.0,0.0,0,0.0,9.060480563389017,0.0,1,2366.0680174689105,11.534677171968058,0.010547132498352,0.0895983522142121,2,0.505273566249176,0.010547132498352,0.07197126793108632,0.09556208900080694,38.0068998,-122.1226147,0.2132,0.5147,0.0,1
06013345117,Contra Costa,4652,0.0,0.0,0,0.0,9.060261363149506,0.0,1,2048.4446454083213,12.282751239374413,0.0133676092544987,0.0088,5,0.5066838046272494,0.0133676092544987,0.011784561539692429,0.12111403364621434,37.7762405,-121.9432378,0.1564,0.3114,0.0,1
06013303208,Contra Costa,4060,0.0,0.0,0,0.0,8.982461498888268,0.0,1,1716.2643161917597,11.762204489889063,0.0061124694376528,0.0,3,0.5030562347188264,0.0061124694376528,0.05366543368767818,0.0549050213868475,37.93548,-121.7305687,0.3712,0.537,0.0,1
06013304007,Contra Costa,5509,0.0,0.0,0,0.0,9.729177950474785,0.0,1,711.4811547419943,11.896874077949416,0.05525965379494,0.0174937522313459,4,0.52762982689747,0.05525965379494,0.04283051865775289,0.5376310052526005,37.9035472,-121.6319653,0.2485,0.4421,0.0,1
06013303107,Contra Costa,7260,0.0,0.0,0,0.0,9.30783270098845,0.0,1,2091.214016547072,11.69547199645548,0.0290188853063104,0.0124891083357537,3,0.5145094426531552,0.0290188853063104,0.05903443278021192,0.2701029296003092,37.9299323,-121.6859542,0.2719,0.5024,0.0,1
06013355201,Contra Costa,8114,0.4295562612803118,15.608473717684282,1,20.6,7.153526947929019,0.10622058270914649,0,1742.709752014225,11.85180907760027,0.0653830726032892,0.1285776235906331,3,0.4795812449470714,0.055177772900190374,0.041521638085560135,0.46771957180602886,38.0117032,-121.9521066,0.2324,0.4235,0.10622058270914649,0
06013313105,Contra Costa,6007,0.0,7.671509843680722,0,0.0,7.266758735579829,0.03068603937472289,0,2757.194776405588,11.239921802297182,0.0506575742815392,0.0479427549194991,1,0.5099857674534082,0.04677137348396104,0.09274974818656062,0.3681163704336591,38.0068733,-121.8786584,0.2683,0.5884,0.03068603937472289,0
06013303209,Contra Costa,5340,0.0,0.0,0,0.0,8.730990820715089,0.0,1,1348.635607819786,11.841185502169422,0.0324763193504736,0.0717315850366371,3,0.5162381596752368,0.0324763193504736,0.04731097334246892,0.2835504461395968,37.9539324,-121.7331883,0.3185,0.4911,0.0,1
06013303211,Contra Costa,4679,0.0,0.0,0,0.0,9.405428450220924,0.0,1,456.74236391840697,12.002792994144741,0.0065359477124183,0.0,4,0.5032679738562091,0.0065359477124183,0.03430875458638882,0.061473388563535444,37.9091889,-121.6951185,0.3628,0.4703,0.0,1
06013355310,Contra Costa,3070,0.0,0.0,0,0.0,8.849798367093008,0.0,1,2338.254354638344,11.574819868507818,0.0,0.0320213475650433,2,0.5,0.0,0.06874156542479026,0.0,37.9455756,-121.9580586,0.2135,0.5045,0.0,1
06013355309,Contra Costa,5150,0.0,0.0,0,0.0,8.784758326112717,0.0,1,667.9234777657651,12.231784250966069,0.0,0.082039911308204,5,0.5,0.0,0.01588513834169558,0.0,37.936015,-121.9719745,0.1341,0.3084,0.0,1
06013324004,Contra Costa,2413,0.0,11.645778336330368,0,0.0,7.29309520628468,0.046583113345321475,0,1972.377873615295,11.54572173938531,0.0359375,0.2104509663564781,2,0.4946771933273392,0.03175229841038127,0.0677714191146304,0.26209560897585565,37.9416678,-122.0553462,0.0809,0.4367,0.046583113345321475,0
06013355122,Contra Costa,5559,0.0,0.0,0,0.0,9.227679916656927,0.0,1,1848.2468474879072,12.349454116457993,0.0294502617801047,0.0562195661797255,5,0.5147251308900523,0.0294502617801047,0.006417945246723233,0.27175758916856124,37.7932113,-121.8990398,0.1948,0.3216,0.0,1
06013339003,Contra Costa,4153,0.0,61.5655585754337,0,0.0,6.377591944089387,0.2462622343017348,0,3656.120311589518,11.647132879040754,0.1398066075745366,0.1922935779816513,2,0.44677218663640095,0.05373388869590855,0.0474278807023516,0.891629494197831,37.9015582,-122.0632774,0.0998,0.3813,0.2462622343017348,0
06013336103,Contra Costa,4862,0.0,0.0,0,0.0,7.247583015827634,0.0,1,10387.669583467765,11.095954416675863,0.1022657685241886,0.0666971219735038,1,0.5511328842620943,0.1022657685241886,0.1072689460761721,0.7411796470564695,37.9644055,-122.0398545,0.0699,0.5109,0.0,1
06013337201,Contra Costa,3139,0.0,0.0,0,0.0,7.758103428735076,0.0,1,2132.037684576628,11.165578310196713,0.0494641384995878,0.039072039072039,1,0.5247320692497939,0.0494641384995878,0.10166731781535865,0.3837479024930788,37.9527725,-122.0311578,0.2442,0.5916,0.0,1
06013355202,Contra Costa,3981,0.0770921203296825,3.5346296336207903,1,20.6,8.298461590666305,0.04735128214437363,0,153.45186551623314,11.748297937297007,0.0329557157569515,0.1948051948051948,3,0.4928022168062889,0.03179085326183446,0.052190186435603345,0.27348174140197834,37.994766,-121.9800064,0.2768,0.4838,0.04735128214437363,0
06013327001,Contra Costa,3479,0.0,0.0,0,0.0,7.811576934396757,0.0,1,520.9265739346597,11.342077830249902,0.0582995951417004,0.068946497517926,1,0.5291497975708502,0.0582995951417004,0.0874669528321238,0.4554117726935761,37.9817769,-122.055368,0.1864,0.5421,0.0,1
06001437900,Alameda,2032,0.0,40.13642640134595,0,0.0,6.918488307436705,0.1605457056053838,0,3011.4615443199127,11.39302644219128,0.0791044776119403,0.0094228504122497,1,0.4592793860032782,0.0473547671750547,0.06998350349025197,0.5472834034240975,37.6428283,-122.0613135,0.1237,0.4712,0.1605457056053838,0
06001438100,Alameda,7953,0.0,0.0,0,0.0,7.787837736925743,0.0,1,3972.8136392898905,11.946777167517142,0.0075154730327144,0.0770919736521102,4,0.5037577365163572,0.0075154730327144,0.03881553841622465,0.05852928449502096,37.6181753,-122.0389678,0.2088,0.4078,0.0,1
06001438201,Alameda,4895,0.0,0.0,0,0.0,7.558071902844904,0.0,1,4977.12628465609,11.566513624140157,0.0580912863070539,0.0588837685611879,2,0.529045643153527,0.0580912863070539,0.0694098488378283,0.439058118837463,37.6262681,-122.0764388,0.1423,0.4718,0.0,1
06001438400,Alameda,2671,0.0,0.0,0,0.0,7.954979832829151,0.0,1,1549.581750748806,11.499090197513755,0.0605652759084791,0.0857843137254902,2,0.5302826379542396,0.0605652759084791,0.07483443733657735,0.4817955484216845,37.6184511,-122.082604,0.1152,0.474,0.0,1
06001437800,Alameda,4940,0.0,18.57878397697014,0,0.0,7.250257711304693,0.07431513590788057,0,3872.609717383726,11.891108443915485,0.075037147102526,0.0682268940896469,4,0.5003610055973228,0.06109615763986639,0.04007696696901996,0.5440386544143937,37.6431437,-122.068697,0.1004,0.3552,0.07431513590788057,0
06001440200,Alameda,5641,0.0,16.264391471382673,0,0.0,7.060776906022325,0.06505756588553069,0,4859.275037435803,11.649674176469427,0.0166782487838776,0.0204081632653061,3,0.47581034144917345,0.013965633111096628,0.058638767954668124,0.1177613938460979,37.6003622,-122.0225189,0.0987,0.416,0.06505756588553069,0
06001440304,Alameda,4662,0.0,0.0,0,0.0,8.565903816720617,0.0,1,4767.030474846071,11.815936939453284,0.0311111111111111,0.054102795311091,3,0.5155555555555555,0.0311111111111111,0.04934236020268934,0.2664947854090858,37.5868721,-122.0766157,0.1145,0.3964,0.0,1
06001432200,Alameda,3987,0.0,1.932364857233421,0,0.0,7.179172394324591,0.007729459428933685,0,3894.2611001929554,11.453992536433487,0.1270464963981663,0.0954423592493297,2,0.5596585184846163,0.1245914945494218,0.07785631922822352,0.9120886997373739,37.7330544,-122.1562452,0.1887,0.5188,0.007729459428933685,0
06001432300,Alameda,4874,0.0,20.462793563590573,0,0.0,7.002165487455871,0.0818511742543623,0,4664.464743820139,11.944896175355657,0.0356100408639813,0.1117176128093158,4,0.47687943330480953,0.02832323171407456,0.035777390216377714,0.24934739914466308,37.7308763,-122.1656514,0.1467,0.3608,0.0818511742543623,0
06001440305,Alameda,4064,0.0,0.0,0,0.0,8.5703918790846,0.0,1,4373.45883435269,11.960996575310146,0.0049358341559723,0.0306004618937644,4,0.5024679170779861,0.0049358341559723,0.037671508220305405,0.04230203296685339,37.5773823,-122.0746665,0.1264,0.3617,0.0,1
06001432700,Alameda,2755,0.0,0.0,0,0.0,7.4260916914206225,0.0,1,3324.737393696494,11.430945047816348,0.0142857142857142,0.1224345364472753,2,0.5071428571428571,0.0142857142857142,0.08031709245795526,0.10608702416315112,37.7270704,-122.1428436,0.1932,0.5289,0.0,1
06001432502,Alameda,5126,0.0,17.082499770136508,0,0.0,7.036915301402267,0.06832999908054603,0,6223.546815632116,11.486714950950141,0.0736543909348441,0.1219074937253495,2,0.502662195927149,0.06107237977270392,0.07064862424673855,0.5182997105848689,37.7234991,-122.1735223,0.0997,0.4548,0.06832999908054603,0
06001433103,Alameda,3552,0.0,0.0,0,0.0,7.479328498047287,0.0,1,5123.001655810609,11.195663523388331,0.0635714285714285,0.0682976554536187,1,0.5317857142857143,0.0635714285714285,0.09924679560775906,0.4754715973758627,37.7093385,-122.1390414,0.1284,0.5315,0.0,1
06081608013,San Mateo,3677,0.0,0.0,0,0.0,9.464496622483678,0.0,1,2563.908134804564,11.988128056162198,0.0594713656387665,0.0523560209424083,4,0.5297356828193832,0.0594713656387665,0.0354886301562819,0.5628665392225974,37.54088,-122.2619095,0.1236,0.3534,0.0,1
06013346204,Contra Costa,7894,0.0,0.0,0,0.0,9.507146071834262,0.0,1,605.7635707626835,12.429224196812383,0.0280235988200589,0.020774046670461,5,0.5140117994100295,0.0280235988200589,0.0,0.2664244474407822,37.8194973,-121.9505957,0.1044,0.2597,0.0,1
06013346203,Contra Costa,4033,0.0,0.0,0,0.0,9.385163176452298,0.0,1,1411.466593829851,12.06896916630835,0.0048176187198898,0.0523648648648648,4,0.5024088093599449,0.0048176187198898,0.028984514624527002,0.04521413780809701,37.8199523,-121.9861799,0.0861,0.3158,0.0,1
06013360101,Contra Costa,4224,0.0,0.0,0,0.0,8.837673744841421,0.0,1,1076.3112392607266,11.612173336426286,0.0568807339449541,0.0949506037321624,2,0.5284403669724771,0.0568807339449541,0.06573627182585051,0.5026933689726311,37.9825777,-122.2872266,0.2525,0.5154,0.0,1
06013355109,Contra Costa,7471,0.0,0.0,0,0.0,7.794016625773702,0.0,1,2505.318543213476,11.533345548659792,0.0220883534136546,0.0757475083056478,2,0.5110441767068273,0.0220883534136546,0.07207840440937163,0.17215699374198928,37.9762424,-121.7937278,0.2316,0.524,0.0,1
06013355113,Contra Costa,5423,0.0,0.0,0,0.0,9.364322143110805,0.0,1,1016.9018018945164,12.3750514152597,0.0,0.0753121224325412,5,0.5,0.0,0.004358500634864759,0.0,37.8064262,-121.9024245,0.2199,0.3304,0.0,1
06013334006,Contra Costa,4731,0.0,0.0,0,0.0,8.388268279085583,0.0,1,2807.519001485813,11.948234124419077,0.0307785153892576,0.0641425389755011,4,0.5153892576946288,0.0307785153892576,0.03869831815542124,0.258178444317057,37.9517965,-121.9873999,0.094,0.3496,0.0,1
06013334200,Contra Costa,7547,0.0,0.0,0,0.0,8.233797928820858,0.0,1,1111.7769866569545,11.96888721689079,0.14235746764603,0.0699737187910643,4,0.571178733823015,0.14235746764603,0.03703666235577685,1.172142622256064,37.8735349,-122.0541871,0.161,0.377,0.0,1
06013355306,Contra Costa,4550,0.0,0.0,0,0.0,9.398480160137069,0.0,1,67.57512276050207,11.935876794085669,0.0466708151835718,0.0386875612144955,4,0.5233354075917859,0.0466708151835718,0.03969253389549754,0.43863473056022345,37.8870576,-121.9236623,0.1298,0.3717,0.0,1
06013355112,Contra Costa,5800,0.0,0.0,0,0.0,9.728782248003178,0.0,1,22.23059721134581,12.291497765078432,0.0109639104613979,0.0504098360655737,5,0.5054819552306989,0.0109639104613979,0.011080855052021055,0.10666549746554421,37.8328349,-121.797346,0.175,0.3195,0.0,1
06095252317,Solano,13124,0.0,0.0,0,0.0,10.330484714495633,0.0,1,414.4257315878909,11.894084219213847,0.005941770647653,0.0257699560025141,4,0.5029708853238265,0.005941770647653,0.04305497826129645,0.061381370852618126,38.295701,-121.970042,0.217,0.4277,0.0,1
06095252316,Solano,3679,0.0,0.0,0,0.0,10.284677768679106,0.0,1,2854.7923792708257,11.481837193686989,0.0,0.0028935185185185,2,0.5,0.0,0.07622253715307203,0.0,38.2762632,-122.0156731,0.2407,0.5396,0.0,1
06095253206,Solano,3894,0.0,0.0,0,0.0,10.645489348796296,0.0,1,1124.1303542524463,11.9518962686356,0.0276025236593059,0.0139165009940357,4,0.5138012618296529,0.0276025236593059,0.03840367834858094,0.29384237161503873,38.3968823,-121.9732711,0.1203,0.3614,0.0,1
06095253205,Solano,3091,0.0,0.0,0,0.0,10.584134539909632,0.0,1,1194.9465838649623,11.685381853951206,0.0323846908734053,0.0,3,0.5161923454367027,0.0323846908734053,0.05984624068909661,0.34276392523750526,38.3724624,-121.9717511,0.1162,0.4279,0.0,1
06013304001,Contra Costa,5895,0.0,0.0,0,0.0,9.359585676980679,0.0,1,203.1520016854268,12.139430580160614,0.0133971291866028,0.0238683127572016,5,0.5066985645933014,0.0133971291866028,0.023315503209451305,0.1253915784475874,37.8837325,-121.7493471,0.1897,0.3521,0.0,1
06013355111,Contra Costa,6569,0.0,0.0,0,0.0,7.584478624514102,0.0,1,2701.389373395415,11.769944700958904,0.0202020202020202,0.044463818657367,3,0.51010101010101,0.0202020202020202,0.05304269079180013,0.15322179039422426,37.9781266,-121.7752261,0.2775,0.4882,0.0,1
06013360102,Contra Costa,5030,0.0,0.0,0,0.0,8.78857881103355,0.0,1,807.4228968222983,11.920561548139094,0.0365239294710327,0.0521307405875051,4,0.5182619647355163,0.0365239294710327,0.040924730346705074,0.32099343264480185,37.9683461,-122.2659021,0.2553,0.4384,0.0,1
06013302007,Contra Costa,6652,0.0,0.0,0,0.0,8.807157414031822,0.0,1,1534.7537216692765,11.456439765983365,0.069884364002011,0.010280042538107,2,0.5349421820010055,0.069884364002011,0.078265901026912,0.6154825945452098,37.9837231,-121.7056383,0.1794,0.5154,0.0,1
06013302009,Contra Costa,6806,0.0,0.0,0,0.0,8.26902022839908,0.0,1,1289.7443829470446,11.745242808085424,0.0246328754144955,0.0324466530254311,3,0.5123164377072478,0.0246328754144955,0.05503009503218825,0.20368974508609766,37.9714091,-121.7478636,0.3324,0.5223,0.0,1
06085504700,Santa Clara,667,0.0,0.0,0,0.0,9.524834972565825,0.0,1,99.35930040536552,11.682153339086335,0.0701754385964912,0.0,3,0.5350877192982456,0.0701754385964912,0.060105992610354764,0.668409471759005,37.41628,-122.050474,0.0,0.3707,0.0,1
06081601902,San Mateo,5664,1.5286094892934128,51.41577704968623,1,29.5,6.624771266394365,0.29577139287754733,0,4329.022073678945,11.7407460618354,0.0303030303030303,0.1703148425787106,3,0.36726581871274144,0.014722491803125385,0.03900854875185599,0.20075064443619287,37.6604897,-122.4373082,0.1136,0.3549,0.29577139287754733,0
06081990100,San Mateo,0,0.0,0.0249593995346937,0,0.0,9.678143393263003,9.98375981387748e-05,0,0.0,11.780445645598057,0.050834597875569,0.0510949092613641,1,0.4999500812009306,0.0,0.04551129022074418,0.0,37.6266098,-122.5248394,0.0999,0.5477,9.98375981387748e-05,0
06013324003,Contra Costa,3449,5.006906443674579,100.0,1,20.8,5.2573123371683765,0.5814071933102374,0,8634.41016211681,11.61085947225392,0.0214884696016771,0.2373390557939914,2,0.22004063814571986,0.0,0.027560978989877402,0.11297159634376465,37.929923,-122.0571612,0.1142,0.3309,0.5814071933102374,0
06013313107,Contra Costa,2718,0.0,0.0,0,0.0,7.851057269625662,0.0,1,2456.294359929316,11.851024948335597,0.0,0.057369814651368,3,0.5,0.0,0.04651933534396069,0.0,37.9945465,-121.8812282,0.2462,0.4519,0.0,1
06013351105,Contra Costa,1814,0.0,0.0,0,0.0,8.190004638512965,0.0,1,2227.643842222344,10.899845607165481,0.1535433070866141,0.0,1,0.5767716535433071,0.1535433070866141,0.12304698711920636,1.2575203972519902,37.8744086,-122.0776411,0.0898,0.5305,0.0,1
06001441927,Alameda,4229,0.0,5.233726577786981,0,0.0,7.105827062160153,0.020934906311147927,0,6504.832946102868,11.788987788866217,0.1501597444089457,0.0634121791645697,3,0.5646124190488989,0.14230079395667772,0.05043219985440323,1.0670091754681381,37.5465021,-121.976577,0.1575,0.4208,0.020934906311147927,0
06013980000,Contra Costa,507,0.0,0.0,0,0.0,8.766610658469785,0.0,1,2305.4188024229547,11.780445645598057,0.050834597875569,0.0510949092613641,1,0.5,0.0,0.04551129022074418,0.0,37.9944965,-122.3542244,0.0999,0.5477,0.0,1
06013351104,Contra Costa,1667,0.0,0.0,0,0.0,8.285032279909007,0.0,1,1185.9678856593243,11.027263887367784,0.0680327868852459,0.0,1,0.534016393442623,0.0680327868852459,0.11279548001106521,0.5636538354364324,37.871978,-122.0816412,0.0377,0.4987,0.0,1
06013346205,Contra Costa,4325,0.0,0.0,0,0.0,9.358303443668108,0.0,1,448.818219729904,12.416694121890396,0.0196078431372549,0.0826173165895571,5,0.5098039215686274,0.0196078431372549,0.001008114000003335,0.18349614595427663,37.8471642,-121.9581382,0.2049,0.319,0.0,1
06013336104,Contra Costa,2539,0.0,0.0,0,0.0,6.9544798027318135,0.0,1,12976.10452621953,11.110774857829893,0.0569259962049335,0.1804087385482734,1,0.5284629981024668,0.0569259962049335,0.10607655941395122,0.39589069085759787,37.9696018,-122.0398238,0.1579,0.5536,0.0,1
06013345118,Contra Costa,3525,0.0,0.0,0,0.0,9.037246649084599,0.0,1,703.0636792058978,11.750516152031324,0.0676178660049627,0.0615384615384615,3,0.5338089330024813,0.0676178660049627,0.054605825273883246,0.6110793329716006,37.7706784,-121.9577289,0.2182,0.4632,0.0,1
06013339004,Contra Costa,3319,1.890393435357474,51.88553896047488,1,20.8,6.588542965293321,0.29545395890262377,0,3137.107905975728,11.827860284703274,0.0715896279594137,0.1852015950376606,3,0.388067834528395,0.034444963652873084,0.03408809406173263,0.4716713396799612,37.911254,-122.0627985,0.183,0.3675,0.29545395890262377,0
06013303105,Contra Costa,3326,0.0,0.0,0,0.0,9.060177470907027,0.0,1,1534.9816804700856,11.619912656872575,0.0817204301075268,0.0473537604456824,2,0.5408602150537634,0.0817204301075268,0.06511360058557514,0.7404015997730466,37.9474152,-121.7033573,0.2841,0.5288,0.0,1
06013313104,Contra Costa,2909,1.4231029363654173,27.054894550054648,1,11.8,7.113854483162972,0.1686126662911811,0,2069.9032209434995,10.923723799426726,0.1464646464646464,0.0587044534412955,1,0.48892599008673265,0.10683879081052597,0.1007025009333269,1.0419281818774047,38.005762,-121.8893306,0.2233,0.5625,0.1686126662911811,0
06013313203,Contra Costa,3382,0.0,9.91264667354117,0,0.0,7.646949033775062,0.039650586694164686,0,1083.7100440358604,11.741613616539789,0.0108695652173913,0.0424278137890394,3,0.48560948926161335,0.009792103622441173,0.053128530541513966,0.08311901123668543,38.0140103,-121.9333515,0.2098,0.4537,0.039650586694164686,0
06013355107,Contra Costa,5607,0.0,0.0,0,0.0,9.123605637869233,0.0,1,67.92027226603331,11.802635479756246,0.0158210583742498,0.0531878622570746,3,0.5079105291871249,0.0158210583742498,0.05041253638475951,0.14434509738036372,37.9316743,-121.8566311,0.3652,0.5262,0.0,1
06001404101,Alameda,3208,0.0,0.0,0,0.0,7.320988888135381,0.0,1,5635.199023517615,11.76533262933087,0.1409168081494057,0.2014719411223551,3,0.5704584040747028,0.1409168081494057,0.053413757525733185,1.0316503866133044,37.8300877,-122.2498696,0.1651,0.4332,0.0,1
06001405302,Alameda,2559,0.0,15.90347239235333,0,0.0,6.876856913186309,0.06361388956941331,0,12448.436227839493,11.062096815110534,0.3073424301494477,0.2571243523316062,1,0.6218642702900172,0.2584643116206425,0.10299589669830382,2.1135499154887096,37.7985075,-122.2543138,0.1062,0.5184,0.06361388956941331,0
06001405600,Alameda,3044,0.0,0.0,0,0.0,7.8197228196107105,0.0,1,7099.314732611294,11.29812203793102,0.1962681409813407,0.1651331719128329,1,0.5981340704906704,0.1962681409813407,0.0910034400354165,1.534762460794362,37.8008019,-122.2372726,0.0959,0.5029,0.0,1
06001406400,Alameda,2598,0.0,0.0,0,0.0,7.744504218294816,0.0,1,4594.056411103342,11.197611798683889,0.1565533980582524,0.1490236382322713,1,0.5782766990291262,0.1565533980582524,0.09909004605809224,1.2124284516505233,37.7986398,-122.222061,0.1377,0.5358,0.0,1
06001405700,Alameda,3522,0.0,0.0,0,0.0,7.880051376824219,0.0,1,6440.405936371942,11.219198492200556,0.0943521594684385,0.1293023255813953,1,0.5471760797342192,0.0943521594684385,0.0973532768780655,0.7434998641256071,37.7982307,-122.2296737,0.0995,0.5147,0.0,1
06001405800,Alameda,4182,0.0,0.0,0,0.0,7.72537521617849,0.0,1,8057.015001178389,11.115770729857758,0.078241430700447,0.0729853015712113,1,0.5391207153502235,0.078241430700447,0.10567461380988485,0.6044444096115801,37.7939452,-122.2330985,0.0628,0.5055,0.0,1
06085511608,Santa Clara,3252,0.0,0.0,0,0.0,10.023844209862938,0.0,1,1263.5808021516382,10.728890312216544,0.4210526315789473,0.024124513618677,1,0.7105263157894737,0.4210526315789473,0.1368012884530564,4.220565983100184,37.4292567,-122.1772178,0.0553,0.5175,0.0,1
06001444301,Alameda,3698,0.0,0.0,0,0.0,8.849988654913181,0.0,1,1435.2953928498148,12.125859923404999,0.0344530577088716,0.0194690265486725,5,0.5172265288544358,0.0344530577088716,0.024407337787436867,0.3049091698505828,37.536519,-122.0571016,0.0655,0.2925,0.0,1
06001404700,Alameda,2187,0.0,0.0,0,0.0,8.419086413679553,0.0,1,1829.040481905953,12.429224196812383,0.0,0.0927209705372617,5,0.5,0.0,0.0,0.0,37.8133308,-122.2069747,0.1265,0.2708,0.0,1
06001404800,Alameda,2744,0.0,0.0,0,0.0,8.171370900448556,0.0,1,4366.594222184866,11.644690298147031,0.222707423580786,0.1710963455149501,2,0.611353711790393,0.222707423580786,0.06312010196634432,1.8198249603619052,37.8055076,-122.2131962,0.1503,0.4566,0.0,1
06001405200,Alameda,4913,0.0,0.0,0,0.0,7.656268263098511,0.0,1,5727.309402455508,11.56383718656814,0.1404886561954624,0.1553719008264462,2,0.5702443280977312,0.1404886561954624,0.06962518307990462,1.0756188397546769,37.8052759,-122.2433884,0.1114,0.4568,0.0,1
06001405500,Alameda,3537,0.0,0.0,0,0.0,7.567436056202999,0.0,1,8590.747991165574,11.317190347258853,0.1956521739130435,0.1511156186612576,1,0.5978260869565217,0.1956521739130435,0.08946928882646787,1.4805853153440651,37.7982821,-122.243279,0.1029,0.503,0.0,1
06001450750,Alameda,6858,0.0,0.0,0,0.0,8.124585804524559,0.0,1,4074.990529267888,11.94425323260412,0.059264816204051,0.1544903263066705,4,0.5296324081020255,0.059264816204051,0.03901860297383952,0.48150208443918985,37.7054323,-121.8611962,0.2714,0.4398,0.0,1
06001451403,Alameda,2184,0.0,0.0,0,0.0,9.229385093225268,0.0,1,3213.870102333697,12.101811525315648,0.018348623853211,0.0569037656903765,4,0.5091743119266054,0.018348623853211,0.02634216474916462,0.16934651547202317,37.6912321,-121.78425,0.1674,0.3479,0.0,1
06001405100,Alameda,4508,0.0,0.0,0,0.0,8.080341510683901,0.0,1,3587.6849414290664,12.429224196812383,0.0099882491186839,0.1035188216039279,5,0.5049941245593419,0.0099882491186839,0.0,0.08070846397275341,37.811425,-122.2322366,0.106,0.2605,0.0,1
06001404900,Alameda,4669,0.0,0.0,0,0.0,8.090263930488648,0.0,1,4617.372684934712,11.930720907758054,0.0916217540421362,0.1452224905139703,4,0.5458108770210681,0.0916217540421362,0.0401073535371721,0.741244171975197,37.8041422,-122.2215059,0.0928,0.3548,0.0,1
06097151602,Sonoma,3182,0.0,0.0,0,0.0,10.967994907742158,0.0,1,95.73347037570346,11.615139034182182,0.0505166475315729,0.0,2,0.5252583237657864,0.0505166475315729,0.06549766499818888,0.5540663328824971,38.4214771,-122.5984455,0.021,0.3984,0.0,1
06097150607,Sonoma,4562,0.0,0.0,0,0.0,10.726807020409137,0.0,1,411.2198334685914,11.90400763271094,0.0274212368728121,0.0065047701647875,4,0.5137106184364061,0.0274212368728121,0.04225658462546211,0.2941423161955827,38.2766586,-122.6437521,0.0846,0.3583,0.0,1
06097150610,Sonoma,3819,0.0,0.0,0,0.0,10.700075464507016,0.0,1,2830.061008235486,11.780445645598057,0.0244648318042813,0.0046728971962616,3,0.5122324159021406,0.0244648318042813,0.05219783157348734,0.26177554653228124,38.2654848,-122.6401778,0.1577,0.4266,0.0,1
06097153809,Sonoma,4819,0.0,0.0,0,0.0,11.240292266887794,0.0,1,1178.6230208296106,11.745551911173763,0.0220125786163522,0.0173570019723865,3,0.5110062893081762,0.0220125786163522,0.05500522597492086,0.24742781719564325,38.5331527,-122.7812918,0.0982,0.4049,0.0,1
06097153104,Sonoma,3888,0.0,0.0,0,0.0,11.062915612860715,0.0,1,2271.8871654865616,11.096485351208939,0.085173501577287,0.0115606936416184,1,0.5425867507886435,0.085173501577287,0.10722622944923954,0.9422672604013851,38.4288774,-122.7274638,0.106,0.5288,0.0,1
06001405401,Alameda,3541,0.0,0.0,0,0.0,7.237951339272472,0.0,1,11279.489367098397,11.159559326606045,0.2619949494949495,0.2629885057471264,1,0.6309974747474747,0.2619949494949495,0.1021515784172562,1.8963066955795935,37.7965384,-122.2494562,0.1977,0.5697,0.0,1
06001451703,Alameda,3827,0.0,0.0,0,0.0,9.154028931669204,0.0,1,2224.5737168088267,12.178742557858218,0.0189250567751703,0.0312063344201211,5,0.5094625283875851,0.0189250567751703,0.020152636639896082,0.1732405172533912,37.6673232,-121.8010388,0.1421,0.3205,0.0,1
06001990000,Alameda,0,0.0,0.0,0,0.0,8.187485667537224,0.0,1,0.0,11.780445645598057,0.050834597875569,0.0510949092613641,1,0.5,0.0,0.04551129022074418,0.0,37.6836727,-122.2287162,0.0999,0.5477,0.0,1
06085503329,Santa Clara,3579,0.0,0.0,0,0.0,9.264102600226135,0.0,1,3074.521257586984,12.354919283765526,0.0328358208955223,0.0236039147956246,5,0.5164179104477612,0.0328358208955223,0.005978242235417541,0.30419441373876777,37.3115146,-121.7792789,0.1088,0.2776,0.0,1
06085512032,Santa Clara,3314,0.0,0.0,0,0.0,9.748996862392024,0.0,1,1116.3427216490738,11.944370162037341,0.0,0.0304635761589403,4,0.5,0.0,0.03900919535262615,0.0,37.232926,-121.7825093,0.1285,0.3682,0.0,1
06085511916,Santa Clara,4463,0.0,0.0,0,0.0,9.600653703680077,0.0,1,2427.2620110010057,12.162428965463619,0.0587475790832795,0.0257171117705242,5,0.5293737895416397,0.0587475790832795,0.02146515559814155,0.5640151627081256,37.2368478,-121.8958888,0.0964,0.3005,0.0,1
06001442302,Alameda,6186,0.0,0.0,0,0.0,7.930389825530858,0.0,1,6422.656773289713,11.902836906151627,0.1088618983355825,0.0709959623149394,4,0.5544309491677912,0.1088618983355825,0.04235077606820814,0.8633172909484781,37.5360343,-121.9604172,0.1208,0.377,0.0,1
06001406602,Alameda,2540,0.0,0.0,0,0.0,7.8444587523848694,0.0,1,6124.538202360809,10.983086902022308,0.161081081081081,0.2530573847601129,1,0.5805405405405405,0.161081081081081,0.11634976341974379,1.2635938963301026,37.7964782,-122.2143072,0.1627,0.5632,0.0,1
06001407101,Alameda,4053,0.0,0.177116681199716,0,0.0,7.1327415556426255,0.000708466724798864,0,10929.640712661016,10.784814099374188,0.1138570167696381,0.0647208121827411,1,0.5565742750224196,0.11365535700022271,0.1322081782082317,0.812112674914297,37.7831286,-122.2143965,0.0349,0.5056,0.000708466724798864,0
06001407102,Alameda,4268,0.0,0.000851622938949,0,0.0,7.232062469605739,3.4064917557960002e-06,0,6458.200869877932,11.160313683765866,0.2487382840663302,0.2157464212678936,1,0.6243674387872872,0.24873616575404514,0.10209053842948144,1.7988908089502378,37.7807761,-122.2102384,0.1038,0.5224,3.4064917557960002e-06,0
06001432501,Alameda,4892,0.0,44.55686400068147,0,0.0,6.60038261501439,0.1782274560027259,0,3583.3362668037216,11.630992904624405,0.0795214637579169,0.0963855421686747,2,0.4506470038775955,0.04408919329995066,0.05277598579706814,0.5248720869082516,37.7167215,-122.1661682,0.1263,0.4127,0.1782274560027259,0
06001406201,Alameda,5072,0.0,0.0,0,0.0,7.150588551016851,0.0,1,12429.343029197644,10.828103533156273,0.1841584158415841,0.1641663094727818,1,0.592079207920792,0.1841584158415841,0.1288190347444803,1.3168410598902316,37.7850449,-122.2307359,0.1209,0.548,0.0,1
06001406202,Alameda,4733,0.0,39.59078280669146,0,0.0,6.710127905362096,0.15836313122676585,0,12068.41148869458,10.915106645867503,0.2755555555555555,0.2154669260700389,1,0.5585962121643948,0.1664609540437835,0.10252748959654816,1.8490130228108883,37.7819786,-122.2265557,0.0632,0.4847,0.15836313122676585,0
06001406300,Alameda,4556,0.0,0.0,0,0.0,7.38127119337181,0.0,1,9379.980202096987,11.0483152650012,0.0696156635242929,0.2393822393822393,1,0.5348078317621464,0.0696156635242929,0.11110177996188475,0.5138520917793278,37.789288,-122.2250127,0.1553,0.5563,0.0,1
06085503333,Santa Clara,4608,0.0,0.0,0,0.0,9.275994909017406,0.0,1,2212.498573110981,12.080254287969952,0.0036630036630036,0.0200729927007299,4,0.5018315018315018,0.0036630036630036,0.02807656401691816,0.033978003329733504,37.301126,-121.7886395,0.0817,0.3101,0.0,1
06001450501,Alameda,3400,0.0,0.8374369984388015,0,0.0,7.271485942145592,0.0033497479937552063,0,2925.023736131517,12.133507329024972,0.0350467289719626,0.072936660268714,5,0.5158484904891038,0.03475323469680881,0.02371236419392977,0.2548417970378127,37.7068496,-121.9419577,0.1446,0.3297,0.0033497479937552063,0
06075025200,San Francisco,5457,28.917218494887106,100.0,1,0.0,6.9456941552110605,0.7,0,8305.329543505208,11.904082025647703,0.2321353065539112,0.2167004732927653,4,0.26606765327695564,0.0,0.012675179790369164,1.6123408419496288,37.7437123,-122.4142166,0.1136,0.2326,0.7,0
06075025300,San Francisco,4545,34.66030755219495,100.0,1,0.0,6.870287600621834,0.7,0,11252.221273194717,12.036001742114703,0.1523529411764705,0.1613361762615494,4,0.22617647058823526,0.0,0.00949107800626511,1.0467085226829729,37.7438747,-122.4202434,0.1315,0.208,0.7,0
06075025402,San Francisco,3294,49.83449220198079,100.0,1,0.0,7.495557339402185,0.7,0,10943.65448755498,12.020315192800318,0.0589301903898458,0.1412529550827423,4,0.17946509519492293,0.0,0.009869698966012709,0.4417146210889768,37.7368768,-122.4127788,0.0455,0.1674,0.7,0
06075025600,San Francisco,5027,25.983585017366423,100.0,1,0.0,6.999763693187343,0.7,0,8707.965458820066,11.65910157512783,0.1419313026571613,0.232824427480916,3,0.22096565132858068,0.0,0.018588190449136635,0.9934855792663819,37.7287884,-122.4223771,0.1117,0.2933,0.7,0
06075025800,San Francisco,2129,27.896880211722284,100.0,1,0.0,8.030189067453689,0.7,0,8484.636852965248,11.38070749514252,0.2383900928792569,0.2660902977905859,1,0.26919504643962844,0.0,0.025307694633236257,1.914317517628278,37.7214949,-122.4018971,0.1518,0.3788,0.7,0
06075025900,San Francisco,4128,24.56356430954933,99.99999999999996,1,0.0,7.732462608068571,0.6999999999999998,0,5336.75755104314,11.904595862056203,0.103905160390516,0.1210782147591692,4,0.20195258019525808,4.6143160577168276e-17,0.012662777493966033,0.8034427675050326,37.7234533,-122.4105033,0.1198,0.2355,0.6999999999999998,0
06075026002,San Francisco,3683,25.148515658590856,100.0,1,0.0,6.921085314685181,0.7,0,10291.331463398905,11.822797019794262,0.0516194331983805,0.2373853211009174,3,0.17580971659919026,0.0,0.014637128611140006,0.35726250106168395,37.7261195,-122.4262822,0.0671,0.2307,0.7,0
06075026004,San Francisco,3839,8.922556207045027,99.99999999999996,1,0.0,7.020170972176723,0.6676766862113507,0,11417.897759615284,11.618095962575769,0.158311345646438,0.2295755362848014,2,0.24531732971754366,7.03043603984268e-17,0.02168734093461588,1.11137271327336,37.7178918,-122.4357033,0.0776,0.2922,0.6676766862113507,0
06075020500,San Francisco,2970,61.3947471699653,100.0,1,0.0,7.416280927532704,0.7,0,10726.023476164526,12.429224196812383,0.2738805970149254,0.3704720087815587,5,0.2869402985074627,0.0,0.0,2.031175448063062,37.7591282,-122.4370296,0.1109,0.123,0.7,0
06075061000,San Francisco,4890,7.89150820993882,67.510232851674,1,0.0,8.477490175608946,0.5067861777048606,0,1607.8947977750345,11.58880258554332,0.0783961699581089,0.1078280890253261,2,0.2858049961266242,0.02547073307259548,0.033349431040093344,0.6646027606252374,37.7132283,-122.3846994,0.0963,0.3413,0.5067861777048606,0
06001440331,Alameda,3276,0.0,0.0,0,0.0,8.439528002190043,0.0,1,1859.614486256014,11.767024900404884,0.038876889848812,0.038235294117647,3,0.519438444924406,0.038876889848812,0.05327760493509537,0.32810260051710666,37.5980622,-122.0829553,0.0635,0.3821,0.0,1
06075016900,San Francisco,3061,67.84524950470565,100.0,1,0.0,7.0384138856596605,0.7,0,10383.7154366952,11.919323471126994,0.4626506024096385,0.3913683178028445,4,0.3813253012048193,0.0,0.012307302152040013,3.2563264242088064,37.7671003,-122.432467,0.1094,0.2259,0.7,0
06075017000,San Francisco,4262,44.7222669760968,100.0,1,0.0,7.46055196044166,0.7,0,9076.490564386884,12.429224196812383,0.1398633257403189,0.3068493150684931,5,0.21993166287015947,0.0,0.0,1.0434576090458267,37.7648873,-122.4394974,0.0747,0.1049,0.7,0
06013345115,Contra Costa,6758,0.0,0.0,0,0.0,8.750088322648919,0.0,1,430.4707674281585,12.326634040192424,0.0560919540229885,0.0116598079561042,5,0.5280459770114942,0.0560919540229885,0.00825394690734349,0.49080955189111175,37.7423916,-121.9756333,0.1313,0.2929,0.0,1
06075026100,San Francisco,6879,34.61077724345095,100.0,2,50.4,6.098331237427365,0.7756,0,9157.212948373042,11.66517433750789,0.1848906560636183,0.3858988159311087,3,0.20464532803180918,0.0,0.013794327442568718,1.1275244633812027,37.7196238,-122.44316,0.1343,0.2873,0.7756,0
06055200900,Napa,438,0.0,0.0,0,0.0,10.513126537596227,0.0,1,86.63537221519191,11.780445645598057,0.75,0.4,1,0.875,0.75,0.04551129022074418,7.88484490319717,38.274245,-122.2727846,0.4,0.6978,0.0,1
06055201300,Napa,3397,0.0,0.0,0,0.0,10.841645564531206,0.0,1,880.355402859254,11.227041774459828,0.1385224274406332,0.0154440154440154,1,0.5692612137203166,0.1385224274406332,0.09672224133352336,1.5018110610498367,38.3935118,-122.3655355,0.0695,0.4984,0.0,1
06055202000,Napa,5191,0.0,0.0,0,0.0,11.217911789482892,0.0,1,772.4379178268753,11.479037706302872,0.0392249527410207,0.0135542168674698,2,0.5196124763705103,0.0392249527410207,0.07644777143477688,0.4400220597954054,38.5814083,-122.5826961,0.0757,0.4579,0.0,1
06055201800,Napa,1480,0.0,0.0,0,0.0,11.220208203137002,0.0,1,1.9374634999623448,11.293699230940064,0.0165137614678899,0.0,1,0.5082568807339449,0.0165137614678899,0.09135927937992605,0.18528784188666597,38.6404729,-122.2866466,0.3085,0.6097,0.0,1
06075060400,San Francisco,1866,4.090530213426651,92.94456551090622,1,0.0,7.946771431357191,0.4944941684464244,0,272.6046206519332,11.508485623444166,0.1540785498489426,0.0859538784067086,2,0.3297921907012591,0.01087091114633785,0.03744712548457534,1.2244270181245218,37.7227157,-122.4916361,0.0964,0.3641,0.4944941684464244,0
06075026301,San Francisco,5345,24.47357601086601,100.0,1,0.0,7.02040626404914,0.7,0,14534.58486423098,11.466452114913148,0.1860955056179775,0.344254730041532,2,0.24304775280898877,0.0,0.023238105612725594,1.3064660533518413,37.7138687,-122.4395362,0.1048,0.3354,0.7,0
06075026302,San Francisco,5004,37.29341644270488,100.0,1,0.0,7.519782986881751,0.7,0,6664.866281403401,11.444336083498802,0.1145431145431145,0.1802403204272363,2,0.20727155727155727,0.0,0.02377191281736232,0.86133936400576,37.7116465,-122.4308297,0.0681,0.3235,0.7,0
06055200201,Napa,3906,0.0,0.0,0,0.0,10.590718570326853,0.0,1,2800.211817845807,11.312961186603424,0.0108774474256707,0.0,1,0.5054387237128354,0.0108774474256707,0.0898095482496194,0.11519998444880471,38.2918397,-122.2978636,0.0732,0.4894,0.0,1
06055200202,Napa,2089,0.0,0.0,0,0.0,10.591886364932407,0.0,1,2021.6105405041776,11.14962864472261,0.0699797160243407,0.0,1,0.5349898580121704,0.0699797160243407,0.10295055683507104,0.7412171999800561,38.2954236,-122.2885169,0.0297,0.4873,0.0,1
06055200203,Napa,2062,0.0,0.0,0,0.0,10.573868226808495,0.0,1,2427.672460759114,11.288368415137512,0.12,0.0350318471337579,1,0.56,0.12,0.09178817306774922,1.2688641872170192,38.2870988,-122.2891839,0.155,0.5337,0.0,1
06055200501,Napa,5648,0.0,0.0,0,0.0,10.642041876267044,0.0,1,2865.060147658048,11.433286842310011,0.0237107291049199,0.0107681263460157,2,0.51185536455246,0.0237107291049199,0.08012868210694857,0.2523305720513814,38.3110983,-122.3010928,0.0815,0.4724,0.0,1
06055200503,Napa,1785,0.0,0.0,0,0.0,10.61203340916788,0.0,1,1310.0950626959814,11.609870671026707,0.0207468879668049,0.0025445292620865,2,0.5103734439834025,0.0207468879668049,0.06592153402428835,0.22016666823999667,38.3052531,-122.287051,0.1281,0.4547,0.0,1
06075020401,San Francisco,3248,91.54145642895412,99.99999999999996,1,0.0,7.687733717273939,0.6999999999999998,0,9910.888349374767,11.965515860045086,0.1861635220125786,0.2490518331226295,4,0.24308176100628937,8.267321139347077e-17,0.01119237201191256,1.4311755851025696,37.7595115,-122.4434831,0.1555,0.2351,0.6999999999999998,0
06055201900,Napa,1510,0.0,0.0,0,0.0,11.273850183363525,0.0,1,8.36472053279126,11.753201415024739,0.0152505446623093,0.0242718446601941,3,0.5076252723311546,0.0152505446623093,0.05438978097772329,0.17193235573756932,38.638815,-122.525787,0.0655,0.3858,0.0,1
06055201500,Napa,1668,0.0,0.0,0,0.0,11.005807142900132,0.0,1,12.422925544983425,11.682676678340282,0.0633608815426997,0.0903823870220162,3,0.5316804407713498,0.0633608815426997,0.06006388706573984,0.6973376426630935,38.4765085,-122.4672115,0.0753,0.4078,0.0,1
06055200703,Napa,3036,0.0,0.0,0,0.0,10.633996632782837,0.0,1,1350.249449198059,11.881906378905954,0.0438521066208082,0.0,3,0.5219260533104041,0.0438521066208082,0.044034753033644236,0.46632315414610837,38.3098464,-122.329452,0.0804,0.3626,0.0,1
06055200400,Napa,3440,0.0,0.0,0,0.0,10.601486928849356,0.0,1,528.9317004614035,11.760301035012862,0.0060483870967741,0.0013661202185792,3,0.503024193548387,0.0060483870967741,0.05381857718610261,0.06412189674707172,38.3108358,-122.2620496,0.0669,0.385,0.0,1
06055201700,Napa,4494,0.0,0.0,0,0.0,11.14413941939996,0.0,1,24.66217596299409,11.658116123425975,0.0181564245810055,0.0052793664760228,3,0.5090782122905028,0.0181564245810055,0.062039919883669636,0.2023377268885458,38.5549366,-122.4312603,0.0673,0.4113,0.0,1
06055200802,Napa,6458,0.0,0.0,0,0.0,10.505931711056066,0.0,1,453.4131387685981,11.5754588521697,0.0576923076923076,0.0054911531421598,2,0.5288461538461537,0.0576923076923076,0.06869015564637104,0.6061114448686182,38.2692695,-122.30278,0.0607,0.4276,0.0,1
06075026303,San Francisco,4612,21.06003732215103,100.0,1,0.0,7.2366689611807775,0.7,0,10792.09912552895,11.608917230623955,0.019040365575019,0.3451851851851852,2,0.1595201827875095,0.0,0.01979947307730128,0.137788822566275,37.709662,-122.4434545,0.1459,0.3238,0.7,0
06075026401,San Francisco,3842,32.2539821828651,99.99999999999994,1,0.0,7.984742696422962,0.6999999999999997,0,11265.436322415248,11.452049561585225,0.2030505243088655,0.2285080421519689,2,0.2515252621544329,1.1271568362495625e-16,0.023585735193619704,1.6213061909800668,37.7135251,-122.4112834,0.1819,0.3776,0.6999999999999997,0
06075026402,San Francisco,4755,42.68397497610098,100.0,1,0.0,8.080425442285275,0.7,0,11938.958883021183,11.679989549583395,0.0723472668810289,0.1441584158415841,3,0.18617363344051446,0.0,0.01808402444187476,0.5845966959852688,37.7164934,-122.4034909,0.1018,0.2821,0.7,0
06075026403,San Francisco,3581,55.33591522213335,99.99999999999996,1,0.0,8.127882822815655,0.6999999999999998,0,9436.09106716474,11.438083377265766,0.1727192205491585,0.2612028301886792,2,0.23635961027457933,7.67027421795945e-17,0.023922832282665077,1.4038415858716142,37.7111907,-122.4069124,0.1356,0.3586,0.6999999999999998,0
06075030101,San Francisco,4792,48.5821065976731,99.99999999999996,1,0.0,8.16632136019001,0.6999999999999998,0,13694.438518591149,11.882791028904903,0.2948402948402948,0.1919124958568114,3,0.29742014742014744,1.30935393567586e-16,0.013189073410896075,2.4077605975990193,37.7642568,-122.4597429,0.06,0.2119,0.6999999999999998,0
06075030102,San Francisco,4726,15.685307760639192,100.0,1,0.0,8.118764114975797,0.7,0,3706.438223839041,12.250893035801642,0.1464694656488549,0.1963167587476979,5,0.22323473282442746,0.0,0.0043043191961202884,1.1891510416496034,37.7586056,-122.4578068,0.0681,0.1321,0.7,0
06075030201,San Francisco,4131,27.70404144279164,99.99999999999996,1,0.0,8.468305274210067,0.6999999999999998,0,11444.539520017228,11.752021102498365,0.260587942202292,0.3055322715842414,3,0.28029397110114607,1.1572429334906963e-16,0.016345423099400555,2.2067382453472173,37.7628136,-122.473784,0.0922,0.2595,0.6999999999999998,0
06075030301,San Francisco,6129,38.47216749950267,99.99999999999996,1,0.0,8.3180839265677,0.6999999999999998,0,8130.893607050064,12.095744254834589,0.1225912259122591,0.2089873807325331,4,0.21129561295612964,5.4441440649925665e-17,0.008049093089735697,1.0197241057989923,37.7569391,-122.4692332,0.0508,0.1506,0.6999999999999998,0
06075030302,San Francisco,3742,33.46522231035661,99.99999999999996,1,0.0,8.279475160908058,0.6999999999999998,0,6261.3430942677205,12.178835047209162,0.0213392200147167,0.1505050505050505,5,0.16066961000735844,9.47651735515218e-18,0.006043558607642699,0.176677542064999,37.7519364,-122.4716313,0.046,0.1323,0.6999999999999998,0
06075030400,San Francisco,5262,23.65359587875713,100.0,1,0.0,8.104608743410715,0.7,0,5411.531370174784,11.83078993159745,0.070716228467815,0.1782742006132282,3,0.18535811423390752,0.0,0.014444206389850348,0.5731273635412831,37.7469525,-122.4675254,0.0771,0.2323,0.7,0
06081611700,San Mateo,5699,0.0,0.0,0,0.0,9.702063657610237,0.0,1,452.7149633179715,11.652122030158518,0.0565110565110565,0.0430976430976431,3,0.5282555282555282,0.0565110565110565,0.0625221779210614,0.5482738676290796,37.4943019,-122.1502245,0.0774,0.4177,0.0,1
06075030500,San Francisco,3787,18.69238624676428,100.0,1,0.0,7.883114122894889,0.7,0,3370.860319833157,12.071386300490518,0.1208576998050682,0.0918774966711051,4,0.21042884990253413,0.0,0.008637012833358573,0.9527350401939241,37.7523832,-122.4517871,0.1092,0.1867,0.7,0
06075030600,San Francisco,2348,44.09271042463529,100.0,1,0.0,7.775361441335617,0.7,0,4501.290612045376,12.342777746609963,0.0372881355932203,0.184458398744113,5,0.16864406779661018,0.0,0.002086528865363713,0.2899287317108193,37.7437535,-122.4571389,0.0385,0.1043,0.7,0
06075030700,San Francisco,6910,24.367436470098475,100.0,1,0.0,7.339405535512204,0.7,0,4810.828171668013,12.119364858815988,0.0160507652108995,0.1626617375231053,4,0.15802538260544977,0.0,0.007478970523579299,0.1178030750380825,37.7372232,-122.4503095,0.0579,0.1504,0.7,0
06075030800,San Francisco,5907,37.009884828099096,99.99999999999996,1,0.0,7.878609953221623,0.6999999999999998,0,4752.551949556117,12.24889743312079,0.1328358208955224,0.2049102927289896,5,0.21641791044776126,5.899095474127698e-17,0.004352486386185863,1.0465616206518278,37.739192,-122.467864,0.0585,0.1276,0.6999999999999998,0
06095250106,Solano,3668,0.0,0.0,0,0.0,9.917970872390933,0.0,1,197.8986847063903,12.036179534643145,0.0,0.0329087048832271,4,0.5,0.0,0.03162262229287316,0.0,38.136068,-122.1860515,0.1683,0.3663,0.0,1
06095250104,Solano,2225,0.0,0.0,0,0.0,9.91556340306718,0.0,1,1697.780048747837,11.386522887567917,0.1210191082802547,0.0557851239669421,1,0.5605095541401274,0.1210191082802547,0.08389110154693957,1.1999726411355178,38.1138632,-122.2082024,0.1994,0.542,0.0,1
06085503506,Santa Clara,6910,0.0,0.0,0,0.0,8.521856214171493,0.0,1,6910.984847515653,11.536163361437406,0.0279106858054226,0.0149642160052049,2,0.5139553429027113,0.0279106858054226,0.07185169574815553,0.23785085127272868,37.3436482,-121.8272382,0.11,0.4627,0.0,1
06085512001,Santa Clara,6384,0.0,0.0,0,0.0,9.654250724668733,0.0,1,318.44849448191576,12.166172101344133,0.0403050108932461,0.0253929866989117,5,0.5201525054466231,0.0403050108932461,0.021163999562878066,0.3891146806239023,37.2568596,-121.7680942,0.1793,0.3408,0.0,1
06085510300,Santa Clara,4629,0.0,0.0,0,0.0,9.895952414052458,0.0,1,1979.3704271878728,12.404329065336434,0.0073404856013551,0.0120300751879699,5,0.5036702428006775,0.0073404856013551,0.002002951357360949,0.07264109620704731,37.3774027,-122.1116665,0.0165,0.226,0.0,1
06085504602,Santa Clara,1920,0.0,0.0,0,0.0,9.040054590034424,0.0,1,30.08088231119321,11.584678523633327,0.0184842883548983,0.0,2,0.5092421441774492,0.0184842883548983,0.06794838195900021,0.16709897578621824,37.4495304,-121.9940964,0.0547,0.4227,0.0,1
06085507002,Santa Clara,3415,0.0,0.0,0,0.0,9.844567164255318,0.0,1,250.1708372762382,12.429224196812383,0.0,0.0,5,0.5,0.0,0.0,0.0,37.2095662,-121.9492296,0.0382,0.2266,0.0,1
06085512307,Santa Clara,6918,0.0,0.0,0,0.0,10.506872368452537,0.0,1,1265.397458711686,11.928195678865459,0.0347788750536711,0.0162721893491124,4,0.5173894375268355,0.0347788750536711,0.040310522202618104,0.36541720130728017,37.0997288,-121.6367125,0.0817,0.3495,0.0,1
06085511910,Santa Clara,3051,0.0,0.0,0,0.0,9.757980371024708,0.0,1,1344.690182057216,12.429224196812383,0.0073937153419593,0.0,5,0.5036968576709796,0.0073937153419593,0.0,0.07214772917578308,37.2129865,-121.8693977,0.0957,0.2554,0.0,1
06085505700,Santa Clara,5853,0.0,0.0,0,0.0,8.821442372938959,0.0,1,3622.376995028911,11.584613368261012,0.0524989500209995,0.038904109589041,2,0.5262494750104998,0.0524989500209995,0.06795362406995453,0.46311646225004965,37.3430271,-121.9443826,0.06,0.4255,0.0,1
06085506900,Santa Clara,8174,0.0,0.0,0,0.0,9.708736503571572,0.0,1,870.456005653804,12.24024216130027,0.046395431834404,0.0105017502917152,5,0.523197715917202,0.046395431834404,0.015204652560743104,0.4504410226496447,37.2276416,-121.9321866,0.0887,0.2843,0.0,1
06085507301,Santa Clara,6820,0.0,0.0,0,0.0,9.738210169771143,0.0,1,808.0578737672699,12.429224196812383,0.0349451442503047,0.0092879256965944,5,0.5174725721251523,0.0349451442503047,0.0,0.3403031591224368,37.2588676,-122.0079378,0.0674,0.2412,0.0,1
06085501700,Santa Clara,4466,0.0,0.0,0,0.0,8.545409832064793,0.0,1,4002.863048166724,11.373617419568252,0.0674802584350323,0.0951776649746192,1,0.5337401292175161,0.0674802584350323,0.08492941800139497,0.5766464639009983,37.3231579,-121.8864264,0.0605,0.474,0.0,1
06085503116,Santa Clara,6469,0.0,0.0,0,0.0,9.238852386896124,0.0,1,5667.003483788611,11.551886529032986,0.0656691604322527,0.0306352789422766,2,0.5328345802161264,0.0656691604322527,0.07058667973857935,0.6067076796049823,37.2774484,-121.853732,0.1113,0.4591,0.0,1
06085507701,Santa Clara,3435,0.0,0.0,0,0.0,9.702521866176191,0.0,1,1299.3933908849174,12.261374893314828,0.0430622009569378,0.0146341463414634,5,0.5215311004784688,0.0430622009569378,0.013504407100533355,0.41781194639036234,37.3185985,-122.0493596,0.0189,0.2453,0.0,1
06081601601,San Mateo,2654,0.0,17.776490662166434,0,0.0,7.3819016820237655,0.07110596264866574,0,407.3171338911702,11.523904969013236,0.0425079702444208,0.1100852272727272,2,0.4857010037978775,0.03495154488324485,0.06765873873429781,0.3137896570467061,37.6782568,-122.4497356,0.0682,0.4305,0.07110596264866574,0
06085502908,Santa Clara,6464,0.0,0.0,0,0.0,9.43354564446362,0.0,1,3108.4645230533747,11.770764119681315,0.0273224043715847,0.0,3,0.5136612021857924,0.0273224043715847,0.052976764012345745,0.2577471487558366,37.2593227,-121.9087021,0.0546,0.3766,0.0,1
06085502909,Santa Clara,4918,0.0,0.0,0,0.0,9.433341015595303,0.0,1,3810.051523992812,11.66647882357954,0.0327380952380952,0.0213985479556744,3,0.5163690476190476,0.0327380952380952,0.0613670942896386,0.3088296165819887,37.2565056,-121.8874578,0.0929,0.4212,0.0,1
06085509107,Santa Clara,4765,0.0,0.0,0,0.0,9.617387764550948,0.0,1,10192.39665807728,11.934014547311321,0.098990869774147,0.0379161528976572,4,0.5494954348870735,0.098990869774147,0.0398423619736511,0.9520335797681376,37.3797672,-122.0565575,0.0139,0.3145,0.0,1
06085511701,Santa Clara,4346,0.0,0.0,0,0.0,9.980269377555974,0.0,1,472.86452081203055,12.297593837997631,0.0050761421319796,0.0,5,0.5025380710659898,0.0050761421319796,0.010590392186224262,0.05066126587591769,37.3782599,-122.1319059,0.0311,0.2464,0.0,1
06085511907,Santa Clara,4144,0.0,0.0,0,0.0,9.719066617144389,0.0,1,2383.458441305352,12.429224196812383,0.0371867421180274,0.0145909327774882,5,0.5185933710590137,0.0371867421180274,0.0,0.3614204239196773,37.2197592,-121.8542492,0.111,0.263,0.0,1
06085511912,Santa Clara,5705,0.0,0.0,0,0.0,9.8225421222385,0.0,1,2329.46523164984,12.429224196812383,0.0046592894583576,0.0142800476001586,5,0.5023296447291788,0.0046592894583576,0.0,0.04576606696441933,37.2057326,-121.8341741,0.0837,0.2494,0.0,1
06095252904,Solano,8528,0.0,0.0,0,0.0,10.663212333238006,0.0,1,151.99369997504402,11.617906908789402,0.0541422048271363,0.0060371890847621,2,0.5270711024135681,0.0541422048271363,0.06527497413966132,0.5773298262614182,38.4048427,-121.9313985,0.1355,0.4548,0.0,1
06095252305,Solano,6178,0.0,0.0,0,0.0,10.118979271986747,0.0,1,129.0494812558902,11.746969390752726,0.0,0.010593220338983,3,0.5,0.0,0.05489118188363107,0.0,38.2198735,-122.0935747,0.1223,0.4164,0.0,1
06095251802,Solano,3174,0.0,0.0,0,0.0,10.04201397703513,0.0,1,1290.6116717599334,10.36854145205595,0.2391143911439114,0.149867374005305,1,0.6195571955719557,0.2391143911439114,0.16579335219368863,2.4011900579774035,38.1293832,-122.2572661,0.2427,0.6146,0.0,1
06085503207,Santa Clara,3589,0.0,0.0,0,0.0,9.185444364837945,0.0,1,2782.171041159178,11.784866799472464,0.0334773218142548,0.0336633663366336,3,0.5167386609071274,0.0334773218142548,0.05184212523136977,0.30750407700861315,37.2944788,-121.8154729,0.0541,0.3738,0.0,1
06085502910,Santa Clara,3960,0.0,0.0,0,0.0,9.475160835734952,0.0,1,3336.7233345352865,11.727996521193552,0.0324171952078928,0.0241477272727272,3,0.5162085976039464,0.0324171952078928,0.05641765443402891,0.30715813843820067,37.2514817,-121.8840433,0.0743,0.3973,0.0,1
06085503001,Santa Clara,4455,0.0,0.0,0,0.0,9.159989540865555,0.0,1,2578.371539118521,11.879337845814693,0.0048484848484848,0.034337031167459,3,0.5024242424242424,0.0048484848484848,0.04424140576197144,0.04441207050116588,37.2840433,-121.8919507,0.0877,0.3671,0.0,1
06085503208,Santa Clara,3182,0.0,0.0,0,0.0,9.312309488323583,0.0,1,2830.154709671808,11.822826361010604,0.0209790209790209,0.0377358490566037,3,0.5104895104895104,0.0209790209790209,0.04878806804026403,0.19536313611867584,37.2807411,-121.8160936,0.064,0.369,0.0,1
06095251200,Solano,3266,0.0,0.0,0,0.0,9.962857799848418,0.0,1,2724.837896346436,11.229686839104678,0.0570962479608482,0.0192519251925192,1,0.5285481239804241,0.0570962479608482,0.09650943121738365,0.5688417993388158,38.1052893,-122.2365335,0.1524,0.5388,0.0,1
06085500100,Santa Clara,7903,0.0,0.0,0,0.0,7.571517866409046,0.0,1,4111.616605141422,11.950334877260898,0.0306406685236768,0.0359652749069863,4,0.5153203342618384,0.0306406685236768,0.038529300941751554,0.23199636916573618,37.3584847,-121.8927601,0.0974,0.3504,0.0,1
06085500200,Santa Clara,5406,0.0,0.0,0,0.0,8.0661716836628,0.0,1,3217.2067814036395,11.954638924419875,0.0254281266216917,0.0229924502402196,4,0.5127140633108459,0.0254281266216917,0.03818301648418421,0.2051076349244818,37.3499085,-121.9021695,0.1057,0.3531,0.0,1
06085500300,Santa Clara,4156,0.0,0.0,0,0.0,8.379916343743256,0.0,1,1441.381385758707,11.662835738397202,0.0303390838786436,0.0835303388494877,3,0.5151695419393219,0.0303390838786436,0.06166020069150657,0.25423898484884305,37.3395959,-121.9080736,0.0839,0.4182,0.0,1
06095252502,Solano,1599,0.0,0.0,0,0.0,10.19787950713578,0.0,1,1734.3006319473056,11.183657217197519,0.0219780219780219,0.011204481792717,1,0.510989010989011,0.0219780219780219,0.10021276950932334,0.22412921993704935,38.2471153,-122.0446962,0.1218,0.5292,0.0,1
06095250200,Solano,4560,0.0,0.0,0,0.0,9.89172499481821,0.0,1,3376.991564752105,11.249949013154295,0.08,0.0526315789473684,1,0.54,0.08,0.0948792269722295,0.7913379995854568,38.1044764,-122.2101165,0.2708,0.5953,0.0,1
06085500400,Santa Clara,2545,0.0,0.0,0,0.0,8.56306942567855,0.0,1,2531.4096522096547,11.895517637204994,0.0981535471331389,0.1392739273927392,4,0.5490767735665695,0.0981535471331389,0.04293965183637638,0.8404956384776803,37.3401522,-121.9220248,0.0917,0.3644,0.0,1
06085500600,Santa Clara,6069,0.0,0.0,0,0.0,8.566478516452637,0.0,1,4530.347871150247,11.692543370189869,0.1304157549234135,0.0867182462927143,3,0.5652078774617068,0.1304157549234135,0.05927005700093857,1.117203762758374,37.3334224,-121.9145625,0.1032,0.4185,0.0,1
06085500901,Santa Clara,4459,0.0,0.0,0,0.0,8.240930560256661,0.0,1,6186.097819072993,11.208449833432173,0.2509124087591241,0.1037660256410256,1,0.6254562043795621,0.2509124087591241,0.09821806607151651,2.067751737290677,37.3351801,-121.8840965,0.1194,0.5262,0.0,1
06085500902,Santa Clara,4613,0.0,0.0,0,0.0,8.285582661812676,0.0,1,19020.86306118271,10.627430633893226,0.0745454545454545,0.0924947145877378,1,0.5372727272727272,0.0745454545454545,0.14496428211354073,0.6176525256987627,37.333015,-121.8796398,0.0418,0.5123,0.0,1
06085501000,Santa Clara,5003,0.0,0.0,0,0.0,8.073317142033238,0.0,1,6232.957227368836,10.90758767623469,0.2300252312867956,0.0812623274161735,1,0.6150126156433978,0.2300252312867956,0.12242409473697746,1.8570666428478473,37.3416421,-121.8880715,0.0876,0.5291,0.0,1
06085503210,Santa Clara,4435,0.0,0.0,0,0.0,9.191451690165568,0.0,1,2778.9448430080265,11.636151438705287,0.0787878787878787,0.0133274100399822,2,0.5393939393939393,0.0787878787878787,0.06380710055181793,0.7241749816494075,37.2904505,-121.822862,0.0649,0.4161,0.0,1
06085503211,Santa Clara,4160,0.0,0.0,0,0.0,8.899260287663834,0.0,1,3928.28114168829,11.477308649967686,0.0223367697594501,0.0509554140127388,2,0.511168384879725,0.0223367697594501,0.07658688360363042,0.19878072807496472,37.3118086,-121.8324347,0.1391,0.4901,0.0,1
06085503002,Santa Clara,3814,0.0,0.0,0,0.0,9.23496857006409,0.0,1,2816.9373754186013,11.752170685830338,0.0776699029126213,0.0274949083503055,3,0.5388349514563107,0.0776699029126213,0.054472708856252106,0.717279112237987,37.276823,-121.8872996,0.0316,0.369,0.0,1
06085503003,Santa Clara,5050,0.0,0.0,0,0.0,9.329398770572231,0.0,1,2604.671997793031,12.06057277267258,0.0251818690542809,0.0112172829248026,4,0.5125909345271404,0.0251818690542809,0.029660051046013547,0.23493169819571913,37.2674809,-121.8850395,0.0681,0.3096,0.0,1
06085511800,Santa Clara,4538,0.0,0.0,0,0.0,10.067556423216256,0.0,1,32.22624757783141,12.1927948849176,0.0132850241545893,0.0251889168765743,5,0.5066425120772946,0.0132850241545893,0.019022049015369635,0.1337477302601186,37.160449,-121.9417467,0.1159,0.305,0.0,1
06085512305,Santa Clara,4658,0.0,0.0,0,0.0,10.386847751991898,0.0,1,277.56979278513813,12.315491913298715,0.0,0.0113191118850674,5,0.5,0.0,0.009150392793046302,0.0,37.1141491,-121.6737014,0.1663,0.3114,0.0,1
06085511914,Santa Clara,6327,0.0,0.0,0,0.0,9.637613313111746,0.0,1,2278.59964968381,12.417305545818548,0.0299949161159125,0.0501930501930501,5,0.5149974580579563,0.0299949161159125,0.0009589215549664631,0.2890794028843884,37.2305812,-121.8770809,0.1365,0.2847,0.0,1
06085507302,Santa Clara,2640,0.0,0.0,0,0.0,9.898707821881326,0.0,1,222.3634289207513,12.429224196812383,0.0,0.0123743232791956,5,0.5,0.0,0.0,0.0,37.2383772,-122.0292561,0.0712,0.2431,0.0,1
06085504307,Santa Clara,5740,0.0,0.0,0,0.0,8.057072503198588,0.0,1,3395.846910329209,11.881761166255602,0.0589826839826839,0.0234208658623137,3,0.529491341991342,0.0589826839826839,0.04404643619649118,0.4752277612817343,37.3907632,-121.8525385,0.0777,0.3614,0.0,1
06085503504,Santa Clara,5601,0.0,0.0,0,0.0,8.53738596638758,0.0,1,4993.9709164740825,11.89147833226822,0.039568345323741,0.008879781420765,4,0.5197841726618705,0.039568345323741,0.04326463631431432,0.33781023608008404,37.3358272,-121.8341637,0.04,0.3395,0.0,1
06085504318,Santa Clara,7213,0.0,8.0340401920828,0,0.0,7.636087314414281,0.0321361607683312,0,1652.6743741827252,11.629534478398801,0.0242232754081095,0.0275175644028103,2,0.49604355731988914,0.022277167725983073,0.06227184808979149,0.18497104605742837,37.37683,-121.8956853,0.0325,0.3952,0.0321361607683312,0
06085507500,Santa Clara,5747,0.0,0.0,0,0.0,9.731800664088752,0.0,1,1556.499052741806,12.14619524447476,0.007278020378457,0.0177246496290189,5,0.5036390101892285,0.007278020378457,0.022771248458951288,0.0708282435523193,37.2743998,-122.0239726,0.0338,0.2733,0.0,1
06085512200,Santa Clara,4905,0.0,0.0,0,0.0,10.555866411672628,0.0,1,18.53321154279441,12.37020901626435,0.0158917010005885,0.0289495450785773,5,0.5079458505002943,0.0158917010005885,0.004748098482539875,0.16775067281645645,37.0467866,-121.7095187,0.2374,0.3399,0.0,1
06085507203,Santa Clara,3192,0.0,0.0,0,0.0,9.632270520937658,0.0,1,1765.111401627149,12.170020507137671,0.0091135045567522,0.0155619596541786,5,0.5045567522783762,0.0091135045567522,0.02085437397944656,0.08778374128443522,37.251361,-121.964454,0.0605,0.281,0.0,1
06085503802,Santa Clara,7937,0.0,0.0,0,0.0,8.264208803327822,0.0,1,4738.510461378952,11.733345310362841,0.0357843137254901,0.0696710696710696,3,0.517892156862745,0.0357843137254901,0.05598731468919904,0.2957290405112399,37.3842879,-121.8355147,0.1067,0.412,0.0,1
06085512602,Santa Clara,2838,0.0,0.0,0,0.0,10.838474147103017,0.0,1,29.194479272184854,11.821490463338392,0.0226364846870838,0.0091491308325709,3,0.511318242343542,0.0226364846870838,0.048895548414827905,0.24534495406225112,37.0180768,-121.5244138,0.1903,0.433,0.0,1
06085506604,Santa Clara,7362,0.0,0.0,0,0.0,9.539364112256212,0.0,1,2995.917651106524,12.28328828388331,0.0152703260420965,0.0076090137547556,5,0.5076351630210483,0.0152703260420965,0.01174135333132853,0.1456692002284268,37.2808226,-121.9867096,0.0231,0.2446,0.0,1
06085512308,Santa Clara,8460,0.0,0.0,0,0.0,10.39261655771079,0.0,1,567.4538132862035,12.343205046733754,0.0086825217063042,0.031170158405723,5,0.5043412608531521,0.0086825217063042,0.00692071755377055,0.09023411884762036,37.1511719,-121.6268403,0.1947,0.3221,0.0,1
06085501200,Santa Clara,4345,0.0,0.0,0,0.0,7.80889724578525,0.0,1,5227.090118508021,11.575909653758895,0.0171232876712328,0.05,2,0.5085616438356164,0.0171232876712328,0.06865388615906776,0.13371399393467834,37.3465601,-121.8787471,0.1045,0.4491,0.0,1
06085501300,Santa Clara,4063,0.0,0.0,0,0.0,8.104456653091491,0.0,1,5438.371058477752,11.7534294481613,0.1319381255686988,0.1157340985174557,3,0.5659690627843494,0.1319381255686988,0.05437143444756576,1.0692868195616616,37.3387146,-121.8745424,0.0516,0.3787,0.0,1
06085501401,Santa Clara,2954,0.0,0.0,0,0.0,7.570626377089632,0.0,1,2958.149701201782,11.214088069286818,0.123721881390593,0.0644666155026861,1,0.5618609406952965,0.123721881390593,0.09776443873602347,0.9366521386787783,37.3514873,-121.8697601,0.0913,0.5111,0.0,1
06085501800,Santa Clara,4622,0.0,0.0,0,0.0,8.71694771687427,0.0,1,3235.193319976572,11.832898042058034,0.0227140361094933,0.0092165898617511,3,0.5113570180547466,0.0227140361094933,0.04797774545794131,0.19799706520564733,37.3163695,-121.8965524,0.043,0.3549,0.0,1
06085503105,Santa Clara,2139,0.0,0.0,0,0.0,8.498786105710694,0.0,1,1217.3335699420145,10.971004692720294,0.1650879566982408,0.0,1,0.5825439783491204,0.1650879566982408,0.11732184414744617,1.4030472326071777,37.3261978,-121.8587581,0.0601,0.5128,0.0,1
06085507401,Santa Clara,5907,0.0,0.0,0,0.0,9.649776000321912,0.0,1,1830.058066186282,12.330504638906516,0.0282340862422997,0.0068438003220611,5,0.5141170431211498,0.0282340862422997,0.007942535780405713,0.27245260781196273,37.2882247,-122.0182492,0.0274,0.2404,0.0,1
06085507100,Santa Clara,3029,0.0,0.0,0,0.0,9.750780021108323,0.0,1,1699.2848854245815,12.06108733508908,0.0475161987041036,0.0065402223675604,4,0.5237580993520518,0.0475161987041036,0.02961865164663413,0.46332000100298654,37.238092,-121.973612,0.0608,0.3054,0.0,1
06085507805,Santa Clara,5220,0.0,0.0,0,0.0,9.690241169213776,0.0,1,2487.7917908890327,12.175618592671356,0.0480283114256825,0.0084589922765722,5,0.5240141557128413,0.0480283114256825,0.020403976959886827,0.46540592066496894,37.3333072,-122.0519949,0.0243,0.2619,0.0,1
06085507702,Santa Clara,6618,0.0,0.0,0,0.0,9.803687869220827,0.0,1,840.3265871665427,12.429224196812383,0.0138121546961325,0.0161446561188246,5,0.5069060773480663,0.0138121546961325,0.0,0.13541005344227566,37.2982903,-122.0593721,0.0349,0.225,0.0,1
06085505303,Santa Clara,5986,0.0,0.0,0,0.0,8.983579024851101,0.0,1,5518.005088107183,11.767055924510617,0.0292924740874267,0.0102398275397466,3,0.5146462370437134,0.0292924740874267,0.05327510887377729,0.2631512557978009,37.3583023,-121.9639619,0.0232,0.3618,0.0,1
06085503707,Santa Clara,5264,0.0,0.0,0,0.0,7.691246746703723,0.0,1,6980.387298688327,11.516678413839536,0.0465631929046563,0.0355624275222265,2,0.5232815964523282,0.0465631929046563,0.07341936781596392,0.35812900594407565,37.3578973,-121.8538129,0.0731,0.4495,0.0,1
06085502001,Santa Clara,4767,0.0,0.0,0,0.0,8.890955256627883,0.0,1,3574.2738624474864,11.57569367002257,0.109251968503937,0.0576652601969057,2,0.5546259842519685,0.109251968503937,0.06867126324816886,0.9713543636670225,37.3224577,-121.9330738,0.0461,0.4201,0.0,1
06085502002,Santa Clara,5308,0.0,0.0,0,0.0,8.82695146869937,0.0,1,5897.648422318402,11.578844283059516,0.061878453038674,0.0478380864765409,2,0.530939226519337,0.061878453038674,0.06841777896089096,0.5461981019305685,37.319403,-121.9209269,0.0573,0.425,0.0,1
06085501501,Santa Clara,4159,0.0,0.0,0,0.0,8.107814652992259,0.0,1,6669.804354207018,11.22764051711817,0.0884353741496598,0.0665610142630744,1,0.5442176870748299,0.0884353741496598,0.09667406916695354,0.7170176223734646,37.3416169,-121.8583144,0.0777,0.5019,0.0,1
06085501502,Santa Clara,4160,0.0,0.0,0,0.0,8.178701795459341,0.0,1,4681.789920042961,11.5238159478014,0.0948844884488448,0.013191273465246,2,0.5474422442244224,0.0948844884488448,0.07284511363494306,0.7760319360378081,37.3374972,-121.8644026,0.1208,0.4712,0.0,1
06085502101,Santa Clara,5045,0.0,0.0,0,0.0,9.084279076172665,0.0,1,2635.0905652851725,11.76957342244161,0.0505854800936768,0.0207828195358503,3,0.5252927400468383,0.0505854800936768,0.05307256220705614,0.45953261837313697,37.3059451,-121.9360263,0.0263,0.363,0.0,1
06085502202,Santa Clara,2910,0.0,0.0,0,0.0,9.084505149220215,0.0,1,2608.9419071475827,11.553184100833791,0.0527838033261026,0.0790292470441817,2,0.5263919016630513,0.0527838033261026,0.07048228289286651,0.4795147331114062,37.2980468,-121.9205873,0.0585,0.4324,0.0,1
06085502701,Santa Clara,5611,0.0,0.0,0,0.0,9.408231278865468,0.0,1,3216.0599560797323,11.825485498687913,0.0360403652090341,0.0119169220292815,3,0.5180201826045171,0.0360403652090341,0.04857412567063568,0.33907609126136945,37.2711908,-121.9382471,0.0661,0.3688,0.0,1
06085502800,Santa Clara,4419,0.0,0.0,0,0.0,9.491161293361447,0.0,1,2516.3029740396764,12.109170699537964,0.0189473684210526,0.0135135135135135,4,0.5094736842105263,0.0189473684210526,0.0257500783803144,0.17983252976895345,37.255728,-121.9230305,0.0684,0.2972,0.0,1
06085502903,Santa Clara,5270,0.0,0.0,0,0.0,9.251144553566519,0.0,1,2798.972473378714,12.297320037924733,0.0132908027644869,0.0075009869719699,5,0.5066454013822435,0.0132908027644869,0.010612420920163235,0.12295513760720982,37.2779339,-121.9050522,0.0596,0.2609,0.0,1
06085502906,Santa Clara,4995,0.0,0.0,0,0.0,9.519276975598613,0.0,1,3234.482262261691,11.714698280147994,0.0147692307692307,0.0491551459293394,3,0.5073846153846153,0.0147692307692307,0.057487571657741654,0.14059239840884039,37.2478128,-121.9014134,0.1325,0.4286,0.0,1
06085503110,Santa Clara,4067,0.0,0.0,0,0.0,8.413942853848418,0.0,1,5313.03267402949,11.323591377758436,0.0449790794979079,0.0588235294117647,1,0.522489539748954,0.0449790794979079,0.08895429043250336,0.3784514045141021,37.3330764,-121.8498294,0.086,0.4937,0.0,1
06085502400,Santa Clara,6909,0.0,0.0,0,0.0,8.890771150842761,0.0,1,2578.2949761151376,12.207696326646271,0.0397085610200364,0.0138562091503267,5,0.5198542805100183,0.0397085610200364,0.017823145407814378,0.35303972875841905,37.3046948,-121.8926106,0.0201,0.2554,0.0,1
06085510200,Santa Clara,4717,0.0,0.0,0,0.0,9.857919004908663,0.0,1,1755.9665544989225,12.429224196812383,0.0246433203631647,0.0319559228650137,5,0.5123216601815823,0.0246433203631647,0.0,0.24293185615209395,37.3720591,-122.1017322,0.0171,0.2161,0.0,1
06085512309,Santa Clara,5295,0.0,0.0,0,0.0,10.4762129153344,0.0,1,579.5533078335982,12.174865735905463,0.0278931750741839,0.0224882118244468,5,0.513946587537092,0.0278931750741839,0.020464548460888854,0.29221484096184897,37.1300123,-121.6087697,0.2064,0.3535,0.0,1
06085504601,Santa Clara,1255,0.0,0.0,0,0.0,9.578382072823308,0.0,1,45.16188248564842,11.091727237873064,0.026615969581749,0.0045180722891566,1,0.5133079847908745,0.026615969581749,0.10760904604829125,0.2549379258926351,37.4428194,-122.0860254,0.0286,0.4904,0.0,1
06085510001,Santa Clara,5969,0.0,0.0,0,0.0,9.778348030371864,0.0,1,1697.8317649748788,12.429224196812383,0.0075452716297786,0.0050057758952637,5,0.5037726358148893,0.0075452716297786,0.0,0.07378029197966628,37.3584207,-122.0797124,0.0058,0.2104,0.0,1
06085500500,Santa Clara,5020,0.0,0.0,0,0.0,8.757665273561317,0.0,1,2356.3620988936227,12.05458674535506,0.1118012422360248,0.0546088303640588,4,0.5559006211180124,0.1118012422360248,0.03014166013301156,0.9791178566714512,37.3299565,-121.9278951,0.0515,0.3036,0.0,1
06085512100,Santa Clara,1640,0.0,0.0,0,0.0,10.131024175687894,0.0,1,28.632309841571868,11.44617650260651,0.0271966527196652,0.0171339563862928,2,0.5135983263598326,0.0271966527196652,0.07909163746985803,0.2755299462007161,37.1775734,-121.725563,0.1044,0.4801,0.0,1
06085507402,Santa Clara,3980,0.0,0.0,0,0.0,9.593638152998595,0.0,1,1646.4022063695536,12.372273289193073,0.0213049267643142,0.0054213898472153,5,0.5106524633821571,0.0213049267643142,0.004582016280140433,0.20439175825296563,37.2816285,-121.9995882,0.0168,0.2292,0.0,1
06085502907,Santa Clara,3912,0.0,0.0,0,0.0,9.38078498629135,0.0,1,3125.72001220068,12.04514656442264,0.0044910179640718,0.0201654601861427,4,0.5022455089820359,0.0044910179640718,0.030901175029753203,0.04212927389052948,37.2633246,-121.8972821,0.1453,0.3527,0.0,1
06085503336,Santa Clara,3081,0.0,0.0,0,0.0,9.133751111055476,0.0,1,3402.6878060210206,11.87757552297847,0.0819277108433735,0.0397978521794061,3,0.5409638554216868,0.0819277108433735,0.04438319440527827,0.7483073199418945,37.3067498,-121.8043765,0.1522,0.4,0.0,1
06001406100,Alameda,4939,1.0422580888732174,67.73284689956286,1,32.6,5.853312269790898,0.351099130264448,0,2573.8563504724107,11.080294688789294,0.1198895027624309,0.136864406779661,1,0.3843951862489915,0.038684929407706396,0.07042447035371839,0.7017506975384665,37.7741755,-122.2275801,0.0886,0.4511,0.351099130264448,0
06085501402,Santa Clara,2705,0.0,0.0,0,0.0,7.891518421793039,0.0,1,5175.831798369531,11.569041113096716,0.0505287896592244,0.0434153400868306,2,0.5252643948296122,0.0505287896592244,0.06920649833770565,0.398748874426675,37.3453341,-121.8665169,0.1013,0.4497,0.0,1
06085504505,Santa Clara,10682,0.0,32.45791253566203,0,0.0,6.895168429085165,0.12983165014264814,0,5533.136915175068,12.252192581143726,0.0633104500381388,0.0364137086903304,5,0.4667393999477453,0.0427611995388257,0.012393960108828268,0.43653621633414835,37.4089281,-121.9019886,0.0757,0.2495,0.12983165014264814,0
06085503903,Santa Clara,3083,0.0,0.0,0,0.0,8.149183542067151,0.0,1,3324.920533506813,11.691481608150525,0.0273483947681331,0.0360230547550432,3,0.5136741973840665,0.0273483947681331,0.059355481643903474,0.22286708854642565,37.3684579,-121.8355428,0.0684,0.4018,0.0,1
06013386000,Contra Costa,3758,2.0253583107473125,83.83919125095403,1,21.0,5.756640945363534,0.4276175143262355,0,3805.6482658942,11.069789641840794,0.172615184944841,0.2514023457419684,1,0.3724988353093027,0.02789600991074775,0.06260378905104978,0.9936836414449707,37.9226826,-122.3152165,0.0923,0.4383,0.4276175143262355,0
06013354001,Contra Costa,2396,0.1458855344327416,3.853970429293676,1,20.8,7.992035305209609,0.050992447750156954,0,174.7708702504245,12.285433582389256,0.0,0.1639185257032007,5,0.4745037761249215,0.0,0.010978833181333128,0.0,37.8838858,-122.216677,0.1358,0.2905,0.050992447750156954,0
06013318000,Contra Costa,3512,0.0,0.0,0,0.0,9.382272236403352,0.0,1,253.25920406132397,11.474714641706449,0.0932145305003427,0.0515402843601895,2,0.5466072652501713,0.0932145305003427,0.0767955859506283,0.8745641015427388,38.0170765,-122.1602988,0.1594,0.5006,0.0,1
06013314200,Contra Costa,7185,0.0,0.0,0,0.0,8.315199840429221,0.0,1,724.267620960812,11.166921949681214,0.0263308528906697,0.0709290709290709,1,0.5131654264453348,0.0263308528906697,0.10155921456907191,0.218946303754862,38.0470791,-121.9827259,0.2494,0.5937,0.0,1
06013357000,Contra Costa,3458,0.0,0.0,0,0.0,9.684985034347548,0.0,1,254.2035880360233,11.471634610552348,0.0573012939001848,0.0224288840262582,2,0.5286506469500925,0.0573012939001848,0.07704339153409268,0.5549621738720402,38.0407401,-122.1962349,0.1838,0.5139,0.0,1
06013337100,Contra Costa,3160,0.0,1.763210000871079,0,0.0,7.702622281596688,0.0070528400034843165,0,1133.727931291888,11.856323661662174,0.0214961306964746,0.0858858858858858,3,0.5072216453464952,0.021117108770234042,0.04576793775139847,0.1655765752707798,37.9572626,-122.01491,0.1207,0.3864,0.0070528400034843165,0
06013363000,Contra Costa,7793,0.0,0.0,0,0.0,8.700709978247597,0.0,1,1770.901212609584,11.516917486239766,0.0343704775687409,0.0881842952687639,2,0.5171852387843705,0.0343704775687409,0.07340013311583748,0.2990475571394791,37.9788489,-122.3087165,0.2398,0.5327,0.0,1
06013321101,Contra Costa,6866,0.0,0.0,0,0.0,8.80458016450538,0.0,1,1589.419300701594,11.889208899714813,0.0286168521462639,0.0160789844851904,3,0.514308426073132,0.0286168521462639,0.043447224746019364,0.2519593687775783,37.9885816,-122.1027369,0.1416,0.3915,0.0,1
06013320001,Contra Costa,3100,0.0,0.0,0,0.0,8.840071625162935,0.0,1,189.77018717291145,11.544375681243476,0.052734375,0.0266844563042028,2,0.5263671875,0.052734375,0.07119096908685874,0.46617565210820167,38.0218058,-122.0963072,0.1247,0.4682,0.0,1
06013307205,Contra Costa,7818,0.0,0.0,0,0.0,8.528149034997709,0.0,1,2553.5536970178337,11.162232592709044,0.0628571428571428,0.0517918507609229,1,0.5314285714285714,0.0628571428571428,0.10193649933744642,0.5360550821998555,37.9860335,-121.845027,0.2482,0.5941,0.0,1
06013355302,Contra Costa,3454,0.0,0.0,0,0.0,8.608689204621243,0.0,1,459.44237927969874,12.429224196812383,0.0090163934426229,0.1327433628318584,5,0.5045081967213114,0.0090163934426229,0.0,0.07761932889412551,37.9212391,-121.9942166,0.1273,0.2712,0.0,1
06013307101,Contra Costa,4696,0.0,0.0,0,0.0,8.081343504701499,0.0,1,2191.767510595735,11.227108319127959,0.0392282958199356,0.0437845998993457,1,0.5196141479099678,0.0392282958199356,0.09671688744601781,0.31701733362494555,37.9866563,-121.8155459,0.2431,0.5849,0.0,1
06013341000,Contra Costa,4760,0.0,0.0,0,0.0,7.86660813259145,0.0,1,1179.2416504093137,11.902952009389201,0.0078163165608207,0.0851867394041124,4,0.5039081582804104,0.0078163165608207,0.04234151537455977,0.06148789942426135,37.8863487,-122.0839533,0.0525,0.3427,0.0,1
06013385100,Contra Costa,3100,0.0,0.0,0,0.0,7.527274488575944,0.0,1,1296.750192093063,12.045193547244553,0.0079872204472843,0.0697841726618705,4,0.5039936102236422,0.0079872204472843,0.030897395001235783,0.060122000707475254,37.9242312,-122.2957499,0.1424,0.3511,0.0,1
06013392000,Contra Costa,2588,0.0,0.0,0,0.0,7.689577526705029,0.0,1,2462.089722082249,12.27590183387334,0.0199401794616151,0.0826319816373374,5,0.5099700897308076,0.0199401794616151,0.012335634188525235,0.15333155586650066,37.9094178,-122.2748795,0.1117,0.2899,0.0,1
06013351200,Contra Costa,5525,0.0,0.0,0,0.0,8.094195941517428,0.0,1,610.1815147259503,12.429224196812383,0.0081177067478437,0.083883495145631,5,0.5040588533739219,0.0081177067478437,0.0,0.06570630901282512,37.8682136,-122.1047907,0.0819,0.2485,0.0,1
06013365002,Contra Costa,5171,0.0,0.0,0,0.0,8.222850367365979,0.0,1,719.6507802223446,11.219171663488467,0.0602941176470588,0.0412725709372313,1,0.5301470588235294,0.0602941176470588,0.09735543539670377,0.495789507444125,37.9594613,-122.3844207,0.1023,0.5163,0.0,1
06013307201,Contra Costa,4224,0.0,0.0,0,0.0,8.265435846710663,0.0,1,2708.481393812339,11.021853447691074,0.0797227036395147,0.0583289542827115,1,0.5398613518197574,0.0797227036395147,0.11323077988103603,0.6589428924587354,38.0025255,-121.8485862,0.1923,0.5765,0.0,1
06013308001,Contra Costa,7523,0.0,9.635360548768029,0,0.0,7.27758341023547,0.03854144219507212,0,2017.5572785734275,11.395368653723173,0.0149878006273963,0.0960360941024814,1,0.4882231792161621,0.01354367199861615,0.07997355616870339,0.1090749692018561,37.991814,-121.7962474,0.467,0.6667,0.03854144219507212,0
06013307202,Contra Costa,4481,0.0,0.0,0,0.0,8.357706438379317,0.0,1,6365.224962748874,10.78157785059498,0.1216305062458908,0.0145002589331952,1,0.5608152531229454,0.1216305062458908,0.13256228386643476,1.0165520651546172,38.0037021,-121.8278013,0.2657,0.6213,0.0,1
06085508102,Santa Clara,3556,0.0,0.0,0,0.0,9.414675543487885,0.0,1,1305.924017516653,12.238365570726437,0.0508351488743645,0.030939226519337,5,0.5254175744371823,0.0508351488743645,0.015355634677093888,0.4785964328570452,37.3303633,-122.0048875,0.0497,0.2651,0.0,1
06085506606,Santa Clara,5137,0.0,0.0,0,0.0,9.395310981978087,0.0,1,4281.002296410254,11.648984909377324,0.0313199105145413,0.0164705882352941,2,0.5156599552572706,0.0313199105145413,0.06277457668155673,0.2942602992118408,37.2902566,-121.9687321,0.0408,0.4005,0.0,1
06085504506,Santa Clara,6609,0.0,0.0,0,0.0,8.523071281739815,0.0,1,3668.6948300414406,11.9375328516734,0.0599721059972106,0.0353866317169069,4,0.5299860529986054,0.0599721059972106,0.0395592948806156,0.5111465343302818,37.4503166,-121.9162075,0.0498,0.3307,0.0,1
06085504507,Santa Clara,6238,0.0,0.0,0,0.0,8.156563111883774,0.0,1,3522.755712216463,11.949062024704387,0.0542822677925211,0.0073623559539052,4,0.5271411338962606,0.0542822677925211,0.038631708987206026,0.44275674310587426,37.4358428,-121.9128553,0.08,0.3419,0.0,1
06085506701,Santa Clara,4268,0.0,0.0,0,0.0,9.566595845198867,0.0,1,2668.207899328212,12.267543967618275,0.0053475935828877,0.0107851596203623,5,0.5026737967914439,0.0053475935828877,0.013008070868620436,0.051158266551865596,37.2706528,-121.9793303,0.0712,0.2708,0.0,1
06095250801,Solano,4232,0.0,0.0,0,0.0,9.87776157763786,0.0,1,43.47736193341369,11.550385012797276,0.0464037122969837,0.0631244323342416,2,0.5232018561484919,0.0464037122969837,0.07070748504484248,0.45836480638690713,38.1293945,-122.3302426,0.1989,0.5031,0.0,1
06095252915,Solano,6449,0.0,0.0,0,0.0,10.421063752475375,0.0,1,440.2403049991735,11.960018642632857,0.0450211864406779,0.0121306376360808,4,0.522510593220339,0.0450211864406779,0.03775018832630428,0.46916865411038433,38.3191257,-121.924618,0.1437,0.3707,0.0,1
06095252314,Solano,4441,0.0,0.0,0,0.0,10.301823658824386,0.0,1,2479.008829986867,11.445727410406752,0.0674547983310153,0.0187313750532141,2,0.5337273991655076,0.0674547983310153,0.07912776942730348,0.694907437347681,38.2770036,-122.0358467,0.106,0.4812,0.0,1
06085508203,Santa Clara,5873,0.0,0.0,0,0.0,9.525173167177366,0.0,1,3756.144389846051,12.385552668989472,0.0368715083798882,0.0284023668639053,5,0.5184357541899441,0.0368715083798882,0.003513616548497911,0.3512075022534665,37.3451032,-122.0268266,0.0394,0.2392,0.0,1
06013308002,Contra Costa,4486,0.507908979228173,24.150828600178425,1,23.6,7.251048326715912,0.1472405837775589,0,1139.239840408792,11.72709285077809,0.0446369087275149,0.0824034334763948,3,0.448698162474978,0.033856725408314685,0.04817268618497009,0.3236643823384178,37.9886857,-121.7667083,0.3223,0.4922,0.1472405837775589,0
06085506702,Santa Clara,5799,0.0,0.0,0,0.0,9.475411500522194,0.0,1,3427.8048390366057,11.854179109562757,0.0326469110999497,0.041368935690109,3,0.5163234555499748,0.0326469110999497,0.046265565585107304,0.3093429168929891,37.2743294,-121.9625593,0.0681,0.3622,0.0,1
06085506703,Santa Clara,3622,0.0,0.0,0,0.0,9.556050448602104,0.0,1,2674.126615525682,11.880432529089443,0.0723781388478582,0.0075662042875157,3,0.5361890694239291,0.0723781388478582,0.0441533324230875,0.6916491462060607,37.2646993,-121.9669404,0.0965,0.3712,0.0,1
06013343002,Contra Costa,4658,0.0,0.0,0,0.0,7.794524717645329,0.0,1,1376.5060137971952,11.93872247205031,0.1295336787564766,0.0632083696599825,4,0.5647668393782384,0.1295336787564766,0.039463583325487606,1.0096534608348864,37.903484,-122.0398813,0.1744,0.3927,0.0,1
06013348000,Contra Costa,4819,0.1832820305926473,9.744067108886746,1,20.8,7.216509223800387,0.0756747293533264,0,441.6180527129839,12.429224196812383,0.0201822916666666,0.1220453449107573,5,0.4722537811566701,0.018215715622555348,0.0,0.1456456939699292,37.9036791,-122.1326937,0.0796,0.2322,0.0756747293533264,0
06013352101,Contra Costa,3628,0.0,0.0,0,0.0,8.690371616656291,0.0,1,306.71134330047147,12.429224196812383,0.0132304299889746,0.0543633762517882,5,0.5066152149944873,0.0132304299889746,0.0,0.11497735325234307,37.8450705,-122.095332,0.1252,0.2701,0.0,1
06013359202,Contra Costa,6819,0.0,0.0,0,0.0,9.072448283171129,0.0,1,703.6626952080876,11.793212763350164,0.1298260500636402,0.0477707006369426,3,0.5649130250318201,0.1298260500636402,0.051170646163525735,1.1778401250107615,37.9831992,-122.2501115,0.1809,0.4359,0.0,1
06085504805,Santa Clara,7442,0.0,0.0,0,0.0,9.206927331756047,0.0,1,5194.727998117305,11.775897237175212,0.0497667185069984,0.0440692830519622,3,0.5248833592534992,0.0497667185069984,0.05256377624958475,0.4581985608338931,37.4031701,-122.0033067,0.0504,0.3737,0.0,1
06085504806,Santa Clara,2980,0.0,0.0,0,0.0,9.202215173357715,0.0,1,3598.071371350341,11.804452635548273,0.136144578313253,0.0046052631578947,3,0.5680722891566266,0.136144578313253,0.050266336126138844,1.2528317043246044,37.3959386,-122.0017169,0.0388,0.362,0.0,1
06085505007,Santa Clara,4285,0.0,0.0,0,0.0,8.65725330462534,0.0,1,1405.5287410431115,11.86710429621008,0.0,0.0141129032258064,3,0.5,0.0,0.045225662656118604,0.0,37.3851644,-121.948078,0.0459,0.349,0.0,1
06085505203,Santa Clara,5476,0.0,0.0,0,0.0,8.643833213107452,0.0,1,3813.560939328981,11.669937760751914,0.0858585858585858,0.0437375745526839,3,0.5429292929292929,0.0858585858585858,0.06108880361617397,0.7421472960748818,37.3467177,-121.9327888,0.06,0.4037,0.0,1
06085508204,Santa Clara,4892,0.0,0.0,0,0.0,9.467821498776628,0.0,1,4800.475892215245,12.35389333316256,0.0596273291925465,0.0184767913474538,5,0.5298136645962732,0.0596273291925465,0.006060785649770639,0.5645409092438229,37.344548,-122.0178787,0.0189,0.2328,0.0,1
06085508505,Santa Clara,4765,0.0,0.0,0,0.0,9.387844220883865,0.0,1,4103.209634106025,12.233814263711832,0.0719315895372233,0.0510829587249693,5,0.5359657947686116,0.0719315895372233,0.015721812560969495,0.675282557136012,37.3588628,-122.0097817,0.0208,0.251,0.0,1
06085504802,Santa Clara,4933,0.0,0.0,0,0.0,9.096944535998668,0.0,1,2694.5142558499188,11.726026761206368,0.0788819875776397,0.0133333333333333,3,0.5394409937888198,0.0788819875776397,0.05657613254625804,0.7175850658831243,37.4003903,-121.9911751,0.0204,0.371,0.0,1
06085505301,Santa Clara,5018,0.0,0.0,0,0.0,9.160140736483317,0.0,1,5543.530395366137,12.04983979949859,0.102760736196319,0.0774253731343283,4,0.5513803680981595,0.102760736196319,0.030523578246427485,0.9413028057429174,37.3678315,-121.9845986,0.0541,0.3061,0.0,1
06085505302,Santa Clara,4828,0.0,0.0,0,0.0,9.068865736843629,0.0,1,3355.313246730549,12.048412481327057,0.0674772036474164,0.0252329192546583,4,0.5337386018237082,0.0674772036474164,0.030638413907039252,0.6119417001760745,37.3606844,-121.9724091,0.0357,0.2971,0.0,1
06085505402,Santa Clara,3058,0.0,0.0,0,0.0,9.114008796757403,0.0,1,2872.043999644065,12.064411150146016,0.0873621713316369,0.02026286966046,4,0.5436810856658184,0.0873621713316369,0.029351232296536023,0.7962195980203661,37.3461125,-121.9734997,0.0252,0.2866,0.0,1
06013384000,Contra Costa,3826,0.0,23.92836715706993,0,0.0,6.975478418163599,0.09571346862827973,0,2364.6982538262187,12.05318949538099,0.0697674418604651,0.1663424124513618,4,0.4870269866160927,0.05307323221599771,0.027358354025024623,0.48666128498815797,37.9340884,-122.312203,0.1177,0.3179,0.09571346862827973,0
06013305000,Contra Costa,7425,0.0,0.0,0,0.0,8.519024014445769,0.0,1,759.6579833561154,10.9441352201136,0.1504462388440289,0.0392224921902117,1,0.5752231194220144,0.1504462388440289,0.11948364219543572,1.2816551215953262,38.0158566,-121.8345617,0.2541,0.611,0.0,1
06085508601,Santa Clara,3892,0.0,0.0,0,0.0,9.532197859044116,0.0,1,2942.8176459137385,12.189597675436294,0.0488826815642458,0.0316117542297417,5,0.5244413407821229,0.0488826815642458,0.01927928224494846,0.4659593925510391,37.3759323,-122.0410019,0.0427,0.2689,0.0,1
06085505403,Santa Clara,8563,0.0,0.0,0,0.0,9.23945296485856,0.0,1,6141.96043130292,12.076738147894021,0.0458843159065628,0.024405125076266,4,0.5229421579532814,0.0458843159065628,0.02835945698113329,0.4239459786433984,37.3418351,-121.9862214,0.0214,0.2813,0.0,1
06085505500,Santa Clara,4661,0.0,0.0,0,0.0,8.99775242881002,0.0,1,3417.004051250185,11.89548353207251,0.004438807863031,0.0175213675213675,4,0.5022194039315155,0.004438807863031,0.04294239578337944,0.0399392942306082,37.3471628,-121.9621405,0.0346,0.336,0.0,1
06085505600,Santa Clara,4594,0.0,0.0,0,0.0,8.78715341742346,0.0,1,4432.78625977903,11.67100555739115,0.1017597551644988,0.03,3,0.5508798775822494,0.1017597551644988,0.061002893456189144,0.8941785803499002,37.3512545,-121.9455635,0.0183,0.3825,0.0,1
06085505800,Santa Clara,4242,0.0,0.0,0,0.0,8.90514574571459,0.0,1,2514.534736687044,12.018241941212413,0.0153092467850581,0.0062769713613181,4,0.5076546233925291,0.0153092467850581,0.03306580113868829,0.1363310738780549,37.3315973,-121.9439802,0.0133,0.2921,0.0,1
06085506803,Santa Clara,7090,0.0,0.0,0,0.0,9.575053115246229,0.0,1,3095.440289002882,12.077892623034687,0.0069930069930069,0.009483960948396,4,0.5034965034965034,0.0069930069930069,0.0282665730551227,0.06695841339332939,37.2428218,-121.9143244,0.0382,0.2892,0.0,1
06085507806,Santa Clara,5971,0.0,0.0,0,0.0,9.638902776873792,0.0,1,3168.946917068627,12.146688816112372,0.0271055179090029,0.0103942652329749,5,0.5135527589545015,0.0271055179090029,0.02273153788411597,0.26126745184169037,37.3285223,-122.0408528,0.0344,0.2734,0.0,1
06085507807,Santa Clara,3432,0.0,0.0,0,0.0,9.676461500088442,0.0,1,3442.20069900938,12.429224196812383,0.0100640439158279,0.0066991473812423,5,0.505032021957914,0.0100640439158279,0.0,0.097384333486708,37.3124132,-122.0405536,0.0049,0.21,0.0,1
06085508301,Santa Clara,4702,0.0,0.0,0,0.0,9.7014624129458,0.0,1,2382.400150534862,12.429224196812383,0.0213454075032341,0.0315638450502152,5,0.510672703751617,0.0213454075032341,0.0,0.20708166858163687,37.3448268,-122.0570907,0.0469,0.231,0.0,1
06085508303,Santa Clara,2569,0.0,0.0,0,0.0,9.639474313815795,0.0,1,2081.2779484902,12.246499361938328,0.0066298342541436,0.0141643059490084,5,0.5033149171270718,0.0066298342541436,0.014701226076597518,0.06390811699767332,37.3448825,-122.0458423,0.0123,0.2456,0.0,1
06085506000,Santa Clara,4993,0.0,0.0,0,0.0,9.041695522315084,0.0,1,3728.066333121711,12.06537851880616,0.0043980208905992,0.0033419977720014,4,0.5021990104452996,0.0043980208905992,0.029273402124288306,0.03976556579357899,37.3379084,-121.9621875,0.0364,0.2919,0.0,1
06085506101,Santa Clara,4845,0.0,0.0,0,0.0,9.252899858630665,0.0,1,3216.9285159172787,12.006102260349081,0.0258964143426294,0.0178643930166463,4,0.5129482071713147,0.0258964143426294,0.03404250577214751,0.2396169286099567,37.3341512,-121.9845409,0.0394,0.3077,0.0,1
06085506102,Santa Clara,4384,0.0,0.0,0,0.0,9.15805968148311,0.0,1,3856.994030725938,12.072141172884312,0.048460661345496,0.0029965753424657,4,0.524230330672748,0.048460661345496,0.028729309108419643,0.44380562880619395,37.3314684,-121.9714315,0.0479,0.2957,0.0,1
06085507808,Santa Clara,5811,0.0,0.0,0,0.0,9.693051208835248,0.0,1,3415.238559505277,12.429224196812383,0.0422008547008547,0.0117200965184419,5,0.5211004273504274,0.0422008547008547,0.0,0.4090550456720003,37.3022849,-122.0379286,0.0538,0.2344,0.0,1
06001410000,Alameda,3177,0.0,0.0,0,0.0,8.165182392448703,0.0,1,474.4445334097184,11.948913311878277,0.0354552780016116,0.0832799487508007,4,0.5177276390008058,0.0354552780016116,0.03864367375859923,0.28949881165813285,37.744794,-122.1335017,0.1313,0.3679,0.0,1
06085506103,Santa Clara,5218,0.0,0.0,0,0.0,9.293146722480213,0.0,1,3396.215427442505,12.149221831435396,0.0791738382099827,0.0085543199315654,5,0.5395869191049913,0.0791738382099827,0.0225277427571704,0.7357740950672793,37.3268097,-121.9858274,0.0257,0.2684,0.0,1
06085506203,Santa Clara,6127,0.0,0.0,0,0.0,9.300904237491562,0.0,1,5554.534383929274,11.780935301624488,0.0166068222621184,0.0171179582944288,3,0.5083034111310591,0.0166068222621184,0.05215843603128145,0.15445846354900622,37.3206524,-121.98293,0.0053,0.3501,0.0,1
06085506204,Santa Clara,5546,0.0,0.0,0,0.0,9.359505040166413,0.0,1,3087.768070910986,12.144452528372636,0.0131114473020675,0.0028912179255511,5,0.5065557236510337,0.0131114473020675,0.022911459631791087,0.12271665710757708,37.3135949,-121.9863813,0.0416,0.2775,0.0,1
06085506301,Santa Clara,5101,0.0,0.0,0,0.0,9.148569578777906,0.0,1,3403.956800391729,11.70905130274058,0.043175487465181,0.0235219326128417,3,0.5215877437325905,0.043175487465181,0.05794190229962215,0.39499395117286173,37.3196554,-121.9615175,0.0327,0.3801,0.0,1
06001430200,Alameda,7713,0.0,0.0,0,0.0,8.202484906868351,0.0,1,1445.983970649966,12.118240932156642,0.0261382799325463,0.0720188902007083,4,0.5130691399662731,0.0261382799325463,0.02502032787657793,0.21439884663821093,37.7216585,-122.0615699,0.2125,0.368,0.0,1
06001407900,Alameda,3088,0.0,0.0,0,0.0,8.234946193157617,0.0,1,2809.586468564189,11.732253747393278,0.0074128984432913,0.0467769537934968,3,0.5037064492216456,0.0074128984432913,0.05607513698223021,0.06104481981584571,37.7884273,-122.1847831,0.1546,0.4363,0.0,1
06001436601,Alameda,6634,0.0,4.036407802637985,0,0.0,7.379640632807197,0.01614563121055194,0,6122.30294165277,11.264246133199507,0.0569785676947203,0.039348710990502,1,0.5204164682420842,0.05467868034245924,0.09221563142479541,0.42048135335911346,37.6567776,-122.0788946,0.1357,0.523,0.01614563121055194,0
06001400500,Alameda,3949,0.0,62.60461757213209,0,0.0,6.506746563551551,0.25041847028852837,0,6677.113438877207,11.46246340395984,0.0851697438951757,0.1787330316742081,2,0.4173756368033237,0.03184955144243663,0.05830340031659687,0.5541779384085002,37.8485452,-122.2647353,0.0611,0.4041,0.25041847028852837,0
06001451102,Alameda,3950,0.0,0.0,0,0.0,9.344490516794268,0.0,1,827.1805650045966,12.413497299759758,0.0063191153238546,0.0373487638085218,5,0.5031595576619273,0.0063191153238546,0.0012653160650732964,0.05904891321828865,37.6506863,-121.7861589,0.1199,0.2769,0.0,1
06085507903,Santa Clara,5262,0.0,0.0,0,0.0,9.549939335778678,0.0,1,3501.2115794568776,12.258731507106294,0.028587764436821,0.0601045296167247,5,0.5142938822184105,0.028587764436821,0.013717082177165496,0.27301141611717167,37.3026197,-122.0102044,0.0226,0.2479,0.0,1
06085508401,Santa Clara,8085,0.0,0.0,0,0.0,9.650755689228117,0.0,1,3247.2367423729443,12.229120002991243,0.0313504823151125,0.0155583437892095,5,0.5156752411575563,0.0313504823151125,0.016099491863093007,0.3025558455626174,37.3625769,-122.0562147,0.0158,0.2497,0.0,1
06085508404,Santa Clara,6553,0.0,0.0,0,0.0,9.564234963364962,0.0,1,3514.6622996986644,12.177179221875193,0.0390920554854981,0.0272787757817697,5,0.519546027742749,0.0390920554854981,0.020278415687588147,0.373885603864204,37.36461,-122.0416419,0.0429,0.2711,0.0,1
06001432800,Alameda,3862,0.0,0.0,0,0.0,7.905809535831321,0.0,1,996.0809591619052,11.81535328256785,0.0212464589235127,0.0928571428571428,3,0.5106232294617563,0.0212464589235127,0.04938931863518614,0.16797045756015516,37.7212465,-122.123827,0.072,0.3758,0.0,1
06001441503,Alameda,7416,0.0,0.0,0,0.0,8.949431066839674,0.0,1,87.54262321449995,12.306347752388113,0.009700176366843,0.0948581560283687,5,0.5048500881834215,0.009700176366843,0.00988609123776063,0.08681105973124874,37.4899766,-121.9742068,0.1676,0.3138,0.0,1
06001435400,Alameda,5048,0.7546190792995192,64.85153690053453,1,21.0,6.35035989409288,0.31354471998112365,0,3809.317112303973,11.299942618418648,0.1861313868613138,0.0624244865082561,1,0.4362933334400951,0.06542232182747222,0.062369242829752765,1.1820012941559737,37.6739167,-122.08317,0.2747,0.5293,0.31354471998112365,0
06001438000,Alameda,3645,0.0,0.0,0,0.0,8.021986896800527,0.0,1,1498.264428989102,11.61260789074336,0.076721883173496,0.0852144469525959,2,0.538360941586748,0.076721883173496,0.06570130952167175,0.6154619415156458,37.6190827,-122.0284675,0.1789,0.4784,0.0,1
06001451201,Alameda,7569,0.0,0.0,0,0.0,9.548717654332911,0.0,1,2061.236273881408,11.604537907471968,0.0564868804664723,0.0137211855104281,2,0.5282434402332361,0.0564868804664723,0.0663505844195742,0.539377272748397,37.7127935,-121.7417475,0.157,0.4698,0.0,1
06001451202,Alameda,5482,0.0,0.0,0,0.0,9.395835240504315,0.0,1,119.64075043837204,12.046255944076288,0.0108901515151515,0.0265546218487394,4,0.5054450757575758,0.0108901515151515,0.03081191928570337,0.10232206938049193,37.7346905,-121.769005,0.1681,0.3638,0.0,1
06001409000,Alameda,5039,0.0469422148811571,12.198489913185345,1,74.0,7.373995872454476,0.16120222609917612,0,236.54182078615065,11.167190461069831,0.0629770992366412,0.0347826086956521,1,0.45088743656873254,0.055294844138642794,0.08516952235844943,0.4643928698301481,37.7299594,-122.2164979,0.0952,0.4842,0.16120222609917612,0
06085508503,Santa Clara,6212,0.0,0.0,0,0.0,9.495657628741856,0.0,1,4230.45062011654,12.091020876566803,0.1381578947368421,0.0709927897947864,4,0.569078947368421,0.1381578947368421,0.027210332269355653,1.311900067128809,37.3573031,-122.0260531,0.0544,0.2939,0.0,1
06001401500,Alameda,3035,0.0,0.0,0,0.0,7.205749175743545,0.0,1,6488.616832761122,11.232801425162886,0.2901080631753948,0.1971913399648917,1,0.6450540315876974,0.2901080631753948,0.0962588455002954,2.090445937102657,37.8229286,-122.2806336,0.1006,0.512,0.0,1
06085507904,Santa Clara,3061,0.0,0.0,0,0.0,9.507921321299126,0.0,1,2394.4295146874297,12.429224196812383,0.0136054421768707,0.0092105263157894,5,0.5068027210884354,0.0136054421768707,0.0,0.1293594737591713,37.3019065,-122.0019032,0.0349,0.225,0.0,1
06085504412,Santa Clara,5044,0.0,0.0,0,0.0,8.128265103115508,0.0,1,5198.32617244121,11.820366046097918,0.0211864406779661,0.0337401292175161,3,0.510593220338983,0.0211864406779661,0.048986014016113244,0.17220900642193873,37.4394547,-121.8817696,0.0707,0.3738,0.0,1
06085504413,Santa Clara,2048,0.0,0.0,0,0.0,8.09997492641108,0.0,1,3236.674314850364,11.907929378423198,0.194125159642401,0.0058479532163742,4,0.5970625798212005,0.194125159642401,0.04194105843893914,1.5724089256889964,37.4373395,-121.9046561,0.0199,0.3244,0.0,1
06085504414,Santa Clara,5296,0.0,0.0,0,0.0,8.143337054672875,0.0,1,3019.50576541824,12.030367154228223,0.0103030303030303,0.0275916436736302,4,0.5051515151515151,0.0103030303030303,0.03209026052377839,0.08390104844208414,37.4404253,-121.8966446,0.0568,0.3112,0.0,1
06085504415,Santa Clara,4690,0.0,0.0,0,0.0,7.867726224698096,0.0,1,3886.08913101412,12.078778901122664,0.0190088255261371,0.0162839248434238,4,0.5095044127630686,0.0190088255261371,0.028195267069009322,0.14955623509269944,37.4260378,-121.8694198,0.0543,0.2969,0.0,1
06085504416,Santa Clara,3927,0.0,0.0,0,0.0,7.4824836573561635,0.0,1,3498.3663707709284,12.09410143843257,0.0478299379982285,0.0250260688216892,4,0.5239149689991143,0.0478299379982285,0.02696248398719514,0.3578867294041033,37.4207097,-121.8760864,0.0323,0.2818,0.0,1
06001401600,Alameda,2403,0.0,0.7651010624300248,0,0.0,7.32491523196815,0.0030604042497200997,0,3777.489590637258,11.388552010130471,0.11001100110011,0.1387846961740435,1,0.5534752984251949,0.10916930576190315,0.08347160632642706,0.8058212576422606,37.8173713,-122.2814822,0.0353,0.459,0.0030604042497200997,0
06001402400,Alameda,2623,0.0,0.0,0,0.0,7.152177725468615,0.0,1,7783.146595902999,10.350734194659248,0.3816425120772946,0.3088235294117647,1,0.6908212560386473,0.3816425120772946,0.1672260447829228,2.7295750739711133,37.8120305,-122.2824576,0.1514,0.5693,0.0,1
06085504418,Santa Clara,4118,0.0,0.0,0,0.0,7.873243248721326,0.0,1,3979.4901051725,11.75877722221727,0.0566666666666666,0.0056980056980056,3,0.5283333333333333,0.0566666666666666,0.05394117637423068,0.4461504507608746,37.4320219,-121.8806285,0.0689,0.3863,0.0,1
06085504421,Santa Clara,5631,0.0,0.0,0,0.0,8.457105528385082,0.0,1,3528.9029643478166,12.182896133078959,0.0109536082474226,0.0104996379435191,5,0.5054768041237113,0.0109536082474226,0.019818458484045842,0.0926358208650421,37.4514096,-121.9009356,0.0749,0.2859,0.0,1
06001402200,Alameda,2337,2.794056096500121,90.45293286519389,1,50.4,5.211659118686131,0.5212334143557793,0,3264.854548760392,11.474195031610165,0.1861471861471861,0.2522648083623693,2,0.3324568858957034,0.017771596831024354,0.03678717556094769,0.9701356801017471,37.8063266,-122.2962183,0.1066,0.3703,0.5212334143557793,0
06085507905,Santa Clara,5181,0.0,0.0,0,0.0,9.643374023137442,0.0,1,3548.129357125485,11.83366022891781,0.0892042574759249,0.0106732348111658,3,0.5446021287379624,0.0892042574759249,0.04791642329915591,0.8602300192965981,37.3026087,-122.02812,0.0595,0.363,0.0,1
06001402500,Alameda,2010,0.0,20.499509968938977,0,0.0,6.820726868436127,0.08199803987575592,0,5500.0075718476055,10.441471040344437,0.3622250970245795,0.3590785907859078,1,0.6401135285744117,0.2879707271500269,0.14681216341312023,2.4706384516974325,37.8057305,-122.2847803,0.3388,0.6456,0.08199803987575592,0
06001402600,Alameda,1300,0.0,57.11914076312255,0,0.0,6.596201124342921,0.22847656305249023,0,4077.240505863645,10.72680736639838,0.3040650406504065,0.1298482293423271,1,0.5377942387989582,0.130385702069855,0.105674695646342,2.0056741630115873,37.80427,-122.2799551,0.0118,0.4502,0.22847656305249023,0
06001402700,Alameda,2039,0.0,53.44098328185902,0,0.0,6.646014072826635,0.2137639331274361,0,5265.803169702046,11.659196611220016,0.2585034013605442,0.3181818181818182,3,0.5223697341165541,0.12035664185641885,0.04870967412710971,1.7180172433157288,37.8103325,-122.2770981,0.0722,0.3706,0.2137639331274361,0
06001403000,Alameda,2897,8.513155066453727,99.99999999999996,1,27.866666666666664,5.847205040372798,0.6971946519936115,0,8220.870075838817,10.375925715897324,0.5542784163473818,0.3378264532434709,1,0.42854188217688516,2.4614906395265283e-16,0.05002321554662502,3.2409795498362635,37.8004341,-122.2707274,0.0202,0.3637,0.6971946519936115,0
06085504422,Santa Clara,3316,0.0,0.0,0,0.0,8.631229373178808,0.0,1,3819.672119685184,11.64761368820812,0.0686695278969957,0.0230529595015576,2,0.5343347639484979,0.0686695278969957,0.06288489902730343,0.5927024462268708,37.4585779,-121.9069469,0.0523,0.4066,0.0,1
06001403100,Alameda,1941,0.0,100.0,0,0.0,5.893787230192436,0.4,0,5596.047832380002,11.820939436393928,0.3677083333333333,0.3507462686567164,3,0.48385416666666664,0.0,0.029363928952594962,2.1671946794353434,37.8022741,-122.2755012,0.084,0.3001,0.4,0
06085506304,Santa Clara,6164,0.0,0.0,0,0.0,9.260722844503588,0.0,1,5712.500266407357,11.702636320196037,0.085995085995086,0.0385093167701863,3,0.542997542997543,0.085995085995086,0.05845802321296034,0.7963766573897435,37.3122608,-121.9703576,0.1099,0.4198,0.0,1
06085506305,Santa Clara,5638,0.0,0.0,0,0.0,9.31801535258259,0.0,1,5159.191038942405,11.459292593800733,0.077997111218103,0.0,2,0.5389985556090515,0.077997111218103,0.07803637521160822,0.7267782797873755,37.3045277,-121.9716433,0.0838,0.4666,0.0,1
06085506401,Santa Clara,4710,0.0,0.0,0,0.0,9.049063737845536,0.0,1,3503.421017497204,11.869158311198168,0.1405885100420364,0.0462894930198383,3,0.5702942550210182,0.1405885100420364,0.04506040576191794,1.2721943881791247,37.3163691,-121.9452259,0.0658,0.3585,0.0,1
06001404501,Alameda,1820,0.0,0.0,0,0.0,8.225468640676802,0.0,1,1678.5255108464246,12.354979601034378,0.0335766423357664,0.102428722280887,5,0.5167883211678832,0.0335766423357664,0.0059733893767115465,0.2761836185920676,37.8271275,-122.2171515,0.0887,0.2674,0.0,1
06001403800,Alameda,4008,0.0,0.0,0,0.0,7.822201070283381,0.0,1,6140.961948498957,11.948111174527474,0.1013443640124095,0.1233901121728292,4,0.5506721820062047,0.1013443640124095,0.038708210155891765,0.7927359926450581,37.8148236,-122.2416662,0.1591,0.3823,0.0,1
06001403900,Alameda,3883,0.0,0.0,0,0.0,7.614029086556042,0.0,1,7874.663582541938,11.744640178700104,0.0908669448307834,0.239063190455148,3,0.5454334724153918,0.0908669448307834,0.05507857990749321,0.691863560948068,37.8171784,-122.2487713,0.1096,0.4112,0.0,1
06041106001,Marin,5466,0.0,0.0,0,0.0,9.774910496407546,0.0,1,394.018121297644,11.793431853672914,0.042309606769537,0.1304474142940151,3,0.5211548033847685,0.042309606769537,0.05115301913232251,0.41357261931042305,38.0300902,-122.5177252,0.1723,0.4312,0.0,1
06001404000,Alameda,3145,0.0,0.0,0,0.0,7.185655804822891,0.0,1,8569.850306409842,11.494914232168377,0.1069459757442116,0.1632553606237816,2,0.5534729878721057,0.1069459757442116,0.07517041690209603,0.7684769714088421,37.8233126,-122.2536627,0.0673,0.4511,0.0,1
06001438300,Alameda,3899,0.0,0.0,0,0.0,7.951859606863886,0.0,1,4554.946764711979,11.699156038260899,0.0174013921113689,0.0675675675675675,3,0.5087006960556845,0.0174013921113689,0.05873803119093457,0.1383734270335942,37.6282241,-122.088523,0.1205,0.4263,0.0,1
06085506402,Santa Clara,5398,0.0,0.0,0,0.0,9.178676094365594,0.0,1,3745.077042510154,11.668081353691413,0.1242549289316827,0.0294695481335952,3,0.5621274644658414,0.1242549289316827,0.0612381618569704,1.140495745792332,37.3016601,-121.9450528,0.0743,0.4117,0.0,1
06085506503,Santa Clara,6182,0.0,0.0,0,0.0,9.359250478110804,0.0,1,3454.6220486926395,11.514324485883936,0.2092262985833636,0.0075211532434973,2,0.6046131492916818,0.2092262985833636,0.07360875437125702,1.9582013350496996,37.2857451,-121.9547473,0.0122,0.4199,0.0,1
06085507906,Santa Clara,4481,0.0,0.0,0,0.0,9.600085589003134,0.0,1,3142.463749133877,12.429224196812383,0.0,0.029857602204869,5,0.5,0.0,0.0,0.0,37.3019892,-122.019228,0.0418,0.2284,0.0,1
06085506601,Santa Clara,3887,0.0,0.0,0,0.0,9.449605179709357,0.0,1,2480.914274279996,11.73773962004856,0.0637605725439167,0.0176497909893172,3,0.5318802862719584,0.0637605725439167,0.05563376811089804,0.6025122365722295,37.2928527,-121.9823802,0.0293,0.3724,0.0,1
06085506603,Santa Clara,4252,0.0,0.0,0,0.0,9.451512823547489,0.0,1,3322.451432883289,12.429224196812383,0.0541254125412541,0.0256776034236804,5,0.527062706270627,0.0541254125412541,0.0,0.5115670307134612,37.2822302,-121.9693427,0.0956,0.2553,0.0,1
06085506605,Santa Clara,4397,0.0,0.0,0,0.0,9.351189126926798,0.0,1,4400.526196403684,11.719272745366851,0.0571799870045484,0.005378568473314,3,0.5285899935022742,0.0571799870045484,0.057119530567934174,0.5347008727547485,37.2974131,-121.9693967,0.0095,0.3666,0.0,1
06085508101,Santa Clara,6519,0.0,0.0,0,0.0,9.533126429734041,0.0,1,2458.020905209084,12.429224196812383,0.0063532401524777,0.0172910662824207,5,0.5031766200762389,0.0063532401524777,0.0,0.060566241612032695,37.3302791,-122.0232965,0.0256,0.2203,0.0,1
06001450701,Alameda,8738,0.0,0.0,0,0.0,9.487178454143178,0.0,1,32.704842333403725,12.429224196812383,0.0,0.0778105056455572,5,0.5,0.0,0.0,0.0,37.5511338,-121.8054596,0.1939,0.3045,0.0,1
06001403600,Alameda,5056,0.0,0.0,0,0.0,7.294253001980696,0.0,1,12870.991342248912,11.512185191035078,0.1221320155312389,0.1283700980392156,2,0.5610660077656194,0.1221320155312389,0.07378087250308751,0.8908618209266923,37.8135239,-122.2534812,0.0824,0.4557,0.0,1
06001435300,Alameda,4812,0.0,0.0,0,0.0,7.291231413513944,0.0,1,3744.359420274861,11.398703580879932,0.0426793123888559,0.032441200324412,2,0.5213396561944279,0.0426793123888559,0.08291109723459167,0.311184743196801,37.6807762,-122.0646561,0.1034,0.4913,0.0,1
06001409800,Alameda,3511,0.0,0.0,0,0.0,8.210090784736142,0.0,1,1961.3961821831044,11.571420762560514,0.1468354430379747,0.1364136413641364,2,0.5734177215189873,0.1468354430379747,0.0690150423444661,1.2055323177587247,37.7603601,-122.1557634,0.132,0.4644,0.0,1
06001440306,Alameda,3787,0.0,0.0,0,0.0,8.42232755846846,0.0,1,5597.8634337011945,11.59132990834441,0.0108374384236453,0.0557746478873239,2,0.5054187192118227,0.0108374384236453,0.06741324118064107,0.0912764562986728,37.5849957,-122.0683439,0.1487,0.4684,0.0,1
06001450601,Alameda,3666,0.0,0.1554468796869247,0,0.0,8.54997611423276,0.0006217875187476988,0,73.18156787700539,12.348084229476179,0.0044378698224852,0.032258064516129,5,0.5019080411518687,0.004430971292321579,0.00652410112113351,0.03794368098032284,37.653267,-121.9307573,0.1672,0.3079,0.0006217875187476988,0
06001435700,Alameda,4819,0.0,0.0,0,0.0,7.706251481718027,0.0,1,3620.68731095332,11.494007646115584,0.0175794455713319,0.0067081935793004,2,0.5087897227856659,0.0175794455713319,0.07524335677657545,0.13547162848185787,37.6786744,-122.1161142,0.1016,0.4689,0.0,1
06001400600,Alameda,2058,0.0,0.0,0,0.0,7.120954437243349,0.0,1,6909.369368902677,11.956931568096147,0.09375,0.183066361556064,4,0.546875,0.09375,0.03799856058895135,0.667589478491564,37.8419909,-122.2648882,0.1365,0.3676,0.0,1
06001442000,Alameda,2979,0.0,0.0,0,0.0,8.201771294419864,0.0,1,374.2428404826783,12.153842069926522,0.0,0.0989456609894566,5,0.5,0.0,0.022156018953820578,0.0,37.5590456,-121.9353151,0.1938,0.3516,0.0,1
06001426100,Alameda,6300,0.0,0.0,0,0.0,8.142399918873936,0.0,1,2067.018379623345,12.429224196812383,0.0046794571829667,0.0920689655172413,5,0.5023397285914833,0.0046794571829667,0.0,0.03810201178696211,37.8216083,-122.2252725,0.081,0.248,0.0,1
06001400100,Alameda,3269,0.0,0.0,0,0.0,8.026380024137055,0.0,1,470.6406617026325,12.36408870229602,0.0689905591866376,0.0916561314791403,5,0.5344952795933188,0.0689905591866376,0.005240511675142834,0.5537444461096732,37.8676563,-122.2318813,0.0923,0.2682,0.0,1
06001433700,Alameda,3125,0.0,4.224498430724796,0,0.0,7.294826660483215,0.016897993722899185,0,2432.525920175131,11.31438915674886,0.0244897959183673,0.0292587776332899,1,0.503795901097734,0.023455224874108168,0.08817900033016886,0.1786488161750988,37.6876466,-122.1145204,0.2113,0.5549,0.016897993722899185,0
06001437500,Alameda,4172,0.0,0.0,0,0.0,7.710556362066817,0.0,1,6585.064456168545,11.344885439882043,0.1174957118353344,0.0460992907801418,1,0.5587478559176672,0.1174957118353344,0.08724106507053198,0.9059573084075071,37.6440336,-122.0793901,0.0092,0.4531,0.0,1
06001441100,Alameda,4632,0.0,0.0,0,0.0,8.12526798056532,0.0,1,298.2907192834331,11.947515624305638,0.0408614025400331,0.0352112676056338,4,0.5204307012700166,0.0408614025400331,0.03875612547324436,0.3320098456995214,37.5856169,-121.9620462,0.0337,0.3198,0.0,1
06001451503,Alameda,6104,0.0,0.0,0,0.0,9.500053367706435,0.0,1,2282.627901161658,12.025144118020233,0.0677419354838709,0.0,4,0.5338709677419354,0.0677419354838709,0.03251048274563917,0.6435520023284999,37.6849518,-121.7489971,0.132,0.3497,0.0,1
06001408100,Alameda,7313,0.0,0.0,0,0.0,8.508532632340096,0.0,1,818.2576389243209,12.024472828219606,0.0044490075290896,0.0790378006872852,4,0.5022245037645447,0.0044490075290896,0.03256449173204068,0.03785452574278564,37.7854008,-122.1572103,0.1332,0.3507,0.0,1
06001450742,Alameda,5495,0.0,0.0,0,0.0,8.912305367186727,0.0,1,678.7816014999705,12.059664415434824,0.0591575958353052,0.0449010654490106,4,0.5295787979176526,0.0591575958353052,0.029733133422143676,0.5272305588728537,37.6677204,-121.8281073,0.2093,0.3807,0.0,1
06001404502,Alameda,6110,0.0,0.0,0,0.0,8.396160230857898,0.0,1,1983.8536090194311,12.334298739914335,0.0123934934159566,0.1069452980946527,5,0.5061967467079783,0.0123934934159566,0.007637279318076229,0.104057756540454,37.8346277,-122.2024752,0.1211,0.2868,0.0,1
06001440301,Alameda,7074,0.0,0.0,0,0.0,7.837130780638968,0.0,1,1633.9542392983642,11.712546518842244,0.0715648854961832,0.0499194847020934,3,0.5357824427480916,0.0715648854961832,0.05766069278514907,0.5608633669350406,37.6012643,-122.0427413,0.0947,0.4102,0.0,1
06001406800,Alameda,3971,0.0,0.0,0,0.0,8.194485109493003,0.0,1,4351.63712145119,11.784188479393714,0.0220014194464159,0.0916580844490216,3,0.511000709723208,0.0220014194464159,0.05189669984262535,0.18029030404136487,37.7978944,-122.1949575,0.1102,0.4021,0.0,1
06001430500,Alameda,6250,0.0,0.0,0,0.0,7.474105844269345,0.0,1,2397.0591899109204,11.50479248174004,0.0152019002375296,0.1768941765810895,2,0.5076009501187648,0.0152019002375296,0.07437565695447224,0.11362061140931952,37.7049262,-122.1091621,0.1697,0.5,0.0,1
06001422000,Alameda,2453,0.0,0.0,0,0.0,7.8574697553201505,0.0,1,236.57040134399068,11.851766322763623,0.10042194092827,0.1849642004773269,3,0.550210970464135,0.10042194092827,0.0464596876607033,0.7890623636144283,37.8592091,-122.3016412,0.0973,0.3773,0.0,1
06001442200,Alameda,7293,0.0,0.0,0,0.0,8.187822791959576,0.0,1,1740.0738264811434,12.353112388179488,0.0291041382446566,0.0191873589164785,5,0.5145520691223283,0.0291041382446566,0.006123617003578885,0.23829952645994165,37.5345806,-121.942108,0.0976,0.2727,0.0,1
06001436402,Alameda,2688,0.0,0.0,0,0.0,8.268596733802589,0.0,1,629.612817456253,11.937657108990843,0.0105263157894736,0.0631578947368421,4,0.5052631578947367,0.0105263157894736,0.039549297690487206,0.08703786035581604,37.6668235,-122.0404127,0.1368,0.374,0.0,1
06001431100,Alameda,3259,0.0,40.90580145840904,0,0.0,6.670363901690878,0.16362320583363615,0,3310.962425908463,11.49533159656918,0.0819032761310452,0.0448780487804878,2,0.4591400351487045,0.04840008460894734,0.0628427073740788,0.5463246565347439,37.6881137,-122.0672905,0.1995,0.4842,0.16362320583363615,0
06075980501,San Francisco,129,8.776050557765535,100.0,1,0.0,7.6580209580384775,0.663281516732966,0,87.08542476551953,9.406729185981574,0.9576271186440678,0.0510949092613641,1,0.6471728009555509,0.0,0.08188201609478861,7.333528544562271,37.7162081,-122.4193463,0.0999,0.4129,0.663281516732966,0
06085510400,Santa Clara,3767,0.0,0.0,0,0.0,9.866370598191859,0.0,1,2199.8761461899003,12.429224196812383,0.0162916989914662,0.0300668151447661,5,0.508145849495733,0.0162916989914662,0.0,0.16073993992399407,37.3913139,-122.1076263,0.0312,0.2231,0.0,1
06085510700,Santa Clara,4784,0.0,0.0,0,0.0,9.860227193528614,0.0,1,3316.0502762392894,12.192267795553615,0.0472003701989819,0.0226960110041265,5,0.5236001850994909,0.0472003701989819,0.019064456277129382,0.4654063737806189,37.4174201,-122.1281611,0.0251,0.2598,0.0,1
06001421200,Alameda,3557,0.0,0.0,0,0.0,7.703424418274379,0.0,1,2700.41949068896,12.417839729541885,0.0293066476054324,0.1140456182472989,5,0.5146533238027162,0.0293066476054324,0.0009159435126624427,0.2257615447814503,37.8963668,-122.2746996,0.0852,0.2587,0.0,1
06001422800,Alameda,8980,0.0,47.91679782767272,0,0.0,6.6883871056376805,0.19166719131069088,0,21979.03079700271,10.168041725095886,0.7109317681584739,0.1763668430335097,1,0.7596322884238915,0.37027603011727905,0.14705567695772895,4.754986871139334,37.8667875,-122.259979,0.0914,0.5018,0.19166719131069088,0
06001405000,Alameda,3665,0.0,0.0,0,0.0,8.166632324087619,0.0,1,4577.373736665109,11.937264664843688,0.05,0.1515695067264574,4,0.525,0.05,0.03958087199801763,0.40833161620438096,37.8120851,-122.2190899,0.1018,0.3571,0.0,1
06001400900,Alameda,2844,0.0,0.0,0,0.0,7.403067899268183,0.0,1,6964.78311396292,11.6490634574597,0.0449236298292902,0.1632337796086508,2,0.522461814914645,0.0449236298292902,0.06276825705282263,0.33257268190782485,37.839413,-122.280255,0.0484,0.4041,0.0,1
06001400700,Alameda,4758,0.0,2.9000402744743585,0,0.0,7.157613784854424,0.011600161097897434,0,5499.691137621522,11.613286504045792,0.1386679920477137,0.2342691190706679,2,0.5635339154749082,0.1346465644305251,0.06488519889209825,0.9925319313987992,37.8417014,-122.2722628,0.0755,0.4239,0.011600161097897434,0
06001400800,Alameda,4335,0.0,0.0,0,0.0,7.283331399235263,0.0,1,5972.571281808927,11.483836452360253,0.1002652519893899,0.1713175556340515,2,0.5501326259946949,0.1002652519893899,0.07606168570799343,0.7302650580665594,37.8454176,-122.2832338,0.1265,0.4822,0.0,1
06001451602,Alameda,6909,0.0,0.0,0,0.0,9.341295296401258,0.0,1,2292.7309048535744,11.85587666768915,0.0621234939759036,0.0187416331994645,3,0.5310617469879518,0.0621234939759036,0.04612898762179174,0.5803139020731202,37.6712489,-121.7756214,0.1149,0.3851,0.0,1
06001400200,Alameda,2147,0.0,87.76970134871125,0,0.0,5.993555898132093,0.35107880539484504,0,3660.3353055140415,12.326079872504838,0.0947488584474885,0.2553380782918149,5,0.3718350265263217,0.011588068356814673,0.005385093798819653,0.5678825793892275,37.8481378,-122.2495916,0.1005,0.2075,0.35107880539484504,0
06085509106,Santa Clara,4264,0.0,0.0,0,0.0,9.583942092183348,0.0,1,4327.725722649284,11.86869600005454,0.0672396359959555,0.025963808025177,3,0.5336198179979778,0.0672396359959555,0.0450976012566896,0.6444207776847245,37.378605,-122.0504659,0.026,0.3388,0.0,1
06085509108,Santa Clara,4549,0.0,0.0,0,0.0,9.598206788187568,0.0,1,1980.416360706423,12.095303082873684,0.0579004329004329,0.077655119908641,4,0.5289502164502164,0.0579004329004329,0.02686580502943514,0.5557403281039338,37.4004175,-122.0571846,0.0472,0.2891,0.0,1
06001435200,Alameda,4647,0.0,0.0,0,0.0,7.718585457988834,0.0,1,2004.776772795772,11.806848025011464,0.0221914008321775,0.0749746707193515,3,0.5110957004160888,0.0221914008321775,0.05007361376267838,0.1712862237556466,37.6880455,-122.0490826,0.2224,0.4528,0.0,1
06001410300,Alameda,3893,0.0,0.0,0,0.0,7.90943526130764,0.0,1,6731.485311358462,10.909600706707314,0.0931326434619002,0.0279798545047565,1,0.5465663217309501,0.0931326434619002,0.12226213527428309,0.7366266141763459,37.7466798,-122.1661407,0.0716,0.5207,0.0,1
06001409900,Alameda,3983,0.0,0.0,0,0.0,8.51270984635052,0.0,1,923.0111831710874,12.079045766899279,0.0134086097388849,0.0238713025428126,4,0.5067043048694424,0.0134086097388849,0.02817379623765348,0.11414360415007695,37.7620318,-122.1358942,0.0374,0.2881,0.0,1
06085510801,Santa Clara,5595,0.0,0.0,0,0.0,9.753460195075425,0.0,1,2548.9413422881057,12.413285982071274,0.0422535211267605,0.03009900990099,5,0.5211267605633803,0.0422535211267605,0.0012823177447548462,0.412118036411637,37.4270272,-122.1097779,0.0713,0.2527,0.0,1
06085510802,Santa Clara,1997,0.0,0.0,0,0.0,9.797184570827906,0.0,1,2136.773792506063,12.429224196812383,0.0423131170662905,0.021091811414392,5,0.5211565585331452,0.0423131170662905,0.0,0.4145494176654962,37.4144228,-122.1103922,0.0422,0.2286,0.0,1
06085510803,Santa Clara,3435,0.0,0.0,0,0.0,9.81109024255645,0.0,1,3396.116886048228,12.429224196812383,0.09375,0.0357348703170028,5,0.546875,0.09375,0.0,0.9197897102396672,37.4205586,-122.1184486,0.0179,0.2165,0.0,1
06085510900,Santa Clara,5122,0.0,0.0,0,0.0,9.838216529954579,0.0,1,3096.9576471460678,12.110183798330162,0.1222812953117448,0.0706247574699262,4,0.5611406476558723,0.1222812953117448,0.025668568965393823,1.203029860840265,37.4276964,-122.1296787,0.0473,0.2865,0.0,1
06085511000,Santa Clara,7208,0.0,0.0,0,0.0,9.778083185817536,0.0,1,3627.928527058758,12.35387608129828,0.0216919739696312,0.0455293472298409,5,0.5108459869848156,0.0216919739696312,0.006062173657904291,0.21210592593964253,37.4375636,-122.1218491,0.0491,0.2481,0.0,1
06001421300,Alameda,4011,0.0,0.0,0,0.0,7.550527837606349,0.0,1,3700.0926977521294,11.779136168550774,0.0381637168141592,0.1111111111111111,3,0.5190818584070795,0.0381637168141592,0.05230318626228747,0.2881562061918345,37.8910377,-122.2812606,0.1162,0.4062,0.0,1
06001450741,Alameda,5742,0.0,0.0,0,0.0,8.611993622125459,0.0,1,2631.0841683069884,12.013706813470414,0.0789205702647657,0.0276595744680851,4,0.5394602851323829,0.0789205702647657,0.03343067731037741,0.6796634477746664,37.6602378,-121.8650769,0.0986,0.3358,0.0,1
06001423200,Alameda,3003,0.0,0.0,0,0.0,7.228866275129385,0.0,1,6574.336106079829,11.291118519999648,0.2519893899204244,0.1159627773801002,1,0.6259946949602122,0.2519893899204244,0.09156691188373733,1.8215976024861846,37.8645164,-122.2936857,0.1632,0.5376,0.0,1
06085511100,Santa Clara,5643,0.0,0.0,0,0.0,9.807668340018214,0.0,1,2571.767232851848,12.429224196812383,0.0303180914512922,0.0316154179298397,5,0.5151590457256461,0.0303180914512922,0.0,0.29734978565661535,37.4457468,-122.1325243,0.0411,0.2281,0.0,1
06085511400,Santa Clara,3705,0.0,0.0,0,0.0,9.877124176218869,0.0,1,2411.0843814631226,12.429224196812383,0.0073637702503681,0.0252960172228202,5,0.5036818851251841,0.0073637702503681,0.0,0.07273287316803204,37.4359496,-122.1435945,0.014,0.2145,0.0,1
06085512024,Santa Clara,4977,0.0,0.0,0,0.0,9.394624558924676,0.0,1,3114.6503294160384,11.829748776768145,0.0765687967760506,0.0452934226073257,3,0.5382843983880253,0.0765687967760506,0.04823112131149587,0.7193350986395974,37.2596678,-121.8690336,0.0618,0.3653,0.0,1
06085512025,Santa Clara,2983,0.0,0.0,0,0.0,9.402607424519637,0.0,1,2390.243561449417,12.329904019720761,0.0516528925619834,0.0156462585034013,5,0.5258264462809917,0.0516528925619834,0.007990858924010191,0.4856718711012203,37.2608921,-121.8525836,0.0299,0.2419,0.0,1
06085512026,Santa Clara,3680,0.0,0.0,0,0.0,9.445948366760671,0.0,1,1667.8102350687077,11.671321406622718,0.0180533751962323,0.0282752120640904,3,0.5090266875981162,0.0180533751962323,0.06097748163429517,0.1705312499493681,37.2584565,-121.8379668,0.1287,0.437,0.0,1
06001406000,Alameda,4735,0.0,10.425678252793368,0,0.0,7.4849349488835255,0.041702713011173474,0,1794.3495613384848,10.946657600954428,0.2411894273127753,0.1976284584980237,1,0.599743357150801,0.2160437936413904,0.11430637376026277,1.8052871737945946,37.79237,-122.2603108,0.0522,0.5015,0.041702713011173474,0
06001423902,Alameda,1512,0.0,14.169319944228716,0,0.0,6.991244411241615,0.05667727977691487,0,5125.749955395031,12.05282822159563,0.1471927162367223,0.212742980561555,4,0.5452577182299038,0.12633650933854043,0.02856677694441686,1.0290602547654577,37.8548712,-122.257602,0.1069,0.3205,0.05667727977691487,0
06001443200,Alameda,3611,0.0,0.0,0,0.0,8.342493752390705,0.0,1,248.94991770870303,12.429224196812383,0.0070733863837312,0.0063979526551503,5,0.5035366931918656,0.0070733863837312,0.0,0.05900968171452302,37.4877231,-121.8955045,0.0761,0.2456,0.0,1
06001404200,Alameda,3894,0.0,0.0,0,0.0,7.471296725450585,0.0,1,1427.2999252719455,12.419650591974683,0.0178082191780821,0.1319034852546917,5,0.5089041095890411,0.0178082191780821,0.0007702495896851902,0.1330504896313111,37.8361052,-122.2344831,0.0676,0.2497,0.0,1
06085509109,Santa Clara,6572,0.0,0.0,0,0.0,9.61998552136794,0.0,1,3134.617951049116,12.292736462127687,0.0712262242007284,0.0618006103763987,5,0.5356131121003642,0.0712262242007284,0.0109811950064993,0.685195245552714,37.3914589,-122.0596946,0.0514,0.2575,0.0,1
06085509201,Santa Clara,5611,0.0,0.0,0,0.0,9.6958011911592,0.0,1,3575.708190081974,11.953789891430254,0.0924493554327808,0.0614412862474878,4,0.5462246777163904,0.0924493554327808,0.03825132589563063,0.8963705705270563,37.4011514,-122.0743742,0.0287,0.3149,0.0,1
06001400300,Alameda,5619,1.8004463362918657,61.633686146729474,1,20.8,6.296905865516615,0.3317481346756739,0,5058.353981811996,12.00762780434872,0.1391205458680818,0.2790063617085732,4,0.40368620559620394,0.05337542526213145,0.022666947768960725,0.8760289812905976,37.8405841,-122.2544782,0.1181,0.2804,0.3317481346756739,0
06085512027,Santa Clara,4237,0.0,0.0,0,0.0,9.466590632316777,0.0,1,2430.07152200824,11.671594493098954,0.1221009549795361,0.0459183673469387,3,0.561050477489768,0.1221009549795361,0.06095551031316426,1.155879756606209,37.2542237,-121.8543848,0.173,0.459,0.0,1
06001427900,Alameda,4686,0.0,0.0,0,0.0,8.024224456413535,0.0,1,5678.483075829066,11.596273473344787,0.1065206570433051,0.1698480716790027,2,0.5532603285216525,0.1065206570433051,0.06701550396695033,0.8547456613601274,37.7698045,-122.2582454,0.2735,0.5292,0.0,1
06001421500,Alameda,4064,0.0,0.0,0,0.0,7.83090262900827,0.0,1,2570.617915702118,12.215780372700022,0.0204472843450479,0.0939947780678851,5,0.5102236421725239,0.0204472843450479,0.017172739081100508,0.16012069273371524,37.8917124,-122.2594986,0.0893,0.2887,0.0,1
06001407500,Alameda,3988,0.0,0.0,0,0.0,7.479631662680818,0.0,1,8064.675910980417,10.736831363589356,0.2074303405572755,0.0516431924882629,1,0.6037151702786377,0.2074303405572755,0.1361623868412527,1.5515025430328628,37.769515,-122.1976093,0.055,0.5172,0.0,1
06001451401,Alameda,6166,0.0,0.0,0,0.0,9.394319364283339,0.0,1,1330.8776248271745,11.640790835968124,0.0231111111111111,0.0338441890166028,2,0.5115555555555555,0.0231111111111111,0.06343383531905888,0.21711315864121483,37.6959835,-121.7629309,0.1648,0.4649,0.0,1
06001443103,Alameda,4125,0.0,0.0,0,0.0,8.372492178932957,0.0,1,247.19657941775867,12.362678879443825,0.0260798696006519,0.0574358974358974,5,0.513039934800326,0.0260798696006519,0.005353939740311731,0.2183535042590494,37.5270917,-121.901582,0.0846,0.2645,0.0,1
06001430600,Alameda,6244,0.0,0.0,0,0.0,7.783000509836826,0.0,1,2761.1006299903825,11.883957845871205,0.0289986406887177,0.0483529767301299,3,0.5144993203443589,0.0289986406887177,0.04386970114200839,0.22569643526486477,37.7041757,-122.0969638,0.1085,0.3758,0.0,1
06001451300,Alameda,6393,0.0,0.0,0,0.0,8.919953574606932,0.0,1,504.5448662396718,11.694655179993722,0.0911403136922424,0.0147434079954635,3,0.5455701568461212,0.0911403136922424,0.05910015019336845,0.8129673669099148,37.6930926,-121.8176792,0.1012,0.4172,0.0,1
06001421600,Alameda,3854,0.0,0.0,0,0.0,7.5304286646889524,0.0,1,2909.8029761970597,12.294042313212573,0.0348292029470864,0.1385902031063321,5,0.5174146014735432,0.0348292029470864,0.01087613204647786,0.26227882824100834,37.8839086,-122.2560313,0.1786,0.321,0.0,1
06001408300,Alameda,4791,0.0,0.0,0,0.0,8.141991734544685,0.0,1,3114.085940062924,11.76985962847323,0.052801724137931,0.1461598746081504,3,0.5264008620689655,0.052801724137931,0.053049535344953824,0.4299112015007428,37.7711951,-122.1646018,0.1324,0.4159,0.0,1
06001450607,Alameda,5182,0.0,0.0,0,0.0,8.525402559243158,0.0,1,1092.7424228593152,11.494914232168377,0.1172893136403127,0.0419834710743801,2,0.5586446568201564,0.1172893136403127,0.07517041690209603,0.9999386146809953,37.6571981,-121.8877285,0.0707,0.4528,0.0,1
06085513500,Santa Clara,1362,0.0,0.0,0,0.0,10.457090596009438,0.0,1,0.8851707094648039,11.625941601438932,0.0,0.0,2,0.5,0.0,0.06462853856795525,0.0,37.248099,-121.5279664,0.1415,0.457,0.0,1
06001401800,Alameda,1709,0.0,90.24184952756389,0,0.0,6.362432518838824,0.3609673981102556,0,5677.488776986021,11.189989202301655,0.277056277056277,0.3264248704663212,1,0.4580444394730107,0.027035568408480995,0.06371367595880266,1.7627518666912756,37.8095098,-122.2982554,0.143,0.4671,0.3609673981102556,0
06085509202,Santa Clara,4137,0.0,0.0,0,0.0,9.720737523081626,0.0,1,2644.977221121455,12.15782733290218,0.0707858428314337,0.0267489711934156,5,0.5353929214157168,0.0707858428314337,0.021835382451288132,0.6880905985144761,37.4059123,-122.0838789,0.0811,0.2942,0.0,1
06085509302,Santa Clara,3535,0.0,0.0,0,0.0,9.775622197692137,0.0,1,3355.859165801149,12.131489175729977,0.0708782742681047,0.0294617563739376,5,0.5354391371340523,0.0708782742681047,0.023954433226714533,0.6928792312693957,37.4092345,-122.1006445,0.0448,0.2806,0.0,1
06041101200,Marin,2770,0.0,0.0,0,0.0,10.116661954490452,0.0,1,263.2665545997094,11.941462360646149,0.0,0.0340760157273918,4,0.5,0.0,0.03924314409674301,0.0,38.0982747,-122.5403703,0.1009,0.3552,0.0,1
06041117000,Marin,4452,0.0,0.0,0,0.0,9.851139033380036,0.0,1,1639.876121546956,12.060422401080961,0.0766685052399338,0.0434971726837755,4,0.5383342526199669,0.0766685052399338,0.02967214927428896,0.7552721046000138,37.974622,-122.5640075,0.1057,0.3285,0.0,1
06041110100,Marin,5703,0.0,0.0,0,0.0,9.588004590616638,0.0,1,811.9754413249187,11.662405253147588,0.0124946143903489,0.1222410865874363,3,0.5062473071951744,0.0124946143903489,0.06169483561664735,0.11979842013264996,37.9840195,-122.5112814,0.1494,0.4511,0.0,1
06041133000,Marin,2960,0.0,0.0,0,0.0,10.74885681981749,0.0,1,5.561259481479727,11.794345471549745,0.003220611916264,0.0018137847642079,3,0.501610305958132,0.003220611916264,0.051079513508611396,0.03461789636011977,38.183609,-122.8025005,0.1735,0.4316,0.0,1
06041114100,Marin,5031,0.0,0.0,0,0.0,9.977835109873725,0.0,1,622.380910928982,11.78727150654942,0.0056497175141242,0.0292331055429005,3,0.5028248587570621,0.0056497175141242,0.05164865321422063,0.056371949773296945,37.9758046,-122.5935768,0.1067,0.3998,0.0,1
06041124200,Marin,5703,0.0,0.0,0,0.0,9.26932820431679,0.0,1,318.15929393191726,12.231642921641704,0.0059523809523809,0.1588180978762696,5,0.5029761904761905,0.0059523809523809,0.015896509069435738,0.05517457264474232,37.8787769,-122.4496504,0.0863,0.2846,0.0,1
06041114200,Marin,3352,0.0,0.0,0,0.0,10.036485159802929,0.0,1,749.1237145791346,11.696263171975307,0.0559139784946236,0.0223970944309927,3,0.5279569892473118,0.0559139784946236,0.058970778322998796,0.5611798153868299,38.0029324,-122.5996143,0.1326,0.4326,0.0,1
06041108100,Marin,6701,0.0,0.0,0,0.0,9.92272356030565,0.0,1,981.9430854778508,11.82752450357102,0.0394938650306748,0.0614035087719298,3,0.5197469325153374,0.0394938650306748,0.048410076422603754,0.39188670502740824,38.017656,-122.5616702,0.0833,0.3769,0.0,1
06041128100,Marin,7360,0.0,0.0,0,0.0,9.586729740357773,0.0,1,794.774408024864,12.33996084948996,0.0400453343407631,0.0725041829336307,5,0.5200226671703816,0.0400453343407631,0.0071817312093633845,0.38390379768716404,37.8716996,-122.5316069,0.0842,0.2677,0.0,1
06041121200,Marin,6256,0.0,0.0,0,0.0,9.467019765269187,0.0,1,634.7590106162369,12.260011437501129,0.024624855713736,0.0403979499547784,5,0.512312427856868,0.024624855713736,0.01361410468037505,0.23312399575884057,37.9424206,-122.4988472,0.0844,0.2784,0.0,1
06041126200,Marin,4180,0.0,0.0,0,0.0,9.639477123370687,0.0,1,1084.9195674634404,12.011370767847268,0.0987514188422247,0.0409090909090909,4,0.5493757094211124,0.0987514188422247,0.03361862513287661,0.9519120428300221,37.899975,-122.5225708,0.1091,0.3416,0.0,1
06041110200,Marin,5261,0.0,0.0,0,0.0,9.368698601788187,0.0,1,394.64995993798993,12.266283063929157,0.0101056499770326,0.0522529344945096,5,0.5050528249885163,0.0101056499770326,0.013109517561443185,0.09467678880998615,37.985633,-122.474165,0.1215,0.2963,0.0,1
06041113000,Marin,3612,0.0,0.0,0,0.0,10.26820403050835,0.0,1,142.34718330179746,11.816667876968522,0.0429371499688861,0.0349551251771374,3,0.5214685749844431,0.0429371499688861,0.049283552226932925,0.4408874163690577,38.0139328,-122.6665068,0.1403,0.4091,0.0,1
06001400400,Alameda,4278,0.0,56.96036678407126,0,0.0,6.504166178003862,0.22784146713628506,0,5973.719790422573,11.975633798136583,0.1414772727272727,0.210183299389002,4,0.45681790279549384,0.060891299265717354,0.028179047317562843,0.9201916922289554,37.848284,-122.2574447,0.1026,0.3005,0.22784146713628506,0
06001401000,Alameda,6277,0.0,71.60937348701619,0,0.0,6.186339575170295,0.2864374939480647,0,5463.008814385546,11.942465108519569,0.154648132059079,0.1882293252156265,4,0.43410531905550714,0.04390557358219911,0.027944868431519117,0.9567058595832425,37.8312043,-122.2718866,0.0578,0.2761,0.2864374939480647,0
06085509303,Santa Clara,3816,0.0,0.0,0,0.0,9.754187811500831,0.0,1,6652.9755411370015,12.087812621132747,0.1680092059838895,0.0780240073868882,4,0.5840046029919448,0.1680092059838895,0.02746845420707711,1.6387933492279874,37.4060297,-122.0922777,0.0734,0.3039,0.0,1
06085512402,Santa Clara,5246,0.0,0.0,0,0.0,10.60804760931347,0.0,1,104.92395347232834,11.849404844423074,0.0469135802469135,0.0130912162162162,3,0.5234567901234568,0.0469135802469135,0.04664968168632844,0.49766149278260635,37.0945979,-121.5669408,0.2103,0.4342,0.0,1
06085505304,Santa Clara,3598,0.0,0.0,0,0.0,9.158643853453654,0.0,1,3519.145850360301,12.321345867571,0.0346975088967971,0.0271449345613184,5,0.5173487544483986,0.0346975088967971,0.008679409714811404,0.3177821265878042,37.3596272,-121.98154,0.0397,0.2476,0.0,1
06085505305,Santa Clara,5626,0.0,0.0,0,0.0,9.239803307370103,0.0,1,3680.532111939381,12.157911283623156,0.0347349177330895,0.0284829721362229,5,0.5173674588665448,0.0347349177330895,0.021828628150324048,0.32094380775142883,37.3590161,-121.990586,0.0334,0.2702,0.0,1
06085505401,Santa Clara,6630,0.0,0.0,0,0.0,9.228317675491589,0.0,1,5670.954422121141,12.011267491872507,0.0493273542600896,0.03851606805293,4,0.5246636771300448,0.0493273542600896,0.03362693425765584,0.45520849520362017,37.3490022,-121.9872253,0.0437,0.309,0.0,1
06001401400,Alameda,5392,0.0,23.192529607303957,0,0.0,6.956366306114415,0.09277011842921584,0,7143.914172460077,11.461758478394984,0.1642734060884549,0.2654590880699563,2,0.5357516438296196,0.12617424774446334,0.07061694239683201,1.1427459871043781,37.8207423,-122.273409,0.1315,0.4712,0.09277011842921584,0
06085512029,Santa Clara,7849,0.0,0.0,0,0.0,9.574803034863406,0.0,1,4122.490929460452,11.951186847493476,0.0206677265500794,0.0175967823026646,4,0.5103338632750397,0.0206677265500794,0.03846075521282377,0.19788941089542722,37.2476813,-121.8160666,0.1149,0.359,0.0,1
06001423601,Alameda,2738,0.0,7.063734405241018,0,0.0,7.061682322335297,0.028254937620964073,0,5230.83041209915,11.956700615286477,0.1016042780748663,0.1686900958466453,4,0.5366746702269511,0.09442722172729522,0.03694297004661129,0.7174971343549232,37.8588898,-122.258719,0.1233,0.3555,0.028254937620964073,0
06001435102,Alameda,6137,0.0,0.0,0,0.0,7.833353407437692,0.0,1,1470.2510424771713,11.841221510307264,0.0054777845404747,0.0484489369118159,3,0.5027388922702374,0.0054777845404747,0.04730807628813383,0.042909422195337006,37.655131,-122.0456272,0.1422,0.4028,0.0,1
06001431200,Alameda,5865,0.9747721752774192,31.96853961428576,1,11.8,6.7611239611806715,0.17481732371546563,0,2858.5194040010315,11.573559498507079,0.0974817221770917,0.0461043602573266,2,0.46133219923081303,0.06631823920622015,0.056808025550850724,0.659086007588692,37.6871184,-122.0834504,0.1497,0.438,0.17481732371546563,0
06001440332,Alameda,3203,0.0,0.0,0,0.0,8.71821466109454,0.0,1,1393.9082420646523,12.126060354060726,0.0267558528428093,0.0536068828590337,5,0.5133779264214047,0.0267558528428093,0.024391212029903353,0.2332632685242681,37.5828284,-122.0858891,0.1681,0.3435,0.0,1
06001404400,Alameda,5823,0.0,0.0,0,0.0,8.067838570439948,0.0,1,1402.2260188519924,12.126693884062233,0.0293877551020408,0.1043177892918825,5,0.5146938775510204,0.0293877551020408,0.024340241028698917,0.23709566411088814,37.8462275,-122.2149841,0.0117,0.2651,0.0,1
06001404600,Alameda,4934,0.0,0.0,0,0.0,8.662536612011733,0.0,1,1011.4977183965816,12.313212577088075,0.0372093023255813,0.1408577878103837,5,0.5186046511627906,0.0372093023255813,0.00933377802888613,0.3223269437027613,37.8199301,-122.1912387,0.1359,0.2971,0.0,1
06001406700,Alameda,5380,0.0,0.0,0,0.0,8.216281882694556,0.0,1,3195.296294638246,11.876790498154296,0.042246759481517,0.0923466160657811,3,0.5211233797407585,0.042246759481517,0.044446354004923694,0.3471112845305426,37.8033164,-122.2022249,0.0936,0.3709,0.0,1
06001436500,Alameda,5289,0.0,4.051434308420723,0,0.0,7.606995644599182,0.016205737233682894,0,2685.907129989549,11.354164172585287,0.0543909348441926,0.089383294301327,1,0.5190925988052548,0.05218732184924422,0.08509283179840604,0.413751604465451,37.6586484,-122.0688949,0.1717,0.5298,0.016205737233682894,0
06001430800,Alameda,5814,0.0,6.748836871063032,0,0.0,7.187525474098546,0.02699534748425213,0,3227.7570422420604,11.493120637671629,0.0268948655256723,0.0538435489332881,2,0.4999497590207101,0.02507977492465291,0.0732815744456599,0.19330753108822446,37.6992109,-122.0650346,0.1053,0.4655,0.02699534748425213,0
06085512030,Santa Clara,2922,0.0,0.0,0,0.0,9.664142297921124,0.0,1,2451.9054281382687,12.113655776063803,0.0353591160220994,0.0308502633559066,4,0.5176795580110497,0.0353591160220994,0.025389229106472344,0.34171552876627137,37.2327046,-121.8241916,0.0993,0.312,0.0,1
06001401100,Alameda,5537,4.58017200419216,83.85465277732978,1,20.9,5.814069791750353,0.5041737712350839,0,6340.103096802996,11.441665740397854,0.1547753869384673,0.3775862068965517,2,0.3253008078516917,0.024989023636446922,0.03939565152059099,0.8998749017054148,37.8304839,-122.2638399,0.1204,0.3893,0.5041737712350839,0
06085512034,Santa Clara,2932,0.0,0.0,0,0.0,9.7980267096734,0.0,1,2811.017379234044,12.038954922478492,0.0313765182186234,0.0338983050847457,4,0.5156882591093117,0.0313765182186234,0.031399326953485907,0.30742796356262614,37.2293395,-121.7707429,0.2047,0.3838,0.0,1
06085509304,Santa Clara,2936,0.0,0.0,0,0.0,9.722084190120567,0.0,1,1882.4003613481889,11.98828970045806,0.010371650821089,0.0178880553952683,4,0.5051858254105445,0.010371650821089,0.03547562497644918,0.10083406247316036,37.4174151,-122.0952078,0.0242,0.3035,0.0,1
06001401200,Alameda,2994,0.0,33.170648954732606,0,0.0,6.712452663247557,0.13268259581893044,0,4511.603537695409,11.653087327366714,0.1140657802659202,0.2713216957605985,3,0.4906915922234949,0.07622942071643514,0.05415921414222118,0.7656611505313866,37.8306009,-122.2579159,0.1137,0.4089,0.13268259581893044,0
06001401300,Alameda,4608,0.0,38.42535852256002,0,0.0,7.031570159678502,0.15370143409024006,0,5346.371995381683,11.554326491818903,0.3119533527696793,0.2155591572123176,2,0.5791259593397196,0.1920841585447836,0.05957127020394503,2.1935218865469377,37.8181386,-122.2667055,0.1718,0.4578,0.15370143409024006,0
06085511702,Santa Clara,2829,0.0,0.0,0,0.0,9.86890240264913,0.0,1,1075.9747849108956,12.429224196812383,0.0080482897384305,0.0053908355795148,5,0.5040241448692152,0.0080482897384305,0.0,0.0794277859368131,37.3534047,-122.0975415,0.0171,0.2161,0.0,1
06085511905,Santa Clara,2969,0.0,0.0,0,0.0,9.749995651150721,0.0,1,2347.74933021079,12.39438041580887,0.0069375619425173,0.0207715133531157,5,0.5034687809712587,0.0069375619425173,0.002803375371766892,0.06764119876913242,37.2147222,-121.8583082,0.1165,0.2765,0.0,1
06085512505,Santa Clara,7947,0.0,0.0,0,0.0,10.729534728665406,0.0,1,2991.2505045535704,11.741788628075087,0.0043610989969472,0.0151638234497698,3,0.5021805494984736,0.0043610989969472,0.05530800296559113,0.04679256314289285,37.0245729,-121.5925004,0.1966,0.4549,0.0,1
06041112100,Marin,4352,0.0,0.0,0,0.0,9.612174181477767,0.0,1,1478.1306298195034,11.64007780463056,0.0124159337816864,0.0294236195082627,2,0.5062079668908432,0.0124159337816864,0.06349120264354147,0.11934411813526363,37.9610214,-122.5206079,0.0576,0.4116,0.0,1
06041103100,Marin,7228,0.0,0.0,0,0.0,10.388610165885147,0.0,1,174.57460149044394,11.976521106849205,0.0144177449168207,0.0563018005144327,4,0.5072088724584104,0.0144177449168207,0.03642247358280648,0.14978033141202243,38.133232,-122.6580087,0.1097,0.3493,0.0,1
06041104300,Marin,1742,0.0,0.0,0,0.0,9.943095368048658,0.0,1,132.02629185513246,11.994882368333423,0.0083102493074792,0.0070778564206268,4,0.5041551246537396,0.0083102493074792,0.0349452082930769,0.082629601396526,38.0870092,-122.5144599,0.1031,0.3421,0.0,1
06041107000,Marin,6334,0.0,0.0,0,0.0,10.051812928200912,0.0,1,314.72163952420726,12.285461293199246,0.03099173553719,0.0405448210326259,5,0.515495867768595,0.03099173553719,0.01156652268369307,0.31152312794011006,38.0384996,-122.5839959,0.0805,0.2729,0.0,1
06041118100,Marin,2537,0.0,0.0,0,0.0,9.827333665556125,0.0,1,632.3037952771584,12.429224196812383,0.0384615384615384,0.0454967502321262,5,0.5192307692307692,0.0384615384615384,0.0,0.3779743717521581,37.9638025,-122.5614951,0.0799,0.2475,0.0,1
06041127000,Marin,4588,0.0,0.0,0,0.0,9.812853976912448,0.0,1,1023.5782694029708,12.258978139625093,0.0095882684715172,0.0765194578049847,5,0.5047941342357586,0.0095882684715172,0.013697239223583346,0.09408827840243181,37.9104369,-122.5585065,0.1793,0.326,0.0,1
06041116000,Marin,3143,0.0,0.0,0,0.0,9.909508937369909,0.0,1,2226.3052957268974,12.09349727640927,0.0410534469403563,0.0464326160815402,4,0.5205267234701781,0.0410534469403563,0.027011092171723372,0.4068194993653021,37.979641,-122.5758726,0.0951,0.3134,0.0,1
06041124100,Marin,5430,0.0,0.0,0,0.0,9.436346055559914,0.0,1,604.7459250427229,12.21678506215982,0.0062194580186583,0.0614242321970975,5,0.5031097290093292,0.0062194580186583,0.01709190624359691,0.05868895814208673,37.9026341,-122.4888202,0.0773,0.282,0.0,1
06041132200,Marin,1806,0.0,0.0,0,0.0,10.745330731328226,0.0,1,5.0627905937792885,11.239658986752758,0.0456349206349206,0.0,1,0.5228174603174603,0.0456349206349206,0.09570711664889775,0.4903623151201369,38.0652782,-122.8839193,0.1955,0.5583,0.0,1
06041104102,Marin,5274,0.0,0.0,0,0.0,10.115777776242277,0.0,1,2489.977332562304,11.504641245382532,0.002088772845953,0.0388466159391269,2,0.5010443864229766,0.002088772845953,0.07438782475795802,0.02112956193470969,38.0879383,-122.5585807,0.0705,0.4508,0.0,1
06041104200,Marin,5668,0.0,0.0,0,0.0,10.061369312092921,0.0,1,324.408480504626,11.568757443928707,0.0415094339622641,0.0303129074315515,2,0.5207547169811321,0.0415094339622641,0.06922932109506497,0.4176417450302717,38.0608177,-122.5689222,0.1343,0.4666,0.0,1
06001402900,Alameda,1828,7.3686101501826435,100.0,1,27.866666666666664,5.31503337734024,0.6628583045054793,0,4489.939784844624,10.544656994003361,0.5881877022653722,0.3779956427015251,1,0.46266469887994643,0.0,0.05111873210810266,3.1262372696815164,37.8071852,-122.2667035,0.1068,0.4127,0.6628583045054793,0
06041122000,Marin,1559,0.0,0.0,0,0.0,9.409850501724165,0.0,1,2473.12223650032,11.780445645598057,0.050834597875569,0.0510949092613641,1,0.5,0.0,0.04551129022074418,0.0,37.9411316,-122.4920858,0.0999,0.5477,0.0,1
06041123000,Marin,2312,0.0,0.0,0,0.0,9.284518858519073,0.0,1,370.83263527701325,12.429224196812383,0.0102389078498293,0.0662857142857142,5,0.5051194539249146,0.0102389078498293,0.0,0.0950633330223791,37.8735672,-122.4709947,0.1074,0.2612,0.0,1
06041125000,Marin,4534,0.0,0.0,0,0.0,9.57005950752993,0.0,1,1175.1995933311257,11.687466834445221,0.0517782426778242,0.082703213610586,3,0.5258891213389121,0.0517782426778242,0.05967849244825707,0.49552086362210346,37.8886599,-122.5058805,0.0969,0.4174,0.0,1
06041115000,Marin,7965,0.0,0.0,0,0.0,9.980921866587988,0.0,1,750.5071053897767,12.027585727103789,0.0215623895369388,0.0445570971184631,4,0.5107811947684694,0.0215623895369388,0.032314041757457335,0.2152125252251205,38.0060117,-122.5832526,0.1665,0.3662,0.0,1
06001441924,Alameda,7199,0.9154802770002922,33.76458673867552,1,21.0,6.756798865580574,0.19402275526471083,0,3295.271257062552,12.087232801648641,0.0271439811172305,0.0857962697274031,4,0.41656061292625984,0.017978928068573506,0.02217654762941198,0.18340642082024358,37.5647659,-121.9732496,0.1828,0.32,0.19402275526471083,0
06041103200,Marin,7457,0.0,0.0,0,0.0,10.211140407078966,0.0,1,1594.2211899991291,11.4796995470716,0.0941000746825989,0.0502476999292285,2,0.5470500373412994,0.0941000746825989,0.07639452267538138,0.9608690749006341,38.098306,-122.5861375,0.092,0.4656,0.0,1
06041101100,Marin,2496,0.0,0.0,0,0.0,10.213456435349357,0.0,1,72.33821182739035,12.019375529925561,0.0,0.0239149689991142,4,0.5,0.0,0.0329745976415754,0.0,38.1284235,-122.5334443,0.1054,0.3377,0.0,1
06041119100,Marin,5149,0.0,0.0,0,0.0,9.775123287919495,0.0,1,765.6189090180201,12.195254338094294,0.0765743073047859,0.057471264367816,5,0.538287153652393,0.0765743073047859,0.01882417237095879,0.7485232945913165,37.9436158,-122.5533733,0.0782,0.2858,0.0,1
06001440100,Alameda,2661,0.0,0.0,0,0.0,8.354958543639997,0.0,1,97.174941962949,11.554758148572162,0.1599210266535044,0.0634715025906735,2,0.5799605133267522,0.1599210266535044,0.07035564202506606,1.3361335479463763,37.6164242,-121.9814908,0.1256,0.4653,0.0,1
06001451601,Alameda,5367,0.0,0.0,0,0.0,9.452933961796575,0.0,1,1363.443163795729,12.179025137348424,0.0111982082866741,0.0112994350282485,5,0.5055991041433371,0.0111982082866741,0.020129901553157747,0.10585592342437344,37.6683795,-121.7607445,0.0731,0.2856,0.0,1
06041121100,Marin,5749,0.0,0.0,0,0.0,9.6132402331205,0.0,1,1551.485979839499,12.088161476665082,0.0210172341319882,0.098217985909656,4,0.5105086170659942,0.0210172341319882,0.02744038684528438,0.2020437207465424,37.9240821,-122.5231872,0.0837,0.3089,0.0,1
06041126100,Marin,6105,0.0,0.0,0,0.0,9.721672496195998,0.0,1,1152.1049507430896,12.34608673002788,0.0063371356147021,0.04675505931612,5,0.5031685678073511,0.0063371356147021,0.00668887015537345,0.06160755701011352,37.9121527,-122.5404887,0.06,0.2545,0.0,1
06041128200,Marin,5297,0.0,0.0,0,0.0,9.750709122383519,0.0,1,1331.1672684313455,12.38683465352651,0.015511892450879,0.0453410981697171,5,0.5077559462254395,0.015511892450879,0.0034104737845781496,0.1512519512262179,37.8939641,-122.5498544,0.0703,0.2544,0.0,1
06085509401,Santa Clara,4318,0.0,0.0,0,0.0,9.838502507571748,0.0,1,6490.129607025082,11.903777655910526,0.1142991533396048,0.0367965367965368,4,0.5571495766698024,0.1142991533396048,0.0422750875341531,1.1245325067450296,37.4069801,-122.1144634,0.0426,0.3374,0.0,1
06085509403,Santa Clara,4895,0.0,0.0,0,0.0,9.803335035671429,0.0,1,9298.632131813853,11.840436238789916,0.0645011600928074,0.0533796588755527,3,0.5322505800464037,0.0645011600928074,0.04737125573561285,0.6323264825792706,37.3981136,-122.0968319,0.0486,0.3564,0.0,1
06085509404,Santa Clara,6382,0.0,0.0,0,0.0,9.82210475260457,0.0,1,6085.534142649519,12.015220809132838,0.0927835051546391,0.0511068597977589,4,0.5463917525773195,0.0927835051546391,0.03330886796504329,0.9113293069426913,37.4018859,-122.1055733,0.026,0.2993,0.0,1
06085509500,Santa Clara,5409,0.0,0.0,0,0.0,9.778794370388809,0.0,1,5507.253401590539,11.89538120969554,0.0801526717557251,0.0495618011483832,4,0.5400763358778625,0.0801526717557251,0.04295062818592921,0.7837964953365067,37.3944485,-122.089659,0.061,0.3493,0.0,1
06085512005,Santa Clara,6633,0.0,0.0,0,0.0,9.303426593666485,0.0,1,2739.790370696346,12.083091121114945,0.0056791292001893,0.0759647523549073,4,0.5028395646000946,0.0056791292001893,0.02784832506168866,0.052835361629909004,37.2700187,-121.8655792,0.0629,0.3002,0.0,1
06085509600,Santa Clara,3630,0.0,0.0,0,0.0,9.734592853843187,0.0,1,3461.478631235511,12.157706641392156,0.0607476635514018,0.1006097560975609,5,0.5303738317757009,0.0607476635514018,0.021845092752439066,0.5913537714951462,37.3908184,-122.0804567,0.0675,0.2876,0.0,1
06085509700,Santa Clara,3040,0.0,0.0,0,0.0,9.70170776940825,0.0,1,2902.8277636920493,12.165906685772049,0.0422535211267605,0.0440140845070422,5,0.5211267605633803,0.0422535211267605,0.021185353717238842,0.40993131420034795,37.3853602,-122.0731927,0.0305,0.2667,0.0,1
06085509802,Santa Clara,3158,0.0,0.0,0,0.0,9.756984537383497,0.0,1,3400.549090398212,12.228973409816358,0.033989266547406,0.0227864583333333,5,0.516994633273703,0.033989266547406,0.0161112860967928,0.3316327481400465,37.3787663,-122.0823277,0.0111,0.2475,0.0,1
06085509901,Santa Clara,2472,0.0,0.0,0,0.0,9.790210059519378,0.0,1,1774.1151521872714,12.429224196812383,0.0167525773195876,0.005654281098546,5,0.5083762886597938,0.0167525773195876,0.0,0.1640112509971027,37.3694638,-122.0863812,0.0541,0.2346,0.0,1
06041129000,Marin,2922,0.0,0.0,0,0.0,9.486089696495467,0.0,1,2164.4199763602724,11.158362574789184,0.0844370860927152,0.1027639971651311,1,0.5422185430463576,0.0844370860927152,0.10224786373626815,0.8009777723862064,37.8688708,-122.5128206,0.1403,0.5412,0.0,1
06041132100,Marin,1742,0.0,0.0,0,0.0,10.246045121074902,0.0,1,32.48810664404874,11.481187089183015,0.0,0.0,2,0.5,0.0,0.07627484166489673,0.0,37.9216421,-122.6984111,0.1994,0.5191,0.0,1
06041102100,Marin,2105,0.0,0.0,0,0.0,10.312324166495161,0.0,1,223.62955130447256,11.710513231267912,0.0121827411167512,0.0642105263157894,3,0.5060913705583756,0.0121827411167512,0.05782428204399048,0.12563237563242763,38.1315685,-122.5915685,0.1505,0.4388,0.0,1
06041106002,Marin,5991,0.0,0.0,0,0.0,9.62463132044188,0.0,1,452.3671638886164,11.691916481667727,0.0633423180592991,0.0353422619047619,3,0.5316711590296496,0.0633423180592991,0.05932049365830472,0.6096464583029214,38.0055375,-122.5028107,0.0551,0.395,0.0,1
06085508602,Santa Clara,5575,0.0,0.0,0,0.0,9.463450487350311,0.0,1,4158.467566103188,12.09563258412905,0.0822081016679904,0.0512465373961218,4,0.5411040508339952,0.0822081016679904,0.02683929482653369,0.7779722997940878,37.3727792,-122.0289163,0.0421,0.2864,0.0,1
06085509902,Santa Clara,5157,0.0,0.0,0,0.0,9.717418546055839,0.0,1,2313.538512444746,12.411141835236327,0.1167597765363128,0.0222902097902097,5,0.5583798882681564,0.1167597765363128,0.0014548262457678707,1.1346036179473014,37.3700086,-122.0718854,0.0691,0.2518,0.0,1
06075026201,San Francisco,3651,4.574819835850686,100.0,1,0.0,6.914817596520355,0.5372445950755206,0,8351.333610345428,11.730058992216227,0.0640495867768595,0.2788006312467123,3,0.26340249585066944,0.0,0.0260307861728793,0.44289120969448553,37.7097064,-122.4583017,0.1252,0.3148,0.5372445950755206,0
06075026202,San Francisco,3863,8.893696029248574,99.99999999999996,1,0.0,6.837052787973021,0.6668108808774571,0,11452.11592032908,11.838957679430482,0.138030888030888,0.3813049514113836,3,0.23561000357671547,6.129802800053952e-17,0.01582322258089486,0.9437244678379747,37.7134049,-122.4483179,0.2055,0.3021,0.6668108808774571,0
06075012405,San Francisco,3921,50.81344579112593,100.0,1,0.0,5.756524406858659,0.7,0,13282.634729800318,11.536241520784817,0.6973058637083994,0.2836431226765799,2,0.49865293185419973,0.0,0.021553622218591466,4.014058223483059,37.7795195,-122.417462,0.0636,0.2994,0.7,0
06075020101,San Francisco,3924,22.93413924509581,99.99999999999996,1,0.0,6.3363007728335825,0.6999999999999998,0,12856.223199679423,11.814687941630014,0.4755507791509941,0.2737963983829474,3,0.3877753895754971,2.111869697567466e-16,0.014832854700777873,3.013232769456056,37.7702373,-122.4201473,0.0481,0.2242,0.6999999999999998,0
06075017603,San Francisco,4815,52.28201768615232,100.0,1,0.0,5.845346741307034,0.7,0,19364.455012217182,11.414110149348405,0.6708177667081777,0.4074349442379182,2,0.4854088833540889,0.0,0.02450146601404896,3.9211624466385087,37.7763092,-122.4143407,0.0454,0.319,0.7,0
06075017803,San Francisco,2523,31.60436347888204,100.0,1,0.0,6.523255604520669,0.7,0,13289.634842869897,11.375190965942126,0.5656903765690376,0.3021060275962237,1,0.43284518828451884,0.0,0.025440845241344417,3.6901429193773825,37.773426,-122.4120419,0.0392,0.3231,0.7,0
06075012503,San Francisco,4368,73.44398728038436,100.0,1,0.0,5.721112420955329,0.7,0,40100.41705508986,10.574746933338044,0.7540385617509119,0.322014714204867,1,0.5270192808754559,0.0,0.04476089337780088,4.313939381512434,37.7834657,-122.4105086,0.1104,0.4069,0.7,0
06075017804,San Francisco,3482,31.22176954023343,100.0,1,0.0,6.482231242286323,0.7,0,10871.42015390928,11.733465630414324,0.4611624117327539,0.1304520222045995,3,0.380581205866377,0.0,0.01679329028218416,2.989361393102166,37.7776291,-122.4067243,0.04,0.2385,0.7,0
06085508403,Santa Clara,3320,0.0,0.0,0,0.0,9.590137872043565,0.0,1,2608.160519986156,12.427218202181711,0.0,0.0338616714697406,5,0.5,0.0,0.00016139339019938248,0.0,37.3556397,-122.0415378,0.0396,0.235,0.0,1
06075017602,San Francisco,3199,62.2199880942014,99.99999999999996,2,50.4,5.615720701063033,0.7755999999999998,0,11708.33775960884,11.151553794372575,0.6380175658720201,0.143638170974155,1,0.4312087829360101,2.8333671669856567e-16,0.023067347870434515,3.5829284523093503,37.7821241,-122.4070181,0.0631,0.3482,0.7755999999999998,0
06075061503,San Francisco,3205,21.288850798878475,100.0,1,0.0,6.3609977323010645,0.7,0,13646.153362081102,12.309450196412257,0.499141385231826,0.1220379146919431,5,0.39957069261591305,0.0,0.002890944724390199,3.1750372195572574,37.7857922,-122.3965353,0.1011,0.14,0.7,0
06075060703,San Francisco,6256,37.49708340913234,100.0,1,0.0,7.300447567560118,0.7,0,18044.750292887067,12.368922520259535,0.2924357582338038,0.156958648288128,5,0.2962178791169019,0.0,0.0014554812657168183,2.134911919865572,37.7749279,-122.3957079,0.0542,0.1084,0.7,0
06075061402,San Francisco,2331,20.317367007300888,99.99999999999996,1,0.0,7.668868590826429,0.6999999999999998,0,5919.972811752296,12.070688108321969,0.0782459157351676,0.1384903306300686,4,0.18912295786758387,3.4748166892825164e-17,0.008653864862676578,0.6000576455418783,37.7565832,-122.3947008,0.0898,0.1774,0.6999999999999998,0
06075061502,San Francisco,1901,9.288787131668183,99.99999999999996,1,0.0,7.020671511973468,0.6786636139500454,0,8828.99216865061,11.444689449852365,0.4457564575645756,0.3503649635036496,2,0.3835464218072651,1.9795563302541535e-16,0.025453466163227977,3.129509662901826,37.7817147,-122.3929796,0.2938,0.4401,0.6786636139500454,0
06075017903,San Francisco,3136,2.588822358332008,70.80632794828496,1,0.0,8.236528412321682,0.3608899825431001,0,624.5036089022444,11.472113887062386,0.1501597444089457,0.3557242990654206,2,0.39463488093292276,0.04383714333644111,0.04921455893678191,1.2367950012112432,37.8194586,-122.3704229,0.1852,0.4421,0.3608899825431001,0
06075045201,San Francisco,3104,22.60343340416776,99.99999999999996,1,0.0,8.42943653034896,0.6999999999999998,0,8770.132160817091,11.846966176400027,0.245311327831958,0.3182912154031287,3,0.27265566391597906,1.089401137441639e-16,0.014053765814965721,2.0678362681351166,37.7770419,-122.4696013,0.0951,0.2371,0.6999999999999998,0
06075035102,San Francisco,4458,12.88432990361609,99.99999999999996,1,0.0,8.671502553487242,0.6999999999999998,0,8205.47753004579,11.999798502258967,0.0872226472838561,0.2412668840242198,4,0.19361132364192812,3.873463651331837e-17,0.010364903418434117,0.7563514086438753,37.754778,-122.4990243,0.1854,0.2421,0.6999999999999998,0
06075980600,San Francisco,1172,1.4463368902731346,53.809395977927664,1,0.0,8.624078861127778,0.2586276906199047,0,282.51780590001897,11.822254051948098,0.1123809523809523,0.1884272997032641,3,0.42687663088052374,0.05190944071051935,0.03620425948533541,0.9691821958219782,37.7231655,-122.3685424,0.0475,0.3096,0.2586276906199047,0
06081606800,San Mateo,3809,0.0,0.0,0,0.0,9.102180798783245,0.0,1,1319.162616440086,12.182363798883367,0.0114068441064638,0.0346175321049692,5,0.5057034220532319,0.0114068441064638,0.019861287721588128,0.10382715740056862,37.5294842,-122.337771,0.0659,0.2815,0.0,1
06081606000,San Mateo,5476,0.0,0.0,0,0.0,8.597192794556955,0.0,1,7098.027697139841,11.550356115378294,0.0281288218507949,0.061865189289012,2,0.5140644109253975,0.0281288218507949,0.07070981000242027,0.24182890453503017,37.581314,-122.3324333,0.0705,0.4391,0.0,1
06081609100,San Mateo,1478,0.0,0.0,0,0.0,9.637346747599665,0.0,1,443.4262548073198,12.273913520390407,0.0070671378091872,0.054147465437788,5,0.5035335689045936,0.0070671378091872,0.012495605032356472,0.06810845758020888,37.5092723,-122.2562667,0.0714,0.2701,0.0,1
06081610304,San Mateo,4497,0.0,0.0,0,0.0,9.54824095090792,0.0,1,1198.1609867431373,12.148459422397805,0.0491894913359418,0.0459670424978317,5,0.5245947456679709,0.0491894913359418,0.022589082791392823,0.46967311552816976,37.534191,-122.2577671,0.036,0.2737,0.0,1
06081606100,San Mateo,5091,0.0,0.0,0,0.0,8.806663995444929,0.0,1,970.7073905377868,11.835798507440446,0.0472334682860998,0.0133679910880059,3,0.5236167341430499,0.0472334682860998,0.047744386936404926,0.41596928453518495,37.5807361,-122.3144888,0.0304,0.3481,0.0,1
06081606300,San Mateo,3817,0.0,0.0,0,0.0,8.868316748515925,0.0,1,3745.831636684514,11.687743943943033,0.1830508474576271,0.1166212534059945,3,0.5915254237288136,0.1830508474576271,0.05965619745273487,1.623352896338508,37.5653494,-122.3193395,0.0768,0.407,0.0,1
06081606400,San Mateo,4739,0.0,0.0,0,0.0,8.841080876144762,0.0,1,5170.413812523196,11.90190204807357,0.0975809758097581,0.0869744435284418,4,0.548790487904879,0.0975809758097581,0.04242599058387331,0.8627212991071969,37.561382,-122.3256207,0.1628,0.3987,0.0,1
06081603900,San Mateo,5633,0.0,0.0,0,0.0,7.706121244916245,0.0,1,2857.349492629045,11.74553606205735,0.0218943360304616,0.0778151889263,3,0.5109471680152308,0.0218943360304616,0.05500650112421113,0.16872040802767532,37.614101,-122.4171185,0.0438,0.3778,0.0,1
06081613200,San Mateo,6851,0.0,0.0,0,0.0,10.251367749362243,0.0,1,169.8498717915145,12.422272142609952,0.0456692913385826,0.013228459063282,5,0.5228346456692913,0.0456692913385826,0.0005593313059888416,0.4681727003645741,37.3746166,-122.2171166,0.0315,0.2313,0.0,1
06095253203,Solano,3922,0.0,0.0,0,0.0,10.556734796879436,0.0,1,2138.625974874558,11.397918572260597,0.0126671358198451,0.0,1,0.5063335679099226,0.0126671358198451,0.082974255530468,0.13372359348615667,38.3622131,-121.996768,0.1607,0.5204,0.0,1
06095253402,Solano,8310,0.0,0.0,0,0.0,10.774924418654974,0.0,1,496.1038474850126,11.41705312718471,0.0415680973301791,0.0,2,0.5207840486650895,0.0415680973301791,0.08143477449600245,0.4478931069599734,38.4426719,-121.8165138,0.0512,0.4609,0.0,1
06095252903,Solano,4508,0.0,0.0,0,0.0,10.762211070115699,0.0,1,19.71607361833588,11.678372104539338,0.0,0.0,3,0.5,0.0,0.06041021389457346,0.0,38.4377715,-122.0314619,0.116,0.4295,0.0,1
06081610202,San Mateo,4681,0.0,0.0,0,0.0,9.82786485922106,0.0,1,2707.195447260565,12.061774932080343,0.1729559748427672,0.0939125114713979,4,0.5864779874213836,0.1729559748427672,0.029563330656331432,1.6997879473495536,37.4894615,-122.2304251,0.0174,0.2835,0.0,1
06081603400,San Mateo,5819,0.0,0.0,0,0.0,8.750473629836629,0.0,1,502.65793914777726,11.890059683310332,0.0066634935744883,0.0126050420168067,3,0.5033317467872441,0.0066634935744883,0.04337877448862226,0.058308724806145684,37.5945277,-122.4628764,0.1143,0.3775,0.0,1
06081611800,San Mateo,4558,0.0,0.0,0,0.0,9.664991504076918,0.0,1,749.180409575203,11.666067064418515,0.0216962524654832,0.0395204262877442,3,0.5108481262327416,0.0216962524654832,0.0614002225971263,0.209694095749203,37.4772604,-122.1329779,0.0395,0.3946,0.0,1
06081608100,San Mateo,3564,0.0,0.0,0,0.0,9.37929265263082,0.0,1,4194.010082191318,12.251590795829186,0.0045283018867924,0.0295796574987026,5,0.5022641509433962,0.0045283018867924,0.01429159199081409,0.04247226861568624,37.562035,-122.2617686,0.0882,0.2819,0.0,1
06081613300,San Mateo,2734,0.0,0.0,0,0.0,9.976208584207894,0.0,1,294.1243593118049,12.429224196812383,0.0059031877213695,0.0,5,0.5029515938606848,0.0059031877213695,0.0,0.05889143202011704,37.4406529,-122.2489961,0.011,0.213,0.0,1
06081607300,San Mateo,3853,0.0,0.0,0,0.0,9.197461545931386,0.0,1,2977.537355357088,12.377173147776812,0.0191235059760956,0.064066852367688,5,0.5095617529880478,0.0191235059760956,0.004187795489996815,0.17588771083852833,37.5342152,-122.3119515,0.104,0.2723,0.0,1
06081613600,San Mateo,5814,0.0,0.0,0,0.0,9.398059623062034,0.0,1,216.27827286454928,12.019224860803707,0.020754716981132,0.0492542490461325,4,0.510377358490566,0.020754716981132,0.032986719807807874,0.19505406764845662,37.5411764,-122.5000467,0.0354,0.3029,0.0,1
06081600100,San Mateo,5175,0.0,7.763441811637539,0,0.0,8.293793576815853,0.031053767246550158,0,309.8691788069833,11.909854242056106,0.0148325358851674,0.0647596344854986,4,0.4918893843193086,0.013681020592532173,0.04048857379171629,0.12301799085229202,37.6877413,-122.4084093,0.0854,0.3503,0.031053767246550158,0
06081603100,San Mateo,3368,0.0,0.0,0,0.0,8.765486063975645,0.0,1,404.1939944276991,12.188153044227223,0.0114840989399293,0.0496333897349125,5,0.5057420494699647,0.0114840989399293,0.01939551083542168,0.10066370921526775,37.6187443,-122.4730158,0.0609,0.2782,0.0,1
06081605600,San Mateo,6032,0.0,0.0,0,0.0,8.349352139928834,0.0,1,702.4027397423756,12.429224196812383,0.0218487394957983,0.019739439399921,5,0.5109243697478991,0.0218487394957983,0.0,0.1824228198639912,37.564885,-122.3690847,0.0782,0.2466,0.0,1
06081604600,San Mateo,2565,0.0,0.0,0,0.0,7.9256049063061615,0.0,1,1803.5197453937024,11.973617122068514,0.0240549828178694,0.0536858974358974,4,0.5120274914089347,0.0240549828178694,0.03665611525944745,0.19065028984241614,37.6002716,-122.4182149,0.1018,0.3462,0.0,1
06081606500,San Mateo,3479,0.0,0.0,0,0.0,8.878417501285922,0.0,1,2432.418757088665,12.332158891705037,0.0134529147982062,0.0500618046971569,5,0.506726457399103,0.0134529147982062,0.0078094419708222285,0.1194405941877023,37.5533155,-122.3309357,0.0241,0.2386,0.0,1
06081606600,San Mateo,3838,0.0,0.0,0,0.0,8.999258653150479,0.0,1,3428.811583835342,12.251165506901074,0.0142083897158322,0.0632043116119549,5,0.5071041948579161,0.0142083897158322,0.014325808843079213,0.1278649740975372,37.5528991,-122.3170375,0.12,0.2979,0.0,1
06081606700,San Mateo,2497,0.0,0.0,0,0.0,9.068775857932517,0.0,1,1277.0254376033322,12.057694439538304,0.0458811261730969,0.0438184663536776,4,0.5229405630865485,0.0458811261730969,0.02989162890547603,0.41608564937333686,37.5404786,-122.32346,0.0775,0.3156,0.0,1
06081606900,San Mateo,2797,0.0,0.0,0,0.0,9.172580625129472,0.0,1,813.8159077965438,12.429224196812383,0.0096670247046186,0.0204545454545454,5,0.5048335123523093,0.0096670247046186,0.0,0.08867156350823252,37.5199653,-122.3457246,0.0432,0.2291,0.0,1
06081600600,San Mateo,4845,0.0,31.780484586182716,0,0.0,6.894112962752353,0.12712193834473087,0,6297.191502265704,11.547983680785292,0.1098535286284953,0.1702127659574468,2,0.4913657951418822,0.07494154489533852,0.061887652946118005,0.7573426357217962,37.6975475,-122.4665757,0.0974,0.4279,0.12712193834473087,0
06081601100,San Mateo,6277,0.0,0.0,0,0.0,7.701651901455546,0.0,1,6428.648064380063,11.90754530855819,0.0261612386545648,0.1332752613240418,4,0.5130806193272824,0.0261612386545648,0.04197195898904005,0.20148475342836134,37.692162,-122.4894101,0.1249,0.3772,0.0,1
06081601200,San Mateo,6754,0.0,8.890787798910816,0,0.0,7.277396932895038,0.03556315119564327,0,3442.788572408695,11.804654338067623,0.0474158368895211,0.1378178835110746,3,0.5059263428469389,0.0432001954485961,0.04846305585029682,0.34506386595045224,37.6932893,-122.4784394,0.0916,0.3809,0.03556315119564327,0
06081613502,San Mateo,6164,0.0,0.0,0,0.0,9.34840672985461,0.0,1,233.6564896502468,12.279959521815433,0.0094494658997534,0.0331125827814569,5,0.5047247329498767,0.0094494658997534,0.012009170695885474,0.08833745061078632,37.5209859,-122.4708313,0.1028,0.2849,0.0,1
06081612900,San Mateo,4441,0.0,0.0,0,0.0,10.089782446487161,0.0,1,2790.7735426507443,12.429224196812383,0.0218068535825545,0.0306627101879327,5,0.5109034267912772,0.0218068535825545,0.0,0.22002640849037405,37.4321826,-122.2034339,0.0519,0.2335,0.0,1
06081605700,San Mateo,5226,0.0,0.0,0,0.0,8.813875189693064,0.0,1,647.6732067619233,12.429224196812383,0.0170789163722025,0.0114406779661016,5,0.5085394581861012,0.0170789163722025,0.0,0.15053143727979829,37.5480176,-122.3482411,0.0949,0.255,0.0,1
06055201402,Napa,2415,0.0,0.0,0,0.0,10.590980303137533,0.0,1,75.44325972791565,12.037825576817157,0.0176297747306562,0.0072463768115942,4,0.5088148873653281,0.0176297747306562,0.03149018907355494,0.18671659692113163,38.3227889,-122.2248883,0.0516,0.3074,0.0,1
06055201403,Napa,739,0.0,0.0,0,0.0,10.77504445198934,0.0,1,3.102584143637562,12.199068171377291,0.0,0.0,5,0.5,0.0,0.01851732833768638,0.0,38.4219801,-122.1823391,0.0366,0.2645,0.0,1
06055201101,Napa,1894,0.0,0.0,0,0.0,10.624793763366128,0.0,1,1094.5739212827375,11.66330045441245,0.0160295930949445,0.0234636871508379,3,0.5080147965474723,0.0160295930949445,0.06162281171147932,0.17031112074446306,38.3068422,-122.3458092,0.0939,0.423,0.0,1
06055201005,Napa,2688,0.0,0.0,0,0.0,10.318040631636748,0.0,1,68.9717785764429,11.518917476956224,0.021523178807947,0.0059777967549103,2,0.5107615894039735,0.021523178807947,0.07323922277382511,0.22207703346238014,38.2033546,-122.2809609,0.1153,0.4701,0.0,1
06055201401,Napa,2548,0.0,0.0,0,0.0,10.787046540905836,0.0,1,24.71772137762685,11.88918830727018,0.0267379679144385,0.0180257510729613,3,0.5133689839572193,0.0267379679144385,0.04344888152236415,0.288423704302295,38.4066026,-122.2800482,0.1391,0.3904,0.0,1
06097151800,Sonoma,4786,0.0,0.0,0,0.0,11.059647565688845,0.0,1,1897.2319565925557,11.707315569656984,0.0150300601202404,0.0159377316530763,3,0.5075150300601202,0.0150300601202404,0.05808155164990425,0.16622716782097374,38.4427045,-122.6913822,0.0749,0.4018,0.0,1
06075015701,San Francisco,4926,31.30133701237468,100.0,1,0.0,8.0393829263995,0.7,0,10279.359074863843,11.908629757599385,0.1314237573715248,0.3377289377289377,4,0.21571187868576241,0.0,0.012565412715296655,1.056565911135907,37.7784855,-122.4507192,0.0853,0.2169,0.7,0
06075015402,San Francisco,2848,18.33992111920953,100.0,1,0.0,8.122959153611648,0.7,0,8705.349224584792,12.351531373841341,0.0894371626831148,0.2065607380830343,5,0.19471858134155742,0.0,0.0018752455118872138,0.7264944192898615,37.7855854,-122.4514018,0.0723,0.1202,0.7,0
06075015702,San Francisco,3273,30.77256327630493,99.99999999999991,1,0.0,7.8947016893122814,0.6999999999999997,0,9156.236327576911,12.253929040539514,0.108479755538579,0.214095744680851,5,0.20423987776928965,9.6349377843711e-17,0.004231040171867477,0.8564153093066029,37.7794926,-122.4443716,0.055,0.1247,0.6999999999999997,0
06075016602,San Francisco,2098,43.171216101626506,99.99999999999996,1,0.0,7.941981138380225,0.6999999999999998,0,15095.535230202067,12.24356590595731,0.2747148288973384,0.2798377752027809,5,0.28735741444866925,1.2199789129911415e-16,0.004481171662412067,2.1817799895360124,37.7699467,-122.4511458,0.1593,0.1794,0.6999999999999998,0
06075016601,San Francisco,3202,53.87231493668346,100.0,1,0.0,7.7429026994748735,0.7,0,15681.74112975095,11.975747115437738,0.3936899862825789,0.3451449608835711,4,0.34684499314128947,0.0,0.010945423644967601,3.048303257543606,37.7708668,-122.4449409,0.0773,0.1933,0.7,0
06075012504,San Francisco,612,114.09241968744156,100.0,1,0.0,5.327038145723941,0.7,0,23274.85361623808,10.153000358870406,0.7647058823529411,0.7804878048780488,1,0.5323529411764706,0.0,0.05494044845998693,4.073617405553602,37.7811411,-122.4129545,0.3073,0.5082,0.7,0
06075020102,San Francisco,3310,57.04392854808231,100.0,2,50.4,2.7232783698540888,0.7756,0,23601.925436769056,11.662009042978752,0.5776173285198556,0.3378947368421052,3,0.4010086642599278,0.0,0.013851474379585177,1.573012776811026,37.7650522,-122.419688,0.0505,0.2469,0.7756,0
06081607100,San Mateo,2998,0.0,0.0,0,0.0,9.295092289916353,0.0,1,2413.2923524150638,12.429224196812383,0.0284090909090909,0.0781671159029649,5,0.5142045454545454,0.0284090909090909,0.0,0.2640651218726236,37.5272105,-122.3046072,0.1301,0.2726,0.0,1
06081607200,San Mateo,4424,0.0,0.0,0,0.0,9.291638328164913,0.0,1,4386.5697777769565,11.685609058785756,0.0905861456483126,0.1829222011385199,3,0.5452930728241563,0.0905861456483126,0.05982796080042829,0.8416937029065906,37.53317,-122.2974907,0.1074,0.4233,0.0,1
06081607400,San Mateo,4799,0.0,0.0,0,0.0,9.11068345970144,0.0,1,4233.99979474242,11.911896196861948,0.1094301563287947,0.1051617873651772,4,0.5547150781643974,0.1094301563287947,0.041621905901666034,0.9969835152572927,37.5442997,-122.3122363,0.0701,0.3483,0.0,1
06081607500,San Mateo,6214,0.0,0.0,0,0.0,9.181348623524412,0.0,1,3166.7673903391105,12.216621806949513,0.076463560334528,0.1240816326530612,5,0.538231780167264,0.076463560334528,0.017105041030428425,0.7020386044271946,37.5467322,-122.2997355,0.0631,0.2751,0.0,1
06013304002,Contra Costa,1997,0.0,0.0,0,0.0,9.993773476567316,0.0,1,20.69753336815357,11.268366736900534,0.0294627383015597,0.0,1,0.5147313691507799,0.0294627383015597,0.09339741898046738,0.2944439325851713,37.8583363,-121.6220116,0.3907,0.653,0.0,1
06075020802,San Francisco,2523,28.904802884175027,100.0,1,0.0,5.92425234089557,0.7,0,18231.7044191934,11.68713924237002,0.4586919104991394,0.2865887590428492,3,0.3793459552495697,0.0,0.017911454714108703,2.7174066245243877,37.7618332,-122.4193778,0.0863,0.2723,0.7,0
06075020801,San Francisco,3743,14.443067932080906,100.0,1,0.0,6.403753538261649,0.7,0,18020.13442325961,11.529753083076487,0.3904698874917273,0.3812694185530404,2,0.34523494374586366,0.0,0.021710231455151687,2.5004729236097765,37.7578341,-122.418996,0.0963,0.3171,0.7,0
06075061401,San Francisco,2989,55.58107299557053,100.0,1,0.0,7.399813970136728,0.7,0,7223.122921033057,11.842509748298442,0.276566757493188,0.1895565092989985,3,0.28828337874659404,0.0,0.014161329119746937,2.046542555773509,37.7537616,-122.3999432,0.1245,0.2531,0.7,0
06075020702,San Francisco,2248,28.80712454790072,100.0,1,0.0,6.284468291307972,0.7,0,16189.603995920206,11.877908798454563,0.4974958263772955,0.2938511326860841,3,0.3987479131886478,0.0,0.01330691416361798,3.1264967459261697,37.7615686,-122.4237834,0.0188,0.193,0.7,0
06075060702,San Francisco,1945,30.99344115043972,99.99999999999996,1,0.0,7.455131843374317,0.6999999999999998,0,3546.0142963297208,11.858881162515992,0.3320388349514563,0.1770592763664357,3,0.31601941747572826,1.4745486385312759e-16,0.013766177806399101,2.475393291683511,37.768089,-122.4003072,0.0847,0.2293,0.6999999999999998,0
06081607701,San Mateo,4298,0.0,0.0,0,0.0,8.991883766405032,0.0,1,3490.290050628826,11.913940687004763,0.0230547550432276,0.0826722338204593,4,0.5115273775216138,0.0230547550432276,0.04145741533407776,0.20730567761164276,37.5711424,-122.3033906,0.0543,0.3399,0.0,1
06081607702,San Mateo,3299,0.0,0.0,0,0.0,9.03529001860767,0.0,1,5326.061813307779,11.937382414259984,0.0336134453781512,0.0528483184625943,4,0.5168067226890756,0.0336134453781512,0.03957139840461943,0.30370722751622364,37.5649305,-122.302688,0.0693,0.3406,0.0,1
06081607800,San Mateo,3432,0.0,0.0,0,0.0,9.128959180994558,0.0,1,3225.70269439977,12.083989753727959,0.0126012601260126,0.0161676646706586,4,0.5063006300630063,0.0126012601260126,0.027776025085537004,0.11503638931946336,37.5604085,-122.2954266,0.0479,0.2925,0.0,1
06081607900,San Mateo,3182,0.0,0.0,0,0.0,9.195364536646824,0.0,1,1954.013665264236,11.80412384794957,0.0572095738470519,0.0565646081992734,3,0.528604786923526,0.0572095738470519,0.050292788911404984,0.5260628865098587,37.5615414,-122.2864296,0.0768,0.3811,0.0,1
06081608002,San Mateo,3551,0.0,0.0,0,0.0,9.392117417226352,0.0,1,3078.365681786071,12.255719585419588,0.0076511094108645,0.026797385620915,5,0.5038255547054322,0.0076511094108645,0.013959407976347649,0.07186011795888493,37.5485489,-122.2676162,0.0549,0.2645,0.0,1
06075012001,San Francisco,1912,127.14244854875534,100.0,1,0.0,6.980501272664763,0.7,0,30387.045203152524,11.382782610474528,0.6549549549549549,0.2200716845878136,1,0.4774774774774775,0.0,0.02525760827307854,4.571913896601155,37.7884288,-122.4186288,0.0573,0.3313,0.7,0
06075010101,San Francisco,2121,18.603244815641144,100.0,1,0.0,7.667868850951922,0.7,0,1578.2992901589946,11.336391129857876,0.397708674304419,0.2387475538160469,1,0.3488543371522095,0.0,0.026377343822507674,3.049577955452237,37.8083492,-122.4093204,0.0127,0.3162,0.7,0
06075010102,San Francisco,1908,87.98846242935377,100.0,1,0.0,7.595027109803294,0.7,0,23983.14090217243,11.780445645598057,0.3839479392624729,0.3151010701545779,1,0.3419739696312365,0.0,0.04551129022074418,2.9160950074515903,37.80469,-122.4139437,0.0975,0.4065,0.7,0
06075060701,San Francisco,7879,7.857803917537205,98.2491241816654,1,0.0,7.663229928664773,0.6287306142527778,0,3869.4773166422274,12.313549420331153,0.2544191919191919,0.2133410005750431,5,0.31284428883320703,0.004454564108515446,0.003455284298568506,1.949672765941858,37.7743735,-122.3835948,0.1641,0.1853,0.6287306142527778,0
06075033001,San Francisco,4075,26.044228918778305,100.0,1,0.0,8.302046653933587,0.7,0,7075.348856268105,11.906587860959242,0.0169117647058823,0.2879141390573961,4,0.15845588235294117,0.0,0.012614697287072287,0.1404022595885823,37.740465,-122.490765,0.126,0.238,0.7,0
06075033002,San Francisco,4288,7.444066556537622,99.99999999999996,1,0.0,8.172683963492847,0.6233219966961285,0,4560.022484919046,12.062675604181136,0.09251968503937,0.2237483385024368,4,0.23459884417162075,4.108699382471048e-17,0.011108560743605543,0.7561341462286683,37.7381305,-122.4812569,0.0975,0.1987,0.6233219966961285,0
06075031401,San Francisco,2533,45.56910509806538,99.99999999999996,1,0.0,7.149037268646056,0.6999999999999998,0,7695.102880893307,11.483949692733654,0.1201298701298701,0.2600619195046439,2,0.21006493506493512,5.334837910536465e-17,0.022815772467628892,0.858812918636052,37.7128911,-122.4571078,0.0828,0.3201,0.6999999999999998,0
06075025501,San Francisco,4397,14.907071750448369,100.0,1,0.0,6.5558374640374995,0.7,0,8193.299310840184,11.921312965393874,0.0196078431372549,0.3232235701906412,4,0.15980392156862747,0.0,0.012259282398705997,0.12854583262818625,37.7256849,-122.4411925,0.1902,0.2651,0.7,0
06075010202,San Francisco,1859,35.05218544913966,100.0,1,0.0,7.914977098182207,0.7,0,2961.9096704523013,12.24889743312079,0.1595940959409594,0.2503556187766714,5,0.22979704797047973,0.0,0.004352486386185862,1.2631836143777877,37.8106454,-122.4245951,0.0341,0.1154,0.7,0
06075061504,San Francisco,1567,0.0,99.99999999999994,0,0.0,6.817869123527813,0.3999999999999998,0,16435.375166565063,12.417402691358834,0.1975460122699386,0.0909856781802864,5,0.3987730061349694,1.0966006562248476e-16,0.000570663394578408,1.3468428575312608,37.7852562,-122.3924125,0.0792,0.1759,0.3999999999999998,0
06075061507,San Francisco,1772,36.17709155920725,99.99999999999991,2,50.4,6.457482620642442,0.7755999999999997,0,2787.2089670832715,11.681579038998763,0.6563342318059299,0.2849663425579656,3,0.44036711590296507,5.829419008004865e-16,0.013498153284289743,4.2382668952195,37.7907617,-122.3891967,0.1047,0.2681,0.7755999999999997,0
06075025502,San Francisco,3846,38.86838342576629,99.99999999999991,1,0.0,5.739603864871649,0.6999999999999997,0,7118.466793118912,11.991647230585656,0.1252019386106623,0.2775193798449612,4,0.2126009693053313,1.1120165997861014e-16,0.010561647918595327,0.7186095307391803,37.7304262,-122.4333557,0.0543,0.1779,0.6999999999999997,0
06075016101,San Francisco,2355,57.0366030528572,100.0,1,0.0,7.3720551071048,0.7,0,19188.74288421124,10.258466058337035,0.5672025723472669,0.3527918781725888,1,0.43360128617363347,0.0,0.05239485837817773,4.181448620235649,37.7795615,-122.4319544,0.1218,0.4148,0.7,0
06075990200,San Francisco,0,0.0,3.356730293943172,0,0.0,7.825145770621072,0.01342692117577269,0,0.0,11.780445645598057,0.050834597875569,0.0510949092613641,1,0.49328653941211364,0.0,0.04551129022074418,0.0,37.8046349,-122.3728662,0.0999,0.5451,0.01342692117577269,0
06075016102,San Francisco,2618,24.373232753871484,100.0,1,0.0,7.056149041455127,0.7,0,10634.853891605924,11.780445645598057,0.55470737913486,0.6194285714285714,1,0.42735368956743003,0.0,0.04551129022074418,3.914097941570528,37.7801932,-122.4270222,0.1623,0.4389,0.7,0
06075012801,San Francisco,2591,30.178530102743867,100.0,1,0.0,8.105623762443242,0.7,0,8688.063499578819,12.429224196812383,0.1896125309150865,0.1278244028405422,5,0.24480626545754328,0.0,0.0,1.536927836242329,37.7974428,-122.4438958,0.093,0.114,0.7,0
06075010402,San Francisco,2077,72.34768288505168,100.0,1,0.0,7.125390532217411,0.7,0,10733.295525160882,12.216275419764354,0.3549883990719257,0.1488372093023255,5,0.32749419953596287,0.0,0.005139872940001545,2.5294309777941155,37.8018998,-122.4052575,0.114,0.1607,0.7,0
06075061101,San Francisco,1861,60.76531378697047,100.0,1,0.0,6.456165474350275,0.7,0,9423.687413129335,9.87980942518155,0.6758241758241759,0.238244514106583,1,0.48791208791208796,0.0,0.061534366053626895,4.363232710687274,37.7956249,-122.4033562,0.1724,0.4416,0.7,0
06075047904,San Francisco,3145,2.258472886957272,28.442628687293485,1,0.0,9.088836703678316,0.18152470135789212,0,645.7179299527836,11.349005554556825,0.3596304193319118,0.237550471063257,1,0.5890528589870099,0.25734207451477964,0.07113334362780552,3.268622154983104,37.7824917,-122.5098754,0.1326,0.478,0.18152470135789212,0
06075061102,San Francisco,2393,70.78252250038666,100.0,1,0.0,6.757797961808997,0.7,0,56460.85878114176,10.22015787614662,0.6924664602683178,0.2073039742212674,1,0.49623323013415893,0.0,0.05331949007482631,4.679548433822329,37.7954828,-122.4073658,0.1504,0.4294,0.7,0
06075061501,San Francisco,1656,76.85781259190074,100.0,2,50.4,5.268487195848947,0.7756,0,3977.391801630863,12.384837886121352,0.3034420289855072,0.0968045112781954,5,0.2639210144927536,0.0,0.0008013604036221296,1.5986804443925697,37.7878384,-122.4001079,0.016,0.0725,0.7756,0
06075012403,San Francisco,2431,130.4495749128574,100.0,1,0.0,6.126506068455782,0.7,0,52853.81943552605,10.45544552265826,0.7529411764705882,0.4361510791366906,1,0.5264705882352941,0.0,0.0476404313632138,4.612898686837295,37.7829458,-122.4166093,0.0719,0.3882,0.7,0
06075047903,San Francisco,3981,22.951352752310488,100.0,1,0.0,8.919481022283843,0.7,0,10152.148367438673,11.903405522601316,0.1002785515320334,0.1628937007874015,4,0.20013927576601673,0.0,0.01269150831664745,0.8944326373320843,37.775421,-122.50374,0.0615,0.2071,0.7,0
06075035101,San Francisco,4018,13.07539009861997,99.99999999999996,1,0.0,8.758474533406794,0.6999999999999998,0,10507.383483251007,11.498633824253364,0.1585051546391752,0.1243550051599587,2,0.22925257731958767,7.03904288808733e-17,0.0224613465287161,1.3882633603209216,37.7616792,-122.4993329,0.0459,0.2995,0.6999999999999998,0
06075061506,San Francisco,4541,8.857856170632184,100.0,1,0.0,6.651780987309374,0.6657356851189655,0,40223.524870840745,12.429224196812383,0.211053412462908,0.0847546575701915,5,0.27265886367197123,0.0,0.0,1.403881076327535,37.7876594,-122.3910165,0.0871,0.1179,0.6657356851189655,0
06075061505,San Francisco,1061,0.0,100.0,0,0.0,6.540042792458776,0.4,0,49851.61235609069,12.429224196812383,0.032442748091603,0.1291079812206572,5,0.3162213740458015,0.0,0.0,0.21217696082404391,37.7891027,-122.3906438,0.243,0.249,0.4,0
06075045202,San Francisco,3358,50.35746901893021,99.99999999999996,1,0.0,8.355349558905289,0.6999999999999998,0,14091.698413797303,11.947146464076193,0.2558139534883721,0.2392197125256673,4,0.27790697674418613,1.1360421647327184e-16,0.011635747938149471,2.137415003440888,37.7772373,-122.465624,0.1022,0.2142,0.6999999999999998,0
06075012406,San Francisco,1533,111.41913264613818,100.0,1,0.0,6.430916654511141,0.7,0,24400.79004950426,10.391760771831608,0.7906026557711952,0.2220689655172413,1,0.5453013278855976,0.0,0.04917756875372735,5.0842997860997174,37.783094,-122.4192115,0.0166,0.3612,0.7,0
06075012404,San Francisco,2586,43.499409062461694,100.0,1,0.0,6.049749544964762,0.7,0,56244.73591776298,10.234695959482242,0.856396866840731,0.4729272419627749,1,0.5781984334203656,0.0,0.05296858925176407,5.18098655547896,37.7831562,-122.4149685,0.0144,0.3613,0.7,0
06075017604,San Francisco,3146,116.36360918332724,99.99999999999996,2,50.4,5.246377220428327,0.7755999999999998,0,28159.993422365187,11.513295396537108,0.6882352941176471,0.2275324675324675,2,0.4563176470588236,3.0563786795563133e-16,0.016536383890676264,3.6107419693536134,37.7798582,-122.4117434,0.0213,0.2699,0.7755999999999998,0
06075015401,San Francisco,3338,33.13465480626212,99.99999999999996,1,0.0,8.092775678804234,0.6999999999999998,0,8507.95982640792,11.805042687587067,0.2192103712433706,0.2853952657436355,3,0.2596051856216854,9.734896055640733e-17,0.015065658950428969,1.7740203609399965,37.7833424,-122.4507276,0.0715,0.2378,0.6999999999999998,0
06075010901,San Francisco,2007,105.76966402682704,99.99999999999996,1,0.0,7.506347863499231,0.6999999999999998,0,16329.20890014168,12.118306438273299,0.4210526315789473,0.2969058591178407,4,0.3605263157894737,1.8698493046318422e-16,0.007504517263888992,3.16056752147336,37.7982726,-122.4188607,0.0849,0.1641,0.6999999999999998,0
06075012204,San Francisco,2720,43.41681125485764,100.0,1,0.0,6.595923208680663,0.7,0,59046.86330660639,11.04619646825815,0.886107634543179,0.1751777634130575,1,0.5930538172715896,0.0,0.033381674672235614,5.844697912072477,37.7859515,-122.4155341,0.0187,0.3484,0.7,0
06075015202,San Francisco,2212,32.23032548835949,100.0,1,0.0,7.5138765222476325,0.7,0,11882.246663375196,11.893079602677565,0.3923679060665362,0.2140350877192982,4,0.3461839530332681,0.0,0.012940741569509674,2.948203997476811,37.7877048,-122.4319111,0.0126,0.1857,0.7,0
06075010902,San Francisco,2502,70.45637643733403,99.99999999999996,1,0.0,7.580707684646399,0.6999999999999998,0,19586.872649578858,11.828772164369175,0.5774027879677183,0.1151974040021633,3,0.4387013939838592,2.5641834787380725e-16,0.014492908558135117,4.377121751883138,37.7978102,-122.4221947,0.0503,0.2201,0.6999999999999998,0
06075015201,San Francisco,1612,10.748541267411165,100.0,1,0.0,7.32527445144104,0.7,0,17326.648523066797,11.432311760975983,0.5214489990467112,0.2610441767068273,2,0.4107244995233556,0.0,0.024062139841971867,3.8197570304463766,37.7883324,-122.4269759,0.0934,0.3386,0.7,0
06075020701,San Francisco,3139,0.0,100.0,0,0.0,6.574062348118348,0.4,0,15073.252939363423,12.415121329251784,0.2616892911010558,0.238244514106583,5,0.4308446455505279,0.0,0.0006807923328415955,1.720361715533233,37.7575672,-122.4233994,0.0811,0.1773,0.4,0
06075011001,San Francisco,2618,50.844281885820166,100.0,1,0.0,7.284546870129603,0.7,0,22185.05499617953,11.645163521596196,0.508298755186722,0.2265795206971677,2,0.404149377593361,0.0,0.01892460855482681,3.7027261061862085,37.7934678,-122.4196321,0.0289,0.2556,0.7,0
06075011102,San Francisco,2218,55.692521144710526,100.0,1,0.0,7.062020059766831,0.7,0,17646.573128423992,11.429554725537322,0.73568281938326,0.2460629921259842,2,0.51784140969163,0.0,0.02412868547816776,5.1954068281104,37.7898365,-122.4189044,0.0906,0.3379,0.7,0
06075012002,San Francisco,2102,32.098695704706905,100.0,1,0.0,6.888272329873517,0.7,0,33735.72918564696,10.88042172957897,0.7401045556385362,0.2156697556866048,1,0.5200522778192681,0.0,0.03738292372980015,5.098041731818263,37.7874957,-122.4184249,0.1154,0.4045,0.7,0
06075010401,San Francisco,2437,77.33725877455993,99.99999999999991,1,0.0,7.398542628136042,0.6999999999999997,0,17133.71814850932,12.06537851880616,0.3383534136546184,0.0795454545454545,4,0.31917670682730936,3.0051820023990175e-16,0.0087820206372865,2.503322154299042,37.8027796,-122.410688,0.0323,0.1499,0.6999999999999997,0
06075010701,San Francisco,3424,91.86964032503164,100.0,1,0.0,7.038617861555902,0.7,0,34951.29427476759,10.089386037820425,0.8425238600212089,0.4818897637795276,1,0.5712619300106045,0.0,0.05647588591069192,5.930203489932305,37.7974989,-122.4092568,0.1732,0.4417,0.7,0
06075010702,San Francisco,1458,129.10400196095614,100.0,1,0.0,7.261214710289546,0.7,0,17112.148623552188,11.25835574396865,0.5303703703703704,0.189127972819932,1,0.4151851851851852,0.0,0.028260857660223463,3.8511331352350484,37.7996811,-122.4109547,0.1212,0.3798,0.7,0
06075011002,San Francisco,1907,148.55189099793114,100.0,1,0.0,7.3890829796001025,0.7,0,15738.247562947485,11.780445645598057,0.3836633663366336,0.1149335418295543,1,0.3418316831683168,0.0,0.04551129022074418,2.8349204500940983,37.7952617,-122.4199592,0.0407,0.3781,0.7,0
06075012203,San Francisco,1763,65.24024153534837,100.0,1,0.0,6.630749315651671,0.7,0,38339.5152756064,10.426765325491356,0.8212648945921174,0.3034482758620689,1,0.5606324472960587,0.0,0.04833267562671966,5.4456016377854235,37.7857412,-122.4171743,0.211,0.4582,0.7,0
06075031402,San Francisco,4545,18.12534203920584,99.99999999999996,1,0.0,6.96576280761402,0.6999999999999998,0,10297.459946023817,11.846851605896077,0.1680194805194805,0.2105473431881742,3,0.23400974025974033,7.461563834331409e-17,0.01405653116464813,1.1703838483572258,37.7160857,-122.4571712,0.0767,0.228,0.6999999999999998,0
06075013401,San Francisco,1370,39.35261740733931,100.0,1,0.0,7.807554340770126,0.7,0,7701.869406864979,12.193908967029266,0.2132450331125827,0.2572421784472769,5,0.25662251655629137,0.0,0.005679724479749893,1.6649221839258141,37.790159,-122.4383313,0.0985,0.1561,0.7,0
06075013402,San Francisco,2107,17.016769867835045,100.0,1,0.0,7.94455515147862,0.7,0,11951.444703842812,12.271897838550345,0.1701030927835051,0.1589061345158906,5,0.23505154639175257,0.0,0.0037973333436785222,1.351393402055641,37.7895361,-122.4432888,0.0554,0.1224,0.7,0
06075012802,San Francisco,2027,50.09749609329399,100.0,1,0.0,8.013339573006121,0.7,0,10154.762458110692,12.429224196812383,0.1956756756756756,0.1961077844311377,5,0.2478378378378378,0.0,0.0,1.5680156353666024,37.7983583,-122.4385354,0.0412,0.0881,0.7,0
06075013002,San Francisco,2609,43.39176526574667,100.0,1,0.0,7.865819188018381,0.7,0,14151.139447291633,12.257896299252346,0.3389967637540453,0.2246745897000566,5,0.3194983818770227,0.0,0.004135283783938227,2.666487249012704,37.7968323,-122.4337546,0.1545,0.1742,0.7,0
06075020202,San Francisco,4113,15.172333761179516,100.0,1,0.0,6.333733248682971,0.7,0,20801.26958657712,12.009619709469009,0.4570158102766798,0.3144347826086957,4,0.37850790513833993,0.0,0.010127852246425496,2.8946162327231955,37.7687818,-122.4242369,0.0473,0.1712,0.7,0
06075020601,San Francisco,3044,43.60543225364248,100.0,1,0.0,6.933548037198189,0.7,0,9481.066841434837,11.91693618263182,0.3721413721413721,0.3486693730266125,4,0.3360706860706861,0.0,0.012364923330740431,2.580260080371051,37.7609052,-122.4300824,0.0595,0.2017,0.7,0
06075020201,San Francisco,1920,7.111443954402743,100.0,1,0.0,5.9537614276778745,0.6133433186320822,0,13653.972392453268,11.6622416201502,0.4882408278457196,0.3531202435312024,3,0.43744875460681865,0.0,0.023859810802613925,2.9068694082453588,37.7647879,-122.4240946,0.1142,0.311,0.6133433186320822,0
06075061508,San Francisco,2222,10.519712437126923,99.99999999999991,1,0.0,7.130027503363776,0.6999999999999997,0,5843.700258824007,12.054761264410075,0.3504587155963303,0.2604248623131392,4,0.3252293577981653,3.1126986818848427e-16,0.009038285732226379,2.4987802809953785,37.7860679,-122.3863351,0.048,0.1617,0.6999999999999997,0
06075013001,San Francisco,1592,27.55497176463941,100.0,1,0.0,7.726596149323981,0.7,0,8773.50300986119,12.162862384704296,0.2734375,0.1690258118234804,5,0.28671875,0.0,0.006429085385145739,2.112741134580776,37.7976627,-122.4272277,0.0758,0.15,0.7,0
06075010201,San Francisco,2473,53.51305658251952,100.0,1,0.0,7.68926177198964,0.7,0,13233.778892857075,11.901095199991827,0.3302752293577982,0.1446759259259259,4,0.3151376146788991,0.0,0.012747271795676508,2.539572695336028,37.8013029,-122.4212147,0.1019,0.2284,0.7,0
06075011101,San Francisco,2502,140.01983373749212,99.99999999999996,1,0.0,7.174822350309655,0.6999999999999998,0,20607.62494183561,11.669057038673943,0.5377926421404682,0.2601760176017602,3,0.41889632107023417,2.38827909511338e-16,0.018347898777143178,3.858566668661513,37.7916822,-122.4192656,0.1711,0.3194,0.6999999999999998,0
06081608023,San Mateo,2366,0.0,0.0,0,0.0,9.40600350072258,0.0,1,2557.887288251268,12.365892936977614,0.0116429495472186,0.0522993688007213,5,0.5058214747736093,0.0116429495472186,0.005095350991497161,0.10951362419987452,37.5411567,-122.2711431,0.0974,0.2704,0.0,1
06081608200,San Mateo,3798,0.0,0.0,0,0.0,9.377123060255263,0.0,1,3353.09333056724,12.021253973537604,0.030942334739803,0.0390969162995594,4,0.5154711673699015,0.030942334739803,0.03282346643802658,0.29015008062674424,37.5683879,-122.2596172,0.0997,0.3342,0.0,1
06081608300,San Mateo,3196,0.0,0.0,0,0.0,9.472928115031705,0.0,1,2070.17576932178,12.14735713769539,0.0543056633048875,0.0163838502047981,5,0.5271528316524438,0.0543056633048875,0.02267776770727814,0.5144336447263144,37.5590519,-122.24891,0.0562,0.284,0.0,1
06081608400,San Mateo,5243,0.0,0.0,0,0.0,9.289931739834724,0.0,1,3167.2012996282574,11.920727839541879,0.0952604411074612,0.0333873581847649,4,0.5476302205537306,0.0952604411074612,0.04091135128135459,0.8849629953948602,37.5436595,-122.2787295,0.0804,0.3508,0.0,1
06081608501,San Mateo,5120,0.0,0.0,0,0.0,9.315625952271459,0.0,1,4104.04206983789,12.032022783745484,0.0382479950647748,0.072790294627383,4,0.5191239975323874,0.0382479950647748,0.031957055949539126,0.3563040154477668,37.5373868,-122.2888778,0.0738,0.3195,0.0,1
06081608502,San Mateo,2628,0.0,0.0,0,0.0,9.387539544985486,0.0,1,5180.737940378863,11.936020908014529,0.0309278350515463,0.0761843790012804,4,0.5154639175257731,0.0309278350515463,0.03968093913088655,0.29033627458717914,37.5317393,-122.2825699,0.1421,0.3776,0.0,1
06081608600,San Mateo,4598,0.0,0.0,0,0.0,9.46459481597815,0.0,1,2695.590302741552,11.84199896978176,0.1290485829959514,0.1031587365053978,3,0.5645242914979757,0.1290485829959514,0.04724552536281579,1.2213925496328077,37.5263341,-122.2736047,0.0872,0.3746,0.0,1
06081608700,San Mateo,7315,0.0,0.0,0,0.0,9.424326579934037,0.0,1,2912.1222391341767,12.258688814533135,0.0209537572254335,0.0429509853461344,5,0.5104768786127167,0.0209537572254335,0.013720517031383439,0.19747505116913783,37.5208244,-122.2883185,0.0629,0.2682,0.0,1
06081609000,San Mateo,2637,0.0,0.0,0,0.0,9.508247417288556,0.0,1,1932.4093581008503,12.020838852289167,0.0674518201284796,0.0242070116861435,4,0.5337259100642398,0.0674518201284796,0.032856865244087485,0.6413485945280284,37.5133939,-122.2803174,0.111,0.34,0.0,1
06081609300,San Mateo,3449,0.0,0.0,0,0.0,9.742395046243596,0.0,1,3616.93871697507,12.403902491415781,0.0309810671256454,0.0075014425851125,5,0.5154905335628227,0.0309810671256454,0.0020372715944004804,0.30182979489222805,37.490783,-122.2518537,0.0594,0.2476,0.0,1
06081609900,San Mateo,2949,0.0,0.0,0,0.0,9.804915448980774,0.0,1,2340.5516596384296,12.335410884159328,0.0205799812909261,0.0195941217634709,5,0.5102899906454631,0.0205799812909261,0.007547801147324562,0.2017849764991366,37.4800834,-122.2479926,0.0126,0.2324,0.0,1
06081610000,San Mateo,4780,0.0,0.0,0,0.0,9.808457493183255,0.0,1,3474.3512335607106,11.940178157148331,0.0545454545454545,0.0753787878787878,4,0.5272727272727272,0.0545454545454545,0.03934646538836051,0.5350067723554498,37.4844284,-122.2412155,0.039,0.3246,0.0,1
06081610100,San Mateo,2551,0.0,0.0,0,0.0,9.779670697263061,0.0,1,5058.648315429257,11.713831587262764,0.037199124726477,0.0436562073669849,3,0.5185995623632385,0.037199124726477,0.05755730190570463,0.36379519005136085,37.4932339,-122.2387004,0.0805,0.4029,0.0,1
06081610201,San Mateo,5256,0.0,0.0,0,0.0,9.900621553029204,0.0,1,3631.983241143284,11.227707021956421,0.1543175487465181,0.0421666095303393,1,0.577158774373259,0.1543175487465181,0.09666871848398262,1.5278396491304118,37.48478,-122.2138236,0.0226,0.4741,0.0,1
06081610203,San Mateo,3134,0.0,0.0,0,0.0,9.887467701246177,0.0,1,5205.473102832637,11.233185106791229,0.1063372717508055,0.0934256055363321,1,0.5531686358754028,0.1063372717508055,0.09622797618598689,1.0514063398747269,37.4797864,-122.2233247,0.0329,0.478,0.0,1
06081610303,San Mateo,7091,0.0,0.0,0,0.0,9.587554127216611,0.0,1,1419.5039075946434,12.21915174005995,0.0592334494773519,0.0598434004474272,5,0.5296167247386759,0.0592334494773519,0.016901493884574736,0.5679039030058619,37.54149,-122.2385413,0.0699,0.278,0.0,1
06081610400,San Mateo,5981,0.0,0.0,0,0.0,9.879147078583996,0.0,1,5924.056697703808,11.460178482911612,0.033515731874145,0.008695652173913,2,0.5167578659370725,0.033515731874145,0.07796510052085903,0.3311068446310641,37.48254,-122.1915154,0.0518,0.4502,0.0,1
06081610500,San Mateo,4729,0.0,0.0,0,0.0,9.93356359412137,0.0,1,4037.328016616059,11.469067616906344,0.0303030303030303,0.0291390728476821,2,0.5151515151515151,0.0303030303030303,0.07724992040551348,0.3010170786097385,37.4798388,-122.2044791,0.0393,0.4421,0.0,1
06081610601,San Mateo,5993,0.0,0.0,0,0.0,9.96347043158074,0.0,1,6534.8757621456,11.472551286831916,0.0491159135559921,0.0322237960339943,2,0.5245579567779961,0.0491159135559921,0.07696963984492422,0.4893649524352029,37.4714067,-122.2091124,0.0446,0.4437,0.0,1
06081610602,San Mateo,2996,0.0,0.0,0,0.0,9.927470673425471,0.0,1,2735.687428455887,11.99651760085449,0.0,0.0279039584685269,4,0.5,0.0,0.03481364477027171,0.0,37.4745729,-122.1975109,0.061,0.3204,0.0,1
06095250400,Solano,3511,0.0,0.0,0,0.0,9.914454702083466,0.0,1,3199.9746270170785,11.323119973266529,0.0319314641744548,0.0278619018776499,1,0.5159657320872274,0.0319314641744548,0.08899221753756181,0.3165830551288331,38.0949864,-122.2238939,0.1538,0.5278,0.0,1
06095250501,Solano,2473,0.0,0.0,0,0.0,9.871399459395416,0.0,1,1902.6237830078028,11.610514863562742,0.0198895027624309,0.0403963414634146,2,0.5099447513812154,0.0198895027624309,0.06586970516306312,0.196337226816704,38.0933279,-122.2138367,0.138,0.4593,0.0,1
06095250502,Solano,3250,0.0,0.0,0,0.0,9.819631173827881,0.0,1,1731.94066446615,11.5535490398066,0.0,0.0225806451612903,2,0.5,0.0,0.07045292152911364,0.0,38.0910546,-122.2030664,0.089,0.4475,0.0,1
06095250601,Solano,5270,0.0,0.0,0,0.0,9.866266474030475,0.0,1,2176.393541608973,11.346504816007938,0.0251188051595383,0.0202553940995156,1,0.5125594025797692,0.0251188051595383,0.08711077728263372,0.24782882521325644,38.0816906,-122.2234633,0.1959,0.5463,0.0,1
06001401700,Alameda,3276,0.0,0.441048047645161,0,0.0,7.7915930789775425,0.0017641921905806439,0,284.3122292389229,11.890224267529819,0.0426742532005689,0.1937949640287769,3,0.5204550305049941,0.042486039239980636,0.043289027641370346,0.3325004158880879,37.8211635,-122.3187951,0.1214,0.3806,0.0017641921905806439,0
06085506804,Santa Clara,4602,0.0,0.0,0,0.0,9.631602041055915,0.0,1,2984.257233795673,12.287371487014118,0.0308758664146187,0.0,5,0.5154379332073094,0.0308758664146187,0.011412837000288722,0.2973840579784112,37.2397512,-121.9339441,0.0549,0.2598,0.0,1
06075990100,San Francisco,0,0.0,1.1831794403544036,0,0.0,9.167373158502496,0.004732717761417615,0,0.0,11.780445645598057,0.050834597875569,0.0510949092613641,1,0.4976336411192912,0.0,0.04551129022074418,0.0,37.76216,-122.5518622,0.0999,0.5468,0.004732717761417615,0
06097990100,Sonoma,0,0.0,0.0,0,0.0,11.582679742653628,0.0,1,0.0,11.780445645598057,0.050834597875569,0.0510949092613641,1,0.5,0.0,0.04551129022074418,0.0,38.5339212,-123.3162791,0.0999,0.5477,0.0,1
06001433600,Alameda,5844,0.0,0.0,0,0.0,7.570275532129208,0.0,1,3695.196494976827,11.360787757753473,0.1826126954921803,0.082223068138561,1,0.5913063477460901,0.1826126954921803,0.08596163542797164,1.382428420540614,37.6860856,-122.1437723,0.2143,0.5537,0.0,1
06081613900,San Mateo,6358,0.0,0.0,0,0.0,9.859888942046148,0.0,1,2331.58298637446,12.32040083117026,0.0933929458519622,0.0388283378746594,5,0.5466964729259811,0.0933929458519622,0.00875544313296972,0.9208440740708768,37.4623895,-122.161986,0.0698,0.2628,0.0,1
06075020402,San Francisco,4169,32.175751110767,99.99999999999994,1,0.0,7.731880994477802,0.6999999999999997,0,7060.037177936189,11.932549855636303,0.1355140186915887,0.2039426523297491,4,0.21775700934579448,7.522539185544279e-17,0.011988061361950297,1.0477782656068042,37.7528393,-122.4444126,0.0896,0.2125,0.6999999999999997,0
06075980900,San Francisco,315,12.4337771184747,94.7558262029542,1,0.0,7.886554962615007,0.6790233048118168,0,81.59666233999023,11.780445645598057,0.1858974358974359,0.2840909090909091,1,0.25343706554280954,0.009748784622713353,0.04551129022074418,1.4660903456143282,37.746286,-122.3894769,0.0909,0.4074,0.6790233048118168,0
06013336202,Contra Costa,6012,0.0,0.0,0,0.0,7.819104188803661,0.0,1,8743.102846146114,11.174861962957523,0.046875,0.0402200068752148,1,0.5234375,0.046875,0.10092039647788753,0.3665205088501716,37.9550367,-122.0446082,0.0866,0.5118,0.0,1
06013355115,Contra Costa,10013,0.0,0.0,0,0.0,8.835210381986743,0.0,1,4539.612778720253,11.963472282118815,0.0226196738558653,0.0462159434914228,4,0.5113098369279326,0.0226196738558653,0.03747232388108468,0.19984957728849517,37.7626429,-121.9121996,0.1522,0.3736,0.0,1
06013351103,Contra Costa,1929,0.0,0.0,0,0.0,8.435407625170207,0.0,1,640.0337456023436,11.45577293346592,0.061823802163833,0.0,2,0.5309119010819165,0.061823802163833,0.07831955140016833,0.5215089721898112,37.8644359,-122.0638053,0.1304,0.491,0.0,1
06013351101,Contra Costa,2737,0.0,0.0,0,0.0,8.68559044923221,0.0,1,1131.3095543978895,11.239396102118166,0.0532281912272055,0.0220125786163522,1,0.5266140956136027,0.0532281912272055,0.0957282671753047,0.4623182693529218,37.8525912,-122.0650875,0.0472,0.4843,0.0,1
06013365003,Contra Costa,5416,0.0,0.0,0,0.0,8.624694504752172,0.0,1,2116.8824351963995,11.260018340450332,0.0846862659060991,0.1072555205047318,1,0.5423431329530496,0.0846862659060991,0.09406909376225647,0.7303931721883141,37.9821375,-122.3264034,0.265,0.5915,0.0,1
06013339001,Contra Costa,3659,0.0,0.0,0,0.0,7.462613417943593,0.0,1,3234.357893100272,11.420689554752878,0.0670448684889118,0.143574717455002,2,0.5335224342444559,0.0670448684889118,0.08114220373610737,0.5003299351896168,37.8917794,-122.0584254,0.1817,0.5255,0.0,1
06013345111,Contra Costa,5850,0.0,0.0,0,0.0,8.812954313230419,0.0,1,2528.230412222515,11.939408148300863,0.0353460972017673,0.0486448922863099,4,0.5176730486008837,0.0353460972017673,0.03940841686942442,0.31150353979017675,37.7570588,-121.9526204,0.1421,0.3764,0.0,1
06013345114,Contra Costa,6571,0.0,0.0,0,0.0,9.352692265831669,0.0,1,1156.5324954714242,12.154610915905574,0.0,0.0151068533529845,5,0.5,0.0,0.022094161031968262,0.0,37.7992956,-121.9650894,0.0789,0.294,0.0,1
06013345116,Contra Costa,2961,0.0,0.0,0,0.0,9.015750244541152,0.0,1,2322.574726412696,12.247185797659938,0.0325732899022801,0.0448717948717948,5,0.5162866449511401,0.0325732899022801,0.014645998516876868,0.2936726464019917,37.7642579,-121.9742235,0.1378,0.3082,0.0,1
06041120002,Marin,4780,0.0,0.0,0,0.0,9.686873629791576,0.0,1,1071.8771458998172,12.222900263636433,0.0584823586273562,0.1008045433033601,5,0.5292411793136781,0.0584823586273562,0.01659990437929859,0.5665112175953506,37.9337978,-122.5370667,0.1188,0.3022,0.0,1
06041112204,Marin,4266,0.0,0.0,0,0.0,9.530781996528594,0.0,1,15782.43777252674,11.173402579849062,0.116,0.100438596491228,1,0.558,0.116,0.10103781194045802,1.105570711597317,37.9659228,-122.505765,0.1263,0.5318,0.0,1
06041104103,Marin,2884,0.0,0.0,0,0.0,10.14366854380804,0.0,1,948.2341945087315,11.815560187274192,0.0,0.0496543054682589,3,0.5,0.0,0.049372672004385554,0.0,38.0844628,-122.5745218,0.0685,0.3738,0.0,1
06041108202,Marin,4777,0.0,0.0,0,0.0,9.830965947796349,0.0,1,1253.1223901342944,11.607862848021751,0.2311532700948577,0.0626959247648902,2,0.6155766350474289,0.2311532700948577,0.0660830745173363,2.272459927024318,37.9991444,-122.5498145,0.1505,0.4662,0.0,1
06041130204,Marin,2448,0.0,0.0,0,0.0,9.325138210756808,0.0,1,448.0161810862866,11.749537902231403,0.0303458009880028,0.0427350427350427,3,0.5151729004940014,0.0303458009880028,0.05468453089415615,0.2829787883292466,37.856434,-122.478445,0.1204,0.4146,0.0,1
06041130203,Marin,2100,0.0,0.0,0,0.0,9.414459627605599,0.0,1,3019.376148429665,11.85774136762645,0.0472573839662447,0.0849731663685152,3,0.5236286919831223,0.0472573839662447,0.04597896217307729,0.44490273345646686,37.8653197,-122.5026377,0.1208,0.3877,0.0,1
06041105001,Marin,4324,0.0,0.0,0,0.0,9.890717225000278,0.0,1,1995.8470046137977,11.4164696291526,0.0338129496402877,0.0456591639871382,2,0.5169064748201438,0.0338129496402877,0.08148172014786859,0.3344343234352605,38.0494844,-122.5270678,0.081,0.4763,0.0,1
06041105002,Marin,3030,0.0,0.0,0,0.0,9.85619771274271,0.0,1,373.74025173638256,11.73742809232207,0.031104199066874,0.1071672354948805,3,0.515552099533437,0.031104199066874,0.05565883224374801,0.3065691356996174,38.0600944,-122.5064097,0.1195,0.4177,0.0,1
06041111002,Marin,4018,0.0,0.0,0,0.0,9.727218642284408,0.0,1,2210.2752962766585,11.377678315562203,0.1001855287569573,0.0418060200668896,1,0.5500927643784786,0.1001855287569573,0.08460269640319629,0.9745265430117956,37.9698609,-122.5395198,0.0443,0.4654,0.0,1
06041108201,Marin,2365,0.0,0.0,0,0.0,9.776763296740505,0.0,1,2387.172095758632,11.393589974879816,0.2417685794920037,0.0329896907216494,1,0.6208842897460018,0.2417685794920037,0.08332251518949729,2.363714174282511,37.9972146,-122.53873,0.1247,0.5035,0.0,1
06041111001,Marin,850,0.0,0.0,0,0.0,9.664675765600798,0.0,1,1721.043672514926,11.43323269606098,0.1540084388185654,0.087087087087087,2,0.5770042194092827,0.1540084388185654,0.08013303847289488,1.4884416263478022,37.9718673,-122.526997,0.1757,0.5196,0.0,1
06041112203,Marin,2498,0.0,0.0,0,0.0,9.515459996618343,0.0,1,23035.149580804944,11.451464868824605,0.0650224215246636,0.1655629139072847,2,0.5325112107623318,0.0650224215246636,0.07866615908646457,0.618718250901192,37.9647246,-122.5035931,0.1531,0.5034,0.0,1
06041120001,Marin,1615,0.0,0.0,0,0.0,9.734937870726492,0.0,1,2636.6278460657627,11.755063473962254,0.0,0.0471414242728184,3,0.5,0.0,0.054239968012084416,0.0,37.9480362,-122.5465157,0.1153,0.4102,0.0,1
06041104104,Marin,5173,0.0,0.0,0,0.0,10.055125418222776,0.0,1,1746.2467820085506,11.891334503054887,0.0651741293532338,0.0415035238841033,4,0.5325870646766169,0.0651741293532338,0.04327620817198263,0.6553340446702403,38.0739639,-122.5535516,0.1104,0.3749,0.0,1
06013359105,Contra Costa,4927,0.0,0.0,0,0.0,9.25991978613086,0.0,1,1844.7271081491972,11.952283013601457,0.0254847645429362,0.0768949102892713,4,0.5127423822714681,0.0254847645429362,0.038372562571784896,0.2359868754360211,38.0168819,-122.2866998,0.2153,0.4087,0.0,1
06001438204,Alameda,6371,0.0,40.38005079234976,0,0.0,6.728710895174261,0.16152020316939908,0,4276.250749614975,11.494710576549323,0.0417715148465022,0.056910569105691,2,0.44012565583855157,0.024904155934750687,0.06304261457079155,0.28106844705559275,37.6270595,-122.0596257,0.1242,0.4475,0.16152020316939908,0
06001440336,Alameda,4248,0.0,16.197094698288385,0,0.0,6.983474978545669,0.06478837879315355,0,3555.8982034292944,11.955210971883275,0.057471264367816,0.1314760508308895,4,0.4963414427873312,0.04816258925385718,0.03566615820423663,0.4013491366980263,37.58102,-122.0173599,0.1672,0.3707,0.06478837879315355,0
06001441926,Alameda,4210,0.0,0.0,0,0.0,7.528591683117849,0.0,1,10263.110909868998,11.634629691587831,0.0664634146341463,0.0738492665655033,2,0.5332317073170731,0.0664634146341463,0.063929533544687,0.500375910646247,37.540812,-121.97872,0.1259,0.4471,0.0,1
06001442301,Alameda,5397,0.0,0.0,0,0.0,8.140839194746981,0.0,1,3820.1808975747535,11.908952844155737,0.0452459016393442,0.0233644859813084,4,0.5226229508196721,0.0452459016393442,0.04185871494618909,0.3683396094672399,37.527781,-121.9613408,0.1266,0.3774,0.0,1
06001442601,Alameda,3924,0.0,0.0,0,0.0,7.767019105245648,0.0,1,3320.985086618468,11.976665770490767,0.0537190082644628,0.0628238341968911,4,0.5268595041322314,0.0537190082644628,0.036410834590760666,0.41723656350493143,37.544306,-121.9976615,0.1347,0.3617,0.0,1
06001443104,Alameda,5567,0.0,0.0,0,0.0,8.137592375768863,0.0,1,3014.004243367259,12.233279168768359,0.0262060750446694,0.041823504809703,5,0.5131030375223347,0.0262060750446694,0.01576486391598575,0.21325435648232835,37.5313774,-121.9266867,0.0774,0.2797,0.0,1
06001444601,Alameda,6081,0.0,0.0,0,0.0,8.489104655152138,0.0,1,1989.961616608319,12.269150725742866,0.0110375275938189,0.011743450767841,5,0.5055187637969094,0.0110375275938189,0.012878798268887048,0.0936987268780582,37.5270567,-122.0162477,0.103,0.2864,0.0,1
06001450746,Alameda,3229,0.0,0.0,0,0.0,8.322354538866865,0.0,1,1862.2220810788929,12.05371951580792,0.0554134697357203,0.0373239436619718,4,0.5277067348678601,0.0554134697357203,0.030211433558400613,0.4611705413694335,37.6736928,-121.8685808,0.0915,0.3238,0.0,1
06001451505,Alameda,3159,0.0,0.0,0,0.0,9.644227558905147,0.0,1,2300.0357293651773,12.307807596764949,0.0,0.0068259385665529,5,0.5,0.0,0.0097686386635919,0.0,37.6894445,-121.7246715,0.1268,0.293,0.0,1
06001983200,Alameda,896,0.0,27.67413116686096,0,0.0,6.901558867949205,0.11069652466744384,0,1380.2152786913048,12.078830008593167,0.0205607476635514,0.2134670487106017,4,0.4549321114980538,0.014870739386252885,0.025070492283789828,0.14190121036904904,37.7959455,-122.277268,0.1017,0.2983,0.11069652466744384,0
06001451506,Alameda,3548,0.0,0.0,0,0.0,9.62331436372434,0.0,1,4168.549661172428,11.724579261125468,0.0030487804878048,0.0170394036208732,3,0.5015243902439024,0.0030487804878048,0.05669259195337617,0.029339373060134434,37.6833516,-121.7291862,0.1129,0.4175,0.0,1
06001451704,Alameda,4320,0.0,0.0,0,0.0,9.265899840351517,0.0,1,2154.2220495981187,11.917563564534412,0.0127713920817369,0.0092592592592592,4,0.5063856960408685,0.0127713920817369,0.04116593474990926,0.11833843985123257,37.6621234,-121.7900629,0.062,0.3426,0.0,1
06001405902,Alameda,3138,0.0,0.0,0,0.0,7.719544035355233,0.0,1,6439.837014644835,11.143281065776831,0.1343445287107258,0.1384233395406579,1,0.5671722643553629,0.1343445287107258,0.10346125475517187,1.0370785052914933,37.7909447,-122.240953,0.1633,0.5546,0.0,1
06001410500,Alameda,3081,0.0,49.30422737429031,0,0.0,6.675297104164004,0.19721690949716128,0,4298.913633028912,10.737092085791328,0.2362911266201395,0.3035863219349458,1,0.519537108561489,0.11978961228607368,0.10929202210166551,1.5773134732670673,37.8100772,-122.2889321,0.1051,0.5026,0.19721690949716128,0
06001425104,Alameda,4014,0.0,0.0,0,0.0,7.2970488722689355,0.0,1,3691.9361439247527,11.687584405428838,0.1996966632962588,0.1900161030595813,3,0.5998483316481293,0.1996966632962588,0.059669033210757116,1.4571963117018345,37.8326584,-122.2833245,0.0978,0.4177,0.0,1
06001433104,Alameda,4398,0.0,0.0,0,0.0,7.293821671766453,0.0,1,4174.865255089898,11.236407507889204,0.2335468841001747,0.2245311708058793,1,0.6167734420500873,0.2335468841001747,0.09596871615117297,1.7034493246233822,37.7142641,-122.1469937,0.1475,0.5346,0.0,1
06001440333,Alameda,2732,0.0,0.0,0,0.0,8.17214815358242,0.0,1,1090.4002227194198,11.637918005137113,0.0273660205245153,0.0515625,2,0.5136830102622576,0.0273660205245153,0.06366497048771635,0.2236391741003163,37.6053298,-122.0738277,0.1148,0.4408,0.0,1
06001441524,Alameda,4111,0.0,0.0,0,0.0,8.423891230426166,0.0,1,2445.954198314965,12.419800003314473,0.0296712109061748,0.0681352459016393,5,0.5148356054530874,0.0296712109061748,0.0007582286189935505,0.2499470533486511,37.559478,-122.0506929,0.1025,0.267,0.0,1
06001442602,Alameda,4663,0.0,0.0,0,0.0,7.902450227080402,0.0,1,3529.7577643490868,11.824182452450378,0.1105620753551575,0.0269461077844311,3,0.5552810376775787,0.1105620753551575,0.048678962965136185,0.8737112974968448,37.5481936,-122.0049837,0.0704,0.3713,0.0,1
06001443322,Alameda,3311,0.0,0.0,0,0.0,7.921251407384275,0.0,1,2883.4721229039183,12.22541928652746,0.0468909276248725,0.0171585449553877,5,0.5234454638124363,0.0468909276248725,0.016397235021087697,0.3714348264420754,37.4829831,-121.9198352,0.0391,0.262,0.0,1
06001450745,Alameda,6295,0.0,0.0,0,0.0,8.439248826634824,0.0,1,861.0097311980538,12.209716000444972,0.0443458980044345,0.1411687458962573,5,0.5221729490022172,0.0443458980044345,0.017660651452703346,0.37424606769999147,37.6803328,-121.8519308,0.2308,0.3604,0.0,1
06001981900,Alameda,25,0.0,9.666157523957065,0,0.0,7.681117040772106,0.03866463009582826,0,4.795973640156724,11.780445645598057,0.0,0.0,1,0.4806676849520859,0.0,0.04551129022074418,0.0,37.7998452,-122.3173831,0.0,0.4901,0.03866463009582826,0
06001428700,Alameda,5078,0.0,0.0,0,0.0,7.879374677438965,0.0,1,419.6977595725724,11.671244587612536,0.1892976588628762,0.0928746928746928,3,0.594648829431438,0.1892976588628762,0.060983662149584505,1.4915471797426263,37.7817406,-122.3026484,0.0894,0.4177,0.0,1
06001403701,Alameda,2909,0.0,12.501899374848549,0,0.0,6.85831528464523,0.0500075974993942,0,16723.589151220087,11.339333692485267,0.2585616438356164,0.1743119266055046,1,0.6042770231681112,0.22623652730133337,0.08330268102604907,1.7732972739408042,37.8112134,-122.2586656,0.1187,0.4987,0.0500075974993942,0
06001404102,Alameda,2701,0.0,0.0,0,0.0,7.267567179981444,0.0,1,11734.604017052074,11.497537677909582,0.2948402948402948,0.1908713692946058,2,0.6474201474201474,0.2948402948402948,0.0749593461466197,2.1427716501173784,37.8260219,-122.2510667,0.0726,0.4533,0.0,1
06097150203,Sonoma,4759,0.0,0.0,0,0.0,10.573062602617705,0.0,1,1054.862239699513,11.46493198336495,0.1285056508999581,0.0278080697928026,2,0.564252825449979,0.1285056508999581,0.07758265505378337,1.3586982917553934,38.2775429,-122.4621651,0.1445,0.4954,0.0,1
06097150204,Sonoma,3742,0.0,0.0,0,0.0,10.592667774760471,0.0,1,1388.0223361096396,11.581760990745659,0.0289608177172061,0.0067567567567567,2,0.514480408858603,0.0289608177172061,0.06818311365596463,0.3067723205637612,38.2867706,-122.4510104,0.201,0.4964,0.0,1
06097150306,Sonoma,3902,0.0,0.0,0,0.0,10.733787278249443,0.0,1,305.15961659212246,11.64222416236556,0.0685534591194968,0.0,2,0.5342767295597484,0.0685534591194968,0.06331851626336082,0.735838247376848,38.339239,-122.4691776,0.1041,0.4339,0.0,1
06001425102,Alameda,3969,0.0,0.0,0,0.0,7.874756521874007,0.0,1,5394.060855037151,11.731064514629576,0.1558271497162811,0.1827919834139599,3,0.5779135748581405,0.1558271497162811,0.056170817351726354,1.2271008635133218,37.8398785,-122.2946351,0.1168,0.4177,0.0,1
06001425103,Alameda,3103,0.0,0.0,0,0.0,7.655507822437671,0.0,1,3541.880934469287,11.689413372404832,0.0854154561301568,0.1414746543778801,3,0.5427077280650784,0.0854154561301568,0.05952188267689973,0.6538986925614971,37.8425607,-122.2898163,0.0959,0.4164,0.0,1
06001435103,Alameda,7774,0.0,0.0,0,0.0,8.829299591015022,0.0,1,150.10679742176976,12.356946533964301,0.0073140999593661,0.0639844886088221,5,0.5036570499796831,0.0073140999593661,0.005815138716913526,0.0645783797798741,37.6516747,-121.9827815,0.1907,0.3179,0.0,1
06001437702,Alameda,3880,0.0,0.0,0,0.0,7.314227465025036,0.0,1,10444.438998074442,11.314901264448983,0.0214424951267056,0.0554715078164397,1,0.5107212475633528,0.0214424951267056,0.0896534582302555,0.15683528677441558,37.638444,-122.0734492,0.1936,0.5489,0.0,1
06097152906,Sonoma,6235,0.0,0.0,0,0.0,11.172924584389932,0.0,1,237.051452607707,11.690301479371168,0.0,0.0328162291169451,3,0.5,0.0,0.05945042954738233,0.0,38.4725689,-122.8006952,0.045,0.3906,0.0,1
06097153806,Sonoma,2608,0.0,0.0,0,0.0,11.277112742638035,0.0,1,1658.3987819249635,11.525831818519737,0.0933816863100634,0.0,2,0.5466908431550317,0.0933816863100634,0.07268292565873347,1.0530758046162436,38.5532547,-122.8024814,0.0261,0.4232,0.0,1
06001440334,Alameda,4041,0.0,0.0,0,0.0,8.34620454590046,0.0,1,3979.779419318881,11.894944516547412,0.0317613089509143,0.0455764075067024,4,0.5158806544754572,0.0317613089509143,0.0429857625709249,0.2650863811498699,37.5938189,-122.0649125,0.0944,0.3662,0.0,1
06001441523,Alameda,4264,0.0,0.0,0,0.0,8.26016575075514,0.0,1,9129.357915518638,12.091884390899287,0.0112914608327452,0.0534124629080118,4,0.5056457304163726,0.0112914608327452,0.027140857753584546,0.09326933804663502,37.5647764,-122.0464882,0.1034,0.3179,0.0,1
06097150612,Sonoma,4987,0.0,0.0,0,0.0,10.472784607060172,0.0,1,27.574690928009648,11.905494440943311,0.0321052631578947,0.0132978723404255,4,0.5160526315789473,0.0321052631578947,0.04213696265961542,0.33623150580561567,38.2116884,-122.5343549,0.1204,0.3755,0.0,1
06097150611,Sonoma,4522,0.0,0.0,0,0.0,10.582899925438412,0.0,1,1530.2804565964034,11.685760500001614,0.0120886501007387,0.0095944177932839,3,0.5060443250503693,0.0120886501007387,0.05981577651495251,0.12793297424975864,38.2329343,-122.579047,0.048,0.3933,0.0,1
06097150609,Sonoma,5040,0.0,0.0,0,0.0,10.692936202552957,0.0,1,2190.7049713153915,11.372892986003347,0.0290891750119217,0.0240709459459459,1,0.5145445875059609,0.0290891750119217,0.08498770269828626,0.3110486925873764,38.2600055,-122.6438313,0.1364,0.5123,0.0,1
06097153807,Sonoma,3919,0.0,0.0,0,0.0,11.275638188124377,0.0,1,66.17697196362087,11.830083811986395,0.008436080467229,0.0,3,0.5042180402336145,0.008436080467229,0.048204165870597504,0.09512219107437746,38.5685691,-122.7506682,0.0251,0.3465,0.0,1
06097153808,Sonoma,3572,0.0,0.0,0,0.0,11.267338370901253,0.0,1,1184.33640561132,11.418021202770204,0.0590631364562118,0.0164119977362761,2,0.5295315682281059,0.0590631364562118,0.08135688744769076,0.6654843436988519,38.5426788,-122.8080843,0.064,0.467,0.0,1
06097154201,Sonoma,3656,0.0,0.0,0,0.0,11.638746121265159,0.0,1,136.95245870123276,11.231490505278915,0.074839629365645,0.0061506919528446,1,0.5374198146828225,0.074839629365645,0.096364316273307,0.8710394459963229,38.8133955,-123.0170717,0.0425,0.4833,0.0,1
06097152905,Sonoma,4138,0.0,0.0,0,0.0,11.1438063555801,0.0,1,3336.0047572860503,11.691297566255377,0.0364963503649635,0.0087001023541453,3,0.5182481751824818,0.0364963503649635,0.05937028883478146,0.40670826115255837,38.4702327,-122.759351,0.0363,0.3859,0.0,1
06097153103,Sonoma,4834,0.0,0.0,0,0.0,11.05420127139019,0.0,1,3046.0418094381703,11.166554396169769,0.0940561724363161,0.0112994350282485,1,0.547028086218158,0.0940561724363161,0.10158878628695434,1.0397158609276203,38.4198166,-122.7341732,0.0543,0.4963,0.0,1
06097153804,Sonoma,3662,0.0,0.0,0,0.0,11.286696779648828,0.0,1,2941.771365398533,11.87428541709922,0.0204953031596925,0.0026766595289079,3,0.5102476515798462,0.0204953031596925,0.04464790166513233,0.2313242721704278,38.5565366,-122.8126594,0.1081,0.3787,0.0,1
06085503326,Santa Clara,7172,0.0,0.0,0,0.0,9.297505554588442,0.0,1,1683.5083939487547,12.152740431853402,0.0078206465067778,0.0155210643015521,5,0.5039103232533889,0.0078206465067778,0.02224465184479396,0.0727125043372393,37.3249229,-121.764157,0.1023,0.3063,0.0,1
06085512603,Santa Clara,4357,0.0,0.0,0,0.0,10.805016816016124,0.0,1,2085.9820625072985,11.408697640908336,0.0459136822773186,0.0146587265231333,2,0.5229568411386593,0.0459136822773186,0.08210701969361633,0.496098109091649,37.0017257,-121.5626711,0.1612,0.5181,0.0,1
06085512042,Santa Clara,2991,0.0,0.0,0,0.0,9.438767521123147,0.0,1,4509.044334429762,11.634877575720974,0.101840490797546,0.0445510623714873,2,0.550920245398773,0.101840490797546,0.0639095898917913,0.9612487168751178,37.2661049,-121.814509,0.1014,0.4347,0.0,1
06085511301,Santa Clara,3925,0.0,0.0,0,0.0,9.903245263299466,0.0,1,4022.55839646084,12.281300704438166,0.0761138613861386,0.0279114533205004,5,0.5380569306930693,0.0761138613861386,0.011901265117749915,0.7537742372437092,37.4431681,-122.1532785,0.0226,0.2447,0.0,1
06085512312,Santa Clara,3493,0.0,0.0,0,0.0,10.411877236593849,0.0,1,2504.7289330440963,12.130141473896352,0.0,0.0512129380053908,5,0.5,0.0,0.02406286331151175,0.0,37.1330765,-121.6430656,0.2199,0.3684,0.0,1
06085503327,Santa Clara,4522,0.0,0.0,0,0.0,9.225226188532162,0.0,1,3139.6592368857096,11.882341890379578,0.1689432063263839,0.0067708333333333,3,0.5844716031631919,0.1689432063263839,0.04399971372091416,1.558539291376749,37.308027,-121.7887155,0.05,0.3471,0.0,1
06085512039,Santa Clara,6127,0.0,0.0,0,0.0,9.643687988758753,0.0,1,4401.705817205157,11.810025548400267,0.0498269896193771,0.0241003631561571,3,0.5249134948096885,0.0498269896193771,0.049817964388390146,0.48051594130839403,37.2488508,-121.7864273,0.0918,0.3868,0.0,1
06055201200,Napa,4587,0.0,0.0,0,0.0,10.809332992975607,0.0,1,76.66326725025662,11.213912776176063,0.0397553516819571,0.0062893081761006,1,0.5198776758409785,0.0397553516819571,0.09777854203868985,0.4297288345831272,38.3694953,-122.3628375,0.1006,0.5161,0.0,1
06001406900,Alameda,3865,0.0,0.0,0,0.0,8.189114714939844,0.0,1,4426.622754115936,11.834603084679967,0.058264724509183,0.0366379310344827,3,0.5291323622545915,0.058264724509183,0.04784056532546199,0.4771365128400667,37.7932754,-122.1903789,0.0927,0.3794,0.0,1
06001422100,Alameda,3200,0.0,0.0,0,0.0,7.0392804349901885,0.0,1,5797.682567971243,11.732735466175175,0.0906432748538011,0.1212121212121212,3,0.5453216374269005,0.0906432748538011,0.05603638003535494,0.6380634312418002,37.8733067,-122.2965336,0.1023,0.41,0.0,1
06001422200,Alameda,3280,2.962906216750725,89.87097281700164,1,21.0,5.972469345778983,0.4798710777705284,0,4859.166195471189,11.56884255312859,0.1130617977528089,0.23155505107832,2,0.31659535999114025,0.011452060227968634,0.03600461058141034,0.6752581212573142,37.8728828,-122.2878171,0.1141,0.3603,0.4798710777705284,0
06001422300,Alameda,3567,0.0,94.80728757691472,0,0.0,6.199149400054254,0.3792291503076589,0,6369.112363489241,11.448397610442436,0.2376058041112454,0.1905311778290993,2,0.42918832690179326,0.012338186108056308,0.048986850971588516,1.4729538780056355,37.8740722,-122.2779151,0.0837,0.3931,0.3792291503076589,0
06001422400,Alameda,4187,0.0,77.77054175037595,0,0.0,6.370648109712812,0.3110821670015038,0,8804.243125489998,11.152213813049237,0.335671883432272,0.238556338028169,1,0.5122948582153841,0.0746180411833036,0.07078118572551838,2.138447449671543,37.8752396,-122.2695878,0.0524,0.4355,0.3110821670015038,0
06075011901,San Francisco,2387,64.21079772728932,100.0,1,0.0,6.764574081884075,0.7,0,38317.7935437599,11.690778720424632,0.6206630686198921,0.1689800844900422,3,0.46033153430994606,0.0,0.01782360985757583,4.198521307568759,37.7904728,-122.4139142,0.1068,0.2813,0.7,0
06075012901,San Francisco,2816,33.17192032533057,100.0,1,0.0,7.863339963704452,0.7,0,15568.687939355144,12.301823637253555,0.2036101083032491,0.202567760342368,5,0.2518050541516246,0.0,0.0030750244152366606,1.6010555016351304,37.8019597,-122.427249,0.1198,0.1504,0.7,0
06075015802,San Francisco,3340,40.99724105466253,99.99999999999996,1,0.0,7.68347957364055,0.6999999999999998,0,19561.54073179612,11.973661280395048,0.3282302510716472,0.2781065088757396,4,0.31411512553582366,1.4576351284729548e-16,0.010995768743173113,2.5219504295599107,37.778079,-122.4385024,0.1061,0.2082,0.6999999999999998,0
06085508900,Santa Clara,4782,0.0,0.0,0,0.0,9.251683602229239,0.0,1,5234.36420405463,11.773464988687412,0.0388349514563106,0.0500196927924379,3,0.5194174757281553,0.0388349514563106,0.05275946412593857,0.3592886835817173,37.3910614,-122.0063863,0.0331,0.3657,0.0,1
06085512019,Santa Clara,4404,0.0,0.0,0,0.0,9.320336629952248,0.0,1,4083.271952024441,11.746629062213685,0.0121212121212121,0.0059464816650148,3,0.5060606060606061,0.0121212121212121,0.05491856320153565,0.11297377733275432,37.2707459,-121.8458034,0.1412,0.426,0.0,1
06085512021,Santa Clara,6133,0.0,0.0,0,0.0,9.431854024847464,0.0,1,3809.6021312371017,11.88195477843718,0.0628683693516699,0.0,3,0.5314341846758349,0.0628683693516699,0.04403085902300774,0.5929652825051447,37.2635211,-121.8239467,0.0508,0.3476,0.0,1
06085512022,Santa Clara,6217,0.0,0.0,0,0.0,9.532500421964523,0.0,1,6052.999036953159,11.405696538252375,0.0846817691477885,0.0169308357348703,2,0.5423408845738943,0.0846817691477885,0.08234847504178933,0.8072290001339961,37.2551956,-121.8109259,0.0598,0.4679,0.0,1
06085509102,Santa Clara,4865,0.0,0.0,0,0.0,9.488791681543361,0.0,1,1553.5161233784702,12.166489466694143,0.0617173524150268,0.0791320995532865,5,0.5308586762075134,0.0617173524150268,0.021138465760849434,0.5856231002025863,37.3915529,-122.0385404,0.023,0.2625,0.0,1
06097154202,Sonoma,6544,0.0,0.0,0,0.0,11.645067245550281,0.0,1,34.488729946188904,11.613042256305,0.0158478605388272,0.0006430868167202,2,0.5079239302694136,0.0158478605388272,0.06566636240391432,0.18454940167274547,38.7861401,-123.1049627,0.0537,0.4155,0.0,1
06097150305,Sonoma,6072,0.0,0.0,0,0.0,10.713879535541944,0.0,1,1848.1053373512973,11.413469704106666,0.0254629629629629,0.0046496180670873,2,0.5127314814814814,0.0254629629629629,0.0817230807507856,0.27280711780315064,38.3261142,-122.4927508,0.0525,0.4628,0.0,1
06097151601,Sonoma,2697,0.0,0.0,0,0.0,11.022541847054713,0.0,1,49.27981443010256,11.28307195213092,0.0672727272727272,0.0,1,0.5336363636363636,0.0672727272727272,0.09221430288266963,0.7415164515291345,38.44978,-122.5588359,0.049,0.4812,0.0,1
06075031301,San Francisco,3868,24.358366827211828,100.0,1,0.0,7.280862407170501,0.7,0,8565.287535241396,11.764244337685703,0.0462842242503259,0.1852688657930411,3,0.17314211212516298,0.0,0.01605039498677372,0.3369890683892471,37.7193281,-122.4678661,0.0809,0.2515,0.7,0
06075031302,San Francisco,4536,29.162610990870192,100.0,1,0.0,6.693349206988926,0.7,0,6614.080172729359,11.670057410690523,0.0846376811594202,0.2635448916408668,3,0.19231884057971013,0.0,0.018323753134565482,0.5665095560697868,37.7133984,-122.4671038,0.0708,0.2689,0.7,0
06075032601,San Francisco,4915,40.70051639317426,100.0,1,0.0,8.571038513563872,0.7,0,11767.237533673617,11.890704150173447,0.1723179544191217,0.1547574972232506,3,0.23615897720956086,0.0,0.0129980770668787,1.476943823904836,37.7624894,-122.4807987,0.0837,0.2219,0.7,0
06085510002,Santa Clara,4075,0.0,0.0,0,0.0,9.768917084652047,0.0,1,2128.441781003136,12.429224196812383,0.0052710843373493,0.0,5,0.5026355421686747,0.0052710843373493,0.0,0.05149278583777339,37.3465424,-122.0718652,0.0082,0.2116,0.0,1
06085510100,Santa Clara,2970,0.0,0.0,0,0.0,9.819470520946549,0.0,1,1467.1507033327357,12.429224196812383,0.0,0.0165425971877584,5,0.5,0.0,0.0,0.0,37.3407497,-122.0798238,0.0314,0.2232,0.0,1
06075032902,San Francisco,3907,17.835920152879815,100.0,1,0.0,8.541370598223502,0.7,0,7742.771115255716,11.586017921662625,0.0779985283296541,0.2123059866962306,2,0.18899926416482707,0.0,0.02035218598839036,0.6662143365796103,37.7526804,-122.4906464,0.1358,0.3229,0.7,0
06075047802,San Francisco,3664,29.459681736192497,100.0,1,0.0,8.835332887927864,0.7,0,10794.02738814093,11.74151814279102,0.1335714285714285,0.2649006622516556,3,0.21678571428571428,0.0,0.01659892950191696,1.1801480357446499,37.779204,-122.497393,0.0693,0.2516,0.7,0
06075012301,San Francisco,1901,65.11589736711394,100.0,1,0.0,5.795076572836748,0.7,0,20630.88681581393,10.151362740069521,0.8272656855151046,0.4383378016085791,1,0.5636328427575523,0.0,0.05497997511366106,4.794067993640315,37.7859203,-122.410746,0.0858,0.3977,0.7,0
06085503312,Santa Clara,3540,0.0,0.0,0,0.0,9.222322100178712,0.0,1,234.9528415042807,12.077830099410685,0.0279589934762348,0.0075014425851125,4,0.5139794967381174,0.0279589934762348,0.02827160342733359,0.2578468434346326,37.3488536,-121.762946,0.0756,0.3081,0.0,1
06085505100,Santa Clara,4389,0.0,0.0,0,0.0,8.389484350851891,0.0,1,630.0193652248149,11.546157125652366,0.2239024390243902,0.019009900990099,2,0.6119512195121951,0.2239024390243902,0.07104764200701197,1.8784260083126914,37.362814,-121.9239928,0.0594,0.4351,0.0,1
06085507205,Santa Clara,4652,0.0,0.0,0,0.0,9.649476078314322,0.0,1,1377.2878283912996,12.262982139503254,0.0098684210526315,0.0047036688617121,5,0.5049342105263157,0.0098684210526315,0.013375095233358447,0.0952250928781011,37.2576127,-121.9812179,0.0461,0.2588,0.0,1
06085508800,Santa Clara,3575,0.0,0.0,0,0.0,9.40520371331808,0.0,1,5142.5448498540745,11.803241565322653,0.0430790960451977,0.0552325581395348,3,0.5215395480225988,0.0430790960451977,0.05036377344052345,0.4051676740906796,37.3851461,-122.0247804,0.039,0.3627,0.0,1
06085512023,Santa Clara,5737,0.0,0.0,0,0.0,9.50113595229278,0.0,1,6044.944456366439,11.50007322765641,0.0223144784639335,0.0110294117647058,2,0.5111572392319668,0.0223144784639335,0.07475534711122711,0.21201289359034153,37.2550468,-121.824356,0.0682,0.4503,0.0,1
06081600800,San Mateo,8390,0.0,22.56744552430369,0,0.0,7.129686724236682,0.09026978209721476,0,14165.971695139664,11.36988615789768,0.169120422801057,0.231651376146789,1,0.5394253203519211,0.13095426351495637,0.0775359595832004,1.2057756332419907,37.6999363,-122.4806606,0.1036,0.4787,0.09026978209721476,0
06081600900,San Mateo,4035,0.0,52.61219031100881,0,0.0,7.548988688227061,0.21044876124403525,0,1759.874339199304,11.841725488142908,0.1409691629955947,0.1109884041965764,3,0.46526020087577974,0.0668021986805162,0.03732013566192461,1.0641746168425812,37.7056085,-122.4922777,0.079,0.3288,0.21044876124403525,0
06095250300,Solano,3526,0.0,0.0,0,0.0,9.941319923411521,0.0,1,3211.9348764111787,11.160228313400713,0.0701468189233279,0.0,1,0.5350734094616639,0.0701468189233279,0.1020977547204529,0.69735196852642,38.1048704,-122.2235767,0.2736,0.6075,0.0,1
06081601000,San Mateo,7202,0.0,0.0,0,0.0,7.861756011779989,0.0,1,1733.8449199390748,11.823684210939485,0.0216900135562584,0.1320467242254951,3,0.5108450067781292,0.0216900135562584,0.04871904925716897,0.17052159447150395,37.6727071,-122.4929607,0.0414,0.357,0.0,1
06001406601,Alameda,4531,0.0,0.0,0,0.0,7.831983167142154,0.0,1,6062.341334326981,11.225256725762893,0.0245098039215686,0.0889795918367346,1,0.5122549019607843,0.0245098039215686,0.09686585839832718,0.19196037174368002,37.7936093,-122.2079606,0.1037,0.5159,0.0,1
06001405402,Alameda,3673,0.0,0.0,0,0.0,7.4627094446051725,0.0,1,12871.104805950332,11.021984164509613,0.1704545454545454,0.1987414787624541,1,0.5852272727272727,0.1704545454545454,0.11322026298823007,1.2720527462395175,37.7933319,-122.2461006,0.0713,0.5158,0.0,1
06081601700,San Mateo,4561,0.0,12.786378557492636,0,0.0,6.966832893848059,0.051145514229970546,0,3672.805667940248,12.06297564803595,0.0515695067264574,0.0912845931433292,4,0.5002119962482434,0.04497563437618093,0.02795963552595719,0.35927613578140216,37.6626736,-122.4560776,0.0777,0.3031,0.051145514229970546,0
06081601800,San Mateo,6141,0.0,27.214334912614373,0,0.0,6.936401362103367,0.1088573396504575,0,3324.009184662803,11.729624293600416,0.0453514739229024,0.1089054314860766,3,0.46824706713622244,0.03300937192171676,0.05015947166585697,0.3145760254922155,37.6552995,-122.4460522,0.1323,0.4044,0.1088573396504575,0
06001437102,Alameda,4457,0.0,0.0,0,0.0,8.249714594232364,0.0,1,5122.96056439732,11.319874553963189,0.1033797216699801,0.0009794319294809,1,0.55168986083499,0.1033797216699801,0.08925332951462084,0.8528531986085146,37.6298655,-122.1002746,0.073,0.4877,0.0,1
06001435601,Alameda,5449,0.0,0.0,0,0.0,7.283336823410429,0.0,1,5759.474320200196,11.311898039220727,0.0815394651011089,0.0353724511027881,1,0.5407697325505545,0.0815394651011089,0.08989508435113802,0.5938793887320961,37.6746707,-122.1022676,0.0608,0.4833,0.0,1
06001437701,Alameda,3597,0.0,10.725278520249203,0,0.0,7.008162829265459,0.04290111408099681,0,7430.2363320156,11.150419266551891,0.0333660451422963,0.0590081607030759,1,0.4952324655306497,0.02978744386959294,0.09847298227784314,0.23383467732583424,37.6348665,-122.0697491,0.1161,0.5216,0.04290111408099681,0
06081611400,San Mateo,4251,0.0,0.0,0,0.0,10.041177725180344,0.0,1,478.2886067167307,12.429224196812383,0.0165615141955835,0.0221058755090168,5,0.5082807570977917,0.0165615141955835,0.0,0.1662971074359511,37.4463,-122.2147667,0.0396,0.2273,0.0,1
06081609603,San Mateo,4757,0.0,0.0,0,0.0,9.688732217455147,0.0,1,795.2715992941215,12.429224196812383,0.016,0.0608135320177205,5,0.508,0.016,0.0,0.15501971547928237,37.481517,-122.2815962,0.0576,0.2363,0.0,1
06081602300,San Mateo,4419,0.0,5.081520944352596,0,0.0,7.775626154125031,0.020326083777410388,0,329.87215160372034,11.953410166179433,0.0443234836702954,0.0811982656681119,4,0.5119986999464425,0.04207117656432264,0.03750375626045797,0.34464283886868263,37.6516256,-122.3991322,0.0639,0.3286,0.020326083777410388,0
06081609602,San Mateo,1786,0.0,0.0,0,0.0,9.665238100819366,0.0,1,1791.8467709681115,12.429224196812383,0.0107858243451463,0.0375,5,0.5053929121725731,0.0107858243451463,0.0,0.1042475604094531,37.488909,-122.2762011,0.0966,0.2558,0.0,1
06081613000,San Mateo,3460,0.0,0.0,0,0.0,10.131703655143253,0.0,1,743.5364748637916,12.427134030640058,0.0444624090541633,0.0662878787878787,5,0.5222312045270816,0.0444624090541633,0.00016816545741127342,0.4504799523305408,37.4229973,-122.2028024,0.0941,0.2625,0.0,1
06081603000,San Mateo,4575,0.0,0.0,0,0.0,8.479467716498363,0.0,1,1098.7104643544717,11.864532589175711,0.0601391650099403,0.0479063165365507,3,0.5300695825049702,0.0601391650099403,0.045432570745766454,0.5099481081989568,37.6364758,-122.4859426,0.0738,0.3632,0.0,1
06081604500,San Mateo,3756,0.0,0.0,0,0.0,7.566616998340492,0.0,1,2309.1714120157185,11.914569950452602,0.0873936581593194,0.053909952606635,4,0.5436968290796597,0.0873936581593194,0.041406787600771544,0.6612743393754644,37.606214,-122.4100762,0.0942,0.3595,0.0,1
06081607600,San Mateo,3978,0.0,0.0,0,0.0,9.045106190127344,0.0,1,3048.451826240457,11.689882659265033,0.0728813559322033,0.0537383177570093,3,0.5364406779661016,0.0728813559322033,0.05948412594705332,0.6592196036872462,37.5581261,-122.3066879,0.0692,0.4029,0.0,1
06081611100,San Mateo,6426,0.0,0.0,0,0.0,9.892429872814017,0.0,1,1914.3690875718385,12.304310354119167,0.0061055385957261,0.0151001540832049,5,0.503052769297863,0.0061055385957261,0.010050011224775557,0.06039861239397981,37.4580008,-122.2524753,0.0502,0.2554,0.0,1
06081607000,San Mateo,3436,0.0,0.0,0,0.0,9.219513649620303,0.0,1,1508.093639982142,11.985064313012975,0.0070871722182849,0.0088235294117647,4,0.5035435861091424,0.0070871722182849,0.03573512527944567,0.06534028100368744,37.5247705,-122.3231914,0.0471,0.3156,0.0,1
06081604900,San Mateo,3040,0.0,8.977390394417345,0,0.0,7.358543659713753,0.035909561577669384,0,1968.1096538165843,11.52946788158954,0.0429292929292929,0.0940632228218966,2,0.5035098656758118,0.03907536270946728,0.06979087726480296,0.31589707630084274,37.5892853,-122.3981155,0.0424,0.4231,0.035909561577669384,0
06081610302,San Mateo,4398,0.0,0.0,0,0.0,9.816270305791171,0.0,1,131.2189018266624,11.812474347486843,0.0277410832232496,0.0545680033071517,3,0.5138705416116248,0.0277410832232496,0.04962094492460056,0.2723139714948667,37.5289207,-122.2112234,0.048,0.3645,0.0,1
06081613400,San Mateo,3067,0.0,0.0,0,0.0,10.017469689144693,0.0,1,67.94408004895506,12.429224196812383,0.0115163147792706,0.0,5,0.5057581573896353,0.0115163147792706,0.0,0.11536433423199229,37.4225313,-122.2858204,0.0887,0.2519,0.0,1
06081602900,San Mateo,3703,0.0,0.0,0,0.0,8.338096909315523,0.0,1,1680.8642478825875,11.946971551127328,0.0258732212160414,0.0355515041020966,4,0.5129366106080206,0.0258732212160414,0.03879989917703264,0.21573342585551158,37.6532841,-122.4918058,0.041,0.3238,0.0,1
06081602800,San Mateo,4734,0.0,0.0,0,0.0,8.074269235640584,0.0,1,3950.914001060386,11.92950853881224,0.0046635576282478,0.1304883052933935,4,0.5023317788141239,0.0046635576282478,0.040204895340796964,0.037654819886398176,37.6593942,-122.4838467,0.0644,0.3407,0.0,1
06081603200,San Mateo,3733,0.0,0.0,0,0.0,9.163030038924564,0.0,1,590.6267301791041,11.898595945750213,0.0088365243004418,0.0150202195262853,4,0.5044182621502209,0.0088365243004418,0.04269198484634751,0.08096933760463508,37.5908694,-122.5079606,0.0791,0.3572,0.0,1
06081613501,San Mateo,4247,0.0,0.0,0,0.0,8.954007292940833,0.0,1,46.972295614985846,11.913900507805527,0.0079941860465116,0.0,4,0.5039970930232558,0.0079941860465116,0.0414606479734283,0.07158000016159072,37.5392855,-122.4240902,0.0354,0.3306,0.0,1
06081609700,San Mateo,4783,0.0,0.0,0,0.0,9.796515099375332,0.0,1,885.7249416103907,12.429224196812383,0.0,0.0045492142266335,5,0.5,0.0,0.0,0.0,37.4681137,-122.280853,0.0281,0.2216,0.0,1
06081609500,San Mateo,5029,0.0,0.0,0,0.0,9.570468268253983,0.0,1,2639.302907197809,12.429224196812383,0.0420806545879602,0.0201126307320997,5,0.5210403272939801,0.0420806545879602,0.0,0.4027315694414295,37.5048267,-122.2774924,0.0865,0.2508,0.0,1
06081604700,San Mateo,2801,0.0,0.0,0,0.0,7.546184272175948,0.0,1,2536.147950163074,12.248298454242043,0.0482315112540192,0.0668543279380717,5,0.5241157556270096,0.0482315112540192,0.014556479125763966,0.3639638716483569,37.5936829,-122.4066696,0.0612,0.2694,0.0,1
06081600300,San Mateo,4088,0.0,46.60657980823032,0,0.0,7.854945394962587,0.1864263192329213,0,1866.4578639129609,12.073340933076215,0.0,0.1985670419651996,4,0.40678684038353935,0.0,0.0232948776380983,0.0,37.7021431,-122.4318027,0.2487,0.3585,0.1864263192329213,0
06081609601,San Mateo,3675,0.0,0.0,0,0.0,9.603029451684023,0.0,1,1524.8106021701203,12.342210638019646,0.0274725274725274,0.0393386545039908,5,0.5137362637362637,0.0274725274725274,0.00700072324828227,0.26381949043087904,37.4953796,-122.2832578,0.0667,0.2586,0.0,1
06081603300,San Mateo,6427,0.0,0.0,0,0.0,9.081886022671666,0.0,1,804.0022470319391,11.902193438175821,0.0406779661016949,0.0501013611352447,4,0.5203389830508475,0.0406779661016949,0.04240254663454579,0.36943265176969475,37.5808809,-122.4857578,0.0779,0.3559,0.0,1
06081608001,San Mateo,3531,0.0,0.0,0,0.0,9.438001725870777,0.0,1,5799.218189079279,12.100717685412471,0.0257879656160458,0.0372279495990836,4,0.5128939828080229,0.0257879656160458,0.026430170234129413,0.2433868639909365,37.55112,-122.2576522,0.1031,0.3164,0.0,1
06081605000,San Mateo,8194,0.0,4.869875350444099,0,0.0,7.649878997235173,0.0194795014017764,0,1999.3626309762617,12.21053268475226,0.0300321773328566,0.0893756294058408,5,0.5052763379655402,0.02856964773172216,0.01725220392270206,0.22974252261986194,37.5814599,-122.3897966,0.0609,0.2714,0.0194795014017764,0
06081608900,San Mateo,7303,0.0,0.0,0,0.0,9.440577529973517,0.0,1,1193.132476598552,11.911627756699003,0.0867888138862102,0.0528228060368921,4,0.5433944069431051,0.0867888138862102,0.04164350340113132,0.8193365262272095,37.5039,-122.3034945,0.0632,0.345,0.0,1
06081602700,San Mateo,5702,0.0,0.0,0,0.0,8.08598448497073,0.0,1,3160.4792836715005,11.93462474951714,0.0190623390005152,0.0970238095238095,4,0.5095311695002576,0.0190623390005152,0.039793267822949785,0.15413777740541837,37.6486213,-122.4752474,0.0619,0.3383,0.0,1
06081604200,San Mateo,4055,0.0,31.032699306828004,0,0.0,7.285515145836808,0.12413079722731202,0,2325.4024198406028,11.844751209059444,0.0610687022900763,0.1158318425760286,3,0.46846895253138215,0.04211743553781493,0.041186954368127436,0.44491695547094984,37.6273901,-122.4061479,0.0635,0.3371,0.12413079722731202,0
06081601400,San Mateo,6884,0.0,15.902806470726173,0,0.0,7.074872481540206,0.06361122588290469,0,4676.839609778397,11.671159226235092,0.0716332378223495,0.0617183251767264,3,0.5040110059697224,0.06024154264274623,0.05711084756858988,0.5067960230329656,37.6810989,-122.4788078,0.0865,0.4037,0.06361122588290469,0
06013302006,Contra Costa,4183,0.0,0.0,0,0.0,8.679081744979598,0.0,1,288.47154971852893,11.82119662008696,0.0421455938697318,0.0315186246418338,3,0.5210727969348659,0.0421455938697318,0.04891918973360854,0.36578505438611336,38.0090152,-121.702202,0.3185,0.4972,0.0,1
06013302005,Contra Costa,7539,0.0,0.0,0,0.0,8.338589324779939,0.0,1,2107.645218974133,11.464470244700825,0.0430013163668275,0.0078933043004899,2,0.5215006581834137,0.0430013163668275,0.07761980448940486,0.35857031760791264,37.999313,-121.7329343,0.3743,0.6105,0.0,1
06013313204,Contra Costa,5864,0.0,0.0015317328391547,0,0.0,8.240435272873277,6.1269313566188e-06,0,345.0279486151105,11.440430038120041,0.0358069538142189,0.0325292397660818,2,0.5179004134414311,0.03580640534734863,0.07955348497712283,0.2950648852248338,37.9888812,-121.923712,0.1933,0.5269,6.1269313566188e-06,0
06001450743,Alameda,7435,0.4674199689616038,20.776560960703623,1,11.8,7.027278837146759,0.11482884291166262,0,1737.6337346147625,11.952953017427504,0.0391949152542372,0.0828625235404896,4,0.4621830361712873,0.03105155979294448,0.03391856999828354,0.27543359848986176,37.6930411,-121.8924273,0.2135,0.3847,0.11482884291166262,0
06001451404,Alameda,6631,0.0,0.0,0,0.0,9.271131198446213,0.0,1,3958.22557135188,11.565404056615359,0.0778191985088536,0.0482468443197756,2,0.5389095992544268,0.0778191985088536,0.06949911969715383,0.7214719991335117,37.6852758,-121.7803514,0.1153,0.4584,0.0,1
06001403501,Alameda,4904,0.0,15.65157664184104,0,0.0,7.184793095975122,0.06260630656736416,0,7320.761475092673,11.553760259408564,0.2759764185703758,0.2346041055718475,2,0.6066850560015058,0.23278175790442543,0.06602619445552443,1.9828334667963765,37.8177398,-122.2600504,0.1131,0.4469,0.06260630656736416,0
06013313206,Contra Costa,6290,0.0,28.67511299766809,0,0.0,6.868705158085106,0.11470045199067236,0,3635.3197926898415,11.303327259839381,0.0386533665835411,0.0492742551566081,1,0.4619764572964344,0.02756947003830781,0.08019455065127186,0.26549857842972324,38.0139154,-121.8993653,0.2746,0.5688,0.11470045199067236,0
06013338101,Contra Costa,5543,0.0,0.0,0,0.0,7.850114786799261,0.0,1,4912.750356389787,11.213939746347055,0.0811546840958605,0.0727848101265822,1,0.5405773420479303,0.0811546840958605,0.09777637213889834,0.6370735856389373,37.9489174,-122.0424911,0.0843,0.5078,0.0,1
06013338102,Contra Costa,3231,0.0,0.0,0,0.0,7.547000656594292,0.0,1,2067.4816296649064,12.037198268776512,0.0433412135539795,0.1583427922814983,4,0.5216706067769897,0.0433412135539795,0.0315406594835107,0.3270961671494767,37.9412497,-122.0417539,0.1686,0.3662,0.0,1
06001406500,Alameda,6494,0.0,0.0,0,0.0,7.37520089633202,0.0,1,8716.59593964606,11.123107302438243,0.1177083333333333,0.131562099871959,1,0.5588541666666667,0.1177083333333333,0.10508434586843396,0.8681226055057479,37.7880811,-122.2169865,0.1252,0.5364,0.0,1
06095250105,Solano,7595,0.0,0.0,0,0.0,9.98696775701811,0.0,1,2204.204099952534,11.60749900988932,0.0099285146942017,0.0676666666666666,2,0.5049642573471008,0.0099285146942017,0.06611234731237714,0.09915575612607291,38.1295384,-122.2141788,0.2853,0.5338,0.0,1
06095250605,Solano,3969,0.0,0.0,0,0.0,9.761805518320104,0.0,1,943.8367640827354,11.799051327154704,0.0,0.0451339915373765,3,0.5,0.0,0.050700901333752935,0.0,38.0700529,-122.2027379,0.1975,0.4427,0.0,1
06095250604,Solano,4057,0.0,0.0,0,0.0,9.817531530781679,0.0,1,1529.433870638311,11.559866301138648,0.019502353732347,0.0224215246636771,2,0.5097511768661735,0.019502353732347,0.06994466282913236,0.19146497269177443,38.0687077,-122.2191793,0.1373,0.4701,0.0,1
06095250103,Solano,4232,0.0,0.0,0,0.0,9.970650178885919,0.0,1,2094.8761798016844,11.570288302358705,0.0533049040511727,0.0421106037544393,2,0.5266524520255863,0.0533049040511727,0.06910615504658468,0.5314845511133218,38.1164727,-122.2218481,0.1649,0.4812,0.0,1
06095252311,Solano,4305,0.0,0.0,0,0.0,10.370049708455767,0.0,1,537.7927024292431,11.93531979505093,0.0221625251846877,0.0126103404791929,4,0.5110812625923439,0.0221625251846877,0.03973734755610259,0.22982648783011428,38.2949139,-122.0506429,0.1618,0.3881,0.0,1
06095252310,Solano,3099,0.0,0.0,0,0.0,10.41083049648547,0.0,1,124.71434114300835,11.99997670444518,0.087378640776699,0.0090460526315789,4,0.5436893203883495,0.087378640776699,0.03453534070753095,0.9096842181395068,38.3003328,-122.0817683,0.1242,0.3513,0.0,1
06095252313,Solano,4835,0.0,0.0,0,0.0,10.389234695587087,0.0,1,677.3922635705379,11.462726308637377,0.1216346153846153,0.0248833592534992,2,0.5608173076923076,0.1216346153846153,0.07776011381489722,1.263690566338236,38.3036981,-122.0262255,0.1721,0.5095,0.0,1
06095252312,Solano,3769,0.0,0.0,0,0.0,10.313632472017595,0.0,1,2327.0896594054125,11.458606545359917,0.0434131736526946,0.0108882521489971,2,0.5217065868263473,0.0434131736526946,0.07809157161244162,0.4477475174977697,38.2753544,-122.0561706,0.1192,0.4848,0.0,1
06095252611,Solano,3846,0.0,0.0,0,0.0,10.23647474092996,0.0,1,4077.438121330893,11.427062519190052,0.0211202938475665,0.0,2,0.5105601469237833,0.0211202938475665,0.08062946341247479,0.21619735449163294,38.263885,-122.013848,0.1448,0.5055,0.0,1
06095252911,Solano,5330,0.0,0.0,0,0.0,10.573172742115803,0.0,1,1259.0356919543376,11.249129175644406,0.0725028924026224,0.0049796287913082,1,0.5362514462013112,0.0725028924026224,0.09494518744545832,0.766585605675962,38.3695164,-121.9443944,0.0697,0.4949,0.0,1
06081601501,San Mateo,5503,0.0,0.0,0,0.0,7.610234356540121,0.0,1,7674.843368719695,12.041103658267037,0.0467105263157894,0.0569157392686804,4,0.5233552631578947,0.0467105263157894,0.031226449245712717,0.35547805218049194,37.6750754,-122.4856364,0.097,0.3293,0.0,1
06081601502,San Mateo,5451,0.0,0.0,0,0.0,7.614812328899402,0.0,1,6675.358590429172,11.431813018663624,0.0981987216734456,0.1445623342175066,2,0.5490993608367228,0.0981987216734456,0.08024725939086019,0.7477648364811144,37.6691797,-122.4783648,0.1349,0.4996,0.0,1
06081601603,San Mateo,6251,0.0,0.0,0,0.0,7.483982990278375,0.0,1,5285.551212975603,11.520625741596417,0.1380352644836272,0.0963932333226939,2,0.5690176322418136,0.1380352644836272,0.07310178341211238,1.0330535714540428,37.6554243,-122.4609313,0.0875,0.4555,0.0,1
06081609800,San Mateo,4581,0.0,0.0,0,0.0,9.824974307661641,0.0,1,2236.797443952045,12.246446539668447,0.0,0.0029041626331074,5,0.5,0.0,0.014705475921080513,0.0,37.4722049,-122.253046,0.0378,0.2585,0.0,1
06095253403,Solano,5032,0.0,0.0,0,0.0,10.755084205896432,0.0,1,666.8040300267611,11.574942058720534,0.0048899755501222,0.0,2,0.5024449877750611,0.0048899755501222,0.06873173454469816,0.05259209880633899,38.4410051,-121.8456708,0.0886,0.4417,0.0,1
06095252802,Solano,990,0.0,0.0,0,0.0,10.242762183989338,0.0,1,274.7202537418151,11.367911253546788,0.0329670329670329,0.0,1,0.5164835164835164,0.0329670329670329,0.08538851069544473,0.3376734785930544,38.2715195,-121.9462484,0.0066,0.4488,0.0,1
06095252912,Solano,5495,0.0,0.0,0,0.0,10.534973646956516,0.0,1,2176.4711547020547,11.941735937073384,0.0174897119341563,0.0,4,0.5087448559670782,0.0174897119341563,0.03922113335633781,0.1842536543191975,38.3572492,-121.944357,0.0803,0.3448,0.0,1
06095252913,Solano,4622,0.0,0.0,0,0.0,10.438016725860908,0.0,1,2599.415465145325,11.577729575835725,0.0251071647274954,0.0091225021720243,2,0.5125535823637477,0.0251071647274954,0.06850746333749724,0.26206900536454203,38.3255211,-121.9657382,0.0908,0.442,0.0,1
06095253404,Solano,6656,0.0,0.0,0,0.0,10.810547016026044,0.0,1,2548.695000035624,11.443982592233318,0.0455172413793103,0.0045402951191827,2,0.5227586206896552,0.0455172413793103,0.07926814972343499,0.4920662779708401,38.4601521,-121.8307255,0.1359,0.4975,0.0,1
06095252315,Solano,3852,0.0,0.0,0,0.0,10.312963033288952,0.0,1,2232.2193073747035,11.74919055117441,0.0092951200619674,0.0071077091306724,3,0.5046475600309837,0.0092951200619674,0.05471247721256611,0.09586022958905231,38.2840121,-122.0150107,0.1476,0.4284,0.0,1
06081601604,San Mateo,2431,0.0,3.2331323220454,0,0.0,7.439257594173881,0.0129325292881816,0,1645.3227551039636,11.67738850346287,0.0480943738656987,0.1492100643651258,3,0.5175809222887586,0.04653941911916144,0.0597070697635089,0.3577864360174369,37.6695269,-122.469134,0.0556,0.3972,0.0129325292881816,0
06081601605,San Mateo,5947,0.0,0.0,0,0.0,7.784370215356053,0.0,1,6298.064363279304,11.87931011675533,0.060064935064935,0.0769728331177231,3,0.5300324675324675,0.060064935064935,0.044243636718539925,0.4675676915067754,37.6569608,-122.4698327,0.0437,0.3453,0.0,1
06095252914,Solano,5750,0.0,0.0,0,0.0,10.459390386049911,0.0,1,2353.923279645622,11.737939266276108,0.029891304347826,0.0024479804161566,3,0.514945652173913,0.029891304347826,0.05561770546496081,0.31264482132214316,38.3324109,-121.943775,0.1905,0.4529,0.0,1
06081608800,San Mateo,6278,0.0,0.0,0,0.0,9.346938710796783,0.0,1,2194.0298810018644,12.429224196812383,0.0218808193668528,0.0550031075201988,5,0.5109404096834264,0.0218808193668528,0.0,0.2045186775639884,37.5164993,-122.3109497,0.1125,0.2638,0.0,1
06081609400,San Mateo,3408,0.0,0.0,0,0.0,9.681969449050476,0.0,1,3133.7234874008755,12.429224196812383,0.0067243035542747,0.015233949945593,5,0.5033621517771374,0.0067243035542747,0.0,0.06510450157862917,37.4946511,-122.2631297,0.0495,0.2323,0.0,1
06081613800,San Mateo,4064,0.0,0.0,0,0.0,10.512584872893417,0.0,1,8.37450157839913,12.248672259148991,0.0236065573770491,0.0,5,0.5118032786885246,0.0236065573770491,0.014526404448452768,0.24816593798305686,37.2827241,-122.3443974,0.1433,0.3103,0.0,1
06081600200,San Mateo,4246,8.787652003795502,93.66855188476164,1,0.0,8.126729676965827,0.6383037676529116,0,3731.2370408115694,11.6172944892629,0.0897920604914933,0.1097501224889759,2,0.22574414641929083,0.005685137721622339,0.023627533907276125,0.7297158027521293,37.7044761,-122.4157978,0.0799,0.2997,0.6383037676529116,0
06075030900,San Francisco,6627,23.3872125095936,100.0,1,0.0,7.587920243905992,0.7,0,3522.4331204790174,12.09243911376221,0.0598546387345019,0.1803426510369702,4,0.17992731936725098,0.0,0.008128868167086712,0.45417222494520665,37.7282698,-122.4683645,0.0409,0.1465,0.7,0
06075031100,San Francisco,6286,27.05324810537474,100.0,2,50.4,6.781625351736846,0.7756,0,5864.024744496055,12.14734123046635,0.0879899916597164,0.2329560410634377,5,0.1561949958298582,0.0,0.005089178266192338,0.5967151581386464,37.7296129,-122.4462246,0.0519,0.1269,0.7756,0
06075031000,San Francisco,4140,21.98240928506049,100.0,1,0.0,7.041502770709347,0.7,0,5055.954135563914,12.154784614286667,0.1144179894179894,0.1490713587487781,5,0.20720899470899473,0.0,0.006624055810243557,0.8056745895057652,37.7286248,-122.4571615,0.1285,0.1784,0.7,0
06075032700,San Francisco,6721,14.20601309150844,100.0,1,0.0,8.656107698421902,0.7,0,7956.551165669019,11.885509190508381,0.090311986863711,0.185287610619469,3,0.19515599343185552,0.0,0.013123466059372637,0.7817502847507465,37.7601691,-122.4911696,0.0918,0.2273,0.7,0
06075033100,San Francisco,3980,17.93566781011379,100.0,1,0.0,8.100392935865402,0.7,0,4461.497367765806,12.017288249508471,0.0742049469964664,0.0902255639097744,4,0.18710247349823322,0.0,0.009942759277193437,0.6010892284564431,37.7322046,-122.4871887,0.1155,0.2036,0.7,0
06075033201,San Francisco,3730,25.697887300486972,99.99999999999991,1,0.0,7.794645919065169,0.6999999999999997,0,3993.879984617351,10.895015618594563,0.322061191626409,0.3437674678591392,1,0.31103059581320464,2.8604780022548316e-16,0.0370306759438281,2.510352953000054,37.7263801,-122.4798147,0.1448,0.4187,0.6999999999999997,0
06075035201,San Francisco,5305,10.192361460798027,99.99999999999996,1,0.0,8.785087609240765,0.6999999999999998,0,3379.404846845847,11.792661047537825,0.0995132504056246,0.1755962668510197,3,0.19975662520281237,4.419276074224525e-17,0.015364510427878805,0.8742326230937263,37.7566323,-122.5104356,0.1628,0.287,0.6999999999999998,0
06075035300,San Francisco,7157,20.493768678213083,100.0,1,0.0,8.468515448278277,0.7,0,6377.126192607437,11.895606305106249,0.115057915057915,0.2278342025802909,4,0.20752895752895753,0.0,0.01287975540363139,0.974369731114643,37.7425282,-122.4978589,0.1447,0.2507,0.7,0
06075035400,San Francisco,7431,18.256930556507164,100.0,1,0.0,8.562388710827955,0.7,0,4678.181067772577,11.845662161713454,0.197119341563786,0.2265426880811496,3,0.248559670781893,0.0,0.014085240378444299,1.6878124248916009,37.7421123,-122.5072288,0.1789,0.2793,0.7,0
06075040100,San Francisco,4228,19.087306006418583,99.99999999999991,1,0.0,8.35810856089717,0.6999999999999997,0,10087.641224392224,11.82356694155692,0.1956004756242568,0.2829754601226993,3,0.24780023781212854,1.7372812133254528e-16,0.014618545268757601,1.634850009830659,37.7851587,-122.461815,0.1695,0.2814,0.6999999999999997,0
06075040200,San Francisco,5464,24.460539456421294,100.0,1,0.0,8.472074117592582,0.7,0,10280.95289152969,12.126044104422958,0.3054042731462086,0.1940952937737503,5,0.3027021365731043,0.0,0.007317755821007223,2.5874076379241693,37.7843303,-122.4683869,0.0839,0.1615,0.7,0
06075042700,San Francisco,5229,48.85245761698474,100.0,1,0.0,8.750277016048772,0.7,0,12772.47504396066,11.556128622270876,0.1716210860087197,0.1979923849082727,2,0.23581054300435988,0.0,0.02107361394523938,1.5017320443714295,37.7822707,-122.4881761,0.0942,0.3094,0.7,0
06075042800,San Francisco,2348,4.521439416710182,87.26437640497319,1,0.0,8.79538193870889,0.48470068812119826,0,2654.0849376088768,12.429224196812383,0.030751708428246,0.0518518518518518,5,0.2730255101535239,0.0039164218344615465,0.0,0.2704730208942368,37.7880433,-122.4885865,0.0626,0.1419,0.48470068812119826,0
06075047600,San Francisco,5121,26.356682565813852,99.99999999999996,1,0.0,8.532097508921463,0.6999999999999998,0,9640.897958538051,12.040985715657772,0.1553267681289167,0.2182462927143778,4,0.2276633840644584,6.89789417269345e-17,0.009370781514766939,1.3252631314215517,37.7767733,-122.475544,0.1396,0.2107,0.6999999999999998,0
06075023400,San Francisco,4039,20.975717980637235,100.0,1,0.0,8.303230498345927,0.7,0,4706.718051321877,11.272953608674523,0.1675438596491228,0.23375,1,0.2337719298245614,0.0,0.02790851391435352,1.391155285249186,37.7215886,-122.3900583,0.1925,0.4136,0.7,0
06075025100,San Francisco,3408,25.349196690296523,99.99999999999996,1,0.0,7.198187337108876,0.6999999999999998,0,6170.718737180754,11.789056075442241,0.051660516605166,0.0995807127882599,3,0.1758302583025831,2.2941877999634207e-17,0.015451522425695415,0.3718620764558087,37.7439404,-122.4076933,0.1394,0.2758,0.6999999999999998,0
06075047701,San Francisco,4848,32.90110279532033,100.0,1,0.0,8.672786258950497,0.7,0,13292.045529309413,11.741327167943417,0.25146484375,0.2417371252882398,3,0.275732421875,0.0,0.016603538997519676,2.1809008414841338,37.7782559,-122.4840627,0.0826,0.2584,0.7,0
06075060100,San Francisco,3952,1.058413611812402,29.825886096682492,1,0.0,8.849364801900332,0.151055952741102,0,149.38752121009327,12.37347513103318,0.0420736288504883,0.1463199647421771,5,0.44550883805469316,0.02952479623280072,0.0038077869369865297,0.3723248902377295,37.807347,-122.4749184,0.1067,0.2438,0.151055952741102,0
06085503710,Santa Clara,3334,0.0,0.0,0,0.0,7.969348378626947,0.0,1,5544.959209831977,10.94346386571928,0.2365900383141762,0.0654962862930452,1,0.6182950191570881,0.2365900383141762,0.1195376563787579,1.8854684382383673,37.3547002,-121.8469654,0.1107,0.5394,0.0,1
06085503711,Santa Clara,4780,0.0,0.0,0,0.0,8.127825837941137,0.0,1,4949.151513892081,11.478861831194436,0.0143149284253578,0.0116387337057728,2,0.5071574642126789,0.0143149284253578,0.0764619215623834,0.11634924512390116,37.3498677,-121.8443656,0.0517,0.4461,0.0,1
06075047902,San Francisco,3350,24.33570827256046,100.0,1,0.0,8.933715836402842,0.7,0,8152.462271307753,11.751509200772317,0.143239625167336,0.1428571428571428,3,0.22161981258366803,0.0,0.016357778699024706,1.2796621077578365,37.7792384,-122.5041008,0.0907,0.2591,0.7,0
06085503332,Santa Clara,5993,0.0,0.0,0,0.0,9.645969925093045,0.0,1,763.5079850731856,11.8046468683294,0.0187080833039181,0.0199637023593466,3,0.5093540416519591,0.0187080833039181,0.05025070902198092,0.18045760890572932,37.281521,-121.7383531,0.1143,0.3995,0.0,1
06085503330,Santa Clara,7156,0.0,0.0,0,0.0,9.521044453465743,0.0,1,401.7586050478882,12.429224196812383,0.0059970014992503,0.0211786372007366,5,0.5029985007496252,0.0059970014992503,0.0,0.057097717861862816,37.3089937,-121.7397926,0.0905,0.2528,0.0,1
06085504423,Santa Clara,2101,0.0,0.0,0,0.0,8.066294266295625,0.0,1,3772.7471812256153,12.081240447807753,0.0053003533568904,0.0285714285714285,4,0.5026501766784452,0.0053003533568904,0.027997221990240906,0.0427542098920258,37.4335965,-121.8706784,0.1005,0.3192,0.0,1
06085511707,Santa Clara,3090,0.0,0.0,0,0.0,10.04819904941985,0.0,1,27.26723713055418,12.260802278936026,0.1011804384485666,0.0042408821034775,5,0.5505902192242833,0.1011804384485666,0.013550477102146963,1.0166811854387705,37.2923684,-122.1192678,0.0042,0.2382,0.0,1
06085511704,Santa Clara,4577,0.0,0.0,0,0.0,10.031926154974355,0.0,1,297.32718494766686,12.429224196812383,0.0213776722090261,0.0078469838155958,5,0.5106888361045131,0.0213776722090261,0.0,0.21445922896619732,37.3610552,-122.1406585,0.0255,0.2203,0.0,1
06085511609,Santa Clara,3274,0.0,0.0,0,0.0,9.993107748841117,0.0,1,2128.9125924769423,11.91967641269885,0.102328431372549,0.0202578268876611,4,0.5511642156862745,0.102328431372549,0.04099594440047294,1.022579040475776,37.4385457,-122.1744126,0.027,0.3245,0.0,1
06085512510,Santa Clara,6844,0.0,0.0,0,0.0,10.82810991302161,0.0,1,295.5241462386825,11.569627107839532,0.0803500397772474,0.0,2,0.5401750198886237,0.0803500397772474,0.06915935181162025,0.8700390622236933,36.9775587,-121.5863518,0.1807,0.4893,0.0,1
06085512509,Santa Clara,8056,0.0,0.0,0,0.0,10.822237921422797,0.0,1,1661.6730946389623,12.117443597179115,0.0325245224574083,0.0440377466399771,4,0.5162622612287041,0.0325245224574083,0.02508447789631374,0.3519881203147315,36.9879101,-121.5714927,0.2454,0.3847,0.0,1
06085512310,Santa Clara,5395,0.0,0.0,0,0.0,10.467908294495828,0.0,1,1358.3015522724022,11.527823929632195,0.0351473922902494,0.0135194068905364,2,0.5175736961451247,0.0351473922902494,0.0725226492745511,0.3679196792850004,37.1170325,-121.6337601,0.1683,0.4939,0.0,1
06085503331,Santa Clara,3725,0.0,0.0,0,0.0,9.481687765469331,0.0,1,2727.714412936511,11.692443094431448,0.0651701665459811,0.026152787336545,3,0.5325850832729906,0.0651701665459811,0.059278124741678595,0.6179231708126277,37.2948911,-121.7588008,0.1335,0.4338,0.0,1
06085510600,Santa Clara,6100,0.0,0.0,0,0.0,9.8935961547532,0.0,1,2944.1301504262733,11.978236852849545,0.0370544090056285,0.0318664643399089,4,0.5185272045028142,0.0370544090056285,0.03628443230418987,0.36660135845473846,37.4087715,-122.1302626,0.0383,0.3132,0.0,1
06085511705,Santa Clara,2047,0.0,0.0,0,0.0,10.016519205559653,0.0,1,163.18736442212798,12.429224196812383,0.022875816993464,0.0387755102040816,5,0.511437908496732,0.022875816993464,0.0,0.22913606025790004,37.4057029,-122.161914,0.0,0.2075,0.0,1
06085513000,Santa Clara,10780,0.0,0.0,0,0.0,9.964912843796043,0.0,1,3907.019961148255,10.826694313452013,0.4000793021411578,0.0207531022678647,1,0.7000396510705789,0.4000793021411578,0.1289324142830538,3.986755376443381,37.4288643,-122.1617975,0.0199,0.4978,0.0,1
06085512053,Santa Clara,5205,0.0,0.0,0,0.0,9.547237328443323,0.0,1,4763.762722541543,11.840436238789916,0.0267080745341614,0.0062134502923976,3,0.5133540372670807,0.0267080745341614,0.04737125573561285,0.25498832616339223,37.2436327,-121.853464,0.0866,0.3754,0.0,1
06075020300,San Francisco,3474,62.93490562416512,100.0,1,0.0,6.748925296351855,0.7,0,12146.436785463868,12.05613308647438,0.3776844070961718,0.2789351851851852,4,0.3388422035480859,0.0,0.009005174524899608,2.548963849089006,37.7649354,-122.4294366,0.0883,0.1814,0.7,0
06075020900,San Francisco,4098,41.57588839368083,100.0,2,50.4,4.223921239135235,0.7756,0,13105.99927979262,11.676862388638906,0.3887573964497041,0.4886582083813918,3,0.30657869822485206,0.0,0.013583308747252828,1.6420806237348218,37.7518211,-122.4184134,0.1657,0.2999,0.7756,0
06075021000,San Francisco,3820,12.828660487624775,100.0,1,0.0,5.9732653926498935,0.7,0,12251.370765681662,11.92582288489569,0.3066522444564629,0.2469458987783595,4,0.30332612222823147,0.0,0.012150427990005932,1.831715239390205,37.7515888,-122.4228445,0.0593,0.199,0.7,0
06075021100,San Francisco,3959,28.28664816556701,100.0,1,0.0,6.917542988100663,0.7,0,9332.23667395665,12.33765338687093,0.2007007007007007,0.2568671121009651,5,0.25035035035035036,0.0,0.0022102138112112596,1.388355724839022,37.7539709,-122.4298155,0.147,0.1592,0.7,0
06075021200,San Francisco,2984,46.270639684413325,100.0,1,0.0,7.454901975876662,0.7,0,8629.474301143086,12.160850358909187,0.1693605059732958,0.2548910005589715,5,0.2346802529866479,0.0,0.006477648974391094,1.2625659706157941,37.7531762,-122.4381261,0.1185,0.1721,0.7,0
06075021300,San Francisco,2663,47.974442281933946,100.0,1,0.0,7.49095909885928,0.7,0,8517.062653119341,12.119522980117166,0.1058109280138768,0.1662452591656131,4,0.20290546400693843,0.0,0.00747515400296609,0.7926253339642947,37.7492624,-122.4384746,0.1283,0.1854,0.7,0
06075021400,San Francisco,3500,39.48805534867176,100.0,1,0.0,6.916797505798928,0.7,0,9872.01383716794,12.28928263974426,0.2257876312718786,0.2178217821782178,5,0.26289381563593933,0.0,0.0033777222500503083,1.561727324821578,37.7495712,-122.4293939,0.0891,0.1367,0.7,0
06075021500,San Francisco,5559,25.297145397565668,99.99999999999996,1,0.0,7.013013099410304,0.6999999999999998,0,11718.902605422296,12.210756658393988,0.0811258278145695,0.3371304583672362,5,0.19056291390728483,3.6027104772604404e-17,0.005273077425244857,0.5689364931640808,37.744964,-122.4269056,0.0795,0.1444,0.6999999999999998,0
06075021600,San Francisco,4414,40.1392977666501,100.0,1,0.0,7.2575724484651465,0.7,0,7382.285847583064,12.296776779226652,0.1493917274939172,0.1470698021649869,5,0.2246958637469586,0.0,0.00319683872835036,1.0842212854884665,37.745496,-122.4381399,0.0892,0.1359,0.7,0
06075021700,San Francisco,4602,27.495754799270507,100.0,1,0.0,6.831231765443854,0.7,0,3721.63128194832,11.858293728629645,0.0460855080510827,0.2238183503243744,3,0.17304275402554137,0.0,0.013780356500347625,0.3148207865251746,37.7402533,-122.4392771,0.1089,0.2416,0.7,0
06075021800,San Francisco,4121,55.46901536321081,99.99999999999996,1,0.0,6.474148919750351,0.6999999999999998,0,8163.850439706848,12.356649805075568,0.0957207207207207,0.1696629213483146,5,0.19786036036036042,4.250853923114337e-17,0.0017517036603642909,0.619710200651779,37.7379203,-122.4291348,0.0835,0.1246,0.6999999999999998,0
06075022600,San Francisco,3849,10.88785363915267,97.06661505442892,1,0.0,8.01033121442355,0.6882664602177158,0,2095.3674328549314,12.38683465352651,0.292360430950049,0.186031746031746,5,0.3020469853661666,0.008576056868295477,0.0010631590652012302,2.3419038859014982,37.7601234,-122.3852679,0.1063,0.1347,0.6882664602177158,0
06075022802,San Francisco,2369,34.33411737629729,99.99999999999996,1,0.0,7.166256323663814,0.6999999999999998,0,8133.752406444829,11.783280792597731,0.3064516129032258,0.2382978723404255,3,0.303225806451613,1.360918546314708e-16,0.01559091848339926,2.196110808864717,37.7589131,-122.4062337,0.1583,0.2863,0.6999999999999998,0
06075022902,San Francisco,2096,37.07517607564199,99.99999999999996,1,0.0,6.580457473209974,0.6999999999999998,0,12951.594842424269,12.159379281537989,0.2731092436974789,0.1704180064308681,5,0.28655462184873953,1.212848682363616e-16,0.00651315587364493,1.797183763691799,37.751344,-122.4103787,0.0297,0.128,0.6999999999999998,0
06075022903,San Francisco,2850,41.76489149429062,99.99999999999996,1,0.0,6.984115969478447,0.6999999999999998,0,9156.149289132944,12.253242450006564,0.21803127874885,0.2836767036450079,5,0.25901563937442507,9.682533830217555e-17,0.004247612176412876,1.52275573575565,37.7517619,-122.4062182,0.1801,0.1875,0.6999999999999998,0
06075023001,San Francisco,5719,30.01917718822206,100.0,1,0.0,7.789299422245252,0.7,0,8583.983716972098,11.462189909754109,0.0496894409937888,0.3144016227180527,2,0.17484472049689442,0.0,0.023340981023729883,0.38704593402460863,37.7351925,-122.4017617,0.146,0.3568,0.7,0
06075023003,San Francisco,4157,34.21766426377919,100.0,1,0.0,7.9943194275979055,0.7,0,10160.202167466436,11.54706598808996,0.126418152350081,0.1842857142857142,2,0.21320907617504053,0.0,0.021292355695426184,1.0106270913332844,37.7326749,-122.3958349,0.0748,0.3023,0.7,0
06013359103,Contra Costa,5435,0.0,0.0,0,0.0,9.097306208647813,0.0,1,2050.027090666857,11.507158870075891,0.056439199589533,0.0245959241040056,2,0.5282195997947665,0.056439199589533,0.0741852678925018,0.5134446808369717,38.000836,-122.2941567,0.1114,0.4707,0.0,1
06013317000,Contra Costa,1934,0.0,0.0,0,0.0,9.111032156250541,0.0,1,1192.7813608566996,11.022735454804309,0.0588842975206611,0.0640895218718209,1,0.5294421487603306,0.0588842975206611,0.11315981751852089,0.5364967282089673,38.0176878,-122.1262123,0.116,0.538,0.0,1
06013328000,Contra Costa,2326,0.0,47.15986398848578,0,0.0,6.671370183082517,0.18863945595394316,0,2148.836565864443,10.860920227741458,0.2423184357541899,0.2339181286549707,1,0.5268394899001234,0.12804139103348763,0.10237645901514218,1.616595987101699,37.9756132,-122.037806,0.2264,0.5624,0.18863945595394316,0
06001450744,Alameda,5818,0.0,0.0,0,0.0,8.02315848447535,0.0,1,2214.962666299783,12.171558837498297,0.0367647058823529,0.0509204857030944,5,0.5183823529411764,0.0367647058823529,0.020730606772719318,0.29496906192924044,37.6969031,-121.8651217,0.1218,0.3115,0.0,1
06001405901,Alameda,3757,0.0,0.0,0,0.0,7.4772625751330315,0.0,1,8301.036257344156,10.845309569606691,0.1689623507805326,0.173887240356083,1,0.5844811753902663,0.1689623507805326,0.12743471371382176,1.2633758620977757,37.7877859,-122.2357701,0.1685,0.5714,0.0,1
06001450101,Alameda,6883,0.0,24.22107859079424,0,0.0,7.169237129844453,0.09688431436317696,0,3799.312649739669,12.025144118020233,0.0283199387676999,0.1189885969261279,4,0.46571781220226144,0.0214605441419105,0.02936072691521202,0.2030323565283155,37.7050855,-121.8851378,0.1934,0.361,0.09688431436317696,0
06013330000,Contra Costa,5587,0.0,12.34598590475628,0,0.0,7.410863463352568,0.04938394361902512,0,2585.3388034337304,11.73474013371098,0.014271653543307,0.0923984272608125,3,0.48244385496214093,0.012509677208474667,0.053115760954268086,0.10576527580572007,37.9884601,-122.0261933,0.2009,0.4489,0.04938394361902512,0
06013332000,Contra Costa,8109,0.0,0.0,0,0.0,7.977269233235916,0.0,1,2701.763554123097,11.724206939208404,0.0322696306920043,0.0745013217976447,3,0.5161348153460021,0.0322696306920043,0.05672254731592885,0.2574235320872113,37.9815004,-121.9973254,0.1795,0.4511,0.0,1
06013372000,Contra Costa,7610,0.0,0.0,0,0.0,7.460082160907751,0.0,1,4881.99316955293,11.407175984786619,0.1038854805725971,0.1464327485380117,2,0.5519427402862985,0.1038854805725971,0.08222944536537369,0.7749942203969603,37.9485229,-122.3399385,0.1273,0.5013,0.0,1
06013373000,Contra Costa,4386,0.0,0.4551569442449221,0,0.0,7.095383413962675,0.0018206277769796883,0,5300.731081645715,11.331571439966401,0.0770941438102298,0.1911966987620357,1,0.537636758016625,0.07674324446107138,0.08815146644698725,0.5470125093047578,37.9476192,-122.3538132,0.1605,0.5303,0.0018206277769796883,0
06013310000,Contra Costa,6257,0.0,0.0389250025759652,0,0.0,6.999127314089204,0.0001557000103038608,0,3160.874810707957,11.11326845714504,0.1680080482897384,0.0588235294117647,1,0.5839261741397173,0.16794265115261378,0.10585945063912812,1.175909719771526,38.0264788,-121.8917588,0.2297,0.5891,0.0001557000103038608,0
06013374000,Contra Costa,4687,0.0,18.842518839829296,0,0.0,6.959356758804354,0.07537007535931718,0,4724.353638572659,11.328942528849607,0.1292134831460674,0.11249401627573,1,0.5269217038933751,0.10486640824067,0.08185171814608173,0.8992427272612367,37.9394176,-122.3414882,0.1345,0.5027,0.07537007535931718,0
06013375000,Contra Costa,5271,3.049544842047838,94.939345929669,1,21.0,5.990434402780122,0.5027437289801112,0,8037.075431217077,11.21596043891953,0.1176905995558845,0.0552808988764044,1,0.3074734352878866,0.00595591411682182,0.04853907230735291,0.7050178164633895,37.9402568,-122.3518215,0.1308,0.4301,0.5027437289801112,0
06013376000,Contra Costa,6712,0.0,28.33638625408012,0,0.0,6.845622658458879,0.11334554501632049,0,5592.70495490638,11.081603942316837,0.0969937606352807,0.0890144825150123,1,0.49182410780948005,0.06950923397930964,0.09613419818922848,0.6639826855340144,37.9409897,-122.3623529,0.202,0.5551,0.11334554501632049,0
06013377000,Contra Costa,7826,0.0,42.14680793556448,0,0.0,6.832802430394259,0.16858723174225795,0,6285.393069039181,10.627769962026784,0.2512601783637068,0.0808154350200218,1,0.5413364733107244,0.14536203357019853,0.12050245683208789,1.7168111573848308,37.9337791,-122.3629918,0.1667,0.5408,0.16858723174225795,0
06013383000,Contra Costa,5848,0.0,10.407091797488246,0,0.0,7.183784902283345,0.04162836718995298,0,4360.231338545196,11.570307187208334,0.0553342186808322,0.1275106512477176,2,0.5068529257454396,0.049575535747295105,0.0662279225081212,0.3975091247390074,37.9088884,-122.3116766,0.0834,0.432,0.04162836718995298,0
06013385200,Contra Costa,1413,0.0,45.97356658231577,0,0.0,6.631106959275593,0.1838942663292631,0,2212.8257074952985,11.781462943574324,0.0179533213644524,0.1241935483870967,3,0.41702952751759464,0.009699539213228754,0.04253215361204107,0.11905039424193149,37.9274762,-122.3087345,0.1032,0.3621,0.1838942663292631,0
06013387000,Contra Costa,3090,0.0,0.5005266551550464,0,0.0,7.187315368673652,0.0020021066206201855,0,3855.81692500637,11.5667031706507,0.0454170107349298,0.1399125546533416,2,0.5217074520571549,0.045189686490226845,0.06925566338448873,0.3264263792543772,37.9170443,-122.3059217,0.1437,0.4719,0.0020021066206201855,0
06013391000,Contra Costa,2568,0.0,0.5120405344285885,0,0.0,7.228131739367068,0.0020481621377143543,0,1819.2349481815877,12.047229305710047,0.0382106244175209,0.1172995780590717,4,0.5180812311399033,0.038014970532044924,0.030670659535399256,0.2761914271333171,37.9070641,-122.2842554,0.1308,0.3444,0.0020481621377143543,0
06013315000,Contra Costa,3772,0.0,0.1469537475942186,0,0.0,8.201839810641726,0.0005878149903768743,0,76.65763756746207,11.458870465847484,0.057335581787521,0.0230505149583129,2,0.528373883398572,0.0572513250013793,0.07802444683108871,0.47025725727119444,38.0369619,-122.0293919,0.0853,0.4674,0.0005878149903768743,0
06013347000,Contra Costa,6724,0.0,0.0,0,0.0,8.417131115690554,0.0,1,265.01811101743783,12.379929309328334,0.0197663971248876,0.1220360417325324,5,0.5098831985624438,0.0197663971248876,0.003966047011742746,0.1663763562849877,37.9337512,-122.120158,0.1878,0.3139,0.0,1
06013350000,Contra Costa,6150,0.0,8.588871609267972,0,0.0,7.618604294821739,0.03435548643707189,0,682.5717245466531,12.287081040623638,0.0068259385665529,0.1217712177121771,5,0.4862352260647405,0.006239667466944165,0.011043308636220567,0.05200412487932927,37.879801,-122.1364828,0.1273,0.2893,0.03435548643707189,0
06013359102,Contra Costa,5061,0.0,0.0,0,0.0,9.068748451018353,0.0,1,1810.183966734051,11.645093428547646,0.0460778935820076,0.1415171288743882,2,0.5230389467910038,0.0460778935820076,0.06308766789047349,0.4178688260480199,38.0067648,-122.3074125,0.301,0.5318,0.0,1
06013362000,Contra Costa,2832,0.0,0.0,0,0.0,7.734307290927165,0.0,1,2156.512713755713,11.62932977284033,0.0410607356715141,0.1115264797507788,2,0.520530367835757,0.0410607356715141,0.06435594139312362,0.31757634727502465,37.9457158,-122.3152708,0.1439,0.4575,0.0,1
06013379000,Contra Costa,8383,0.0,9.079268379697895,0,0.0,6.896902779151166,0.036317073518791584,0,4976.207006688412,11.074715033048978,0.0769230769230769,0.0431348724179829,1,0.5203030017021427,0.0699390243233093,0.10502001848320479,0.5305309830116279,37.9283069,-122.3567115,0.0923,0.5162,0.036317073518791584,0
06013382000,Contra Costa,8477,0.0,14.613894876925372,0,0.0,7.03648447401119,0.058455579507701486,0,4285.184221801567,10.93985202772471,0.1076972833117723,0.1165829145728643,1,0.5246208519020353,0.0919585155432854,0.11282361904781228,0.7578102619164702,37.9161083,-122.3229325,0.198,0.5716,0.058455579507701486,0
06013388000,Contra Costa,2711,0.0,52.90953459134865,0,0.0,6.637405296103797,0.2116381383653946,0,4118.016231582692,11.663506925563143,0.0484460694698354,0.1799307958477508,3,0.4184039655522204,0.02281347958554404,0.04856797849077638,0.321556198074498,37.9089645,-122.3022233,0.0678,0.3673,0.2116381383653946,0
06013389100,Contra Costa,2455,2.914574611845247,99.99999999999996,1,21.0,4.486684512260552,0.5189372383553572,0,3577.6403360400404,11.592974326470983,0.1654275092936803,0.2465564738292011,2,0.32324513546916156,7.346457188969438e-17,0.03236635414095917,0.7422210438497939,37.9021831,-122.2980729,0.0751,0.3273,0.5189372383553572,0
06013389200,Contra Costa,1955,0.0,91.02666058093656,0,0.0,6.355325090751004,0.3641066423237463,0,7708.747141953627,11.350418300109132,0.130057803468208,0.1963133640552995,1,0.3829755805722309,0.011670528146180754,0.05519294632335185,0.8265596216294652,37.9010521,-122.3052141,0.1198,0.4349,0.3641066423237463,0
06013390100,Contra Costa,2225,0.0,1.8501790987927864,0,0.0,7.203397959544852,0.0074007163951711466,0,2204.179928754739,12.066816325306588,0.0507399577167019,0.0890804597701149,4,0.5216696206607654,0.04980117762429119,0.028941934583628974,0.36550010788388254,37.9139339,-122.2934883,0.1504,0.3469,0.0074007163951711466,0
06013390200,Contra Costa,1820,0.0,50.10584722958304,0,0.0,6.5662147129718536,0.2004233889183322,0,2900.379697574795,12.120580114509814,0.0544303797468354,0.2365236523652365,4,0.4270034954142516,0.027157576824404145,0.019855188501724078,0.3574015603263158,37.904474,-122.2911565,0.1441,0.2927,0.2004233889183322,0
06013333200,Contra Costa,5866,0.0,0.0,0,0.0,8.266081756136487,0.0,1,2467.493191250734,11.717505780625043,0.0186602870813397,0.0967855881314023,3,0.5093301435406699,0.0186602870813397,0.05726169267828218,0.15424745860733147,37.9689866,-121.9851343,0.1766,0.4505,0.0,1
06013334001,Contra Costa,3960,0.0,0.0,0,0.0,7.889687390310518,0.0,1,3036.947901466911,11.612779849672751,0.1041666666666666,0.0717234262125903,2,0.5520833333333333,0.1041666666666666,0.06568747447238243,0.8218424364906785,37.9631644,-122.0017469,0.1146,0.4461,0.0,1
06085503123,Santa Clara,3777,0.0,0.0,0,0.0,8.970781772394485,0.0,1,5481.340239769459,10.9642768174945,0.158952496954933,0.0766219239373601,1,0.5794762484774665,0.158952496954933,0.11786313901181256,1.4259281623599027,37.29773,-121.8778357,0.0761,0.5213,0.0,1
06013335000,Contra Costa,3612,1.1126304895520516,42.46590448584991,1,20.8,6.824859219460437,0.2344425326299612,0,2009.410664131005,11.921047041539602,0.0138050043140638,0.1302742616033755,4,0.38968123584205133,0.007942584367786007,0.03130032975555421,0.09421721096752944,37.9691106,-122.0203707,0.1746,0.3506,0.2344425326299612,0
06013336101,Contra Costa,4438,0.0,31.995244097798302,0,0.0,6.819056513633628,0.1279809763911932,0,6558.543562459668,11.284203885341958,0.0286069651741293,0.135499207606973,1,0.45031299439146805,0.019454096837694477,0.08033321132599434,0.19507251220593674,37.9667898,-122.0346276,0.143,0.5024,0.1279809763911932,0
06013338201,Contra Costa,4019,0.0,0.0,0,0.0,7.702616616775566,0.0,1,1090.00017691031,12.2049420065988,0.0776636713735558,0.0932203389830508,5,0.538831835686778,0.0776636713735558,0.018044745726857325,0.5982134856417477,37.9314923,-122.031045,0.1314,0.3114,0.0,1
06013338301,Contra Costa,2910,0.0,0.0,0,0.0,8.107878627771791,0.0,1,1480.9450381942029,12.22684049312584,0.0230202578268876,0.1029301277235161,5,0.5115101289134438,0.0230202578268876,0.016282891070421468,0.18664545644041827,37.9200316,-122.019661,0.1788,0.3317,0.0,1
06013311000,Contra Costa,5392,0.0,54.533701964704775,0,0.0,6.469552287487983,0.2181348078588191,0,3322.015569427954,11.220806899152487,0.0290933694181326,0.0537875392200806,1,0.4054792807796567,0.013227678048157604,0.07601596106568671,0.1882210746698127,38.0214223,-121.8935623,0.1587,0.5005,0.2181348078588191,0
06013312000,Contra Costa,2818,0.0,6.350930075421207,0,0.0,7.453984813824967,0.02540372030168483,0,1973.770885856768,10.802143705198473,0.1664532650448143,0.138235294117647,1,0.5705247723715647,0.15588193457356264,0.1275821055913776,1.240740109855628,38.0151349,-121.8694524,0.3176,0.6419,0.02540372030168483,0
06013368002,Contra Costa,4102,0.0,0.0,0,0.0,7.900677277563076,0.0,1,6241.491547761004,11.032564382008058,0.0458404074702886,0.0671595810227972,1,0.5229202037351443,0.0458404074702886,0.11236902582886177,0.3621702656947418,37.9610553,-122.3520991,0.2144,0.5867,0.0,1
06075017700,San Francisco,2080,30.970984711778243,100.0,1,0.0,6.563720320026325,0.7,0,2300.701721446384,11.962771028759125,0.3081023454157782,0.2746478873239437,4,0.3040511727078891,0.0,0.011258623080583376,2.022297625253313,37.768044,-122.4124918,0.1099,0.2128,0.7,0
06013371000,Contra Costa,5776,0.0,0.0,0,0.0,7.61810385502636,0.0,1,4386.456607797767,11.45878601886958,0.0170373876005679,0.0883734586024662,2,0.5085186938002839,0.0170373876005679,0.07807713197350508,0.1297925881594646,37.9403079,-122.3299515,0.212,0.531,0.0,1
06013345101,Contra Costa,6622,0.0,0.0,0,0.0,8.21177341896953,0.0,1,3065.1297948024576,12.063292904176796,0.047192071731949,0.0412717823295628,4,0.5235960358659745,0.047192071731949,0.029441201384832527,0.3875306002345221,37.7318894,-121.9385114,0.1486,0.3485,0.0,1
06013345102,Contra Costa,4533,0.0,0.0,0,0.0,8.579296291015929,0.0,1,2566.534301610741,12.136899400634059,0.0217228464419475,0.0329008341056533,5,0.5108614232209737,0.0217228464419475,0.023519150636392427,0.18636673590970876,37.7449859,-121.9480394,0.1492,0.3323,0.0,1
06013352201,Contra Costa,6070,0.0,0.0,0,0.0,8.444712041837356,0.0,1,876.3623780332498,12.065827336352102,0.0095032397408207,0.0628690517540812,4,0.5047516198704104,0.0095032397408207,0.02923729226426519,0.08025212307577588,37.8529718,-122.1392991,0.0799,0.3134,0.0,1
06013353002,Contra Costa,4182,0.0,9.912046592578683,0,0.0,7.202842206254214,0.03964818637031473,0,821.4711088179536,12.429224196812383,0.019543973941368,0.1780104712041884,5,0.4899478937855266,0.017606766138258168,0.0,0.14077216038281795,37.8795036,-122.1684185,0.0759,0.2376,0.03964818637031473,0
06013356001,Contra Costa,4025,0.0,0.0,0,0.0,9.513714592482447,0.0,1,255.25634320864455,11.757149258455597,0.0,0.13801949717804,3,0.5,0.0,0.05407215508504126,0.0,38.0245131,-122.2274445,0.1806,0.4425,0.0,1
06013358000,Contra Costa,5859,0.0,0.0,0,0.0,9.593505145078291,0.0,1,535.269588465252,11.133902657367589,0.099728014505893,0.0725920679886685,1,0.5498640072529465,0.099728014505893,0.10421579970992834,0.9567412202707269,38.0481856,-122.2538488,0.1969,0.5715,0.0,1
06013990000,Contra Costa,0,0.0,0.0,0,0.0,9.022123052626098,0.0,1,0.0,11.780445645598057,0.050834597875569,0.0510949092613641,1,0.5,0.0,0.04551129022074418,0.0,38.0258765,-122.311671,0.0999,0.5477,0.0,1
06013359204,Contra Costa,4340,0.0,0.0,0,0.0,9.149960383392635,0.0,1,1270.0895177140485,11.721978205462285,0.0603389830508474,0.0539419087136929,3,0.5301694915254237,0.0603389830508474,0.05690186130293462,0.5520993044894534,37.9995137,-122.265433,0.184,0.4535,0.0,1
06013360200,Contra Costa,5482,0.0,0.0,0,0.0,8.565507938250814,0.0,1,2431.789362584241,11.6490634574597,0.0232945091514143,0.0542745654487406,2,0.5116472545757071,0.0232945091514143,0.06276825705282263,0.1995293030540954,37.9689431,-122.2944098,0.2054,0.4826,0.0,1
06013364002,Contra Costa,5426,0.0,0.0,0,0.0,8.858959765419383,0.0,1,2567.414033591041,11.639734311833925,0.0890774125132555,0.0519480519480519,2,0.5445387062566277,0.0890774125132555,0.06351883854351359,0.7891332134625956,37.9937248,-122.3179579,0.1688,0.4674,0.0,1
06013366001,Contra Costa,4690,0.0,0.0,0,0.0,8.394762597755905,0.0,1,4682.40697369037,11.38257757106068,0.00390625,0.1317829457364341,1,0.501953125,0.00390625,0.084208524134606,0.032792041397484005,37.9761945,-122.3459994,0.1591,0.5223,0.0,1
06013313102,Contra Costa,4796,0.0,0.0,0,0.0,7.85403456748361,0.0,1,2426.926958323904,11.469057168513567,0.0892857142857142,0.0863342566943674,2,0.5446428571428571,0.0892857142857142,0.07725076103664308,0.7012530863824645,38.0054139,-121.8636983,0.3089,0.5771,0.0,1
06013314102,Contra Costa,6912,0.0,0.0,0,0.0,7.946081293478989,0.0,1,1242.429679914885,11.442503000673682,0.0754030161206448,0.0941468801766979,2,0.5377015080603224,0.0754030161206448,0.07938719106794756,0.5991584958681503,38.0314112,-121.9170116,0.2739,0.5667,0.0,1
06013316000,Contra Costa,1112,0.0,0.0,0,0.0,9.239490616041463,0.0,1,386.4484506812461,10.747831053096895,0.1372549019607843,0.0052083333333333,1,0.5686274509803921,0.1372549019607843,0.1352774008330061,1.2681653786723575,38.0234589,-122.1383209,0.1406,0.5596,0.0,1
06013366002,Contra Costa,6876,0.0,0.0,0,0.0,8.184495058792718,0.0,1,6633.966766040323,11.257065004841403,0.1251384274640088,0.0640326975476839,1,0.5625692137320044,0.1251384274640088,0.09430670598665314,1.024194841244271,37.9689923,-122.3509224,0.1945,0.5568,0.0,1
06013367200,Contra Costa,5869,0.0,0.0,0,0.0,8.18688104270558,0.0,1,4438.62943357635,11.417977219659711,0.1390465380249716,0.0409443009959424,2,0.5695232690124858,0.1390465380249716,0.08136042613279248,1.1383574662104805,37.9660275,-122.3355517,0.2062,0.5383,0.0,1
06001442700,Alameda,3139,0.0,0.0,0,0.0,8.182621726022685,0.0,1,2543.727878371859,12.164005083946567,0.0519730510105871,0.0387994143484626,5,0.5259865255052936,0.0519730510105871,0.021338348127458717,0.42527581636691525,37.5371513,-122.0081095,0.1142,0.3091,0.0,1
06001442800,Alameda,3115,0.0,0.0,0,0.0,8.144649653337506,0.0,1,2436.168269649964,12.03949253943051,0.0032537960954446,0.0375796178343949,4,0.5016268980477223,0.0032537960954446,0.03135607268889906,0.02650102924079379,37.5293619,-121.9931002,0.0771,0.3198,0.0,1
06001442900,Alameda,7780,0.0,0.0,0,0.0,8.189340470905844,0.0,1,3764.7769375577855,12.058610381631325,0.0296943231441048,0.0436933223413025,4,0.5148471615720523,0.0296943231441048,0.029817936285685964,0.24317692228017349,37.5184093,-121.9748369,0.0901,0.3212,0.0,1
06095252204,Solano,5524,0.0,0.0,0,0.0,10.295181873398016,0.0,1,102.88555227041132,11.995197281318157,0.01323706377858,0.006060606060606,4,0.50661853188929,0.01323706377858,0.034919871797431834,0.13627797907025027,38.2395178,-122.1784603,0.1632,0.372,0.0,1
06095252203,Solano,4121,0.0,0.0,0,0.0,10.369514002872625,0.0,1,103.30878839755532,11.806661674097246,0.0527369826435247,0.0335120643431635,3,0.5263684913217623,0.0527369826435247,0.05008860672694282,0.54685687999128,38.2685187,-122.143077,0.1394,0.4116,0.0,1
06095253501,Solano,5982,0.0,0.0,0,0.0,10.234457071388555,0.0,1,15.560085155237122,11.230602341002943,0.0092722674908682,0.0,1,0.5046361337454341,0.0092722674908682,0.0964357740137024,0.09489662358972226,38.2466064,-121.7607697,0.1769,0.5507,0.0,1
06095252205,Solano,8501,0.0,0.0,0,0.0,9.887085200416385,0.0,1,237.42706693710417,11.961367045044451,0.0219435736677116,0.0207410859939408,4,0.5109717868338558,0.0219435736677116,0.03764170187612503,0.21695798245427803,38.1513389,-122.1368881,0.2014,0.3991,0.0,1
06095252206,Solano,5955,0.0,0.0,0,0.0,10.04053241270017,0.0,1,323.02987034284365,11.774635669433255,0.0582154515778019,0.0,3,0.529107725788901,0.0582154515778019,0.05266527636914009,0.5845141284868972,38.1738614,-122.1668369,0.1967,0.4472,0.0,1
06095253207,Solano,2539,0.0,0.0,0,0.0,10.601736605021083,0.0,1,611.989399371204,11.516499072023517,0.0,0.0361544782251437,2,0.5,0.0,0.07343379685941653,0.0,38.3786708,-121.9871789,0.1085,0.4674,0.0,1
06095253502,Solano,4559,0.0,0.0,0,0.0,9.598668486233827,0.0,1,20.57455799905693,11.336868246175957,0.014188422247446,0.0,1,0.507094211123723,0.014188422247446,0.08788609275521586,0.13618996149593884,38.1311499,-121.8217361,0.142,0.5207,0.0,1
06095253208,Solano,4842,0.0,0.0,0,0.0,10.595651774060098,0.0,1,3086.2815148344566,11.50935911309062,0.0272727272727272,0.015358361774744,2,0.5136363636363636,0.0272727272727272,0.07400824614280221,0.2889723211107292,38.3772973,-121.9802182,0.1267,0.478,0.0,1
06001443001,Alameda,2762,0.0,0.0,0,0.0,7.6440588879294085,0.0,1,3592.930899303089,11.91708305197845,0.0311750599520383,0.0216550657385924,4,0.5155875299760192,0.0311750599520383,0.041204594649220105,0.23830399410811054,37.5184218,-121.9515237,0.0967,0.3601,0.0,1
06001443002,Alameda,6599,0.0,0.0,0,0.0,7.812282350428773,0.0,1,4175.739883958233,11.807905839903121,0.0106761565836298,0.0329557157569515,3,0.5053380782918149,0.0106761565836298,0.04998850668962962,0.08340514964870503,37.5168344,-121.9605916,0.081,0.3815,0.0,1
06001443102,Alameda,4816,0.0,5.690171765740288,0,0.0,7.097989980747958,0.022760687062961155,0,2034.2875850007997,12.341516583074144,0.0065876152832674,0.028169014084507,5,0.4919134641101531,0.006212768658383326,0.0068959515760351996,0.046758827277654125,37.5072245,-121.9271486,0.0684,0.255,0.022760687062961155,0
06001443301,Alameda,4399,0.0,0.0,0,0.0,8.34439028573603,0.0,1,2825.772516259872,12.392253412649849,0.0289741581832419,0.0346153846153846,5,0.514487079091621,0.0289741581832419,0.002974504568999281,0.2417716840816228,37.4707721,-121.9130472,0.0604,0.2487,0.0,1
06001444100,Alameda,7211,0.0,0.0,0,0.0,8.455391249372578,0.0,1,2390.8369671554337,11.970426258492186,0.0611303344867358,0.0741258741258741,4,0.5305651672433679,0.0611303344867358,0.03691283792578637,0.5168808952903646,37.550978,-122.0361606,0.1055,0.3489,0.0,1
06001444200,Alameda,6782,0.0,0.0,0,0.0,8.685116178615111,0.0,1,3276.765680322088,11.991070859907587,0.0162802170695609,0.0300358225406448,4,0.5081401085347804,0.0162802170695609,0.03525186527870061,0.14139557666220925,37.5425433,-122.045728,0.116,0.3489,0.0,1
06001444400,Alameda,5367,0.0,0.0,0,0.0,8.646590877154123,0.0,1,5222.071960883907,11.600093496355584,0.0846883468834688,0.0276789244760775,2,0.5423441734417344,0.0846883468834688,0.06670816193575779,0.7322654875638651,37.5362315,-122.035338,0.1052,0.4442,0.0,1
06001444500,Alameda,6988,0.0,0.0,0,0.0,8.54960995633221,0.0,1,3566.615785334121,11.910029046074355,0.0072016460905349,0.0425257731958762,4,0.5036008230452674,0.0072016460905349,0.04177212853487522,0.06157126511761812,37.5342653,-122.0273658,0.1343,0.3808,0.0,1
06001450200,Alameda,5272,0.0,0.0,0,0.0,7.904801813407981,0.0,1,3269.248953274796,11.581630294977215,0.0396403759705762,0.0467613439556633,2,0.5198201879852881,0.0396403759705762,0.06819362885517366,0.3133493158563849,37.7224277,-121.9154123,0.0921,0.4421,0.0,1
06001450300,Alameda,5374,0.0,12.430672186555997,0,0.0,7.3319193295136,0.049722688746223986,0,1714.9424831811878,11.826830685462287,0.0548163916977115,0.0760147601476014,3,0.5025468514757437,0.048002345741270484,0.04605604317840685,0.40190936186263976,37.7106517,-121.9177272,0.1638,0.4074,0.049722688746223986,0
