STATEFP,COUNTYFP,TRACTCE,GEOID,NAME_shp,NAMELSAD,MTFCC,FUNCSTAT,ALAND,AWATER,INTPTLAT,INTPTLON,NAME_acs,total_population,total_commuters,public_transit_commuters,drove_alone,carpooled,worked_from_home,travel_time_total,commute_60_to_89_min,commute_90_plus_min,median_household_income,total_households_vehicles,zero_vehicle_households,total_pop_race,white_non_hispanic,black,asian,hispanic_latino,state,county,tract,county_name,area_sq_km,transit_mode_share,zero_vehicle_pct,long_commute_pct,pop_density,stop_count,agencies_serving,pct_area_covered_800m,dist_to_nearest_bart_m,stop_density_per_sq_km,avg_stop_departures_per_day
06,013,324002,06013324002,3240.02,Census Tract 3240.02,G5020,S,2027097,0,+37.9515743,-122.0605372,Census Tract 3240.02; Contra Costa County; California,4740,3147,278,2077,179,87,2762,498,178,103581,2464,240,4740,2520,496,963,525,6,13,324002,Contra Costa,2.027100988450007,0.08833809977756593,0.09740259740259741,0.2148077534159517,2338.314680426638,0,0,0.0,2599.6868452656754,0.0,0.0
06,013,320004,06013320004,3200.04,Census Tract 3200.04,G5020,S,5911930,20167,+37.9992449,-122.0795275,Census Tract 3200.04; Contra Costa County; California,6599,3467,105,2313,245,57,2739,388,114,118109,2610,54,6599,3912,85,971,1210,6,13,320004,Contra Costa,5.932097433559836,0.03028554946639746,0.020689655172413793,0.14479376982982406,1112.4227263475607,0,0,0.0,4927.6642211472945,0.0,0.0
06,013,336201,06013336201,3362.01,Census Tract 3362.01,G5020,S,1240588,0,+37.9604171,-122.0474661,Census Tract 3362.01; Contra Costa County; California,3376,1747,122,1078,310,109,1645,130,130,92708,1356,76,3376,1332,121,383,1361,6,13,336201,Contra Costa,1.240587247476989,0.06983400114481969,0.05604719764011799,0.14882655981682885,2721.291877589302,0,0,0.0,2189.4361159732634,0.0,0.0
06,013,338203,06013338203,3382.03,Census Tract 3382.03,G5020,S,1577045,0,+37.9256927,-122.0541352,Census Tract 3382.03; Contra Costa County; California,5431,3768,895,1541,372,1,2893,549,60,142840,2707,256,5431,2287,251,1604,981,6,13,338203,Contra Costa,1.5770449628651746,0.23752653927813164,0.09456963428149243,0.16162420382165604,3443.7825983939997,0,0,63.22438943064902,342.06178337276356,0.0,0.0
06,013,338204,06013338204,3382.04,Census Tract 3382.04,G5020,S,2649159,15822,+37.9190883,-122.0467663,Census Tract 3382.04; Contra Costa County; California,6600,3712,608,1823,167,49,2832,438,243,140739,2981,78,6600,3699,339,1121,696,6,13,338204,Contra Costa,2.6649806324739322,0.16379310344827586,0.02616571620261657,0.18345905172413793,2476.5658405078702,0,0,2.4364734262894485,1311.0724982141128,0.0,0.0
06,013,345204,06013345204,3452.04,Census Tract 3452.04,G5020,S,14656887,5258,+37.8320573,-122.0429151,Census Tract 3452.04; Contra Costa County; California,3152,1442,30,887,76,88,1081,162,25,237841,1083,20,3152,2575,0,258,283,6,13,345204,Contra Costa,14.662143811823551,0.020804438280166437,0.018467220683287166,0.12968099861303745,214.97538425848938,0,0,0.0,8124.582753328609,0.0,0.0
06,013,345203,06013345203,3452.03,Census Tract 3452.03,G5020,S,26933241,0,+37.8053853,-122.0228527,Census Tract 3452.03; Contra Costa County; California,6954,3465,44,1771,242,182,2259,165,118,177356,2733,80,6954,5698,37,388,576,6,13,345203,Contra Costa,26.93323892049328,0.012698412698412698,0.029271862422246615,0.08167388167388168,258.19397438711906,0,0,0.0,11824.227860330282,0.0,0.0
06,013,345112,06013345112,3451.12,Census Tract 3451.12,G5020,S,8496394,0,+37.7615190,-121.9272789,Census Tract 3451.12; Contra Costa County; California,7723,3553,207,1942,186,87,2422,416,150,184091,2676,125,7723,2792,186,3769,502,6,13,345112,Contra Costa,8.49639116847721,0.05826062482409232,0.04671150971599402,0.15930199831128625,908.974157010732,0,0,0.0,6866.124746191926,0.0,0.0
06,013,345113,06013345113,3451.13,Census Tract 3451.13,G5020,S,5433439,0,+37.7955701,-121.9415913,Census Tract 3451.13; Contra Costa County; California,4767,2253,44,1502,112,52,1710,292,149,222212,1743,83,4767,2347,61,1614,411,6,13,345113,Contra Costa,5.43343958671598,0.019529516200621395,0.047619047619047616,0.19573901464713714,877.3448059779051,0,0,0.0,10714.900316225796,0.0,0.0
06,001,441402,06001441402,4414.02,Census Tract 4414.02,G5020,S,1662787,0,+37.5823293,-122.0400088,Census Tract 4414.02; Alameda County; California,5344,2335,169,1318,115,0,1641,288,87,180938,1796,68,5344,944,68,3508,383,6,1,441402,Alameda,1.6627842468810095,0.07237687366167024,0.0378619153674833,0.16059957173447537,3213.8865941411714,0,0,0.0,2209.464274345333,0.0,0.0
06,001,441501,06001441501,4415.01,Census Tract 4415.01,G5020,S,2858378,0,+37.5695603,-122.0740416,Census Tract 4415.01; Alameda County; California,5723,2431,107,1437,246,0,1830,210,68,184967,1663,9,5723,472,287,4453,287,6,1,441501,Alameda,2.858379029468104,0.04401480872069107,0.005411906193625977,0.11435623200329083,2002.1837345570482,0,0,0.0,5529.688114716459,0.0,0.0
06,001,441521,06001441521,4415.21,Census Tract 4415.21,G5020,S,1623727,0,+37.5730234,-122.0528477,Census Tract 4415.21; Alameda County; California,6016,2647,260,1316,208,9,1886,360,62,229318,1832,53,6016,687,15,4339,332,6,1,441521,Alameda,1.6237230125936153,0.09822440498677748,0.028930131004366814,0.15942576501700037,3705.0654288569117,0,0,0.0,3701.271213195075,0.0,0.0
06,001,441522,06001441522,4415.22,Census Tract 4415.22,G5020,S,1315100,0,+37.5846106,-122.0572653,Census Tract 4415.22; Alameda County; California,5275,2226,64,1501,166,0,1731,161,95,178182,1466,38,5275,956,138,3663,364,6,1,441522,Alameda,1.3150969123857459,0.028751123090745734,0.02592087312414734,0.11500449236298294,4011.1112347077965,0,0,0.0,3589.6091002890616,0.0,0.0
06,001,441601,06001441601,4416.01,Census Tract 4416.01,G5020,S,1296670,0,+37.5635065,-122.0305636,Census Tract 4416.01; Alameda County; California,4774,2162,94,1439,28,0,1618,271,59,189667,1544,24,4774,1485,390,2027,685,6,1,441601,Alameda,1.2966683850489402,0.043478260869565216,0.015544041450777202,0.15263644773358,3681.7431928208957,0,0,0.0,3243.1221079569095,0.0,0.0
06,001,441602,06001441602,4416.02,Census Tract 4416.02,G5020,S,1682081,0,+37.5569619,-122.0212342,Census Tract 4416.02; Alameda County; California,7509,3387,97,2256,297,36,2713,296,117,121667,2276,121,7509,2066,635,2578,1741,6,1,441602,Alameda,1.6820817169869133,0.02863891349276646,0.0531634446397188,0.1219368172423974,4464.111299806977,0,0,0.0,3768.1422196351664,0.0,0.0
06,001,441800,06001441800,4418,Census Tract 4418,G5020,S,2037722,0,+37.5591958,-121.9915699,Census Tract 4418; Alameda County; California,6209,2919,108,1489,133,8,1770,143,84,152667,2248,137,6209,2007,110,3607,346,6,1,441800,Alameda,2.037715541811385,0.03699897225077081,0.06094306049822064,0.0777663583418979,3047.0396248146776,0,0,12.672370437079831,1329.5556339943273,0.0,0.0
06,001,441921,06001441921,4419.21,Census Tract 4419.21,G5020,S,846804,0,+37.5424223,-121.9678076,Census Tract 4419.21; Alameda County; California,3849,2303,189,1434,116,0,1786,272,71,163468,1286,0,3849,714,12,1937,924,6,1,441921,Alameda,0.8468073933751022,0.08206686930091185,0.0,0.14893617021276595,4545.30750453078,0,0,0.0,1844.941713451439,0.0,0.0
06,001,441923,06001441923,4419.23,Census Tract 4419.23,G5020,S,1509388,0,+37.5509616,-121.9850062,Census Tract 4419.23; Alameda County; California,5777,2497,215,1072,364,30,1691,179,44,132810,2233,228,5777,694,197,3958,750,6,1,441923,Alameda,1.509387943115249,0.08610332398878655,0.10210479175996418,0.08930716860232278,3827.3791879354494,0,0,29.216544819633082,1031.558385156909,0.0,0.0
06,001,442100,06001442100,4421,Census Tract 4421,G5020,S,1858816,0,+37.5481429,-121.9499143,Census Tract 4421; Alameda County; California,5327,2594,127,1336,145,0,1664,220,19,227949,1592,6,5327,464,85,4448,65,6,1,442100,Alameda,1.858814917562314,0.048959136468774096,0.0037688442211055275,0.09213569776407093,2865.804416389089,0,0,0.0,2574.817714411781,0.0,0.0
06,001,442400,06001442400,4424,Census Tract 4424,G5020,S,1582838,0,+37.5313806,-121.9737794,Census Tract 4424; Alameda County; California,6417,3157,86,1924,408,147,2666,355,39,124886,1983,41,6417,1573,112,2805,1601,6,1,442400,Alameda,1.582833688664536,0.027241051631295535,0.020675743822491176,0.12480202724105163,4054.1214443155636,0,0,0.0,2910.11510505629,0.0,0.0
06,001,440337,06001440337,4403.37,Census Tract 4403.37,G5020,S,1134111,0,+37.5937696,-122.0108429,Census Tract 4403.37; Alameda County; California,2852,1356,88,819,43,0,961,95,50,250001,734,0,2852,157,140,2226,259,6,1,440337,Alameda,1.1341101190057599,0.06489675516224189,0.0,0.10693215339233038,2514.746982859356,0,0,46.7722302612188,654.7842947633727,0.0,0.0
06,001,440338,06001440338,4403.38,Census Tract 4403.38,G5020,S,865406,0,+37.5882461,-122.0142011,Census Tract 4403.38; Alameda County; California,4095,2165,458,1073,222,0,1771,281,56,144850,1657,89,4095,913,20,2650,386,6,1,440338,Alameda,0.8654075216327464,0.2115473441108545,0.05371152685576343,0.1556581986143187,4731.874749914408,2,1,79.49619466745942,386.71978214970295,2.3110499389081363,21.0
06,001,451103,06001451103,4511.03,Census Tract 4511.03,G5020,S,60250500,0,+37.6388221,-121.7290430,Census Tract 4511.03; Alameda County; California,1361,531,0,377,0,0,403,46,16,250001,383,0,1361,1174,24,0,163,6,1,451103,Alameda,60.25050639910166,0.0,0.0,0.1167608286252354,22.58902175833484,0,0,0.0,16537.376810380945,0.0,0.0
06,001,432602,06001432602,4326.02,Census Tract 4326.02,G5020,S,613212,0,+37.7247163,-122.1508066,Census Tract 4326.02; Alameda County; California,3123,1788,282,1014,96,86,1540,120,56,109274,1276,126,3123,443,790,812,929,6,1,432602,Alameda,0.6132095702529006,0.15771812080536912,0.0987460815047022,0.09843400447427293,5092.875505370878,0,0,22.385194175622473,930.0699108513935,0.0,0.0
06,001,451104,06001451104,4511.04,Census Tract 4511.04,G5020,S,492034442,5503316,+37.6343064,-121.6163068,Census Tract 4511.04; Alameda County; California,7164,3417,107,2171,396,7,2749,332,350,177210,2172,113,7164,3870,3,1761,1289,6,1,451104,Alameda,497.53779934177555,0.031314018144571264,0.05202578268876611,0.19959028387474392,14.39890599162056,0,0,0.0,25151.929714300077,0.0,0.0
06,001,441928,06001441928,4419.28,Census Tract 4419.28,G5020,S,2533680,253509,+37.5499103,-121.9629333,Census Tract 4419.28; Alameda County; California,3736,2030,217,849,60,44,1170,224,187,151902,1477,77,3736,627,493,2020,292,6,1,441928,Alameda,2.7871901508473167,0.10689655172413794,0.052132701421800945,0.20246305418719213,1340.418054672101,0,0,4.086813466814513,1384.7652291483819,0.0,0.0
06,001,441929,06001441929,4419.29,Census Tract 4419.29,G5020,S,482755,0,+37.5543457,-121.9723074,Census Tract 4419.29; Alameda County; California,3064,1624,270,460,70,65,909,222,60,126111,1510,265,3064,657,26,2111,237,6,1,441929,Alameda,0.4827548749077436,0.16625615763546797,0.17549668874172186,0.17364532019704434,6346.906389263377,0,0,90.06141947175708,516.8001031552097,0.0,0.0
06,001,441701,06001441701,4417.01,Census Tract 4417.01,G5020,S,1101467,0,+37.5479521,-122.0150386,Census Tract 4417.01; Alameda County; California,3884,1528,36,1035,98,40,1209,146,19,133606,1211,150,3884,455,18,2480,774,6,1,441701,Alameda,1.1014682761918406,0.02356020942408377,0.12386457473162675,0.10798429319371727,3526.2023282489263,0,0,0.0,3547.1245094831415,0.0,0.0
06,001,444304,06001444304,4443.04,Census Tract 4443.04,G5020,S,16787479,0,+37.5081370,-122.0358825,Census Tract 4443.04; Alameda County; California,6408,3602,107,1877,255,19,2473,186,54,189750,1958,15,6408,787,52,3309,2045,6,1,444304,Alameda,16.787477655754785,0.029705719044975015,0.007660878447395302,0.06662965019433648,381.7130918296903,0,0,0.0,7574.716648785052,0.0,0.0
06,001,441525,06001441525,4415.25,Census Tract 4415.25,G5020,S,4661895,0,+37.4990214,-121.9388552,Census Tract 4415.25; Alameda County; California,1603,738,38,348,79,0,472,27,3,186354,587,63,1603,110,56,1136,181,6,1,441525,Alameda,4.661890191250869,0.051490514905149054,0.10732538330494037,0.04065040650406504,343.8519429325911,2,1,40.50077954732584,365.4840855207317,0.4290105339146489,20.9
06,001,436301,06001436301,4363.01,Census Tract 4363.01,G5020,S,1057644,0,+37.6678078,-122.0945904,Census Tract 4363.01; Alameda County; California,5255,2301,313,1216,251,0,1941,307,108,149063,1860,110,5255,325,565,1647,2413,6,1,436301,Alameda,1.057644253414777,0.1360278139939157,0.05913978494623656,0.18035636679704475,4968.589374956065,0,0,40.32227262259444,700.1862424817384,0.0,0.0
06,001,450400,06001450400,4504,Census Tract 4504,G5020,S,3148410,0,+37.7126655,-121.9324172,Census Tract 4504; Alameda County; California,7886,3841,471,2288,216,58,3143,805,86,151272,2692,26,7886,2790,299,2489,1472,6,1,450400,Alameda,3.1484169307804346,0.12262431658422286,0.009658246656760773,0.23197084092684198,2504.7508552322533,0,0,24.772901564478378,1479.7266052041593,0.0,0.0
06,001,441702,06001441702,4417.02,Census Tract 4417.02,G5020,S,1128742,0,+37.5583412,-122.0082979,Census Tract 4417.02; Alameda County; California,5037,2463,215,1523,215,69,2022,316,14,99181,2085,150,5037,936,504,2601,816,6,1,441702,Alameda,1.128744544037608,0.08729192042224929,0.07194244604316546,0.13398294762484775,4462.480041748202,0,0,0.0,2792.8792311604193,0.0,0.0
06,001,433801,06001433801,4338.01,Census Tract 4338.01,G5020,S,600344,0,+37.7049461,-122.1226567,Census Tract 4338.01; Alameda County; California,3528,1948,70,1291,242,0,1777,87,10,94254,1072,41,3528,308,472,1010,1645,6,1,433801,Alameda,0.6003430045400069,0.03593429158110883,0.03824626865671642,0.049794661190965095,5876.640476061205,0,0,19.4677846413774,950.2409468025625,0.0,0.0
06,001,433802,06001433802,4338.02,Census Tract 4338.02,G5020,S,934044,0,+37.6948314,-122.1238940,Census Tract 4338.02; Alameda County; California,4301,2276,179,1516,209,0,2054,461,126,100784,1470,255,4301,340,541,2307,896,6,1,433802,Alameda,0.934044136700689,0.07864674868189807,0.17346938775510204,0.257908611599297,4604.707455466036,2,1,93.63609062834041,323.09755258345865,2.1412264382543764,32.8
06,001,436302,06001436302,4363.02,Census Tract 4363.02,G5020,S,773495,0,+37.6641766,-122.0877950,Census Tract 4363.02; Alameda County; California,3932,2058,137,1349,254,0,1787,64,130,90833,1304,126,3932,672,461,917,1793,6,1,436302,Alameda,0.7734987519966909,0.06656948493683187,0.09662576687116564,0.09426627793974733,5083.395402836825,1,1,67.23518424245111,615.5698261034328,1.2928269081477175,21.0
06,001,436403,06001436403,4364.03,Census Tract 4364.03,G5020,S,1585686,0,+37.6691520,-122.0708563,Census Tract 4364.03; Alameda County; California,4519,2279,180,1516,287,25,2020,455,189,75179,1607,103,4519,1199,424,1044,1165,6,1,436403,Alameda,1.5856832310924394,0.07898200965335674,0.0640945861854387,0.28258007898200965,2849.875631772106,0,0,4.373758065011793,1418.2917350173761,0.0,0.0
06,001,436404,06001436404,4364.04,Census Tract 4364.04,G5020,S,1573797,0,+37.6737239,-122.0592192,Census Tract 4364.04; Alameda County; California,3232,1700,191,1054,111,0,1356,170,140,150903,1186,18,3232,1442,365,601,693,6,1,436404,Alameda,1.5738022069789965,0.11235294117647059,0.01517706576728499,0.18235294117647058,2053.6252812886883,0,0,0.0,2376.88794483236,0.0,0.0
06,001,442502,06001442502,4425.02,Census Tract 4425.02,G5020,S,971665,0,+37.5396667,-121.9903682,Census Tract 4425.02; Alameda County; California,3866,2424,147,1291,285,54,1777,157,114,157760,1080,20,3866,676,164,1817,1149,6,1,442502,Alameda,0.971665626994005,0.06064356435643564,0.018518518518518517,0.1117986798679868,3978.7349604617148,0,0,0.0,2318.4472374517613,0.0,0.0
06,001,442501,06001442501,4425.01,Census Tract 4425.01,G5020,S,983968,0,+37.5346224,-121.9839849,Census Tract 4425.01; Alameda County; California,3280,1286,37,733,111,3,957,235,0,91867,1051,50,3280,438,104,1748,925,6,1,442501,Alameda,0.9839691897621861,0.028771384136858476,0.047573739295908656,0.1827371695178849,3333.437707325712,0,0,0.0,2619.6519640478973,0.0,0.0
06,001,450609,06001450609,4506.09,Census Tract 4506.09,G5020,S,2688381,0,+37.6891989,-121.9239700,Census Tract 4506.09; Alameda County; California,4928,2598,407,1376,207,32,2061,289,235,152857,1916,64,4928,2376,100,1569,681,6,1,450609,Alameda,2.6883782938911267,0.15665896843725943,0.033402922755741124,0.201693610469592,1833.0753566929272,2,1,31.632528055228903,1226.772048221427,0.7439429207357658,11.8
06,001,450608,06001450608,4506.08,Census Tract 4506.08,G5020,S,3513932,0,+37.6564813,-121.9043199,Census Tract 4506.08; Alameda County; California,4658,2291,219,1334,164,63,1866,465,35,250001,1404,36,4658,1925,78,2079,357,6,1,450608,Alameda,3.513932036949384,0.09559144478393715,0.02564102564102564,0.21824530772588388,1325.5805607566153,0,0,0.0,5036.665079145907,0.0,0.0
06,001,444303,06001444303,4443.03,Census Tract 4443.03,G5020,S,5643025,0,+37.5249502,-122.0812538,Census Tract 4443.03; Alameda County; California,0,0,0,0,0,0,0,0,0,-666666666,0,0,0,0,0,0,0,6,1,444303,Alameda,5.6430259834731435,,,,0.0,0,0,0.0,9234.88613181044,0.0,0.0
06,001,432601,06001432601,4326.01,Census Tract 4326.01,G5020,S,1060237,0,+37.7215214,-122.1576682,Census Tract 4326.01; Alameda County; California,4092,2274,670,867,193,11,1741,268,69,91767,1767,251,4092,985,907,968,1015,6,1,432601,Alameda,1.0602351918335222,0.29463500439753737,0.1420486700622524,0.14819700967458224,3859.5210114875385,2,1,84.89617824874256,269.8809646036834,1.886373905907888,32.6
06,001,403401,06001403401,4034.01,Census Tract 4034.01,G5020,S,549686,602434,+37.8092493,-122.2597833,Census Tract 4034.01; Alameda County; California,2717,1556,413,477,73,205,1261,138,0,69984,1985,774,2717,1154,447,678,238,6,1,403401,Alameda,1.1521176946070557,0.2654241645244216,0.38992443324937026,0.08868894601542417,2358.2660111184796,0,0,46.39001925489155,980.6906239636297,0.0,0.0
06,001,403402,06001403402,4034.02,Census Tract 4034.02,G5020,S,99215,0,+37.8024095,-122.2651075,Census Tract 4034.02; Alameda County; California,1134,925,427,136,132,95,810,113,0,89021,735,282,1134,493,172,152,135,6,1,403402,Alameda,0.09921669410615404,0.4616216216216216,0.3836734693877551,0.12216216216216216,11429.528167776982,0,0,99.99999999999999,522.4330100689593,0.0,0.0
06,001,403302,06001403302,4033.02,Census Tract 4033.02,G5020,S,719239,104126,+37.7937603,-122.2667344,Census Tract 4033.02; Alameda County; California,2556,2136,652,563,24,173,1602,236,45,148235,1416,231,2556,1317,123,559,158,6,1,403302,Alameda,0.8233693584926483,0.3052434456928839,0.163135593220339,0.13155430711610486,3104.317611089267,0,0,81.04055509893006,423.40608781906053,0.0,0.0
06,001,982100,06001982100,9821,Census Tract 9821,G5020,S,1695361,0,+37.8737516,-122.2546176,Census Tract 9821; Alameda County; California,923,382,77,17,34,209,357,4,3,-666666666,20,0,923,261,82,387,170,6,1,982100,Alameda,1.6953620130480709,0.20157068062827224,0.0,0.01832460732984293,544.4264958730256,0,0,24.26205701222045,1249.5968574603248,0.0,0.0
06,001,420302,06001420302,4203.02,Census Tract 4203.02,G5020,S,870122,1109281,+37.8906499,-122.3181164,Census Tract 4203.02; Alameda County; California,2446,1179,213,458,28,36,885,90,47,121538,944,107,2446,849,287,834,171,6,1,420302,Alameda,1.9794021775713366,0.1806615776081425,0.11334745762711865,0.11620016963528414,1235.7266389396236,0,0,0.13553016076400734,1846.833075193522,0.0,0.0
06,001,402801,06001402801,4028.01,Census Tract 4028.01,G5020,S,291472,0,+37.8095483,-122.2707403,Census Tract 4028.01; Alameda County; California,3254,1858,619,467,123,130,1440,243,36,74931,1707,735,3254,869,1411,620,148,6,1,402801,Alameda,0.2914711131345472,0.33315392895586654,0.4305799648506151,0.15016146393972013,11164.056585250379,0,0,99.99999999999996,232.85541884156376,0.0,0.0
06,001,402802,06001402802,4028.02,Census Tract 4028.02,G5020,S,118446,0,+37.8070174,-122.2735577,Census Tract 4028.02; Alameda County; California,1430,590,158,123,26,57,473,39,13,-666666666,717,446,1430,329,613,252,51,6,1,402802,Alameda,0.11844588378317573,0.2677966101694915,0.6220362622036262,0.08813559322033898,12073.024020131628,0,0,100.0,423.1476750765253,0.0,0.0
06,001,420401,06001420401,4204.01,Census Tract 4204.01,G5020,S,200056,0,+37.8848762,-122.2997917,Census Tract 4204.01; Alameda County; California,1333,533,62,131,25,153,408,1,0,72708,437,124,1333,427,0,483,314,6,1,420401,Alameda,0.20005378557973516,0.11632270168855535,0.2837528604118993,0.001876172607879925,6663.208077453291,0,0,0.0,1867.3400701191276,0.0,0.0
06,001,403301,06001403301,4033.01,Census Tract 4033.01,G5020,S,196598,0,+37.7981065,-122.2669550,Census Tract 4033.01; Alameda County; California,1830,923,235,338,114,171,858,212,42,34417,771,284,1830,187,51,1262,38,6,1,403301,Alameda,0.19659655774522208,0.25460455037919827,0.36835278858625164,0.27518959913326113,9308.403061520414,2,1,100.0,172.14048680181327,10.17311810002231,32.6
06,001,422902,06001422902,4229.02,Census Tract 4229.02,G5020,S,385452,0,+37.8687746,-122.2698172,Census Tract 4229.02; Alameda County; California,3022,1331,245,207,43,350,888,57,71,-666666666,1369,694,3022,907,203,1189,209,6,1,422902,Alameda,0.3854527949289066,0.18407212622088656,0.5069393718042366,0.09616829451540196,7840.129945243701,2,1,99.74518151224028,207.79487434651517,5.188702809559034,21.0
06,001,422901,06001422901,4229.01,Census Tract 4229.01,G5020,S,158830,0,+37.8657427,-122.2678632,Census Tract 4229.01; Alameda County; California,2024,1008,250,169,0,326,817,20,12,49604,849,373,2024,820,0,1040,51,6,1,422901,Alameda,0.15882967324109504,0.24801587301587302,0.43934040047114253,0.031746031746031744,12743.210753368958,0,0,99.99999999999997,486.55859643726063,0.0,0.0
06,001,420402,06001420402,4204.02,Census Tract 4204.02,G5020,S,920050,1632801,+37.8862110,-122.3141636,Census Tract 4204.02; Alameda County; California,1661,787,227,135,27,4,431,67,0,58835,647,122,1661,531,52,536,468,6,1,420402,Alameda,2.552851358349598,0.2884371029224905,0.18856259659969088,0.08513341804320203,650.6450109472202,0,0,0.0,2650.3969401709837,0.0,0.0
06,001,420301,06001420301,4203.01,Census Tract 4203.01,G5020,S,415654,0,+37.8947347,-122.3047951,Census Tract 4203.01; Alameda County; California,2645,1352,245,592,91,21,985,128,20,113188,1103,58,2645,1004,64,1143,230,6,1,420301,Alameda,0.41565435770377956,0.1812130177514793,0.05258386219401632,0.10946745562130178,6363.460290929963,0,0,19.455611705536636,1012.6242849738134,0.0,0.0
06,075,020602,06075020602,206.02,Census Tract 206.02,G5020,S,246264,0,+37.7578121,-122.4306825,Census Tract 206.02; San Francisco County; California,2564,1551,358,441,101,118,1190,179,30,196417,1353,378,2564,1776,118,302,254,6,75,20602,San Francisco,0.2462626000353817,0.2308188265635074,0.2793791574279379,0.1347517730496454,10411.65000138721,5,1,100.0,1226.6151712445585,20.303529643890815,0.0
06,001,450603,06001450603,4506.03,Census Tract 4506.03,G5020,S,3918835,0,+37.6888372,-121.9106075,Census Tract 4506.03; Alameda County; California,4897,2439,137,1456,121,0,1773,227,38,202238,1475,0,4897,2065,21,1897,736,6,1,450603,Alameda,3.9188349940248615,0.05617056170561706,0.0,0.10865108651086511,1249.6060710559566,0,0,6.920114537546204,1737.0023510402364,0.0,0.0
06,001,450604,06001450604,4506.04,Census Tract 4506.04,G5020,S,2113004,0,+37.6811898,-121.8865528,Census Tract 4506.04; Alameda County; California,4993,2403,93,1514,94,38,1860,253,40,180125,1706,42,4993,2650,22,1478,656,6,1,450604,Alameda,2.113005523629521,0.03870162297128589,0.0246189917936694,0.12193091968372867,2362.98483092628,0,0,0.0,2530.2764963428062,0.0,0.0
06,001,450605,06001450605,4506.05,Census Tract 4506.05,G5020,S,1770810,0,+37.6721104,-121.8819955,Census Tract 4506.05; Alameda County; California,3814,1730,77,1021,206,50,1422,205,114,182500,1344,27,3814,1873,10,1385,340,6,1,450605,Alameda,1.7708131058318866,0.04450867052023121,0.020089285714285716,0.18439306358381502,2153.812837413055,0,0,0.0,3614.1189055775285,0.0,0.0
06,001,450606,06001450606,4506.06,Census Tract 4506.06,G5020,S,2028174,0,+37.6694706,-121.8997590,Census Tract 4506.06; Alameda County; California,6028,2990,273,1868,30,0,2194,471,251,235150,2049,42,6028,3011,0,2517,301,6,1,450606,Alameda,2.0281718244133913,0.09130434782608696,0.020497803806734993,0.24147157190635452,2972.134770555488,0,0,0.0,3573.1027205134296,0.0,0.0
06,095,980000,06095980000,9800,Census Tract 9800,G5020,S,13952563,167451,+38.2544515,-121.9456515,Census Tract 9800; Solano County; California,0,0,0,0,0,0,0,0,0,-666666666,0,0,0,0,0,0,0,6,95,980000,Solano,14.120011949577199,,,,0.0,0,0,0.0,26777.774807532685,0.0,0.0
06,001,451701,06001451701,4517.01,Census Tract 4517.01,G5020,S,1222738,0,+37.6721084,-121.7879470,Census Tract 4517.01; Alameda County; California,2936,1598,119,837,208,8,1209,171,100,186991,1039,69,2936,1595,125,562,369,6,1,451701,Alameda,1.2227380870037665,0.07446808510638298,0.06641000962463908,0.16958698372966208,2401.168354209413,0,0,0.0,10335.603051599785,0.0,0.0
06,001,451501,06001451501,4515.01,Census Tract 4515.01,G5020,S,5051107,0,+37.6733478,-121.7369681,Census Tract 4515.01; Alameda County; California,4496,2361,72,1555,168,16,1904,334,209,168580,1759,113,4496,2660,228,757,642,6,1,451501,Alameda,5.05111255002318,0.030495552731893267,0.06424104604889141,0.22998729351969505,890.1009342940433,0,0,0.0,14632.110540698322,0.0,0.0
06,001,408000,06001408000,4080,Census Tract 4080,G5020,S,1955276,0,+37.8029603,-122.1828718,Census Tract 4080; Alameda County; California,2860,1411,79,768,178,58,1113,210,18,192159,1074,61,2860,1736,235,459,326,6,1,408000,Alameda,1.9552756854556166,0.05598866052445074,0.056797020484171325,0.16158752657689582,1462.709336220056,0,0,0.0,4782.771910864475,0.0,0.0
06,001,441401,06001441401,4414.01,Census Tract 4414.01,G5020,S,1856512,0,+37.5735085,-122.0375264,Census Tract 4414.01; Alameda County; California,7549,3256,178,1818,277,43,2354,239,39,172083,2367,62,7549,1326,87,4931,742,6,1,441401,Alameda,1.8565115558596754,0.05466830466830467,0.02619349387410224,0.08538083538083538,4066.228392801123,0,0,0.0,2615.8061532026522,0.0,0.0
06,001,432400,06001432400,4324,Census Tract 4324,G5020,S,6442759,1843213,+37.7085402,-122.1858996,Census Tract 4324; Alameda County; California,6346,2990,190,2247,330,0,2866,328,59,82424,1738,148,6346,801,280,1286,3501,6,1,432400,Alameda,8.285975390016597,0.06354515050167224,0.08515535097813579,0.1294314381270903,765.8724171020364,0,0,2.3278821346444274,2148.2751851010316,0.0,0.0
06,001,404300,06001404300,4043,Census Tract 4043,G5020,S,1817027,37495,+37.8448210,-122.2385523,Census Tract 4043; Alameda County; California,3587,1837,251,748,63,37,1178,73,7,227237,1424,43,3587,2696,46,474,214,6,1,404300,Alameda,1.8545214866608335,0.1366358192705498,0.030196629213483147,0.043549265106151334,1934.1916638876953,0,0,20.66639963373645,1150.249760961209,0.0,0.0
06,041,109002,06041109002,1090.02,Census Tract 1090.02,G5020,S,2500205,2234,+37.9834870,-122.5480915,Census Tract 1090.02; Marin County; California,4345,2491,111,1248,97,115,1601,187,67,144043,2028,115,4345,3374,23,212,474,6,41,109002,Marin,2.5024379514908066,0.04456041750301084,0.05670611439842209,0.10196708149337616,1736.3067873117502,0,0,0.0,17972.24497652028,0.0,0.0
06,041,130201,06041130201,1302.01,Census Tract 1302.01,G5020,S,1502535,0,+37.8511021,-122.4854014,Census Tract 1302.01; Marin County; California,3367,1769,171,858,83,18,1156,73,33,184814,1823,63,3367,2816,4,219,276,6,41,130201,Marin,1.5025336676856496,0.0966647823629169,0.03455842018650576,0.059920859242509894,2240.881567190561,0,0,0.0,10077.261876673258,0.0,0.0
06,041,112202,06041112202,1122.02,Census Tract 1122.02,G5020,S,3960766,2697692,+37.9558873,-122.4938964,Census Tract 1122.02; Marin County; California,5808,2498,164,1121,592,34,1998,134,5,102944,1375,114,5808,855,140,386,4187,6,41,112202,Marin,6.658457436049631,0.0656525220176141,0.0829090909090909,0.055644515612489995,872.2741048932505,0,0,0.0,12447.709149848024,0.0,0.0
06,041,131100,06041131100,1311,Census Tract 1311,G5020,S,127658592,8932931,+37.9207111,-122.5974613,Census Tract 1311; Marin County; California,1286,613,21,278,38,51,409,49,51,191042,437,0,1286,1101,29,14,56,6,41,131100,Marin,136.59153364892092,0.03425774877650897,0.0,0.1631321370309951,9.414931992091,0,0,0.0,21859.653867540634,0.0,0.0
06,041,990100,06041990100,9901,Census Tract 9901,G5020,S,0,655490076,+37.9956135,-123.0361398,Census Tract 9901; Marin County; California,0,0,0,0,0,0,0,0,0,-666666666,0,0,0,0,0,0,0,6,41,990100,Marin,655.489975592068,,,,0.0,0,0,0.0,41274.97993408502,0.0,0.0
06,097,151405,06097151405,1514.05,Census Tract 1514.05,G5020,S,7070987,0,+38.3926107,-122.7046899,Census Tract 1514.05; Sonoma County; California,7271,3468,91,2302,610,132,3244,79,27,62696,2383,123,7271,2528,350,285,3965,6,97,151405,Sonoma,7.07098744060228,0.026239907727797,0.05161561057490558,0.030565167243367934,1028.2863689234164,0,0,0.0,59283.86944101628,0.0,0.0
06,097,153302,06097153302,1533.02,Census Tract 1533.02,G5020,S,5357926,0,+38.4136158,-122.7542692,Census Tract 1533.02; Sonoma County; California,5594,2443,22,1987,323,20,2358,33,27,86294,1651,18,5594,1997,173,443,2780,6,97,153302,Sonoma,5.357930369506506,0.009005321326238231,0.010902483343428226,0.024559967253376995,1044.059854125211,0,0,0.0,63577.93724491953,0.0,0.0
06,097,153708,06097153708,1537.08,Census Tract 1537.08,G5020,S,44896504,193401,+38.4605395,-122.9868326,Census Tract 1537.08; Sonoma County; California,1521,603,7,386,38,59,501,60,22,65438,825,55,1521,1319,0,32,61,6,97,153708,Sonoma,45.089908127541946,0.011608623548922056,0.06666666666666667,0.13598673300165837,33.732603661503994,0,0,0.0,80023.42791237205,0.0,0.0
06,097,152401,06097152401,1524.01,Census Tract 1524.01,G5020,S,9899426,0,+38.4815708,-122.6925847,Census Tract 1524.01; Sonoma County; California,4417,2148,139,1534,37,32,1901,60,182,159482,2019,0,4417,3247,0,563,475,6,97,152401,Sonoma,9.899432485881764,0.06471135940409684,0.0,0.11266294227188083,446.18719369008033,0,0,0.0,67449.24019072033,0.0,0.0
06,097,151205,06097151205,1512.05,Census Tract 1512.05,G5020,S,14116026,0,+38.2986480,-122.6798799,Census Tract 1512.05; Sonoma County; California,2410,934,0,582,146,14,742,67,0,92869,1127,85,2410,1619,0,66,686,6,97,151205,Sonoma,14.116031586499703,0.0,0.07542147293700088,0.07173447537473233,170.72786960216757,0,0,0.0,49368.747347986144,0.0,0.0
06,097,154308,06097154308,1543.08,Census Tract 1543.08,G5020,S,24876700,8711623,+38.7531796,-123.4845088,Census Tract 1543.08; Sonoma County; California,935,287,0,148,0,11,159,0,48,86806,463,12,935,717,0,39,132,6,97,154308,Sonoma,33.588331134876036,0.0,0.02591792656587473,0.1672473867595819,27.837048415577698,0,0,0.0,132404.5311462969,0.0,0.0
06,097,153405,06097153405,1534.05,Census Tract 1534.05,G5020,S,8204918,0,+38.4144344,-122.8473555,Census Tract 1534.05; Sonoma County; California,3704,1766,0,903,409,97,1543,80,51,110430,1356,84,3704,2513,57,9,759,6,97,153405,Sonoma,8.204919029577011,0.0,0.061946902654867256,0.07417893544733861,451.4365085929376,0,0,0.0,68482.63252532089,0.0,0.0
06,097,154304,06097154304,1543.04,Census Tract 1543.04,G5020,S,888562403,16871888,+38.6435073,-123.1933099,Census Tract 1543.04; Sonoma County; California,2010,863,2,504,89,62,671,68,33,70450,917,16,2010,1574,15,75,202,6,97,154304,Sonoma,905.4343584150912,0.002317497103128621,0.017448200654307525,0.11703360370799537,2.219929011218864,0,0,0.0,106964.68277361842,0.0,0.0
06,081,610700,06081610700,6107,Census Tract 6107,G5020,S,1121875,0,+37.4699794,-122.2192352,Census Tract 6107; San Mateo County; California,6010,2854,32,2231,263,0,2589,93,70,111467,1915,168,6010,2334,119,770,2502,6,81,610700,San Mateo,1.121874646340479,0.011212333566923615,0.08772845953002611,0.05711282410651717,5357.104752838864,0,0,0.0,20695.250426053208,0.0,0.0
06,081,610800,06081610800,6108,Census Tract 6108,G5020,S,504863,0,+37.4701804,-122.2260217,Census Tract 6108; San Mateo County; California,4311,2481,115,1566,268,140,2129,14,15,89178,1480,126,4311,833,41,410,2913,6,81,610800,San Mateo,0.504865342542211,0.046352277307537285,0.08513513513513514,0.011688835147118097,8538.910550469334,0,0,0.0,20255.63198994234,0.0,0.0
06,081,611000,06081611000,6110,Census Tract 6110,G5020,S,1375512,0,+37.4663591,-122.2336410,Census Tract 6110; San Mateo County; California,6735,3389,79,2475,331,7,3003,136,42,156595,2211,19,6735,2637,210,525,3083,6,81,611000,San Mateo,1.3755071685224518,0.023310711124225437,0.008593396653098146,0.05252286810268516,4896.375790781688,0,0,0.0,20102.96580446545,0.0,0.0
06,081,611200,06081611200,6112,Census Tract 6112,G5020,S,1126603,0,+37.4564914,-122.2345971,Census Tract 6112; San Mateo County; California,2634,1346,32,855,70,6,984,37,20,205917,1023,0,2634,1718,69,399,306,6,81,611200,San Mateo,1.1266037322765812,0.0237741456166419,0.0,0.04234769687964339,2338.000420677954,0,0,0.0,20873.974523112578,0.0,0.0
06,095,250701,06095250701,2507.01,Census Tract 2507.01,G5020,S,2203502,604746,+38.0900421,-122.2449025,Census Tract 2507.01; Solano County; California,3579,1517,56,961,353,0,1406,264,123,54634,1255,48,3579,455,459,337,2124,6,95,250701,Solano,2.8082458469623224,0.03691496374423204,0.03824701195219123,0.25510876730388926,1274.46106752776,0,0,0.0,19382.999200924656,0.0,0.0
06,095,251000,06095251000,2510,Census Tract 2510,G5020,S,726719,0,+38.1011281,-122.2485428,Census Tract 2510; Solano County; California,2206,1045,106,696,39,29,905,186,96,53607,1123,24,2206,655,619,194,662,6,95,251000,Solano,0.7267148897583964,0.10143540669856459,0.0213713268032057,0.2698564593301435,3035.578369301621,0,0,0.0,20435.614897561212,0.0,0.0
06,095,251300,06095251300,2513,Census Tract 2513,G5020,S,1253911,0,+38.1146760,-122.2358356,Census Tract 2513; Solano County; California,3185,1562,96,1111,186,0,1403,326,47,98523,1215,31,3185,1775,85,34,1150,6,95,251300,Solano,1.253911612682819,0.06145966709346991,0.02551440329218107,0.23879641485275288,2540.0514420514073,0,0,0.0,22228.730824369355,0.0,0.0
06,001,435104,06001435104,4351.04,Census Tract 4351.04,G5020,S,7240654,0,+37.6385144,-122.0388422,Census Tract 4351.04; Alameda County; California,6856,3123,314,2002,262,17,2609,355,184,112692,2472,109,6856,1055,506,2739,2116,6,1,435104,Alameda,7.240651597941965,0.1005443483829651,0.04409385113268608,0.17259045789305155,946.8761073863441,2,1,10.483221194951492,1678.7403873894484,0.27621823436007703,21.0
06,001,405301,06001405301,4053.01,Census Tract 4053.01,G5020,S,227753,0,+37.8020757,-122.2513558,Census Tract 4053.01; Alameda County; California,2872,2072,436,1006,81,11,1570,183,78,112656,1479,275,2872,1394,400,411,480,6,1,405301,Alameda,0.2277534855193158,0.21042471042471042,0.18593644354293443,0.12596525096525096,12610.125344300935,0,0,0.0,1328.1520208625257,0.0,0.0
06,001,982000,06001982000,9820,Census Tract 9820,G5020,S,1269350,453537,+37.7960280,-122.2953295,Census Tract 9820; Alameda County; California,50,35,17,13,0,5,35,5,0,129167,32,4,50,25,5,17,0,6,1,982000,Alameda,1.7228866341184363,0.4857142857142857,0.125,0.14285714285714285,29.021062099993546,0,0,6.830452205136295,964.8241134839803,0.0,0.0
06,001,450102,06001450102,4501.02,Census Tract 4501.02,G5020,S,9587788,0,+37.7208227,-121.8911768,Census Tract 4501.02; Alameda County; California,7376,2920,497,1243,183,189,2153,413,269,189975,1815,64,7376,1428,1094,3530,1015,6,1,450102,Alameda,9.587782108400672,0.1702054794520548,0.03526170798898071,0.23356164383561645,769.3124349934129,0,0,2.8262307312619526,2242.091587378765,0.0,0.0
06,081,611300,06081611300,6113,Census Tract 6113,G5020,S,1761359,4125,+37.4517250,-122.2251406,Census Tract 6113; San Mateo County; California,4946,2401,18,1454,116,83,1856,45,7,213641,1780,45,4946,2676,68,658,1316,6,81,611300,San Mateo,1.7654864679125777,0.007496876301541024,0.025280898876404494,0.021657642648896292,2801.4941433382387,0,0,0.0,21754.033886981128,0.0,0.0
06,095,251400,06095251400,2514,Census Tract 2514,G5020,S,2206952,0,+38.1235139,-122.2398887,Census Tract 2514; Solano County; California,5952,3130,101,2620,224,2,2990,576,38,93091,2361,113,5952,2606,479,792,1730,6,95,251400,Solano,2.2069582314887626,0.03226837060702875,0.047861075815332485,0.19616613418530351,2696.9246246155367,0,0,0.0,23003.80143305768,0.0,0.0
06,095,251500,06095251500,2515,Census Tract 2515,G5020,S,1376732,0,+38.1115210,-122.2497147,Census Tract 2515; Solano County; California,3592,1518,19,1006,238,132,1409,178,79,53975,1357,226,3592,837,559,369,1393,6,95,251500,Solano,1.3767302685377567,0.012516469038208168,0.16654384672070743,0.16930171277997366,2609.080429251483,0,0,0.0,21430.775252735286,0.0,0.0
06,095,251600,06095251600,2516,Census Tract 2516,G5020,S,861224,231804,+38.1083885,-122.2622993,Census Tract 2516; Solano County; California,2604,1071,64,803,68,35,970,160,97,53333,1154,54,2604,636,596,47,1102,6,95,251600,Solano,1.0930276657966098,0.059757236227824466,0.04679376083188908,0.23996265172735762,2382.3733666450044,0,0,0.0,20658.604495310145,0.0,0.0
06,095,251701,06095251701,2517.01,Census Tract 2517.01,G5020,S,1580360,368244,+38.1165979,-122.2669590,Census Tract 2517.01; Solano County; California,3449,1758,115,1297,195,37,1659,270,149,66175,1493,101,3449,995,765,241,1024,6,95,251701,Solano,1.9486016427338504,0.06541524459613197,0.06764902880107167,0.23833902161547213,1769.9872176855604,0,0,0.0,21308.47855164991,0.0,0.0
06,097,153406,06097153406,1534.06,Census Tract 1534.06,G5020,S,2624401,0,+38.4083965,-122.8265990,Census Tract 1534.06; Sonoma County; California,2388,1375,0,1046,104,119,1269,33,32,105673,1020,31,2388,1689,40,86,554,6,97,153406,Sonoma,2.624399404791835,0.0,0.030392156862745098,0.04727272727272727,909.9224743153811,0,0,0.0,66823.79163556776,0.0,0.0
06,097,153710,06097153710,1537.10,Census Tract 1537.10,G5020,S,19953595,254785,+38.5060009,-122.9766228,Census Tract 1537.10; Sonoma County; California,2400,953,34,602,127,0,777,7,67,81214,1210,73,2400,1740,0,63,487,6,97,153710,Sonoma,20.20838409540966,0.035676810073452254,0.0603305785123967,0.0776495278069255,118.76258827370373,0,0,0.0,84479.67863003536,0.0,0.0
06,097,152601,06097152601,1526.01,Census Tract 1526.01,G5020,S,48730596,0,+38.5058699,-122.6643077,Census Tract 1526.01; Sonoma County; California,6688,2994,32,2327,205,0,2602,128,119,159833,2556,47,6688,4921,49,398,1030,6,97,152601,Sonoma,48.730595182122805,0.01068804275217101,0.018388106416275432,0.08249832999331998,137.24437337579542,0,0,0.0,68868.33942239323,0.0,0.0
06,097,153709,06097153709,1537.09,Census Tract 1537.09,G5020,S,39506414,66992,+38.5480623,-123.0242350,Census Tract 1537.09; Sonoma County; California,1576,919,5,439,146,0,612,0,0,98805,721,43,1576,1190,0,28,304,6,97,153709,Sonoma,39.57341026975255,0.00544069640914037,0.059639389736477116,0.0,39.82472041851284,0,0,0.0,88776.93041066958,0.0,0.0
06,081,611500,06081611500,6115,Census Tract 6115,G5020,S,4186086,0,+37.4675561,-122.1850155,Census Tract 6115; San Mateo County; California,2873,1188,49,548,65,8,691,46,20,250001,915,8,2873,1927,23,593,265,6,81,611500,San Mateo,4.186083887564919,0.041245791245791245,0.008743169398907104,0.05555555555555555,686.3216498203643,0,0,0.0,20162.50350708786,0.0,0.0
06,081,611600,06081611600,6116,Census Tract 6116,G5020,S,839264,0,+37.4748009,-122.1706968,Census Tract 6116; San Mateo County; California,2335,1240,26,613,35,50,849,32,12,250001,746,11,2335,1247,96,510,331,6,81,611600,San Mateo,0.8392671029464751,0.020967741935483872,0.014745308310991957,0.035483870967741936,2782.189355215221,0,0,0.0,18689.426141773336,0.0,0.0
06,095,251702,06095251702,2517.02,Census Tract 2517.02,G5020,S,585596,0,+38.1221020,-122.2687692,Census Tract 2517.02; Solano County; California,2803,1547,85,960,380,67,1492,213,93,83750,962,55,2803,476,724,974,564,6,95,251702,Solano,0.5855941236076926,0.054945054945054944,0.057172557172557176,0.1978021978021978,4786.591748447625,0,0,0.0,21883.441888247264,0.0,0.0
06,095,251803,06095251803,2518.03,Census Tract 2518.03,G5020,S,3221765,1771791,+38.1357308,-122.2650034,Census Tract 2518.03; Solano County; California,4774,2264,59,1480,580,37,2202,247,113,85612,1584,19,4774,747,665,1044,2203,6,95,251803,Solano,4.9935629234825125,0.026060070671378093,0.011994949494949494,0.15901060070671377,956.0308086937274,0,0,0.0,23671.465225885833,0.0,0.0
06,095,251804,06095251804,2518.04,Census Tract 2518.04,G5020,S,1681470,1032245,+38.1503908,-122.2829690,Census Tract 2518.04; Solano County; California,3313,1704,16,1061,248,13,1361,248,121,116250,905,26,3313,377,210,1144,971,6,95,251804,Solano,2.7137136405290283,0.009389671361502348,0.028729281767955802,0.21654929577464788,1220.8362557200926,0,0,0.0,24606.415912930475,0.0,0.0
06,081,612500,06081612500,6125,Census Tract 6125,G5020,S,2001375,0,+37.4557091,-122.1778390,Census Tract 6125; San Mateo County; California,4524,2387,182,980,157,27,1632,55,17,175865,1839,205,4524,2415,261,1084,241,6,81,612500,San Mateo,2.0013764667940284,0.07624633431085044,0.11147362697117999,0.03016338500209468,2260.4442867497687,0,0,0.0,20639.90199444819,0.0,0.0
06,095,251901,06095251901,2519.01,Census Tract 2519.01,G5020,S,3187915,239322,+38.1375695,-122.2403065,Census Tract 2519.01; Solano County; California,5762,2164,143,1472,371,19,2060,642,128,75802,1823,291,5762,990,1314,965,2184,6,95,251901,Solano,3.4272308271127705,0.06608133086876156,0.15962698848052662,0.355822550831793,1681.2407131777954,0,0,0.0,23729.24630937782,0.0,0.0
06,095,251903,06095251903,2519.03,Census Tract 2519.03,G5020,S,2676480,14062,+38.1478379,-122.2282174,Census Tract 2519.03; Solano County; California,5672,2375,46,1906,302,0,2302,210,212,84136,1726,134,5672,550,1561,1536,1364,6,95,251903,Solano,2.6905398927547424,0.01936842105263158,0.0776361529548088,0.17768421052631578,2108.1270771245295,0,0,0.0,23949.197613197048,0.0,0.0
06,097,153301,06097153301,1533.01,Census Tract 1533.01,G5020,S,27350633,0,+38.3918573,-122.7695059,Census Tract 1533.01; Sonoma County; California,6584,3443,0,2561,300,57,2977,198,7,92635,2173,18,6584,3190,149,848,2036,6,97,153301,Sonoma,27.35063781429084,0.0,0.008283479061205707,0.059541097879756026,240.72564759567794,0,0,0.0,62348.68885493991,0.0,0.0
06,097,151702,06097151702,1517.02,Census Tract 1517.02,G5020,S,3450769,365794,+38.4546577,-122.6631418,Census Tract 1517.02; Sonoma County; California,4181,1742,20,1259,205,40,1583,121,57,86961,1781,278,4181,3197,3,197,472,6,97,151702,Sonoma,3.8165655945775843,0.011481056257175661,0.15609208309938236,0.10218140068886337,1095.4875257326087,0,0,0.0,63576.24795211791,0.0,0.0
06,097,152602,06097152602,1526.02,Census Tract 1526.02,G5020,S,74353690,0,+38.5333374,-122.6225737,Census Tract 1526.02; Sonoma County; California,1082,566,41,338,33,43,495,47,79,93487,500,0,1082,928,41,0,57,6,97,152602,Sonoma,74.35369562962833,0.07243816254416961,0.0,0.2226148409893993,14.552067531245164,0,0,0.0,70377.06007232156,0.0,0.0
06,097,151506,06097151506,1515.06,Census Tract 1515.06,G5020,S,2447786,0,+38.4270571,-122.6702873,Census Tract 1515.06; Sonoma County; California,6592,3209,53,2511,294,53,2926,331,15,98750,2540,111,6592,5146,14,278,1063,6,97,151506,Sonoma,2.4477880733200896,0.016516048613275165,0.043700787401574806,0.10782175132440013,2693.0435979528465,0,0,0.0,61161.362395791315,0.0,0.0
06,097,152402,06097152402,1524.02,Census Tract 1524.02,G5020,S,11116133,105674,+38.4894406,-122.7211476,Census Tract 1524.02; Sonoma County; California,2850,1191,65,835,201,52,1153,39,99,107885,1556,353,2850,2059,1,291,339,6,97,152402,Sonoma,11.221804039999348,0.054575986565911,0.2268637532133676,0.11586901763224182,253.9698599121292,0,0,0.0,69322.09663616742,0.0,0.0
06,097,151404,06097151404,1514.04,Census Tract 1514.04,G5020,S,1198665,0,+38.4278406,-122.7036893,Census Tract 1514.04; Sonoma County; California,3190,1597,0,1176,226,0,1446,10,0,66522,890,14,3190,363,70,249,2294,6,97,151404,Sonoma,1.1986649465451922,0.0,0.015730337078651686,0.006261740763932373,2661.2941416150193,0,0,0.0,62617.60201630561,0.0,0.0
06,097,153711,06097153711,1537.11,Census Tract 1537.11,G5020,S,26969761,197451,+38.4669793,-122.9238834,Census Tract 1537.11; Sonoma County; California,2819,1419,9,1151,143,0,1312,56,11,81175,1109,9,2819,1958,0,4,281,6,97,153711,Sonoma,27.167219068490375,0.006342494714587738,0.008115419296663661,0.047216349541930935,103.76476123276043,0,0,0.0,78115.38387821609,0.0,0.0
06,097,154305,06097154305,1543.05,Census Tract 1543.05,G5020,S,94699164,9539326,+38.3499066,-123.0135453,Census Tract 1543.05; Sonoma County; California,2173,865,11,481,108,113,713,32,49,149688,794,32,2173,1569,0,30,295,6,97,154305,Sonoma,104.23849662646873,0.012716763005780347,0.04030226700251889,0.09364161849710982,20.84642498046371,0,0,0.0,72832.80595282848,0.0,0.0
06,097,152803,06097152803,1528.03,Census Tract 1528.03,G5020,S,1327593,0,+38.4655202,-122.7382164,Census Tract 1528.03; Sonoma County; California,4785,2515,79,1576,438,335,2482,72,11,74894,1507,67,4785,1446,33,237,2906,6,97,152803,Sonoma,1.3275924964010677,0.03141153081510934,0.04445919044459191,0.03300198807157058,3604.268638886947,0,0,0.0,67747.09716898775,0.0,0.0
06,097,152204,06097152204,1522.04,Census Tract 1522.04,G5020,S,1854584,0,+38.4630396,-122.6754382,Census Tract 1522.04; Sonoma County; California,4166,1973,10,1570,145,52,1863,154,35,78500,1902,189,4166,2744,11,135,1137,6,97,152204,Sonoma,1.8545875825735378,0.00506842372022301,0.09936908517350158,0.0957932083122149,2246.3215213697304,0,0,0.0,64942.51551276151,0.0,0.0
06,097,152804,06097152804,1528.04,Census Tract 1528.04,G5020,S,701475,0,+38.4641357,-122.7310534,Census Tract 1528.04; Sonoma County; California,3118,1427,0,1251,122,0,1373,0,9,63482,1350,146,3118,1689,31,83,1238,6,97,152804,Sonoma,0.7014735980350097,0.0,0.10814814814814815,0.006306937631394534,4444.928517244613,0,0,0.0,67303.79005274405,0.0,0.0
06,097,150501,06097150501,1505.01,Census Tract 1505.01,G5020,S,43994896,2744,+38.3773322,-122.5730583,Census Tract 1505.01; Sonoma County; California,2828,1416,0,1080,15,111,1231,57,142,195233,1269,80,2828,2386,8,236,108,6,97,150501,Sonoma,43.9976364427468,0.0,0.06304176516942474,0.1405367231638418,64.27618000980614,0,0,0.0,52064.73139025323,0.0,0.0
06,097,154306,06097154306,1543.06,Census Tract 1543.06,G5020,S,43335597,1106,+38.3856363,-122.9507491,Census Tract 1543.06; Sonoma County; California,1633,850,0,420,19,16,464,0,12,98558,783,36,1633,1229,8,0,131,6,97,154306,Sonoma,43.336709245399845,0.0,0.04597701149425287,0.01411764705882353,37.68167976836731,0,0,0.0,73048.26913897105,0.0,0.0
06,097,152205,06097152205,1522.05,Census Tract 1522.05,G5020,S,918818,0,+38.4751756,-122.6751526,Census Tract 1522.05; Sonoma County; California,2168,1005,0,702,0,8,760,0,14,137259,907,27,2168,1711,0,15,377,6,97,152205,Sonoma,0.9188164548999966,0.0,0.029768467475192944,0.013930348258706468,2359.5572199846633,0,0,0.0,66148.69603067028,0.0,0.0
06,097,153905,06097153905,1539.05,Census Tract 1539.05,G5020,S,49659931,64916,+38.6081064,-122.8145185,Census Tract 1539.05; Sonoma County; California,3410,1531,0,1096,89,13,1321,17,9,105625,1360,49,3410,2492,0,72,658,6,97,153905,Sonoma,49.724854009742046,0.0,0.03602941176470588,0.016982364467668192,68.57737579947276,0,0,0.0,86463.02932378149,0.0,0.0
06,097,151403,06097151403,1514.03,Census Tract 1514.03,G5020,S,11098231,0,+38.4060891,-122.6857960,Census Tract 1514.03; Sonoma County; California,4604,2470,19,1856,287,95,2307,40,89,88973,1817,171,4604,1993,99,963,1053,6,97,151403,Sonoma,11.098224439307282,0.007692307692307693,0.09411117226197029,0.05222672064777328,414.8411329377808,0,0,0.0,59745.152541276475,0.0,0.0
06,097,153712,06097153712,1537.12,Census Tract 1537.12,G5020,S,14338928,18053,+38.4585904,-122.8653254,Census Tract 1537.12; Sonoma County; California,2019,787,0,470,70,32,584,48,30,96000,824,31,2019,1448,0,19,383,6,97,153712,Sonoma,14.356983284796145,0.0,0.03762135922330097,0.09911054637865312,140.62842868516077,0,0,0.0,73480.127318935,0.0,0.0
06,097,153601,06097153601,1536.01,Census Tract 1536.01,G5020,S,10674699,0,+38.4363229,-122.8579577,Census Tract 1536.01; Sonoma County; California,1720,959,0,608,25,12,655,12,43,126618,726,0,1720,1320,0,10,357,6,97,153601,Sonoma,10.674698700077851,0.0,0.0,0.05735140771637122,161.12866960708277,0,0,0.0,70955.76399552677,0.0,0.0
06,097,153810,06097153810,1538.10,Census Tract 1538.10,G5020,S,30129436,509817,+38.5252837,-122.8554317,Census Tract 1538.10; Sonoma County; California,3911,1929,6,1255,238,9,1508,157,70,145806,1130,7,3911,2369,6,46,1405,6,97,153810,Sonoma,30.639262482797463,0.003110419906687403,0.006194690265486726,0.11767755313634007,127.64667564031107,0,0,0.0,78822.25307684485,0.0,0.0
06,097,153904,06097153904,1539.04,Census Tract 1539.04,G5020,S,16351657,74273,+38.5845228,-122.8226027,Census Tract 1539.04; Sonoma County; California,1776,838,0,584,72,44,704,0,8,94583,904,21,1776,1296,0,12,394,6,97,153904,Sonoma,16.425931505180934,0.0,0.023230088495575223,0.00954653937947494,108.12172201252808,0,0,0.0,83084.72965239828,0.0,0.0
06,097,153811,06097153811,1538.11,Census Tract 1538.11,G5020,S,6917868,0,+38.5278326,-122.8219570,Census Tract 1538.11; Sonoma County; California,5487,2900,7,2133,620,0,2807,156,57,151932,1758,36,5487,3181,0,405,1810,6,97,153811,Sonoma,6.917866234982318,0.002413793103448276,0.020477815699658702,0.07344827586206897,793.1636452080119,0,0,0.0,77444.36755359847,0.0,0.0
06,097,151206,06097151206,1512.06,Census Tract 1512.06,G5020,S,14250521,29015,+38.3345436,-122.7257208,Census Tract 1512.06; Sonoma County; California,5403,2793,4,2057,429,70,2560,211,50,75781,2082,106,5403,3118,230,151,1419,6,97,151206,Sonoma,14.2795402453105,0.0014321518080916578,0.05091258405379443,0.09344790547798067,378.37352654084106,0,0,0.0,55025.575723458,0.0,0.0
06,081,602100,06081602100,6021,Census Tract 6021,G5020,S,480239,0,+37.6618014,-122.4064186,Census Tract 6021; San Mateo County; California,3484,1774,224,950,374,43,1663,149,11,87853,1007,68,3484,309,171,689,2174,6,81,602100,San Mateo,0.4802384186314673,0.1262683201803833,0.06752730883813307,0.09019165727170236,7254.729869235233,0,0,0.0,2811.5583007775535,0.0,0.0
06,081,602400,06081602400,6024,Census Tract 6024,G5020,S,2721941,0,+37.6444886,-122.4357422,Census Tract 6024; San Mateo County; California,7636,3855,161,2372,536,83,3191,75,47,128750,2791,296,7636,2573,135,2786,1812,6,81,602400,San Mateo,2.721941457529417,0.041763942931258104,0.10605517735578646,0.03164721141374838,2805.3505628775906,0,0,0.46233784625302105,1864.4023098964562,0.0,0.0
06,081,602500,06081602500,6025,Census Tract 6025,G5020,S,1190859,0,+37.6399723,-122.4505916,Census Tract 6025; San Mateo County; California,5293,2856,221,1835,224,71,2382,296,13,159712,1498,33,5293,889,352,3423,458,6,81,602500,San Mateo,1.190856633073583,0.07738095238095238,0.022029372496662217,0.10819327731092437,4444.699599429401,0,0,0.0,2776.3756353771973,0.0,0.0
06,095,252000,06095252000,2520,Census Tract 2520,G5020,S,3139378,5098413,+38.0621001,-122.1791737,Census Tract 2520; Solano County; California,4203,2246,34,1340,239,26,1651,132,139,90370,2192,139,4203,2974,1,150,900,6,95,252000,Solano,8.237791987200389,0.015138023152270703,0.06341240875912409,0.12065894924309885,510.2095326673074,0,0,0.0,14268.952405648455,0.0,0.0
06,095,252103,06095252103,2521.03,Census Tract 2521.03,G5020,S,2303290,282,+38.1046332,-122.1921340,Census Tract 2521.03; Solano County; California,6673,3263,78,2592,353,0,3099,256,217,102760,2069,22,6673,1298,1578,2135,726,6,95,252103,Solano,2.303569430464324,0.02390438247011952,0.010633156114064766,0.14495862703034018,2896.8087142287445,0,0,0.0,18692.611790601142,0.0,0.0
06,095,252105,06095252105,2521.05,Census Tract 2521.05,G5020,S,2619298,10968,+38.0849333,-122.1823744,Census Tract 2521.05; Solano County; California,3112,1627,33,1157,149,8,1355,170,136,133784,1232,33,3112,1975,57,468,358,6,95,252105,Solano,2.63026325266808,0.020282728948985862,0.026785714285714284,0.1880762138905962,1183.1515331567123,0,0,0.0,16173.91799254944,0.0,0.0
06,095,252106,06095252106,2521.06,Census Tract 2521.06,G5020,S,2858834,0,+38.0753462,-122.1678055,Census Tract 2521.06; Solano County; California,4479,1981,154,1196,224,23,1638,246,131,114943,1743,50,4479,2683,81,564,595,6,95,252106,Solano,2.858836087866774,0.07773851590106007,0.02868617326448652,0.19030792529025745,1566.721512649636,0,0,0.0,14886.230516286181,0.0,0.0
06,081,603700,06081603700,6037,Census Tract 6037,G5020,S,1855798,0,+37.6326394,-122.4484921,Census Tract 6037; San Mateo County; California,5644,2675,399,1393,194,16,2080,247,42,122337,1863,94,5644,1876,59,2175,1078,6,81,603700,San Mateo,1.8558053207848249,0.1491588785046729,0.05045625335480408,0.1080373831775701,3041.267279917668,0,0,0.0,2885.367584199121,0.0,0.0
06,081,612600,06081612600,6126,Census Tract 6126,G5020,S,1302567,0,+37.4492142,-122.1817190,Census Tract 6126; San Mateo County; California,4372,2352,117,972,152,61,1733,13,81,160962,1888,308,4372,3021,39,739,340,6,81,612600,San Mateo,1.302566119193554,0.04974489795918367,0.163135593220339,0.039965986394557826,3356.4514964559316,0,0,0.0,21401.815583273834,0.0,0.0
06,081,612700,06081612700,6127,Census Tract 6127,G5020,S,1275410,0,+37.4439637,-122.1886855,Census Tract 6127; San Mateo County; California,2064,886,34,474,16,10,571,65,0,250001,752,7,2064,1646,0,282,57,6,81,612700,San Mateo,1.2754120436616825,0.03837471783295711,0.009308510638297872,0.07336343115124154,1618.3005407995813,0,0,0.0,22248.16428375252,0.0,0.0
06,081,612800,06081612800,6128,Census Tract 6128,G5020,S,1651059,0,+37.4364465,-122.1923294,Census Tract 6128; San Mateo County; California,3379,1416,0,810,66,0,959,14,0,250001,1004,2,3379,2395,7,328,202,6,81,612800,San Mateo,1.6510591612341878,0.0,0.00199203187250996,0.009887005649717515,2046.5650652240433,0,0,0.0,23082.494345554347,0.0,0.0
06,095,252107,06095252107,2521.07,Census Tract 2521.07,G5020,S,2681073,0,+38.0697573,-122.1542669,Census Tract 2521.07; Solano County; California,3342,1720,38,1355,114,29,1556,225,35,123787,1351,8,3342,1823,180,482,388,6,95,252107,Solano,2.681073576605634,0.022093023255813953,0.005921539600296077,0.1511627906976744,1246.5155858315272,0,0,0.0,13552.38385822758,0.0,0.0
06,095,252108,06095252108,2521.08,Census Tract 2521.08,G5020,S,1668289,0,+38.0609883,-122.1631107,Census Tract 2521.08; Solano County; California,2996,1494,11,1103,107,35,1269,137,39,156818,1214,24,2996,2071,157,155,399,6,95,252108,Solano,1.6682888581364237,0.007362784471218206,0.019769357495881382,0.11780455153949129,1795.8520704542182,0,0,0.0,13728.893461393627,0.0,0.0
06,095,252306,06095252306,2523.06,Census Tract 2523.06,G5020,S,1865851,0,+38.2655712,-122.0643005,Census Tract 2523.06; Solano County; California,3058,1489,15,1028,248,14,1337,118,111,111012,1081,34,3058,1299,478,178,968,6,95,252306,Solano,1.8658533652728875,0.010073875083948958,0.03145235892691952,0.15379449294828745,1638.9283621721029,0,0,0.0,29350.5483222639,0.0,0.0
06,095,252401,06095252401,2524.01,Census Tract 2524.01,G5020,S,1400893,0,+38.2534089,-122.0580589,Census Tract 2524.01; Solano County; California,4820,2116,84,1649,124,133,1997,311,117,75370,1373,21,4820,1013,691,272,2605,6,95,252401,Solano,1.4008968289311634,0.03969754253308128,0.01529497450837582,0.20226843100189035,3440.6530876920438,0,0,0.0,27903.014973254223,0.0,0.0
06,095,252402,06095252402,2524.02,Census Tract 2524.02,G5020,S,15039229,252153,+38.2205759,-122.0685278,Census Tract 2524.02; Solano County; California,5610,2238,96,1480,481,20,2167,454,61,78098,1747,206,5610,1039,522,439,3086,6,95,252402,Solano,15.291377659690509,0.04289544235924933,0.1179164281625644,0.23011617515638963,366.87341878871257,0,0,0.0,24917.754252944713,0.0,0.0
06,095,252501,06095252501,2525.01,Census Tract 2525.01,G5020,S,1116457,9143,+38.2547036,-122.0412776,Census Tract 2525.01; Solano County; California,3067,1384,34,837,357,28,1327,227,78,62524,947,90,3067,759,412,205,1514,6,95,252501,Solano,1.1255972183969296,0.024566473988439308,0.09503695881731784,0.2203757225433526,2724.77574559753,0,0,0.0,27532.840892102675,0.0,0.0
06,081,604000,06081604000,6040,Census Tract 6040,G5020,S,915011,0,+37.6234200,-122.4206865,Census Tract 6040; San Mateo County; California,3273,1729,107,815,289,34,1278,70,22,150750,1164,68,3273,1511,0,860,773,6,81,604000,San Mateo,0.9150098374190718,0.061885482938114515,0.058419243986254296,0.05320994794679005,3577.010722892344,0,0,0.0,1634.2675136442713,0.0,0.0
06,081,604102,06081604102,6041.02,Census Tract 6041.02,G5020,S,2320771,0,+37.6332687,-122.4257253,Census Tract 6041.02; San Mateo County; California,3164,2081,275,1202,169,135,1823,106,24,113750,1599,241,3164,701,24,1511,567,6,81,604102,San Mateo,2.320771232174348,0.13214800576645844,0.15071919949968732,0.0624699663623258,1363.3398915564912,2,1,33.698730888203904,960.479974229212,0.8617824851810943,29.5
06,095,252605,06095252605,2526.05,Census Tract 2526.05,G5020,S,1573074,0,+38.2655914,-122.0396980,Census Tract 2526.05; Solano County; California,5914,2764,28,1905,476,63,2559,526,230,64278,2001,113,5914,938,1066,714,2700,6,95,252605,Solano,1.5730723224001697,0.010130246020260492,0.05647176411794103,0.2735166425470333,3759.5219976768194,0,0,0.0,28662.73569706026,0.0,0.0
06,095,252606,06095252606,2526.06,Census Tract 2526.06,G5020,S,1309481,0,+38.2654910,-122.0295802,Census Tract 2526.06; Solano County; California,6206,2619,61,1563,513,172,2404,146,237,65011,1905,410,6206,977,1102,604,3412,6,95,252606,Solano,1.309481799136972,0.023291332569683087,0.2152230971128609,0.1462390225276823,4739.279311930972,0,0,0.0,28406.45207545884,0.0,0.0
06,095,252607,06095252607,2526.07,Census Tract 2526.07,G5020,S,770030,0,+38.2546226,-122.0294348,Census Tract 2526.07; Solano County; California,3740,1357,70,977,188,8,1266,70,169,60536,1199,97,3740,737,427,250,2216,6,95,252607,Solano,0.770029889921566,0.051584377302873984,0.08090075062552127,0.1761238025055269,4856.954319501741,0,0,0.0,27239.305065287106,0.0,0.0
06,095,252608,06095252608,2526.08,Census Tract 2526.08,G5020,S,898915,7915,+38.2665083,-122.0232104,Census Tract 2526.08; Solano County; California,4559,2022,28,1549,273,9,1886,271,71,85322,1495,54,4559,644,835,460,2383,6,95,252608,Solano,0.906833694987391,0.013847675568743818,0.036120401337792644,0.16913946587537093,5027.382666965623,0,0,0.0,28317.191059993856,0.0,0.0
06,095,252703,06095252703,2527.03,Census Tract 2527.03,G5020,S,1316526,0,+38.2485983,-122.0272236,Census Tract 2527.03; Solano County; California,4222,1912,7,1485,285,0,1827,245,132,86579,1398,48,4222,728,918,690,1509,6,95,252703,Solano,1.3165257777133463,0.0036610878661087866,0.034334763948497854,0.19717573221757323,3206.925433190627,0,0,0.0,26542.284846874245,0.0,0.0
06,095,252704,06095252704,2527.04,Census Tract 2527.04,G5020,S,1329730,1210,+38.2490976,-122.0147210,Census Tract 2527.04; Solano County; California,5345,2457,13,1942,227,8,2196,242,134,82120,1786,110,5345,1286,982,708,1766,6,95,252704,Solano,1.3309416021751383,0.005291005291005291,0.06159014557670773,0.15303215303215303,4015.95381139544,0,0,0.0,26266.11076409488,0.0,0.0
06,095,252705,06095252705,2527.05,Census Tract 2527.05,G5020,S,1726042,589,+38.2500177,-121.9964026,Census Tract 2527.05; Solano County; California,6372,3192,54,2596,314,47,3059,533,55,103992,1870,23,6372,1471,959,978,2495,6,95,252705,Solano,1.7266330502585063,0.016917293233082706,0.01229946524064171,0.18421052631578946,3690.4193389823063,0,0,0.0,25870.48795212417,0.0,0.0
06,095,252706,06095252706,2527.06,Census Tract 2527.06,G5020,S,4164175,4279,+38.2579938,-121.9778293,Census Tract 2527.06; Solano County; California,4247,2334,114,1797,245,11,2200,328,260,117708,1246,22,4247,831,720,1252,1044,6,95,252706,Solano,4.168458039728137,0.04884318766066838,0.01765650080256822,0.2519280205655527,1018.8419697459603,0,0,0.0,26600.369307823134,0.0,0.0
06,095,252707,06095252707,2527.07,Census Tract 2527.07,G5020,S,3770113,1666,+38.2599906,-122.0011886,Census Tract 2527.07; Solano County; California,4297,2144,71,1786,209,34,2120,147,220,80321,1619,179,4297,1460,779,457,1212,6,95,252707,Solano,3.7717780694161234,0.03311567164179104,0.11056207535515751,0.17117537313432835,1139.2504863535573,0,0,0.0,27266.343877596042,0.0,0.0
06,097,150205,06097150205,1502.05,Census Tract 1502.05,G5020,S,15543272,0,+38.3260902,-122.4518786,Census Tract 1502.05; Sonoma County; California,4350,2166,0,1549,108,76,1772,100,74,100431,1792,18,4350,2880,0,173,1102,6,97,150205,Sonoma,15.54327423216233,0.0,0.010044642857142858,0.08033240997229917,279.86381344278976,0,0,0.0,44133.37885499382,0.0,0.0
06,097,150206,06097150206,1502.06,Census Tract 1502.06,G5020,S,16648290,0,+38.3121064,-122.4276820,Census Tract 1502.06; Sonoma County; California,1184,602,0,363,0,0,363,26,0,93576,717,0,1184,784,0,19,326,6,97,150206,Sonoma,16.64829197122628,0.0,0.0,0.04318936877076412,71.11840674384743,0,0,0.0,42230.928763379074,0.0,0.0
06,097,150502,06097150502,1505.02,Census Tract 1505.02,G5020,S,58614363,90641,+38.4023254,-122.4987558,Census Tract 1505.02; Sonoma County; California,1322,595,8,409,12,16,445,80,0,138893,521,13,1322,973,86,38,147,6,97,150502,Sonoma,58.705004379911266,0.013445378151260505,0.02495201535508637,0.13445378151260504,22.519374863591455,0,0,0.0,52560.71486920454,0.0,0.0
06,097,151505,06097151505,1515.05,Census Tract 1515.05,G5020,S,24604274,44762,+38.3861148,-122.6519679,Census Tract 1515.05; Sonoma County; California,1305,586,0,481,0,0,481,0,27,169010,495,0,1305,1233,0,0,0,6,97,151505,Sonoma,24.64903440728966,0.0,0.0,0.04607508532423208,52.94325036984255,0,0,0.0,56415.71196030056,0.0,0.0
06,097,154307,06097154307,1543.07,Census Tract 1543.07,G5020,S,108897903,16987374,+38.5786079,-123.3140349,Census Tract 1543.07; Sonoma County; California,783,273,0,139,7,31,178,13,7,89615,370,16,783,613,0,39,101,6,97,154307,Sonoma,125.88530329687563,0.0,0.043243243243243246,0.07326007326007326,6.219947678510565,0,0,0.0,109603.42197436263,0.0,0.0
06,081,604400,06081604400,6044,Census Tract 6044,G5020,S,2047790,61644,+37.6044311,-122.3887434,Census Tract 6044; San Mateo County; California,5314,2748,312,1567,244,124,2274,120,61,121471,1886,79,5314,1522,17,2153,991,6,81,604400,San Mateo,2.1094307711893325,0.11353711790393013,0.04188759278897137,0.06586608442503639,2519.163023778153,1,1,60.00435732563202,583.2148723550772,0.4740615400410525,25.4
06,081,604800,06081604800,6048,Census Tract 6048,G5020,S,1033921,0,+37.5995339,-122.3977958,Census Tract 6048; San Mateo County; California,5349,2773,376,1606,214,37,2283,177,60,144283,1901,330,5349,2113,18,2535,384,6,81,604800,San Mateo,1.0339214633843126,0.13559322033898305,0.17359284587059443,0.0854670032455824,5173.507069377624,0,0,24.909227105897635,968.7638265568993,0.0,0.0
06,081,605100,06081605100,6051,Census Tract 6051,G5020,S,2620759,1639783,+37.5973795,-122.3682086,Census Tract 6051; San Mateo County; California,2927,1616,232,902,106,15,1323,218,20,138667,1188,85,2927,1523,219,641,384,6,81,605100,San Mateo,4.2605402645461234,0.14356435643564355,0.07154882154882154,0.14727722772277227,687.0020744450854,0,0,5.077362876811832,1729.3110299001235,0.0,0.0
06,081,605200,06081605200,6052,Census Tract 6052,G5020,S,947762,0,+37.5833866,-122.3766437,Census Tract 6052; San Mateo County; California,3623,1659,169,942,57,36,1275,179,73,184107,1349,9,3623,2212,4,928,282,6,81,605200,San Mateo,0.9477592076712463,0.10186859553948162,0.006671608598962194,0.1518987341772152,3822.700925166561,0,0,0.0,2073.9705405037553,0.0,0.0
06,095,252610,06095252610,2526.10,Census Tract 2526.10,G5020,S,982758,0,+38.2700745,-122.0064170,Census Tract 2526.10; Solano County; California,2906,1391,0,1045,175,0,1265,116,72,82500,1008,0,2906,868,476,432,901,6,95,252610,Solano,0.9827574013218423,0.0,0.0,0.13515456506110712,2956.9861250511376,0,0,0.0,28441.80740140561,0.0,0.0
06,095,252908,06095252908,2529.08,Census Tract 2529.08,G5020,S,1097778,0,+38.3424310,-121.9569363,Census Tract 2529.08; Solano County; California,3708,1920,22,1525,258,11,1836,176,126,102500,1236,25,3708,1663,389,487,924,6,95,252908,Solano,1.0977778198705548,0.011458333333333333,0.020226537216828478,0.15729166666666666,3377.73266400776,0,0,0.0,35976.950464046946,0.0,0.0
06,095,252909,06095252909,2529.09,Census Tract 2529.09,G5020,S,5655952,1700,+38.3446313,-121.9249586,Census Tract 2529.09; Solano County; California,5112,2625,11,2193,158,9,2391,137,233,141739,1572,11,5112,2467,503,550,874,6,95,252909,Solano,5.6576506566601505,0.004190476190476191,0.006997455470737914,0.14095238095238094,903.5552582205099,0,0,0.0,36227.20396621029,0.0,0.0
06,095,253000,06095253000,2530,Census Tract 2530,G5020,S,3593776,7670,+38.3213127,-121.9786503,Census Tract 2530; Solano County; California,5774,0,0,0,0,0,0,0,0,-666666666,0,0,5774,1068,2517,280,1672,6,95,253000,Solano,3.6014466600969137,,,,1603.2446249931752,0,0,0.0,34092.91490840303,0.0,0.0
06,095,252801,06095252801,2528.01,Census Tract 2528.01,G5020,S,2552436,10113,+38.2790208,-121.9458892,Census Tract 2528.01; Solano County; California,2720,1105,0,871,131,0,1045,0,0,78082,783,5,2720,1429,286,168,536,6,95,252801,Solano,2.562546871524374,0.0,0.006385696040868455,0.0,1061.4439994153013,0,0,0.0,28925.267336026733,0.0,0.0
06,081,605300,06081605300,6053,Census Tract 6053,G5020,S,1104845,0,+37.5820081,-122.3620338,Census Tract 6053; San Mateo County; California,5149,2478,222,1206,91,159,1726,181,7,174464,1941,15,5149,2870,14,1255,555,6,81,605300,San Mateo,1.104845436222918,0.08958837772397095,0.0077279752704791345,0.07586763518966909,4660.3803855158585,0,0,0.0,2978.8941184214245,0.0,0.0
06,081,605400,06081605400,6054,Census Tract 6054,G5020,S,2651441,1270706,+37.5910356,-122.3453899,Census Tract 6054; San Mateo County; California,6790,4033,452,2553,241,107,3431,589,292,167067,2708,119,6790,3719,0,1255,1420,6,81,605400,San Mateo,3.922152803628936,0.11207537813042401,0.04394387001477105,0.21844780560376892,1731.1921130960566,0,0,0.0,3884.914631713253,0.0,0.0
06,081,605800,06081605800,6058,Census Tract 6058,G5020,S,1204598,0,+37.5680135,-122.3452180,Census Tract 6058; San Mateo County; California,2723,1212,119,576,42,65,814,27,51,190673,973,24,2723,2126,0,270,154,6,81,605800,San Mateo,1.2045991627644106,0.09818481848184818,0.024665981500513873,0.06435643564356436,2260.502982378837,0,0,0.0,5125.798729330002,0.0,0.0
06,095,253101,06095253101,2531.01,Census Tract 2531.01,G5020,S,6233022,0,+38.3504671,-122.0064354,Census Tract 2531.01; Solano County; California,5156,2534,9,2189,26,142,2366,148,92,110241,1901,119,5156,3353,31,306,1104,6,95,253101,Solano,6.233024672472042,0.003551696921862668,0.0625986322987901,0.0947119179163378,827.2067368466087,0,0,0.0,37252.509422954194,0.0,0.0
06,095,253105,06095253105,2531.05,Census Tract 2531.05,G5020,S,2472064,0,+38.3539119,-121.9670998,Census Tract 2531.05; Solano County; California,7130,3882,0,2992,391,72,3455,94,211,93500,2656,83,7130,2860,1097,286,1975,6,95,253105,Solano,2.472066453346942,0.0,0.03125,0.07856774858320453,2884.2266721214796,0,0,0.0,37289.6947497106,0.0,0.0
06,095,253106,06095253106,2531.06,Census Tract 2531.06,G5020,S,1093169,0,+38.3417498,-121.9660442,Census Tract 2531.06; Solano County; California,3797,1802,0,1547,92,48,1696,177,32,85208,1467,57,3797,2312,444,98,804,6,95,253106,Solano,1.093168735851862,0.0,0.03885480572597137,0.11598224195338513,3473.3887600994663,0,0,0.0,35934.7316326937,0.0,0.0
06,095,253107,06095253107,2531.07,Census Tract 2531.07,G5020,S,2543148,0,+38.3420882,-121.9790499,Census Tract 2531.07; Solano County; California,5862,2906,38,2373,340,16,2776,366,66,77250,2031,172,5862,2165,216,529,2216,6,95,253107,Solano,2.543143972072398,0.01307639366827254,0.08468734613490891,0.1486579490708878,2305.0208971154234,0,0,0.0,36050.521259747555,0.0,0.0
06,095,253201,06095253201,2532.01,Census Tract 2532.01,G5020,S,5030332,0,+38.3703098,-122.0115050,Census Tract 2532.01; Solano County; California,5230,2172,0,1876,63,50,2014,271,50,132500,1884,28,5230,3338,75,97,983,6,95,253201,Solano,5.030328927369931,0.0,0.014861995753715499,0.1477900552486188,1039.6934426183668,0,0,0.0,39499.458889471876,0.0,0.0
06,085,503111,06085503111,5031.11,Census Tract 5031.11,G5020,S,905170,0,+37.3225494,-121.8397890,Census Tract 5031.11; Santa Clara County; California,5243,2442,40,1793,405,0,2335,82,61,118864,1132,19,5243,210,156,1996,2777,6,85,503111,Santa Clara,0.9051685616510904,0.01638001638001638,0.01678445229681979,0.05855855855855856,5792.291316919363,0,0,0.0,5966.797028938278,0.0,0.0
06,085,503112,06085503112,5031.12,Census Tract 5031.12,G5020,S,1136977,0,+37.3223269,-121.8710045,Census Tract 5031.12; Santa Clara County; California,4062,1891,62,1420,224,32,1767,81,65,72064,1435,230,4062,446,347,900,2300,6,85,503112,Santa Clara,1.136978589748622,0.03278688524590164,0.1602787456445993,0.07720782654680064,3572.62664101536,0,0,0.0,5140.549361046362,0.0,0.0
06,085,506302,06085506302,5063.02,Census Tract 5063.02,G5020,S,2014346,0,+37.3088699,-121.9568660,Census Tract 5063.02; Santa Clara County; California,6180,3460,10,2558,153,36,2830,137,21,180155,2480,66,6180,2861,435,1779,825,6,85,506302,Santa Clara,2.0143434464115693,0.002890173410404624,0.02661290322580645,0.04566473988439306,3067.9971734757028,0,0,0.0,9832.08640119556,0.0,0.0
06,085,511200,06085511200,5112,Census Tract 5112,G5020,S,2059515,0,+37.4511933,-122.1470199,Census Tract 5112; Santa Clara County; California,4995,2416,89,996,54,66,1426,45,60,250001,1715,27,4995,3060,29,1075,308,6,85,511200,Santa Clara,2.05951796243228,0.03683774834437086,0.01574344023323615,0.04346026490066225,2425.3248046940707,0,0,0.0,19124.072195018918,0.0,0.0
06,085,509801,06085509801,5098.01,Census Tract 5098.01,G5020,S,1686437,0,+37.3787940,-122.0894335,Census Tract 5098.01; Santa Clara County; California,5921,3082,106,1859,215,73,2493,127,0,180903,2458,174,5921,2601,82,2214,711,6,85,509801,Santa Clara,1.686436864220885,0.03439325113562622,0.07078925956061839,0.04120700843608047,3510.952663345293,0,0,0.0,18116.99817306237,0.0,0.0
06,085,512401,06085512401,5124.01,Census Tract 5124.01,G5020,S,41363664,9155,+37.0596718,-121.6052179,Census Tract 5124.01; Santa Clara County; California,4600,2235,52,1489,189,155,1894,403,266,155431,1492,0,4600,2284,493,45,1519,6,85,512401,Santa Clara,41.3728163630537,0.023266219239373602,0.0,0.2993288590604027,111.18411566750001,0,0,0.0,41529.53900560437,0.0,0.0
06,085,511911,06085511911,5119.11,Census Tract 5119.11,G5020,S,36552039,1630396,+37.2009977,-121.8180552,Census Tract 5119.11; Santa Clara County; California,5049,2565,34,1660,194,42,1977,143,105,164821,2007,30,5049,2921,149,1230,445,6,85,511911,Santa Clara,38.18244227801429,0.013255360623781676,0.014947683109118086,0.09668615984405458,132.233552878498,0,0,0.0,19746.58657277155,0.0,0.0
06,085,506801,06085506801,5068.01,Census Tract 5068.01,G5020,S,2892437,0,+37.2422641,-121.9563613,Census Tract 5068.01; Santa Clara County; California,6111,2736,31,1619,347,19,2079,190,44,222938,2099,103,6111,4466,66,858,523,6,85,506801,Santa Clara,2.8924361875392104,0.011330409356725146,0.049070986183897096,0.08552631578947369,2112.7518824188955,0,0,0.0,15779.758053988406,0.0,0.0
06,085,507600,06085507600,5076,Census Tract 5076,G5020,S,13873391,0,+37.2712569,-122.0526822,Census Tract 5076; Santa Clara County; California,6018,2573,23,1392,125,33,1588,67,30,250001,2015,56,6018,2280,0,3310,146,6,85,507600,Santa Clara,13.873388893002401,0.008938981733385153,0.027791563275434243,0.037699183832102606,433.780098461409,0,0,0.0,19097.236939852966,0.0,0.0
06,085,505202,06085505202,5052.02,Census Tract 5052.02,G5020,S,9163626,0,+37.3702943,-121.9606672,Census Tract 5052.02; Santa Clara County; California,7912,4881,47,3265,395,110,3910,110,0,121944,3232,299,7912,2117,105,3104,1803,6,85,505202,Santa Clara,9.1636286209598,0.009629174349518542,0.09251237623762376,0.02253636549887318,863.4134279408735,0,0,0.0,7573.681663298377,0.0,0.0
06,085,512035,06085512035,5120.35,Census Tract 5120.35,G5020,S,2284568,0,+37.2236094,-121.7614495,Census Tract 5120.35; Santa Clara County; California,4900,2131,0,1571,228,0,1818,31,71,186731,1312,65,4900,1197,189,1257,1886,6,85,512035,Santa Clara,2.2845673227115553,0.0,0.04954268292682927,0.04786485218207415,2144.826265913751,0,0,0.0,18969.17732230662,0.0,0.0
06,085,511913,06085511913,5119.13,Census Tract 5119.13,G5020,S,1923809,0,+37.2275027,-121.8912184,Census Tract 5119.13; Santa Clara County; California,4624,2329,69,1404,122,14,1618,125,59,250001,1432,23,4624,2778,18,872,612,6,85,511913,Santa Clara,1.9238079847498466,0.029626449119793903,0.01606145251396648,0.0790038643194504,2403.5662793037322,0,0,0.0,15738.126422044767,0.0,0.0
06,085,502500,06085502500,5025,Census Tract 5025,G5020,S,2496645,0,+37.2931927,-121.8928401,Census Tract 5025; Santa Clara County; California,6537,3418,46,2244,100,70,2486,106,78,212722,2378,41,6537,3645,67,809,1613,6,85,502500,Santa Clara,2.4966474189072287,0.013458162668227034,0.017241379310344827,0.053832650672908135,2618.311240303693,0,0,0.0,8519.969613913632,0.0,0.0
06,085,506502,06085506502,5065.02,Census Tract 5065.02,G5020,S,3021395,50285,+37.2792209,-121.9460918,Census Tract 5065.02; Santa Clara County; California,4893,2985,45,2056,164,72,2455,145,72,143075,2109,23,4893,2540,222,556,1254,6,85,506502,Santa Clara,3.071673626934299,0.01507537688442211,0.010905642484589853,0.07269681742043552,1592.9426736926755,0,0,0.0,11909.162962002674,0.0,0.0
06,085,507206,06085507206,5072.06,Census Tract 5072.06,G5020,S,3237430,0,+37.2436526,-121.9855610,Census Tract 5072.06; Santa Clara County; California,2594,950,6,616,47,7,711,46,6,250001,914,0,2594,1780,29,541,144,6,85,507206,Santa Clara,3.237431843864468,0.00631578947368421,0.0,0.05473684210526316,801.2523892714868,0,0,0.0,16991.38004952111,0.0,0.0
06,085,504308,06085504308,5043.08,Census Tract 5043.08,G5020,S,18611790,1413,+37.4093718,-121.8131628,Census Tract 5043.08; Santa Clara County; California,4895,2274,31,1467,240,1,1739,140,67,179875,1533,52,4895,1110,26,2421,925,6,85,504308,Santa Clara,18.613206678525565,0.013632365875109938,0.033920417482061316,0.09102902374670185,262.9853138442534,0,0,0.0,6247.043085694158,0.0,0.0
06,085,504202,06085504202,5042.02,Census Tract 5042.02,G5020,S,15506825,0,+37.3764599,-121.7923207,Census Tract 5042.02; Santa Clara County; California,4184,2281,6,1381,214,120,1770,194,53,172115,1262,0,4184,1473,158,1227,1142,6,85,504202,Santa Clara,15.506828032274287,0.00263042525208242,0.0,0.10828583954405963,269.8166247340759,0,0,0.0,7335.297037362154,0.0,0.0
06,085,504201,06085504201,5042.01,Census Tract 5042.01,G5020,S,2991958,0,+37.3845968,-121.8211354,Census Tract 5042.01; Santa Clara County; California,5936,3302,64,2289,202,23,2681,140,82,184539,1803,37,5936,1914,177,1551,1688,6,85,504201,Santa Clara,2.9919568570445025,0.019382192610539067,0.020521353300055462,0.06723198061780739,1983.9858272099768,0,0,0.0,5060.350490184156,0.0,0.0
06,085,503113,06085503113,5031.13,Census Tract 5031.13,G5020,S,728343,0,+37.3156874,-121.8809726,Census Tract 5031.13; Santa Clara County; California,4746,2335,114,1480,388,21,2073,72,86,90188,1328,181,4746,746,51,307,3613,6,85,503113,Santa Clara,0.7283435150392402,0.048822269807280515,0.13629518072289157,0.06766595289079229,6516.15604725238,0,0,0.0,5893.562723914895,0.0,0.0
06,085,510500,06085510500,5105,Census Tract 5105,G5020,S,2613476,0,+37.3927552,-122.1201614,Census Tract 5105; Santa Clara County; California,4637,1889,29,1062,55,33,1269,64,31,250001,1681,91,4637,2418,11,1866,165,6,85,510500,Santa Clara,2.6134739912094296,0.015352038115404976,0.05413444378346222,0.05029115934356802,1774.2667482426903,0,0,0.0,20076.792461904588,0.0,0.0
06,085,512031,06085512031,5120.31,Census Tract 5120.31,G5020,S,1435711,0,+37.2314990,-121.8102325,Census Tract 5120.31; Santa Clara County; California,4378,2145,64,1612,127,19,1848,166,49,184917,1377,5,4378,1941,0,1118,993,6,85,512031,Santa Clara,1.4357151277924014,0.029836829836829837,0.0036310820624546117,0.10023310023310024,3049.351445318922,0,0,0.0,16261.527695570088,0.0,0.0
06,085,502902,06085502902,5029.02,Census Tract 5029.02,G5020,S,2628380,0,+37.2735860,-121.9156579,Census Tract 5029.02; Santa Clara County; California,9155,4726,86,2976,413,162,3651,210,60,178375,3041,129,9155,5554,52,2039,1271,6,85,502902,Santa Clara,2.6283735356039744,0.01819720694033009,0.042420256494574156,0.05713076597545493,3483.1426644600847,0,0,0.0,11151.582246554946,0.0,0.0
06,085,502601,06085502601,5026.01,Census Tract 5026.01,G5020,S,1410422,0,+37.2902315,-121.9146920,Census Tract 5026.01; Santa Clara County; California,3048,1255,12,846,70,0,951,57,12,148417,1373,202,3048,1704,34,242,935,6,85,502601,Santa Clara,1.4104198961627314,0.009561752988047808,0.14712308812818645,0.0549800796812749,2161.0585672341704,0,0,0.0,9387.924841492328,0.0,0.0
06,085,503803,06085503803,5038.03,Census Tract 5038.03,G5020,S,1052669,0,+37.3835982,-121.8497624,Census Tract 5038.03; Santa Clara County; California,4988,2309,61,1656,164,0,1916,98,28,162500,1242,44,4988,396,111,2683,1573,6,85,503803,Santa Clara,1.0526713607029672,0.026418362927674317,0.03542673107890499,0.05456907752273712,4738.420922432093,0,0,0.0,2768.848616924247,0.0,0.0
06,085,512052,06085512052,5120.52,Census Tract 5120.52,G5020,S,1471610,64209,+37.2484034,-121.8645577,Census Tract 5120.52; Santa Clara County; California,4279,2360,44,1656,203,6,1912,79,18,132698,1720,86,4279,1705,154,880,1214,6,85,512052,Santa Clara,1.5358170630138142,0.01864406779661017,0.05,0.041101694915254235,2786.1391197224325,0,0,0.0,13590.250661602211,0.0,0.0
06,097,153602,06097153602,1536.02,Census Tract 1536.02,G5020,S,30994297,0,+38.4151570,-122.8986059,Census Tract 1536.02; Sonoma County; California,3824,2051,42,1305,158,52,1575,67,195,171389,1594,37,3824,3016,11,79,585,6,97,153602,Sonoma,30.994299063728594,0.020477815699658702,0.023212045169385194,0.12774256460263286,123.3775279814305,0,0,0.0,71458.25093462029,0.0,0.0
06,097,151701,06097151701,1517.01,Census Tract 1517.01,G5020,S,1433996,0,+38.4428937,-122.6739179,Census Tract 1517.01; Sonoma County; California,3667,1963,0,1442,277,17,1787,131,27,93421,1558,17,3667,2499,0,162,747,6,97,151701,Sonoma,1.4339968459219088,0.0,0.010911424903722721,0.08048904737646459,2557.1883302452493,0,0,0.0,62874.980620932896,0.0,0.0
06,097,153707,06097153707,1537.07,Census Tract 1537.07,G5020,S,29580474,623847,+38.4964073,-123.0457323,Census Tract 1537.07; Sonoma County; California,1558,809,16,485,66,0,567,0,83,81587,803,49,1558,1316,5,25,62,6,97,153707,Sonoma,30.204319132434918,0.019777503090234856,0.06102117061021171,0.10259579728059333,51.582026834266266,0,0,0.0,86983.2220295156,0.0,0.0
06,097,153201,06097153201,1532.01,Census Tract 1532.01,G5020,S,2933126,0,+38.4078526,-122.7283931,Census Tract 1532.01; Sonoma County; California,4195,2424,37,2011,263,0,2409,86,21,107985,1338,31,4195,1342,12,408,2352,6,97,153201,Sonoma,2.933125302162127,0.015264026402640265,0.023168908819133034,0.04414191419141914,1430.215066812077,0,0,0.0,61813.372641052345,0.0,0.0
06,085,506802,06085506802,5068.02,Census Tract 5068.02,G5020,S,2043844,0,+37.2469476,-121.9361955,Census Tract 5068.02; Santa Clara County; California,5885,3033,46,2098,91,64,2363,51,97,193981,1946,59,5885,2674,72,1761,933,6,85,506802,Santa Clara,2.043842600588892,0.015166501813386087,0.030318602261048305,0.04879657105176393,2879.3802410735325,0,0,0.0,14562.391306370817,0.0,0.0
06,085,500800,06085500800,5008,Census Tract 5008,G5020,S,1723696,0,+37.3306153,-121.8955567,Census Tract 5008; Santa Clara County; California,4483,3038,298,1677,174,193,2430,231,30,152112,2425,520,4483,1727,550,673,1202,6,85,500800,Santa Clara,1.7237073889885264,0.09809084924292298,0.21443298969072164,0.0859117840684661,2600.789454543459,0,0,0.0,4593.028156811138,0.0,0.0
06,085,502302,06085502302,5023.02,Census Tract 5023.02,G5020,S,674195,0,+37.3083189,-121.9083790,Census Tract 5023.02; Santa Clara County; California,3332,1985,17,1469,93,39,1646,29,44,120821,1341,55,3332,1493,124,208,1437,6,85,502302,Santa Clara,0.6741967867346413,0.008564231738035265,0.041014168530947054,0.03677581863979849,4942.177218224342,0,0,0.0,7318.672905643458,0.0,0.0
06,085,501102,06085501102,5011.02,Census Tract 5011.02,G5020,S,1225148,0,+37.3540383,-121.8812234,Census Tract 5011.02; Santa Clara County; California,4191,2088,21,1369,210,36,1696,49,86,134250,1354,54,4191,985,0,266,2795,6,85,501102,Santa Clara,1.2251471336623367,0.010057471264367816,0.03988183161004431,0.06465517241379311,3420.8136189094516,0,0,0.0,1703.5274444484896,0.0,0.0
06,085,502703,06085502703,5027.03,Census Tract 5027.03,G5020,S,1398937,0,+37.2617930,-121.9455910,Census Tract 5027.03; Santa Clara County; California,4015,2238,127,1444,93,71,1751,146,33,139702,1670,20,4015,1553,126,1538,521,6,85,502703,Santa Clara,1.3989380494678714,0.05674709562109026,0.011976047904191617,0.07998212689901697,2870.0341673651865,0,0,0.0,13413.74165378121,0.0,0.0
06,085,511917,06085511917,5119.17,Census Tract 5119.17,G5020,S,2859293,0,+37.2011140,-121.8480117,Census Tract 5119.17; Santa Clara County; California,4220,2025,85,1152,79,0,1316,150,102,239073,1575,15,4220,1630,0,2427,42,6,85,511917,Santa Clara,2.8592921663211004,0.04197530864197531,0.009523809523809525,0.12444444444444444,1475.8897498151266,0,0,0.0,18754.010098021732,0.0,0.0
06,085,511918,06085511918,5119.18,Census Tract 5119.18,G5020,S,20881422,130818,+37.1857459,-121.8427384,Census Tract 5119.18; Santa Clara County; California,3127,1127,44,740,0,0,837,84,0,231724,966,23,3127,1496,0,1075,348,6,85,511918,Santa Clara,21.01224175957208,0.03904170363797693,0.023809523809523808,0.07453416149068323,148.8180097954328,0,0,0.0,19738.34720043249,0.0,0.0
06,085,509110,06085509110,5091.10,Census Tract 5091.10,G5020,S,607736,0,+37.3729610,-122.0635682,Census Tract 5091.10; Santa Clara County; California,3248,1673,71,770,74,33,1063,50,12,199821,1333,28,3248,1744,35,1306,93,6,85,509110,Santa Clara,0.6077345815686285,0.042438732815301854,0.021005251312828207,0.03705917513448894,5344.438342831441,0,0,0.0,15807.279615215126,0.0,0.0
06,085,505011,06085505011,5050.11,Census Tract 5050.11,G5020,S,1154015,0,+37.4037870,-121.9576916,Census Tract 5050.11; Santa Clara County; California,4875,2934,37,1690,142,95,2174,12,0,196131,1917,147,4875,1274,0,2965,559,6,85,505011,Santa Clara,1.1540137780055062,0.012610770279481936,0.07668231611893583,0.00408997955010225,4224.386305357214,0,0,0.0,5943.260048664016,0.0,0.0
06,085,508705,06085508705,5087.05,Census Tract 5087.05,G5020,S,609755,0,+37.3703845,-122.0178950,Census Tract 5087.05; Santa Clara County; California,4463,2926,141,1599,252,0,2052,33,50,177301,1888,123,4463,1213,0,2346,746,6,85,508705,Santa Clara,0.6097561893756849,0.04818865345181134,0.06514830508474577,0.02836637047163363,7319.318897885336,0,0,0.0,12054.373667695349,0.0,0.0
06,085,512515,06085512515,5125.15,Census Tract 5125.15,G5020,S,10340587,0,+37.0334208,-121.6278603,Census Tract 5125.15; Santa Clara County; California,5028,2203,32,1623,126,0,1781,175,95,161989,1457,46,5028,2357,0,734,1499,6,85,512515,Santa Clara,10.340582916448584,0.014525646845211076,0.031571722717913524,0.12256014525646845,486.2395128617023,0,0,0.0,43195.17670764475,0.0,0.0
06,085,508509,06085508509,5085.09,Census Tract 5085.09,G5020,S,543785,0,+37.3653324,-122.0239218,Census Tract 5085.09; Santa Clara County; California,4186,2708,142,1756,138,15,2097,17,0,155813,1972,213,4186,885,0,2920,287,6,85,508509,Santa Clara,0.5437836527219447,0.05243722304283604,0.10801217038539554,0.006277695716395864,7697.914380189074,0,0,0.0,12759.552623895586,0.0,0.0
06,085,508005,06085508005,5080.05,Census Tract 5080.05,G5020,S,1053936,0,+37.3169847,-122.0275787,Census Tract 5080.05; Santa Clara County; California,3615,1493,1,1045,79,24,1182,29,0,162535,1483,179,3615,858,0,2384,153,6,85,508005,Santa Clara,1.0539344136803608,0.0006697923643670462,0.12070128118678354,0.01942397856664434,3430.0047071964805,0,0,0.0,14681.412939735543,0.0,0.0
06,085,504508,06085504508,5045.08,Census Tract 5045.08,G5020,S,952049,0,+37.4216684,-121.9105196,Census Tract 5045.08; Santa Clara County; California,4302,1201,0,923,53,4,980,15,52,214412,652,0,4302,773,178,1566,1563,6,85,504508,Santa Clara,0.9520504599968911,0.0,0.0,0.05578684429641965,4518.66805464707,0,0,0.0,2179.5433973446634,0.0,0.0
06,085,512054,06085512054,5120.54,Census Tract 5120.54,G5020,S,362238,0,+37.2760754,-121.8368580,Census Tract 5120.54; Santa Clara County; California,4150,2357,69,1333,431,0,1885,132,129,116250,1719,83,4150,765,237,1259,1621,6,85,512054,Santa Clara,0.36223750199395316,0.02927450148493848,0.048283885980221056,0.11073398387781078,11456.57193735086,0,0,0.0,10804.452019508064,0.0,0.0
06,085,505013,06085505013,5050.13,Census Tract 5050.13,G5020,S,607159,0,+37.4073881,-121.9391312,Census Tract 5050.13; Santa Clara County; California,5965,4393,522,1857,226,169,3074,219,9,185227,2680,308,5965,1026,25,3891,871,6,85,505013,Santa Clara,0.6071601496430578,0.11882540405190076,0.11492537313432835,0.051900751195083084,9824.426065358131,0,0,0.0,4273.206865941835,0.0,0.0
06,085,504902,06085504902,5049.02,Census Tract 5049.02,G5020,S,816089,0,+37.3955700,-121.9540658,Census Tract 5049.02; Santa Clara County; California,4616,2756,15,1352,217,12,1625,45,92,218750,1833,239,4616,766,0,3258,433,6,85,504902,Santa Clara,0.8160886140465022,0.00544267053701016,0.1303873431533006,0.04970972423802612,5656.248501142514,0,0,0.0,5805.1826487878925,0.0,0.0
06,085,508707,06085508707,5087.07,Census Tract 5087.07,G5020,S,1108538,0,+37.3799483,-122.0231620,Census Tract 5087.07; Santa Clara County; California,4033,2577,263,1122,218,69,1760,239,16,191439,1591,231,4033,911,44,2153,743,6,85,508707,Santa Clara,1.1085364093661438,0.10205665502522313,0.1451917033312382,0.0989522700814901,3638.1303905985833,0,0,0.0,12156.39523825665,0.0,0.0
06,085,508706,06085508706,5087.06,Census Tract 5087.06,G5020,S,849072,0,+37.3693384,-122.0059341,Census Tract 5087.06; Santa Clara County; California,4079,2365,116,1304,180,90,1774,233,58,198250,1592,120,4079,947,119,2538,300,6,85,508706,Santa Clara,0.8490745521647802,0.04904862579281184,0.07537688442211055,0.12304439746300211,4804.054001618914,0,0,0.0,11122.498083732273,0.0,0.0
06,085,505901,06085505901,5059.01,Census Tract 5059.01,G5020,S,1269396,0,+37.3273218,-121.9595385,Census Tract 5059.01; Santa Clara County; California,4153,2549,165,1483,187,93,2001,146,16,169421,1595,291,4153,2183,0,1395,299,6,85,505901,Santa Clara,1.2693991497605392,0.06473126716359356,0.18244514106583073,0.06355433503334641,3271.6265807988184,0,0,0.0,8784.867958034043,0.0,0.0
06,085,503221,06085503221,5032.21,Census Tract 5032.21,G5020,S,1054979,0,+37.3012945,-121.8501153,Census Tract 5032.21; Santa Clara County; California,2338,1173,72,1003,40,38,1153,125,74,57396,821,179,2338,91,0,1870,377,6,85,503221,Santa Clara,1.0549780563938502,0.061381074168797956,0.21802679658952498,0.16965046888320545,2216.1598393731565,0,0,0.0,7779.429108151354,0.0,0.0
06,085,503220,06085503220,5032.20,Census Tract 5032.20,G5020,S,949951,0,+37.2873934,-121.8380451,Census Tract 5032.20; Santa Clara County; California,5092,1911,122,1491,152,1,1766,119,136,91650,1351,46,5092,290,82,1333,2893,6,85,503220,Santa Clara,0.9499521928133037,0.06384092098377812,0.034048852701702444,0.13343799058084774,5360.2697467542375,0,0,0.0,9579.925816419252,0.0,0.0
06,085,501101,06085501101,5011.01,Census Tract 5011.01,G5020,S,656885,0,+37.3480957,-121.8919669,Census Tract 5011.01; Santa Clara County; California,4369,2375,205,1507,224,41,2004,98,82,88583,1906,290,4369,1127,86,1311,1556,6,85,501101,Santa Clara,0.6568867929753515,0.0863157894736842,0.1521511017838405,0.07578947368421053,6651.069935826734,0,0,0.0,2729.1403921984042,0.0,0.0
06,085,503122,06085503122,5031.22,Census Tract 5031.22,G5020,S,3644757,0,+37.3124908,-121.8569324,Census Tract 5031.22; Santa Clara County; California,3451,1619,74,1108,174,65,1457,67,86,54344,1213,204,3451,131,232,1828,1122,6,85,503122,Santa Clara,3.6447557330495535,0.04570722668313774,0.16817807089859851,0.09450277949351452,946.8398578009949,0,0,0.0,6419.943114390919,0.0,0.0
06,085,503121,06085503121,5031.21,Census Tract 5031.21,G5020,S,2146016,0,+37.3061873,-121.8725034,Census Tract 5031.21; Santa Clara County; California,5056,2273,107,1569,382,35,2138,279,71,74063,1522,136,5056,431,248,893,3247,6,85,503121,Santa Clara,2.146015933581577,0.047074351077870655,0.08935611038107753,0.1539815222173339,2355.9936908584955,0,0,0.0,6926.790529026132,0.0,0.0
06,085,502301,06085502301,5023.01,Census Tract 5023.01,G5020,S,1227223,0,+37.3010965,-121.9070616,Census Tract 5023.01; Santa Clara County; California,3185,1731,70,1118,97,34,1349,71,99,166833,1258,43,3185,1784,108,351,695,6,85,502301,Santa Clara,1.2272271407485587,0.040439052570768345,0.03418124006359301,0.09820912767186597,2595.281585817341,0,0,0.0,8016.597567174941,0.0,0.0
06,085,503118,06085503118,5031.18,Census Tract 5031.18,G5020,S,566063,0,+37.3186929,-121.8429993,Census Tract 5031.18; Santa Clara County; California,4413,2440,32,1755,467,8,2288,151,192,92656,1517,32,4413,485,167,1468,1903,6,85,503118,Santa Clara,0.5660618003048702,0.013114754098360656,0.02109426499670402,0.14057377049180328,7795.968563190877,0,0,0.0,6204.377346569591,0.0,0.0
06,085,502604,06085502604,5026.04,Census Tract 5026.04,G5020,S,1281240,0,+37.2838102,-121.9372335,Census Tract 5026.04; Santa Clara County; California,3998,2599,0,2019,46,75,2248,142,0,110395,2094,60,3998,2188,166,596,839,6,85,502604,Santa Clara,1.2812373230546548,0.0,0.02865329512893983,0.05463639861485187,3120.4211179769495,0,0,0.0,10914.927797369408,0.0,0.0
06,085,512047,06085512047,5120.47,Census Tract 5120.47,G5020,S,1653625,0,+37.2410744,-121.8445214,Census Tract 5120.47; Santa Clara County; California,5783,3073,10,2133,435,65,2654,216,28,187813,1657,12,5783,2712,77,1222,1507,6,85,512047,Santa Clara,1.6536260690389448,0.0032541490400260333,0.00724200362100181,0.07940123657663521,3497.1630577649075,0,0,0.0,14412.596182220117,0.0,0.0
06,085,503117,06085503117,5031.17,Census Tract 5031.17,G5020,S,501958,0,+37.3274052,-121.8516044,Census Tract 5031.17; Santa Clara County; California,2823,1224,4,849,269,11,1182,35,15,89583,692,61,2823,78,12,1214,1468,6,85,503117,Santa Clara,0.5019565813229893,0.0032679738562091504,0.08815028901734104,0.04084967320261438,5623.992403007285,0,0,0.0,5002.335680830135,0.0,0.0
06,097,153202,06097153202,1532.02,Census Tract 1532.02,G5020,S,9740361,0,+38.3820955,-122.7284091,Census Tract 1532.02; Sonoma County; California,3299,1414,0,1165,137,0,1377,53,104,69592,1112,62,3299,1018,5,170,1924,6,97,153202,Sonoma,9.740360844947663,0.0,0.05575539568345324,0.11103253182461104,338.6938176639724,0,0,0.0,59411.20017766295,0.0,0.0
06,097,151406,06097151406,1514.06,Census Tract 1514.06,G5020,S,1737003,0,+38.4187838,-122.7104093,Census Tract 1514.06; Sonoma County; California,2963,1471,66,1042,250,43,1436,52,39,50417,1403,109,2963,1553,47,124,1062,6,97,151406,Sonoma,1.7370010953679142,0.04486743711760707,0.07769066286528867,0.061862678450033994,1705.8135472116135,0,0,0.0,62037.09424016632,0.0,0.0
06,001,444602,06001444602,4446.02,Census Tract 4446.02,G5020,S,5618904,0,+37.5116224,-122.0028758,Census Tract 4446.02; Alameda County; California,4935,2845,118,1576,284,15,1993,225,64,175250,1826,92,4935,762,287,3155,503,6,1,444602,Alameda,5.618906815091581,0.04147627416520211,0.050383351588170866,0.1015817223198594,878.2847202137781,0,0,0.0,5596.063078447034,0.0,0.0
06,001,450502,06001450502,4505.02,Census Tract 4505.02,G5020,S,11295331,0,+37.7102505,-121.9676415,Census Tract 4505.02; Alameda County; California,6266,3305,120,2411,209,13,2753,419,153,202003,2039,37,6266,2602,41,2755,557,6,1,450502,Alameda,11.295318690916265,0.036308623298033284,0.018146150073565473,0.17307110438729198,554.743090607894,0,0,0.5682638909036163,3654.7409677072983,0.0,0.0
06,001,450751,06001450751,4507.51,Census Tract 4507.51,G5020,S,10011414,0,+37.7164128,-121.8428623,Census Tract 4507.51; Alameda County; California,12662,6072,459,2698,348,21,3601,1023,269,250001,3573,8,12662,1600,340,9319,658,6,1,450751,Alameda,10.01141032998701,0.07559288537549406,0.002239014833473272,0.21277997364953888,1264.7568706752259,0,0,0.0,5226.422474315812,0.0,0.0
06,001,450752,06001450752,4507.52,Census Tract 4507.52,G5020,S,17396450,0,+37.7409198,-121.8239920,Census Tract 4507.52; Alameda County; California,9631,5158,334,2556,362,60,3470,847,416,250001,2806,54,9631,1394,228,6842,685,6,1,450752,Alameda,17.396447853557866,0.06475378053509112,0.01924447612259444,0.24486234974796434,553.6187663753608,0,0,0.0,6489.784700276423,0.0,0.0
06,001,435602,06001435602,4356.02,Census Tract 4356.02,G5020,S,1143135,0,+37.6819299,-122.1070000,Census Tract 4356.02; Alameda County; California,5671,2200,83,1607,197,16,1945,153,74,86099,1637,107,5671,1123,763,491,2970,6,1,435602,Alameda,1.1431366743736664,0.03772727272727273,0.06536346976175932,0.10318181818181818,4960.911610247467,0,0,0.0,2226.6907457572092,0.0,0.0
06,001,437101,06001437101,4371.01,Census Tract 4371.01,G5020,S,49264545,7210036,+37.6059048,-122.1268730,Census Tract 4371.01; Alameda County; California,7960,4028,330,2675,386,0,3401,639,166,140682,2270,91,7960,817,499,3974,2184,6,1,437101,Alameda,56.47458008315375,0.08192651439920556,0.04008810572687225,0.19985104270109236,140.94836983789193,0,0,0.0,6611.55431464569,0.0,0.0
06,001,438203,06001438203,4382.03,Census Tract 4382.03,G5020,S,5255991,0,+37.6156286,-122.0575298,Census Tract 4382.03; Alameda County; California,4091,1929,127,1140,217,0,1530,148,90,128568,1207,85,4091,1012,148,1810,860,6,1,438203,Alameda,5.255994947828184,0.0658372213582167,0.07042253521126761,0.12337998963193364,778.3493021983271,0,0,1.888525491927932,2078.901839053061,0.0,0.0
06,001,443105,06001443105,4431.05,Census Tract 4431.05,G5020,S,3289426,0,+37.5218355,-121.9322560,Census Tract 4431.05; Alameda County; California,4668,2108,139,1241,125,37,1578,200,46,225795,1457,48,4668,489,20,3955,99,6,1,443105,Alameda,3.2894269413369743,0.0659392789373814,0.032944406314344546,0.11669829222011385,1419.0921650634716,0,0,0.0,2259.5847245428645,0.0,0.0
06,001,443321,06001443321,4433.21,Census Tract 4433.21,G5020,S,558876,0,+37.4902703,-121.9242859,Census Tract 4433.21; Alameda County; California,3372,1367,33,703,166,18,952,27,7,132188,1138,26,3372,106,57,2902,237,6,1,443321,Alameda,0.5588746298931803,0.024140453547915143,0.022847100175746926,0.02487198244330651,6033.553537122454,0,0,0.0,1887.0918950404334,0.0,0.0
06,001,451504,06001451504,4515.04,Census Tract 4515.04,G5020,S,3247420,0,+37.6979401,-121.7322366,Census Tract 4515.04; Alameda County; California,1539,919,19,666,16,7,738,143,62,162083,536,28,1539,706,0,328,410,6,1,451504,Alameda,3.247418369698502,0.020674646354733407,0.05223880597014925,0.22306855277475518,473.9149148013486,0,0,0.0,14710.732221264863,0.0,0.0
06,001,403502,06001403502,4035.02,Census Tract 4035.02,G5020,S,181133,0,+37.8159444,-122.2569636,Census Tract 4035.02; Alameda County; California,1919,1337,446,377,64,68,1013,115,78,108478,1118,181,1919,939,221,208,324,6,1,403502,Alameda,0.18113382817416343,0.3335826477187734,0.16189624329159213,0.1443530291697831,10594.376651471459,0,0,0.0,1354.84002413977,0.0,0.0
06,085,502901,06085502901,5029.01,Census Tract 5029.01,G5020,S,1882495,0,+37.2713891,-121.9270197,Census Tract 5029.01; Santa Clara County; California,6213,3488,196,2175,273,127,2794,51,96,151010,2155,115,6213,3136,67,1149,1532,6,85,502901,Santa Clara,1.8824941640473638,0.05619266055045872,0.05336426914153132,0.042144495412844034,3300.4086379965424,0,0,0.0,11741.331961531685,0.0,0.0
06,085,503337,06085503337,5033.37,Census Tract 5033.37,G5020,S,765975,0,+37.3010098,-121.8099934,Census Tract 5033.37; Santa Clara County; California,4330,2181,57,1432,331,35,1860,207,50,130568,1051,20,4330,232,172,3054,729,6,85,503337,Santa Clara,0.765974054150195,0.026134800550206328,0.019029495718363463,0.1178358551123338,5652.932989752362,0,0,0.0,9434.738626176519,0.0,0.0
06,085,512043,06085512043,5120.43,Census Tract 5120.43,G5020,S,922299,0,+37.2616899,-121.8047156,Census Tract 5120.43; Santa Clara County; California,5919,2637,71,1893,356,79,2515,170,134,63033,1648,151,5919,567,139,1625,3543,6,85,512043,Santa Clara,0.922299998653458,0.026924535456958665,0.09162621359223301,0.11528251801289344,6417.651532735159,0,0,0.0,13389.477272116063,0.0,0.0
06,085,503713,06085503713,5037.13,Census Tract 5037.13,G5020,S,487667,0,+37.3647252,-121.8410060,Census Tract 5037.13; Santa Clara County; California,3331,1516,28,1128,202,12,1407,72,0,64753,1085,133,3331,123,106,1103,1893,6,85,503713,Santa Clara,0.48766679995377116,0.018469656992084433,0.12258064516129032,0.047493403693931395,6830.483437289078,0,0,0.0,3005.8230058970566,0.0,0.0
06,085,503902,06085503902,5039.02,Census Tract 5039.02,G5020,S,1025952,0,+37.3735315,-121.8283205,Census Tract 5039.02; Santa Clara County; California,6393,3322,50,2583,579,35,3255,296,37,94883,1537,11,6393,630,0,1393,4274,6,85,503902,Santa Clara,1.0259512000714626,0.015051173991571343,0.0071567989590110605,0.10024081878386513,6231.290532682935,0,0,0.0,4136.216066983858,0.0,0.0
06,001,403702,06001403702,4037.02,Census Tract 4037.02,G5020,S,199100,0,+37.8094979,-122.2520933,Census Tract 4037.02; Alameda County; California,2238,1481,284,459,180,52,1002,84,38,115156,1202,204,2238,1224,369,264,244,6,1,403702,Alameda,0.1991024289902979,0.19176232275489535,0.16971713810316139,0.08237677245104659,11240.445490039983,0,0,0.0,1470.506931797653,0.0,0.0
06,001,425101,06001425101,4251.01,Census Tract 4251.01,G5020,S,598450,2087491,+37.8382532,-122.3054128,Census Tract 4251.01; Alameda County; California,1754,1121,142,632,61,80,989,91,16,81722,1243,153,1754,797,104,420,186,6,1,425101,Alameda,2.685944848365665,0.12667261373773417,0.12308930008045052,0.09545049063336307,653.0290452788963,0,0,0.0,3558.625647186065,0.0,0.0
06,001,430101,06001430101,4301.01,Census Tract 4301.01,G5020,S,25683484,0,+37.7272887,-122.0150232,Census Tract 4301.01; Alameda County; California,7034,3611,185,2460,256,36,3005,296,135,204527,2257,13,7034,2381,206,3426,698,6,1,430101,Alameda,25.68348553600348,0.051232345610634174,0.0057598582188746125,0.11935751869288286,273.8724847193983,0,0,0.0,6703.114558955808,0.0,0.0
06,001,430102,06001430102,4301.02,Census Tract 4301.02,G5020,S,77663212,3506442,+37.7674981,-122.0500120,Census Tract 4301.02; Alameda County; California,2459,1081,81,760,76,39,959,110,41,177250,925,11,2459,1314,22,563,355,6,1,430102,Alameda,81.16966091242261,0.07493061979648474,0.011891891891891892,0.1396854764107308,30.294570315540916,0,0,0.0,8490.073719922193,0.0,0.0
06,085,504323,06085504323,5043.23,Census Tract 5043.23,G5020,S,1289173,0,+37.3988343,-121.8810513,Census Tract 5043.23; Santa Clara County; California,5733,2849,124,1771,214,7,2157,131,11,146667,1846,149,5733,760,11,4219,443,6,85,504323,Santa Clara,1.2891719943878366,0.04352404352404352,0.08071505958829903,0.04984204984204984,4447.040445307157,0,0,10.713405262818736,1496.251818814189,0.0,0.0
06,013,381000,06013381000,3810,Census Tract 3810,G5020,S,1963088,0,+37.9301992,-122.3350677,Census Tract 3810; Contra Costa County; California,6703,2723,249,2026,272,22,2612,542,177,70687,2231,367,6703,307,2237,470,3405,6,13,381000,Contra Costa,1.9630885612380282,0.09144326110907088,0.16450022411474674,0.26404700697759825,3414.517374484996,0,0,19.17736949589043,1686.490929744737,0.0,0.0
06,085,511915,06085511915,5119.15,Census Tract 5119.15,G5020,S,1051515,74592,+37.2453788,-121.8801869,Census Tract 5119.15; Santa Clara County; California,4055,1911,0,1251,172,11,1520,120,36,93382,1384,296,4055,1082,0,930,1954,6,85,511915,Santa Clara,1.1261071133477303,0.0,0.2138728323699422,0.08163265306122448,3600.9007952584147,0,0,0.0,13776.377408202905,0.0,0.0
06,085,504322,06085504322,5043.22,Census Tract 5043.22,G5020,S,3199380,0,+37.3943438,-121.8929699,Census Tract 5043.22; Santa Clara County; California,6103,3442,78,1903,598,82,2735,36,64,174318,2144,55,6103,553,257,4500,357,6,85,504322,Santa Clara,3.19937519735402,0.02266124346310285,0.025652985074626867,0.02905287623474724,1907.5599526580581,0,0,1.221392447444976,1728.9241085709107,0.0,0.0
06,085,512038,06085512038,5120.38,Census Tract 5120.38,G5020,S,1379835,0,+37.2348353,-121.7620714,Census Tract 5120.38; Santa Clara County; California,3142,1577,92,1022,245,15,1386,108,17,95795,1015,51,3142,769,426,1196,691,6,85,512038,Santa Clara,1.3798355286521249,0.05833861762840837,0.05024630541871921,0.07926442612555486,2277.0829818168427,0,0,0.0,17890.68027548876,0.0,0.0
06,085,505006,06085505006,5050.06,Census Tract 5050.06,G5020,S,14249042,0,+37.3935811,-121.9211348,Census Tract 5050.06; Santa Clara County; California,11716,8095,265,4428,459,377,5846,81,133,205610,5586,334,11716,1924,104,8919,578,6,85,505006,Santa Clara,14.249045680657797,0.032736256948733784,0.05979233798782671,0.026436071649166153,822.2305031910838,0,0,0.0,3225.7400106264863,0.0,0.0
06,085,506202,06085506202,5062.02,Census Tract 5062.02,G5020,S,2514795,0,+37.3011233,-121.9904291,Census Tract 5062.02; Santa Clara County; California,8409,3893,136,2370,192,179,3112,35,230,175179,2770,67,8409,2514,405,4229,452,6,85,506202,Santa Clara,2.514794644041394,0.034934497816593885,0.024187725631768953,0.06807089648086309,3343.8117978835594,0,0,0.0,12680.398532506211,0.0,0.0
06,085,508508,06085508508,5085.08,Census Tract 5085.08,G5020,S,1049443,0,+37.3614064,-122.0020068,Census Tract 5085.08; Santa Clara County; California,6144,3111,290,2069,132,23,2648,240,11,136625,2044,86,6144,1576,49,2345,1567,6,85,508508,Santa Clara,1.0494441849925173,0.09321761491481839,0.04207436399217221,0.08068145290903246,5854.527651743391,0,0,0.0,11202.12381463456,0.0,0.0
06,085,508507,06085508507,5085.07,Census Tract 5085.07,G5020,S,379886,0,+37.3562360,-121.9983729,Census Tract 5085.07; Santa Clara County; California,2838,1845,44,906,125,30,1162,60,7,172426,1351,14,2838,525,11,2032,134,6,85,508507,Santa Clara,0.3798853456475904,0.023848238482384824,0.010362694300518135,0.036314363143631435,7470.675119520766,0,0,0.0,11017.427931242699,0.0,0.0
06,085,508003,06085508003,5080.03,Census Tract 5080.03,G5020,S,798107,0,+37.3171030,-122.0102660,Census Tract 5080.03; Santa Clara County; California,2353,938,12,475,50,54,648,18,0,181771,721,20,2353,664,102,1479,40,6,85,508003,Santa Clara,0.7981048079459914,0.01279317697228145,0.027739251040221916,0.019189765458422176,2948.2343378630917,0,0,0.0,13278.735097581963,0.0,0.0
06,081,600402,06081600402,6004.02,Census Tract 6004.02,G5020,S,402364,0,+37.7051278,-122.4529129,Census Tract 6004.02; San Mateo County; California,4688,2498,635,1531,219,0,2444,330,101,134704,1189,53,4688,294,13,2341,1666,6,81,600402,San Mateo,0.40236432690202667,0.25420336269015215,0.044575273338940284,0.17253803042433946,11651.13228624142,0,0,99.99999999999999,1408.5517593720087,0.0,0.0
06,081,601901,06081601901,6019.01,Census Tract 6019.01,G5020,S,888161,0,+37.6659681,-122.4343717,Census Tract 6019.01; San Mateo County; California,4080,1903,264,1268,47,15,1656,195,39,104596,1291,42,4080,1177,35,1623,1171,6,81,601901,San Mateo,0.8881623745684013,0.13872832369942195,0.032532920216886134,0.12296374146085129,4593.754607070197,0,0,28.101883436448766,880.4835405177299,0.0,0.0
06,081,603802,06081603802,6038.02,Census Tract 6038.02,G5020,S,2601740,0,+37.6190778,-122.4345807,Census Tract 6038.02; San Mateo County; California,5530,2564,223,1496,281,40,2060,210,42,155924,1883,72,5530,2235,13,1571,1048,6,81,603802,San Mateo,2.601741289724128,0.08697347893915756,0.038236856080722255,0.09828393135725429,2125.4995728596696,0,0,0.0,2620.446412244513,0.0,0.0
06,081,609201,06081609201,6092.01,Census Tract 6092.01,G5020,S,1080383,0,+37.4991322,-122.2566652,Census Tract 6092.01; San Mateo County; California,3548,2015,84,1180,40,126,1501,72,22,165288,1438,122,3548,2432,7,523,262,6,81,609201,San Mateo,1.080380161822889,0.04168734491315137,0.08484005563282336,0.04665012406947891,3284.0292013633234,0,0,0.0,16066.370421575528,0.0,0.0
06,081,609202,06081609202,6092.02,Census Tract 6092.02,G5020,S,909158,0,+37.5077834,-122.2658726,Census Tract 6092.02; San Mateo County; California,5172,3052,181,1742,71,66,2315,147,23,142500,2196,136,5172,2435,88,1053,887,6,81,609202,San Mateo,0.9091566215720832,0.05930537352555701,0.061930783242258654,0.055701179554390565,5688.788793130881,0,0,0.0,14813.211041335728,0.0,0.0
06,085,511302,06085511302,5113.02,Census Tract 5113.02,G5020,S,1000469,0,+37.4480075,-122.1622126,Census Tract 5113.02; Santa Clara County; California,3466,1712,197,680,29,92,1230,161,93,100852,1911,625,3466,2039,75,1046,171,6,85,511302,Santa Clara,1.000472547548492,0.11507009345794393,0.3270538984824699,0.1483644859813084,3464.362923793275,0,0,0.0,20378.216628836653,0.0,0.0
06,085,512045,06085512045,5120.45,Census Tract 5120.45,G5020,S,2048543,0,+37.2384961,-121.8352509,Census Tract 5120.45; Santa Clara County; California,5244,2621,67,1911,225,16,2260,247,65,174926,1707,62,5244,2224,14,1309,1319,6,85,512045,Santa Clara,2.0485401976577537,0.025562762304463946,0.03632103104862332,0.11903853491033957,2559.8716617793734,0,0,0.0,14865.696361340493,0.0,0.0
06,085,512037,06085512037,5120.37,Census Tract 5120.37,G5020,S,1008154,0,+37.2411911,-121.8246191,Census Tract 5120.37; Santa Clara County; California,3064,1524,6,1167,50,4,1280,153,33,172929,952,16,3064,1170,72,897,756,6,85,512037,Santa Clara,1.0081545937849907,0.003937007874015748,0.01680672268907563,0.1220472440944882,3039.2164246324505,0,0,0.0,14828.283592719621,0.0,0.0
06,085,512036,06085512036,5120.36,Census Tract 5120.36,G5020,S,830163,0,+37.2401629,-121.8105950,Census Tract 5120.36; Santa Clara County; California,4884,2955,36,2254,215,105,2627,266,47,143729,1802,63,4884,1662,104,1411,1390,6,85,512036,Santa Clara,0.8301650119566816,0.012182741116751269,0.03496115427302997,0.10592216582064298,5883.167719256819,0,0,0.0,15351.33396908569,0.0,0.0
06,013,307102,06013307102,3071.02,Census Tract 3071.02,G5020,S,1603153,0,+38.0004738,-121.8155705,Census Tract 3071.02; Contra Costa County; California,5694,2638,307,1708,323,32,2417,377,220,75532,1900,179,5694,1160,561,193,3408,6,13,307102,Contra Costa,1.6031518922370926,0.11637604245640637,0.09421052631578947,0.22630780894617133,3551.753285245105,0,0,0.0,3139.085991142346,0.0,0.0
06,013,331000,06013331000,3310,Census Tract 3310,G5020,S,2816745,0,+37.9762076,-122.0121100,Census Tract 3310; Contra Costa County; California,7789,3558,432,2242,202,0,2942,524,117,100294,2816,204,7789,3364,347,1154,2080,6,13,331000,Contra Costa,2.8167460493183247,0.12141652613827993,0.07244318181818182,0.18015739179314222,2765.247510291175,0,0,14.003109868268313,1510.6347222263837,0.0,0.0
06,085,512311,06085512311,5123.11,Census Tract 5123.11,G5020,S,5485241,0,+37.1495734,-121.6601298,Census Tract 5123.11; Santa Clara County; California,4171,1933,24,1331,143,21,1577,178,42,147681,1305,52,4171,1536,213,742,1486,6,85,512311,Santa Clara,5.485238851179459,0.012415933781686497,0.03984674329501916,0.11381272633212623,760.4044442117838,0,0,0.0,30874.326806613713,0.0,0.0
06,081,614000,06081614000,6140,Census Tract 6140,G5020,S,3165620,0,+37.6276315,-122.4598112,Census Tract 6140; San Mateo County; California,5872,3292,210,2210,312,25,2810,175,58,195082,1893,40,5872,1551,66,2769,1176,6,81,614000,San Mateo,3.165618470089492,0.0637910085054678,0.021130480718436345,0.07077764277035237,1854.9297887543594,0,0,0.0,3988.114942046063,0.0,0.0
06,081,600401,06081600401,6004.01,Census Tract 6004.01,G5020,S,519845,0,+37.7054511,-122.4443610,Census Tract 6004.01; San Mateo County; California,3278,2113,317,1206,111,224,1974,247,109,152611,1124,15,3278,382,478,1758,420,6,81,600401,San Mateo,0.5198427194932798,0.15002366303833412,0.013345195729537367,0.16848083293894936,6305.753407867774,0,0,85.78760326669845,1831.7466975750092,0.0,0.0
06,081,603801,06081603801,6038.01,Census Tract 6038.01,G5020,S,227422,0,+37.6200410,-122.4282283,Census Tract 6038.01; San Mateo County; California,1992,1152,162,745,76,8,1009,80,19,95573,1173,55,1992,606,0,828,459,6,81,603801,San Mateo,0.22742175458803157,0.140625,0.04688832054560955,0.0859375,8759.056509824466,0,0,0.0,2225.3259107651934,0.0,0.0
06,081,984300,06081984300,9843,Census Tract 9843,G5020,S,7955706,3573117,+37.6203823,-122.3769119,Census Tract 9843; San Mateo County; California,0,0,0,0,0,0,0,0,0,-666666666,0,0,0,0,0,0,0,6,81,984300,San Mateo,11.528824130674757,,,,0.0,3,1,15.618520594433862,1296.4955023721557,0.26021734445734984,42.0
06,085,512313,06085512313,5123.13,Census Tract 5123.13,G5020,S,2628221,0,+37.1159262,-121.6532803,Census Tract 5123.13; Santa Clara County; California,3833,1891,41,1299,309,42,1745,233,31,110954,1147,41,3833,955,163,467,1925,6,85,512313,Santa Clara,2.62821903539002,0.02168164992067689,0.03574542284219703,0.13960867265996826,1458.4020389423874,0,0,0.0,34246.75370830106,0.0,0.0
06,085,512314,06085512314,5123.14,Census Tract 5123.14,G5020,S,3727193,0,+37.1283275,-121.6632475,Census Tract 5123.14; Santa Clara County; California,7077,3173,26,2256,180,108,2673,616,159,108950,2269,126,7077,2715,73,901,3058,6,85,512314,Santa Clara,3.727195548256976,0.008194138039710053,0.055531070956368445,0.2442483454144343,1898.7466335941406,0,0,0.0,32610.22642594038,0.0,0.0
06,085,512604,06085512604,5126.04,Census Tract 5126.04,G5020,S,2218652,0,+37.0198203,-121.5705811,Census Tract 5126.04; Santa Clara County; California,4744,2106,45,1623,307,60,2035,246,123,80552,1163,11,4744,504,118,203,3741,6,85,512604,Santa Clara,2.2186502660744645,0.021367521367521368,0.009458297506448839,0.1752136752136752,2138.236959894416,0,0,0.0,47209.596872206144,0.0,0.0
06,085,502603,06085502603,5026.03,Census Tract 5026.03,G5020,S,1220490,0,+37.2876026,-121.9272392,Census Tract 5026.03; Santa Clara County; California,3026,1404,0,929,58,8,1018,34,7,175592,1047,58,3026,1842,24,392,434,6,85,502603,Santa Clara,1.2204894662422583,0.0,0.055396370582617004,0.0292022792022792,2479.333155833531,0,0,0.0,10118.36185049721,0.0,0.0
06,013,359104,06013359104,3591.04,Census Tract 3591.04,G5020,S,623380,0,+38.0095232,-122.2780117,Census Tract 3591.04; Contra Costa County; California,2537,1453,413,682,93,0,1202,333,123,92423,1244,43,2537,461,790,658,296,6,13,359104,Contra Costa,0.6233800442816746,0.2842395044735031,0.03456591639871383,0.31383344803854096,4069.74849976695,0,0,0.0,9974.085642358326,0.0,0.0
06,097,152702,06097152702,1527.02,Census Tract 1527.02,G5020,S,20716272,0,+38.5043498,-122.7912191,Census Tract 1527.02; Sonoma County; California,4401,2014,11,1501,92,74,1777,0,111,106033,1537,28,4401,2606,91,107,1328,6,97,152702,Sonoma,20.71626876616412,0.005461767626613704,0.018217306441119064,0.055114200595829194,212.44173116677038,0,0,0.0,73815.80987317803,0.0,0.0
06,097,152701,06097152701,1527.01,Census Tract 1527.01,G5020,S,23851990,0,+38.5289963,-122.7468369,Census Tract 1527.01; Sonoma County; California,4387,1703,0,1319,130,12,1461,67,0,86673,1675,39,4387,2589,0,60,1598,6,97,152701,Sonoma,23.851989683918866,0.0,0.023283582089552238,0.039342337052260715,183.92595578547218,0,0,0.0,74291.71426055532,0.0,0.0
06,097,150701,06097150701,1507.01,Census Tract 1507.01,G5020,S,3388570,196497,+38.2336159,-122.6301845,Census Tract 1507.01; Sonoma County; California,4903,2745,106,1816,221,79,2322,489,59,107610,2235,123,4903,3632,83,108,998,6,97,150701,Sonoma,3.5850672726236845,0.038615664845173044,0.05503355704697987,0.19963570127504554,1367.6172933881387,0,0,0.0,40928.016301095035,0.0,0.0
06,097,153002,06097153002,1530.02,Census Tract 1530.02,G5020,S,2245573,0,+38.4410944,-122.7327644,Census Tract 1530.02; Sonoma County; California,7218,3509,5,2399,623,173,3273,55,129,81504,2108,24,7218,2677,62,102,4053,6,97,153002,Sonoma,2.245571328892616,0.0014249073810202336,0.011385199240986717,0.0524365916215446,3214.3267537885313,0,0,0.0,65163.8428569264,0.0,0.0
06,097,150800,06097150800,1508,Census Tract 1508,G5020,S,13816446,0,+38.2087678,-122.6647282,Census Tract 1508; Sonoma County; California,4550,2363,68,1434,89,119,1806,147,73,101192,1953,65,4550,3047,70,134,856,6,97,150800,Sonoma,13.816444972756997,0.02877697841726619,0.033282130056323606,0.09310198899703766,329.3177086415213,0,0,0.0,40741.64561504068,0.0,0.0
06,097,152300,06097152300,1523,Census Tract 1523,G5020,S,3462063,0,+38.4600991,-122.6991912,Census Tract 1523; Sonoma County; California,4104,1720,0,1281,81,57,1461,9,0,124211,1818,113,4104,3642,25,48,321,6,97,152300,Sonoma,3.4620648616135843,0.0,0.06215621562156216,0.005232558139534884,1185.419731878514,0,0,0.0,65581.41046840795,0.0,0.0
06,097,153404,06097153404,1534.04,Census Tract 1534.04,G5020,S,8670300,0,+38.3819817,-122.8272234,Census Tract 1534.04; Sonoma County; California,3557,1818,8,1265,41,75,1466,55,18,91207,1490,89,3557,2752,5,74,546,6,97,153404,Sonoma,8.67030119106394,0.0044004400440044,0.059731543624161075,0.040154015401540157,410.2510306869187,0,0,0.0,64585.303905207904,0.0,0.0
06,097,151309,06097151309,1513.09,Census Tract 1513.09,G5020,S,35824620,0,+38.3441032,-122.6337915,Census Tract 1513.09; Sonoma County; California,5829,2711,20,2014,352,0,2490,403,50,115144,2263,101,5829,3982,241,466,1083,6,97,151309,Sonoma,35.82461987550313,0.0073773515308004425,0.044631020768890854,0.16709701217263004,162.709332862618,0,0,0.0,51519.29373900987,0.0,0.0
06,097,151307,06097151307,1513.07,Census Tract 1513.07,G5020,S,4505241,0,+38.3705059,-122.6996383,Census Tract 1513.07; Sonoma County; California,5254,2749,52,2229,146,0,2434,148,128,127708,1832,29,5254,3658,70,225,1144,6,97,151307,Sonoma,4.505239008445351,0.018915969443433975,0.015829694323144104,0.10040014550745725,1166.1978399261504,0,0,0.0,56963.65146853007,0.0,0.0
06,097,151204,06097151204,1512.04,Census Tract 1512.04,G5020,S,3325953,0,+38.3184553,-122.7071995,Census Tract 1512.04; Sonoma County; California,3180,1775,93,1190,154,29,1543,122,22,78094,1331,67,3180,2075,56,52,874,6,97,151204,Sonoma,3.325951896183126,0.0523943661971831,0.05033809166040571,0.08112676056338028,956.1172558296406,0,0,0.0,52551.39727474263,0.0,0.0
06,097,152501,06097152501,1525.01,Census Tract 1525.01,G5020,S,1987867,0,+38.4655736,-122.6567894,Census Tract 1525.01; Sonoma County; California,4047,2190,0,1775,125,41,2004,26,69,108553,1552,42,4047,2272,120,683,730,6,97,152501,Sonoma,1.987867293042465,0.0,0.027061855670103094,0.04337899543378995,2035.8501868633277,0,0,0.0,64507.416031803885,0.0,0.0
06,013,368001,06013368001,3680.01,Census Tract 3680.01,G5020,S,768595,0,+37.9542751,-122.3524999,Census Tract 3680.01; Contra Costa County; California,5013,2086,191,1354,337,21,1932,300,133,93636,1390,78,5013,438,590,237,3513,6,13,368001,Contra Costa,0.7685972567918387,0.09156279961649089,0.05611510791366906,0.20757430488974113,6522.2715221811995,0,0,0.0,1943.7152579995216,0.0,0.0
06,013,304003,06013304003,3040.03,Census Tract 3040.03,G5020,S,7430079,1720632,+37.9011591,-121.5807088,Census Tract 3040.03; Contra Costa County; California,3279,1445,8,1072,116,89,1285,185,131,126232,1456,28,3279,2260,51,152,681,6,13,304003,Contra Costa,9.150708659171654,0.005536332179930796,0.019230769230769232,0.21868512110726643,358.3329031805088,0,0,0.0,19964.261213957394,0.0,0.0
06,013,303204,06013303204,3032.04,Census Tract 3032.04,G5020,S,2066324,0,+37.9289405,-121.7089879,Census Tract 3032.04; Contra Costa County; California,4735,2170,39,1546,45,49,1692,345,142,118487,1716,166,4735,2582,227,473,1256,6,13,303204,Contra Costa,2.0663226502279466,0.017972350230414748,0.09673659673659674,0.22442396313364055,2291.510476099973,0,0,0.0,9681.000983180806,0.0,0.0
06,013,355110,06013355110,3551.10,Census Tract 3551.10,G5020,S,1791528,0,+37.9678840,-121.7692731,Census Tract 3551.10; Contra Costa County; California,4112,1931,83,1430,153,0,1685,295,329,103438,1199,78,4112,908,1350,707,881,6,13,355110,Contra Costa,1.791532241823963,0.04298291040911445,0.06505421184320268,0.32314862765406527,2295.241974441701,0,0,0.0,3204.0564916493495,0.0,0.0
06,013,306004,06013306004,3060.04,Census Tract 3060.04,G5020,S,1665852,73543,+38.0085744,-121.7845356,Census Tract 3060.04; Contra Costa County; California,3863,1469,25,1077,202,46,1370,418,240,90495,1300,42,3863,1552,294,73,1533,6,13,306004,Contra Costa,1.739394175291478,0.01701837985023826,0.03230769230769231,0.4479237576582709,2220.888200544112,0,0,0.0,1537.2412268132166,0.0,0.0
06,013,304004,06013304004,3040.04,Census Tract 3040.04,G5020,S,1817822,1445612,+37.8944620,-121.6099770,Census Tract 3040.04; Contra Costa County; California,3634,1680,12,1000,199,0,1306,421,60,136438,1527,21,3634,2603,17,180,720,6,13,304004,Contra Costa,3.263436231134708,0.007142857142857143,0.0137524557956778,0.2863095238095238,1113.5501792037303,0,0,0.0,18370.39285209383,0.0,0.0
06,013,303202,06013303202,3032.02,Census Tract 3032.02,G5020,S,3725526,0,+37.9423750,-121.7148585,Census Tract 3032.02; Contra Costa County; California,9146,4198,49,3057,580,60,3826,572,517,164952,2715,42,9146,4565,1039,1188,1847,6,13,303202,Contra Costa,3.7255237027860666,0.011672224868985231,0.015469613259668509,0.2594092424964269,2454.9568677177726,0,0,0.0,8228.608467562095,0.0,0.0
06,013,320003,06013320003,3200.03,Census Tract 3200.03,G5020,S,1244701,0,+37.9987252,-122.1074271,Census Tract 3200.03; Contra Costa County; California,3068,1605,89,1226,15,35,1432,127,82,172500,1092,0,3068,1950,8,312,463,6,13,320003,Contra Costa,1.2447015025182981,0.05545171339563863,0.0,0.13021806853582554,2464.8479927057033,0,0,0.0,7285.7002968224715,0.0,0.0
06,013,392300,06013392300,3923,Census Tract 3923,G5020,S,2028922,1274479,+38.0263559,-122.2744234,Census Tract 3923; Contra Costa County; California,3754,1709,147,983,323,0,1457,395,95,163565,1051,15,3754,291,726,2303,276,6,13,392300,Contra Costa,3.3034022372220746,0.08601521357519017,0.014272121788772598,0.28671737858396723,1136.40414651921,0,0,0.0,11830.44395170242,0.0,0.0
06,013,370000,06013370000,3700,Census Tract 3700,G5020,S,995800,0,+37.9398973,-122.3223418,Census Tract 3700; Contra Costa County; California,2960,1732,280,843,159,0,1314,119,65,160986,1129,44,2960,1451,157,599,599,6,13,370000,Contra Costa,0.9957997021149398,0.16166281755196305,0.03897254207263064,0.10623556581986143,2972.4853238190094,0,0,0.6596658967611683,1702.5043957021219,0.0,0.0
06,097,152000,06097152000,1520,Census Tract 1520,G5020,S,1271623,0,+38.4416422,-122.7133010,Census Tract 1520; Sonoma County; California,2345,1471,98,885,175,51,1229,30,0,69375,1079,234,2345,1000,104,165,903,6,97,152000,Sonoma,1.2716172172594804,0.06662134602311352,0.21686746987951808,0.020394289598912305,1844.1084063440217,0,0,0.0,64365.59592298514,0.0,0.0
06,013,306003,06013306003,3060.03,Census Tract 3060.03,G5020,S,1792594,0,+38.0053331,-121.7994409,Census Tract 3060.03; Contra Costa County; California,5166,2344,75,1525,450,118,2211,397,272,59275,1825,157,5166,1470,494,491,2395,6,13,306003,Contra Costa,1.792598534671868,0.03199658703071672,0.08602739726027397,0.2854095563139932,2881.849951386704,0,0,1.033930096099169,2004.445557553828,0.0,0.0
06,013,313205,06013313205,3132.05,Census Tract 3132.05,G5020,S,1481528,0,+38.0162991,-121.9166488,Census Tract 3132.05; Contra Costa County; California,1978,868,92,582,134,0,808,159,29,106317,545,18,1978,286,30,396,1165,6,13,313205,Contra Costa,1.4815290177978768,0.10599078341013825,0.03302752293577982,0.21658986175115208,1335.107160398431,0,0,2.9888653905897846,2421.443723974077,0.0,0.0
06,013,333101,06013333101,3331.01,Census Tract 3331.01,G5020,S,1912516,0,+37.9649027,-121.9701248,Census Tract 3331.01; Contra Costa County; California,3951,1888,58,1419,180,32,1697,184,115,114679,1509,35,3951,2314,79,623,810,6,13,333101,Contra Costa,1.9125171930122724,0.03072033898305085,0.023194168323392977,0.1583686440677966,2065.863781217598,0,0,0.0,5262.141300358404,0.0,0.0
06,013,333102,06013333102,3331.02,Census Tract 3331.02,G5020,S,1950506,0,+37.9598200,-121.9580843,Census Tract 3331.02; Contra Costa County; California,4251,2167,239,1483,84,2,1949,304,76,115763,1518,29,4251,2647,94,729,500,6,13,333102,Contra Costa,1.9505051714778021,0.11029072450392248,0.019104084321475624,0.1753576372865713,2179.4353904630902,0,0,0.0,6415.678994447985,0.0,0.0
06,097,152100,06097152100,1521,Census Tract 1521,G5020,S,2178254,0,+38.4592719,-122.7228816,Census Tract 1521; Sonoma County; California,3057,1423,38,1019,55,47,1171,14,41,86250,944,6,3057,1241,356,212,1058,6,97,152100,Sonoma,2.178254451433414,0.026704146170063246,0.006355932203389831,0.03865073787772312,1403.417308748444,0,0,0.0,66483.2200773966,0.0,0.0
06,097,151900,06097151900,1519,Census Tract 1519,G5020,S,980869,0,+38.4351800,-122.7083510,Census Tract 1519; Sonoma County; California,2881,1440,8,987,155,33,1212,0,8,69643,1294,130,2881,2090,26,101,495,6,97,151900,Sonoma,0.9808714240248011,0.005555555555555556,0.10046367851622875,0.005555555555555556,2937.1841501696704,0,0,0.0,63527.90159795637,0.0,0.0
06,055,201004,06055201004,2010.04,Census Tract 2010.04,G5020,S,2590534,1415,+38.1612495,-122.2397673,Census Tract 2010.04; Napa County; California,6844,3247,72,2307,464,2,2881,337,86,105703,1907,13,6844,1064,346,2460,2452,6,55,201004,Napa,2.5919491074040453,0.02217431475207884,0.0068169900367068695,0.1302740991684632,2640.483943318847,0,0,0.0,25609.930170335843,0.0,0.0
06,055,201601,06055201601,2016.01,Census Tract 2016.01,G5020,S,6246431,80272,+38.5025825,-122.4521097,Census Tract 2016.01; Napa County; California,2446,1065,0,779,117,52,957,25,30,130357,914,70,2446,1498,27,40,858,6,55,201601,Napa,6.326702794627471,0.0,0.07658643326039387,0.051643192488262914,386.6152843590348,0,0,0.0,63384.5531488866,0.0,0.0
06,055,200301,06055200301,2003.01,Census Tract 2003.01,G5020,S,2842355,93697,+38.2879500,-122.2739891,Census Tract 2003.01; Napa County; California,6120,3016,14,2345,214,40,2743,64,17,93400,2096,160,6120,2387,24,211,3292,6,55,200301,Napa,2.9360533958664865,0.004641909814323607,0.07633587786259542,0.026856763925729443,2084.4307561354376,0,0,0.0,38517.028081113254,0.0,0.0
06,055,200505,06055200505,2005.05,Census Tract 2005.05,G5020,S,760042,4908,+38.3152192,-122.2812515,Census Tract 2005.05; Napa County; California,2857,1694,25,1221,107,40,1487,49,25,84394,1168,26,2857,1154,0,249,1341,6,55,200505,Napa,0.7649463259081642,0.01475796930342385,0.02226027397260274,0.043683589138134596,3734.902571900185,0,0,0.0,41382.549282731365,0.0,0.0
06,055,200707,06055200707,2007.07,Census Tract 2007.07,G5020,S,1490145,0,+38.3234476,-122.3205427,Census Tract 2007.07; Napa County; California,3508,1791,9,1484,142,28,1686,73,50,119643,1466,143,3508,2303,61,178,681,6,55,200707,Napa,1.4901440364036556,0.005025125628140704,0.09754433833560709,0.06867671691792294,2354.1348448880685,0,0,0.0,43076.313043539514,0.0,0.0
06,055,201602,06055201602,2016.02,Census Tract 2016.02,G5020,S,6326050,86347,+38.5082184,-122.4787754,Census Tract 2016.02; Napa County; California,2980,1475,121,949,17,137,1257,46,7,150375,1552,149,2980,2407,0,58,393,6,55,201602,Napa,6.412400957345225,0.08203389830508474,0.09600515463917526,0.03593220338983051,464.72452671358513,0,0,0.0,64434.398383275424,0.0,0.0
06,055,201007,06055201007,2010.07,Census Tract 2010.07,G5020,S,1304321,0,+38.1609825,-122.2598010,Census Tract 2010.07; Napa County; California,3991,2014,53,1708,194,13,1968,181,82,133750,1092,60,3991,1097,127,1291,911,6,55,201007,Napa,1.3043191029279562,0.02631578947368421,0.054945054945054944,0.13058589870903675,3059.834047543228,0,0,0.0,26226.577849983118,0.0,0.0
06,055,200302,06055200302,2003.02,Census Tract 2003.02,G5020,S,1884671,8549,+38.2874768,-122.2591559,Census Tract 2003.02; Napa County; California,2716,1198,0,972,67,3,1042,70,27,110673,909,0,2716,1483,37,132,933,6,55,200302,Napa,1.8932175491135872,0.0,0.0,0.08096828046744574,1434.59477294178,0,0,0.0,37762.847470078625,0.0,0.0
06,055,201003,06055201003,2010.03,Census Tract 2010.03,G5020,S,72585437,210700,+38.2373454,-122.2312307,Census Tract 2010.03; Napa County; California,5018,2494,39,1830,181,6,2180,335,174,165833,1372,32,5018,767,611,2367,815,6,55,201003,Napa,72.79613813710513,0.015637530072173216,0.023323615160349854,0.2040898155573376,68.9322281155772,0,0,0.0,30935.13841298151,0.0,0.0
06,097,152201,06097152201,1522.01,Census Tract 1522.01,G5020,S,1204483,0,+38.4570299,-122.7128443,Census Tract 1522.01; Sonoma County; California,4315,2516,29,1974,119,64,2220,54,16,75625,1845,118,4315,2671,81,137,1237,6,97,152201,Sonoma,1.204481277107706,0.011526232114467409,0.06395663956639566,0.02782193958664547,3582.455021934017,0,0,0.0,65841.680867604,0.0,0.0
06,097,151308,06097151308,1513.08,Census Tract 1513.08,G5020,S,2971074,0,+38.3562805,-122.6998518,Census Tract 1513.08; Sonoma County; California,5055,2774,11,2284,83,0,2392,416,126,106593,1935,80,5055,2324,530,294,1175,6,97,151308,Sonoma,2.9710737527931514,0.003965392934390771,0.041343669250646,0.19538572458543618,1701.4050880587256,0,0,0.0,55643.37443078361,0.0,0.0
06,097,150702,06097150702,1507.02,Census Tract 1507.02,G5020,S,20402804,0,+38.2010747,-122.6258589,Census Tract 1507.02; Sonoma County; California,4593,2400,77,1704,97,60,1976,242,91,132378,1904,38,4593,4037,13,140,300,6,97,150702,Sonoma,20.4028052754503,0.03208333333333333,0.01995798319327731,0.13875,225.11610231983798,0,0,0.0,37876.116444751104,0.0,0.0
06,097,150303,06097150303,1503.03,Census Tract 1503.03,G5020,S,61339609,139783,+38.3129276,-122.5328087,Census Tract 1503.03; Sonoma County; California,4021,1523,18,649,125,22,837,50,74,112594,1962,234,4021,3081,4,41,732,6,97,150303,Sonoma,61.47939041913993,0.011818778726198293,0.11926605504587157,0.08141825344714379,65.40403170211283,0,0,0.0,43063.705899096465,0.0,0.0
06,097,153902,06097153902,1539.02,Census Tract 1539.02,G5020,S,3501240,0,+38.6120817,-122.8671471,Census Tract 1539.02; Sonoma County; California,4486,2267,41,1489,166,70,1903,47,35,89712,1778,60,4486,2595,0,98,1490,6,97,153902,Sonoma,3.501237966909353,0.01808557565063961,0.03374578177727784,0.03617115130127922,1281.2610974740244,0,0,0.0,87482.56837275952,0.0,0.0
06,097,154100,06097154100,1541,Census Tract 1541,G5020,S,579714927,419761,+38.7072071,-122.8058771,Census Tract 1541; Sonoma County; California,3717,2027,0,1240,122,92,1472,55,95,126495,1476,39,3717,2579,16,59,867,6,97,154100,Sonoma,580.1347666518603,0.0,0.026422764227642278,0.0740009866798224,6.407131952204783,0,0,0.0,97217.10469914839,0.0,0.0
06,097,153403,06097153403,1534.03,Census Tract 1534.03,G5020,S,8540796,0,+38.3806559,-122.7996795,Census Tract 1534.03; Sonoma County; California,3689,1599,33,1080,81,13,1216,55,34,89015,1556,140,3689,2823,140,238,311,6,97,153403,Sonoma,8.540799134706573,0.020637898686679174,0.08997429305912596,0.05565978736710444,431.9267953521236,0,0,0.0,62948.55945274849,0.0,0.0
06,097,151000,06097151000,1510,Census Tract 1510,G5020,S,15668159,0,+38.2576583,-122.6798744,Census Tract 1510; Sonoma County; California,3353,1722,23,1238,65,45,1371,49,55,104432,1389,38,3353,2387,28,104,741,6,97,151000,Sonoma,15.668156379174643,0.013356562137049941,0.027357811375089993,0.06039488966318235,214.00092766859575,0,0,0.0,45736.38344569571,0.0,0.0
06,097,152502,06097152502,1525.02,Census Tract 1525.02,G5020,S,1842706,0,+38.4784160,-122.6641500,Census Tract 1525.02; Sonoma County; California,3945,1832,7,1310,251,34,1602,29,203,81618,1592,73,3945,2220,3,296,1278,6,97,152502,Sonoma,1.8427046944826593,0.003820960698689956,0.04585427135678392,0.12663755458515283,2140.8747759811627,0,0,0.0,66072.4513197123,0.0,0.0
06,097,153003,06097153003,1530.03,Census Tract 1530.03,G5020,S,1726763,0,+38.4340246,-122.7383629,Census Tract 1530.03; Sonoma County; California,5449,2682,55,1987,314,98,2454,83,115,65458,1989,157,5449,2389,102,149,2434,6,97,153003,Sonoma,1.7267604160826622,0.020507084265473527,0.07893413775766717,0.0738255033557047,3155.6201713041523,0,0,0.0,64743.45797674773,0.0,0.0
06,097,150603,06097150603,1506.03,Census Tract 1506.03,G5020,S,3464698,0,+38.2544898,-122.6179426,Census Tract 1506.03; Sonoma County; California,7048,3373,62,2758,137,13,2984,193,235,91333,3064,435,7048,5148,27,220,1473,6,97,150603,Sonoma,3.464700185278555,0.018381262970649275,0.14197127937336815,0.1268900088941595,2034.2308491646168,0,0,0.0,42258.05203448845,0.0,0.0
06,097,150601,06097150601,1506.01,Census Tract 1506.01,G5020,S,1245609,0,+38.2376164,-122.6132538,Census Tract 1506.01; Sonoma County; California,3857,1864,37,1219,352,22,1661,193,0,94167,1394,39,3857,2014,100,225,1318,6,97,150601,Sonoma,1.2456067766839338,0.01984978540772532,0.027977044476327116,0.10354077253218884,3096.482832461896,0,0,0.0,40472.201018938016,0.0,0.0
06,097,150100,06097150100,1501,Census Tract 1501,G5020,S,153268612,35782379,+38.1981906,-122.4133842,Census Tract 1501; Sonoma County; California,2332,1171,0,738,123,49,968,91,26,135938,924,9,2332,1816,19,140,273,6,97,150100,Sonoma,189.0510269458513,0.0,0.00974025974025974,0.09991460290350128,12.335294008574415,0,0,0.0,29610.887940431647,0.0,0.0
06,097,150304,06097150304,1503.04,Census Tract 1503.04,G5020,S,3086114,0,+38.3067265,-122.4901697,Census Tract 1503.04; Sonoma County; California,5597,2478,0,1714,245,24,2082,239,154,80222,2269,24,5597,3537,51,81,1774,6,97,150304,Sonoma,3.0861173856114927,0.0,0.010577346848832084,0.1585956416464891,1813.6056736192468,0,0,0.0,42841.41583223299,0.0,0.0
06,097,152801,06097152801,1528.01,Census Tract 1528.01,G5020,S,5226749,0,+38.4828240,-122.7503028,Census Tract 1528.01; Sonoma County; California,3965,2049,46,1572,285,0,1903,248,136,84744,1499,66,3965,2206,9,93,1316,6,97,152801,Sonoma,5.226749620693957,0.02244997559785261,0.044029352901934625,0.18740849194729137,758.5976539418709,0,0,0.0,69939.58046367035,0.0,0.0
06,097,153006,06097153006,1530.06,Census Tract 1530.06,G5020,S,3406973,0,+38.4432935,-122.7584148,Census Tract 1530.06; Sonoma County; California,7652,4193,0,3508,304,95,3922,18,152,88909,2919,79,7652,3972,17,534,2739,6,97,153006,Sonoma,3.4069773591811727,0.0,0.027064063035286058,0.04054376341521584,2245.9791167614535,0,0,0.0,66542.23014164015,0.0,0.0
06,097,151100,06097151100,1511,Census Tract 1511,G5020,S,120527133,654743,+38.2708019,-122.7529532,Census Tract 1511; Sonoma County; California,5065,2650,22,1828,174,90,2163,173,86,117941,1754,45,5065,3764,26,40,990,6,97,151100,Sonoma,121.18189485627198,0.00830188679245283,0.02565564424173318,0.09773584905660378,41.796672729101594,0,0,0.0,50531.00127969262,0.0,0.0
06,097,153502,06097153502,1535.02,Census Tract 1535.02,G5020,S,69502899,48862,+38.3385194,-122.8815393,Census Tract 1535.02; Sonoma County; California,3804,1518,16,987,120,43,1173,101,140,135625,1445,47,3804,3016,24,58,568,6,97,153502,Sonoma,69.55176523386177,0.010540184453227932,0.032525951557093424,0.15876152832674573,54.69307626067261,0,0,0.0,64125.29545824115,0.0,0.0
06,097,153705,06097153705,1537.05,Census Tract 1537.05,G5020,S,46064813,648015,+38.5214525,-122.9160376,Census Tract 1537.05; Sonoma County; California,3424,1854,0,1448,69,3,1550,18,34,101750,1456,16,3424,2560,171,163,297,6,97,153705,Sonoma,46.71283285860644,0.0,0.01098901098901099,0.028047464940668825,73.29891574685686,0,0,0.0,80130.4258936546,0.0,0.0
06,097,151503,06097151503,1515.03,Census Tract 1515.03,G5020,S,14771834,0,+38.4125282,-122.6286521,Census Tract 1515.03; Sonoma County; California,3165,1592,6,1162,43,9,1233,79,41,172571,1226,7,3165,2559,100,9,423,6,97,151503,Sonoma,14.771836481575273,0.0037688442211055275,0.005709624796084829,0.07537688442211055,214.25907360588948,0,0,0.0,58124.45812254993,0.0,0.0
06,055,200705,06055200705,2007.05,Census Tract 2007.05,G5020,S,1271604,0,+38.3056856,-122.3106008,Census Tract 2007.05; Napa County; California,2846,1626,31,1124,240,13,1493,81,74,100750,1122,52,2846,1742,31,13,970,6,55,200705,Napa,1.2716038056084686,0.019065190651906518,0.04634581105169341,0.0953259532595326,2238.1184984250463,0,0,0.0,41175.69659762753,0.0,0.0
06,055,200804,06055200804,2008.04,Census Tract 2008.04,G5020,S,1227874,0,+38.2946547,-122.3074338,Census Tract 2008.04; Napa County; California,5411,2689,0,1891,580,33,2561,297,43,89924,1596,22,5411,1490,18,33,3748,6,55,200804,Napa,1.2278764835977136,0.0,0.013784461152882205,0.12644105615470436,4406.795041913022,0,0,0.0,39981.36094708174,0.0,0.0
06,055,200803,06055200803,2008.03,Census Tract 2008.03,G5020,S,5102704,18486,+38.2888263,-122.3383135,Census Tract 2008.03; Napa County; California,2236,947,40,549,68,30,702,36,49,135000,894,42,2236,1747,30,71,275,6,55,200803,Napa,5.121190277556889,0.042238648363252376,0.04697986577181208,0.0897571277719113,436.6172469316458,0,0,0.0,39863.663000486435,0.0,0.0
06,013,329000,06013329000,3290,Census Tract 3290,G5020,S,2745645,0,+37.9950373,-122.0338010,Census Tract 3290; Contra Costa County; California,6488,3206,232,2123,290,165,2885,192,174,108257,2089,190,6488,2422,482,582,2361,6,13,329000,Contra Costa,2.7456450380524458,0.07236431690580163,0.09095260890378172,0.1141609482220836,2363.0148508206653,0,0,30.910596926075907,1233.835572307813,0.0,0.0
06,055,200602,06055200602,2006.02,Census Tract 2006.02,G5020,S,3320511,17381,+38.3345810,-122.2995123,Census Tract 2006.02; Napa County; California,4482,2035,35,1568,203,39,1853,174,74,100212,1880,199,4482,2446,0,128,1648,6,55,200602,Napa,3.337896255470706,0.0171990171990172,0.10585106382978723,0.12186732186732187,1342.761924566752,0,0,0.0,44153.01213502592,0.0,0.0
06,055,200601,06055200601,2006.01,Census Tract 2006.01,G5020,S,2043215,0,+38.3317566,-122.3124397,Census Tract 2006.01; Napa County; California,4949,2816,0,2150,414,15,2632,164,62,137679,1584,75,4949,2272,59,47,2229,6,55,200601,Napa,2.043217092439271,0.0,0.04734848484848485,0.08025568181818182,2422.160630073671,0,0,0.0,44049.492803188485,0.0,0.0
06,055,201006,06055201006,2010.06,Census Tract 2010.06,G5020,S,1588779,0,+38.1712166,-122.2606280,Census Tract 2010.06; Napa County; California,3436,1728,124,1209,254,5,1658,170,82,137292,900,20,3436,1337,158,697,945,6,55,201006,Napa,1.5887823281194542,0.07175925925925926,0.022222222222222223,0.14583333333333334,2162.6625241149213,0,0,0.0,27288.2168004677,0.0,0.0
06,055,200706,06055200706,2007.06,Census Tract 2007.06,G5020,S,1856469,0,+38.3307724,-122.3302220,Census Tract 2007.06; Napa County; California,3132,1509,0,1089,249,7,1345,86,36,136419,1132,0,3132,2111,1,42,833,6,55,200706,Napa,1.8564694537897712,0.0,0.0,0.08084824387011266,1687.0732742768153,0,0,0.0,43842.10490837617,0.0,0.0
06,055,200504,06055200504,2005.04,Census Tract 2005.04,G5020,S,1848074,0,+38.3170790,-122.2915951,Census Tract 2005.04; Napa County; California,5956,3349,30,2408,226,179,3021,289,13,91379,2191,182,5956,2555,28,238,2868,6,55,200504,Napa,1.8480758581157903,0.008957897879964169,0.08306709265175719,0.0901761719916393,3222.8114305180375,0,0,0.0,41975.58209081644,0.0,0.0
06,013,340004,06013340004,3400.04,Census Tract 3400.04,G5020,S,4126878,0,+37.9060698,-122.0816223,Census Tract 3400.04; Contra Costa County; California,3940,1902,181,880,91,51,1211,247,101,157631,1625,210,3940,2639,8,570,561,6,13,340004,Contra Costa,4.126878121897261,0.09516298633017876,0.12923076923076923,0.1829652996845426,954.7168304036692,0,0,16.410657877062672,1251.0046576046896,0.0,0.0
06,013,337202,06013337202,3372.02,Census Tract 3372.02,G5020,S,1724277,0,+37.9504592,-122.0230424,Census Tract 3372.02; Contra Costa County; California,5515,2780,304,1891,144,69,2531,435,150,89484,1992,216,5515,2911,141,563,1627,6,13,337202,Contra Costa,1.7242751561078238,0.1093525179856115,0.10843373493975904,0.210431654676259,3198.445433992631,0,0,0.0,2642.3155394809696,0.0,0.0
06,013,334007,06013334007,3340.07,Census Tract 3340.07,G5020,S,1458617,0,+37.9582537,-121.9860714,Census Tract 3340.07; Contra Costa County; California,3435,1555,63,976,121,47,1207,150,63,101458,1865,188,3435,1538,151,592,791,6,13,334007,Contra Costa,1.4586172496741194,0.04051446945337621,0.10080428954423593,0.1369774919614148,2354.9700929201535,0,0,0.0,4145.440998950897,0.0,0.0
06,013,334008,06013334008,3340.08,Census Tract 3340.08,G5020,S,1235742,0,+37.9516811,-121.9680486,Census Tract 3340.08; Contra Costa County; California,3793,2189,170,1441,145,59,1815,386,132,121212,1607,154,3793,1734,703,472,766,6,13,334008,Contra Costa,1.2357408952088846,0.07766103243490179,0.09583074051026758,0.2366377341251713,3069.4136729681077,0,0,0.0,5887.56349726395,0.0,0.0
06,013,355123,06013355123,3551.23,Census Tract 3551.23,G5020,S,5874330,0,+37.7423580,-121.8968778,Census Tract 3551.23; Contra Costa County; California,3333,1450,129,705,61,0,917,264,200,250001,944,13,3333,266,113,2374,108,6,13,355123,Contra Costa,5.8743281923258515,0.08896551724137931,0.013771186440677966,0.32,567.384029437475,0,0,0.0,4525.479595781688,0.0,0.0
06,013,355125,06013355125,3551.25,Census Tract 3551.25,G5020,S,1128362,0,+37.7672133,-121.8990719,Census Tract 3551.25; Contra Costa County; California,4096,2149,91,1281,170,19,1581,479,131,250001,1159,45,4096,438,128,3032,340,6,13,355125,Contra Costa,1.1283589413117965,0.04234527687296417,0.03882657463330457,0.2838529548627268,3630.0505539825053,0,0,0.0,7283.79530834193,0.0,0.0
06,075,017102,06075017102,171.02,Census Tract 171.02,G5020,S,294894,0,+37.7654353,-122.4504754,Census Tract 171.02; San Francisco County; California,3646,2420,650,609,77,221,1801,137,125,171205,1587,443,3646,2548,68,197,577,6,75,17102,San Francisco,0.2948942278421274,0.26859504132231404,0.2791430371770636,0.10826446280991736,12363.755054411911,19,1,99.99999999999997,2702.7211647875347,64.42988097471923,0.0
06,075,012302,06075012302,123.02,Census Tract 123.02,G5020,S,92653,0,+37.7870222,-122.4120970,Census Tract 123.02; San Francisco County; California,2614,1555,376,134,0,715,1373,96,76,43879,1918,1596,2614,1128,207,714,347,6,75,12302,San Francisco,0.09265153685774336,0.24180064308681673,0.8321167883211679,0.11061093247588424,28213.23950636157,10,1,99.99999999999999,491.35907896539635,107.93129114904961,0.0
06,075,016801,06075016801,168.01,Census Tract 168.01,G5020,S,226534,0,+37.7713309,-122.4290133,Census Tract 168.01; San Francisco County; California,3898,2887,984,309,45,290,2146,174,149,182344,1965,893,3898,2168,202,719,531,6,75,16801,San Francisco,0.2265342558222858,0.34083824038794597,0.4544529262086514,0.11188084516799446,17207.110623736957,11,1,99.99999999999999,1063.7122531209789,48.55777754261327,0.0
06,075,011902,06075011902,119.02,Census Tract 119.02,G5020,S,93053,0,+37.7909959,-122.4098067,Census Tract 119.02; San Francisco County; California,2650,1522,391,134,28,578,1153,134,27,81995,1609,1066,2650,1277,39,1032,213,6,75,11902,San Francisco,0.09305356010302664,0.2568988173455979,0.6625233064014916,0.10578186596583443,28478.22261787711,5,1,100.0,737.3863800865898,53.7324955054285,0.0
06,075,012202,06075012202,122.02,Census Tract 122.02,G5020,S,94685,0,+37.7854270,-122.4196803,Census Tract 122.02; San Francisco County; California,2978,1210,337,80,31,483,1022,46,15,50583,1494,1052,2978,1153,341,887,412,6,75,12202,San Francisco,0.09468433331774809,0.2785123966942149,0.7041499330655957,0.050413223140495865,31451.876943635714,6,1,100.0,837.7566134869928,63.36845589718411,0.0
06,075,012601,06075012601,126.01,Census Tract 126.01,G5020,S,170458,0,+37.8022683,-122.4391509,Census Tract 126.01; San Francisco County; California,2164,1535,376,343,132,96,1076,147,16,180123,1325,427,2164,1431,0,319,201,6,75,12601,San Francisco,0.17045792261670814,0.24495114006514657,0.3222641509433962,0.10618892508143322,12695.215140372047,2,1,99.99999999999997,3372.531455829795,11.733100869105405,0.0
06,075,012602,06075012602,126.02,Census Tract 126.02,G5020,S,609462,537823,+37.8062885,-122.4348613,Census Tract 126.02; San Francisco County; California,2768,1869,474,433,73,54,1251,116,62,189500,1404,430,2768,2104,0,267,144,6,75,12602,San Francisco,1.1472856662264757,0.2536115569823435,0.30626780626780625,0.09523809523809523,2412.65107852711,8,1,99.97060166034515,3389.16945325375,6.972979995743091,0.0
06,075,012902,06075012902,129.02,Census Tract 129.02,G5020,S,352884,0,+37.8006183,-122.4321105,Census Tract 129.02; San Francisco County; California,3322,2578,738,549,190,94,2005,57,65,205463,1861,679,3322,2473,33,332,165,6,75,12902,San Francisco,0.352881780449547,0.28626842513576417,0.3648576034390113,0.047323506594259115,9413.917589533814,13,1,100.0,2807.188426982115,36.839533011420706,0.0
06,075,013101,06075013101,131.01,Census Tract 131.01,G5020,S,173031,0,+37.7937795,-122.4247496,Census Tract 131.01; San Francisco County; California,4269,2877,587,329,187,506,2036,84,144,219107,2345,720,4269,2768,64,1076,215,6,75,13101,San Francisco,0.17303212302644233,0.2040319777546055,0.3070362473347548,0.07924921793534932,24671.719478051033,6,1,100.0,1833.777931308971,34.67564227414059,0.0
06,075,013102,06075013102,131.02,Census Tract 131.02,G5020,S,237884,0,+37.7926200,-122.4274313,Census Tract 131.02; San Francisco County; California,2731,1740,286,539,79,143,1152,87,175,242969,1567,464,2731,1730,68,347,402,6,75,13102,San Francisco,0.2378873801543865,0.16436781609195403,0.29610721123165284,0.15057471264367817,11480.222272520756,4,1,100.0,1887.8926443068417,16.814679271359584,0.0
06,075,015801,06075015801,158.01,Census Tract 158.01,G5020,S,343934,0,+37.7813045,-122.4373585,Census Tract 158.01; San Francisco County; California,3394,1728,508,503,39,157,1397,91,55,121058,1415,323,3394,1219,870,919,257,6,75,15801,San Francisco,0.34393376971456696,0.29398148148148145,0.2282685512367491,0.08449074074074074,9868.17898927664,14,1,100.0,2075.4131976883623,40.70551144663316,0.0
06,041,102202,06041102202,1022.02,Census Tract 1022.02,G5020,S,3166696,0,+38.1166084,-122.5912872,Census Tract 1022.02; Marin County; California,5393,2684,51,1988,130,138,2316,107,75,116483,2077,60,5393,3919,425,298,603,6,41,102202,Marin,3.1666974414253293,0.019001490312965722,0.02888781896966779,0.06780923994038748,1703.0360808870369,0,0,0.0,28910.381216401678,0.0,0.0
06,041,102203,06041102203,1022.03,Census Tract 1022.03,G5020,S,2721281,0,+38.1104411,-122.5703276,Census Tract 1022.03; Marin County; California,5486,2364,147,1706,232,25,2110,217,90,78704,2354,199,5486,2981,13,442,1733,6,41,102203,Marin,2.72128289710287,0.06218274111675127,0.08453695836873407,0.12986463620981387,2015.9609299865517,0,0,0.0,27120.796624771774,0.0,0.0
06,041,109001,06041109001,1090.01,Census Tract 1090.01,G5020,S,2212967,0,+37.9815035,-122.5305031,Census Tract 1090.01; Marin County; California,3864,2081,182,1325,168,31,1734,206,12,96486,1722,187,3864,2169,37,271,1027,6,41,109001,Marin,2.2129704787127835,0.08745795290725612,0.10859465737514518,0.10475732820759251,1746.0693837396193,0,0,0.0,16341.323208966194,0.0,0.0
06,097,152203,06097152203,1522.03,Census Tract 1522.03,G5020,S,1320233,0,+38.4483381,-122.7070355,Census Tract 1522.03; Sonoma County; California,3362,1760,109,1273,26,69,1519,20,89,67750,1792,263,3362,2295,95,90,465,6,97,152203,Sonoma,1.3202301037242916,0.061931818181818185,0.14676339285714285,0.061931818181818185,2546.525784040218,0,0,0.0,64751.02940359398,0.0,0.0
06,097,152903,06097152903,1529.03,Census Tract 1529.03,G5020,S,1669655,0,+38.4573439,-122.7481362,Census Tract 1529.03; Sonoma County; California,4967,2422,0,1840,361,82,2323,141,18,102500,1622,204,4967,1742,328,159,2471,6,97,152903,Sonoma,1.6696547585366808,0.0,0.12577065351418001,0.06564822460776218,2974.8664953664907,0,0,0.0,67401.78530812576,0.0,0.0
06,097,152904,06097152904,1529.04,Census Tract 1529.04,G5020,S,2304072,0,+38.4611543,-122.7607067,Census Tract 1529.04; Sonoma County; California,5594,3278,39,2666,272,0,3023,105,148,123935,1975,40,5594,2958,26,333,2018,6,97,152904,Sonoma,2.3040754763083884,0.011897498474679682,0.020253164556962026,0.07718120805369127,2427.871854685403,0,0,0.0,68332.58648761637,0.0,0.0
06,097,153102,06097153102,1531.02,Census Tract 1531.02,G5020,S,1240741,0,+38.4201079,-122.7216605,Census Tract 1531.02; Sonoma County; California,6000,3083,70,2323,355,57,2933,165,77,90849,1458,47,6000,836,87,166,4765,6,97,153102,Sonoma,1.2407392052612323,0.02270515731430425,0.03223593964334705,0.07849497242945183,4835.82688010308,0,0,0.0,62665.03003983108,0.0,0.0
06,097,153501,06097153501,1535.01,Census Tract 1535.01,G5020,S,45749327,0,+38.3374048,-122.7943613,Census Tract 1535.01; Sonoma County; California,4410,2106,28,1368,255,7,1718,59,8,103604,1700,23,4410,3266,16,36,647,6,97,153501,Sonoma,45.74932170835208,0.013295346628679962,0.013529411764705882,0.03181386514719848,96.39487177784545,0,0,0.0,58956.0136745889,0.0,0.0
06,081,613702,06081613702,6137.02,Census Tract 6137.02,G5020,S,104969356,5200370,+37.4437305,-122.3724159,Census Tract 6137.02; San Mateo County; California,4687,2441,20,1732,294,175,2261,373,0,120557,1708,150,4687,2712,16,209,1678,6,81,613702,San Mateo,110.16974213530642,0.00819336337566571,0.08782201405152225,0.1528062269561655,42.5434416851371,0,0,0.0,17026.051998054627,0.0,0.0
06,081,608025,06081608025,6080.25,Census Tract 6080.25,G5020,S,2938144,2134205,+37.5686738,-122.2745605,Census Tract 6080.25; San Mateo County; California,6340,3062,258,1565,264,130,2286,381,85,181314,2525,373,6340,1730,93,3859,353,6,81,608025,San Mateo,5.072350182511118,0.08425865447419988,0.14772277227722772,0.15218811234487264,1249.9137030916345,0,0,0.0,10798.85719672389,0.0,0.0
06,081,610901,06081610901,6109.01,Census Tract 6109.01,G5020,S,514033,0,+37.4788785,-122.2342081,Census Tract 6109.01; San Mateo County; California,3591,2220,130,998,250,301,1850,60,0,112059,1350,105,3591,1055,0,420,1958,6,81,610901,San Mateo,0.5140391173274634,0.05855855855855856,0.07777777777777778,0.02702702702702703,6985.849673600598,0,0,0.0,19059.716814716892,0.0,0.0
06,081,604104,06081604104,6041.04,Census Tract 6041.04,G5020,S,544987,0,+37.6290085,-122.4138753,Census Tract 6041.04; San Mateo County; California,3862,2398,211,1369,143,96,2189,49,0,115781,1145,49,3862,613,0,716,2145,6,81,604104,San Mateo,0.5449867828369167,0.08798999165971642,0.04279475982532751,0.02043369474562135,7086.410389434482,0,0,33.01883184886117,993.3409808095046,0.0,0.0
06,097,153903,06097153903,1539.03,Census Tract 1539.03,G5020,S,3290825,0,+38.6190156,-122.8569212,Census Tract 1539.03; Sonoma County; California,3933,2014,0,1292,162,76,1544,101,9,102639,1697,19,3933,2961,0,20,795,6,97,153903,Sonoma,3.2908291977803708,0.0,0.011196228638774307,0.05461767626613704,1195.1395115409716,0,0,0.0,87691.80147635001,0.0,0.0
06,081,602002,06081602002,6020.02,Census Tract 6020.02,G5020,S,2244199,0,+37.6713222,-122.4206062,Census Tract 6020.02; San Mateo County; California,4036,1908,145,1193,278,15,1631,165,0,146786,1148,1,4036,565,0,1782,1591,6,81,602002,San Mateo,2.2441966429967173,0.0759958071278826,0.0008710801393728223,0.08647798742138364,1798.4163787940859,0,0,0.0,2211.897126562599,0.0,0.0
06,081,612002,06081612002,6120.02,Census Tract 6120.02,G5020,S,623679,0,+37.4665634,-122.1427825,Census Tract 6120.02; San Mateo County; California,2941,1430,12,943,53,93,1346,24,8,91127,730,102,2941,315,405,137,1771,6,81,612002,San Mateo,0.623679483186428,0.008391608391608392,0.13972602739726028,0.022377622377622378,4715.563168719608,0,0,0.0,17695.193096105482,0.0,0.0
06,097,150901,06097150901,1509.01,Census Tract 1509.01,G5020,S,2974713,20869,+38.2468522,-122.6439003,Census Tract 1509.01; Sonoma County; California,5130,2773,2,2144,310,22,2503,122,58,103101,2042,110,5130,3273,0,347,1165,6,97,150901,Sonoma,2.9955826567861266,0.000721240533717995,0.05386875612144956,0.06491164803461955,1712.5215985539946,0,0,0.0,42844.356088000444,0.0,0.0
06,097,150902,06097150902,1509.02,Census Tract 1509.02,G5020,S,2435488,0,+38.2443641,-122.6532640,Census Tract 1509.02; Sonoma County; California,3668,1922,112,1351,158,75,1705,142,53,123529,1520,110,3668,2847,17,148,443,6,97,150902,Sonoma,2.4354849885714813,0.05827263267429761,0.07236842105263158,0.10145681581685743,1506.0655340567066,0,0,0.0,43135.9387906327,0.0,0.0
06,081,612102,06081612102,6121.02,Census Tract 6121.02,G5020,S,317770,0,+37.4560668,-122.1363190,Census Tract 6121.02; San Mateo County; California,3935,2151,43,1232,176,0,1552,0,42,58618,1539,124,3935,658,390,265,2431,6,81,612102,San Mateo,0.31777119588033026,0.0199907019990702,0.08057179987004548,0.019525801952580194,12383.123615401206,0,0,0.0,18046.86656073314,0.0,0.0
06,081,611902,06081611902,6119.02,Census Tract 6119.02,G5020,S,2128809,273939,+37.4674426,-122.1248062,Census Tract 6119.02; San Mateo County; California,7336,3869,60,2625,498,32,3254,79,232,136287,1903,48,7336,1413,917,395,4102,6,81,611902,San Mateo,2.4027484201557057,0.015507883173946756,0.025223331581713086,0.08038252778495736,3053.1702522249934,0,0,0.0,16708.50294553946,0.0,0.0
06,081,600702,06081600702,6007.02,Census Tract 6007.02,G5020,S,310370,0,+37.7033239,-122.4671356,Census Tract 6007.02; San Mateo County; California,2724,1663,362,713,243,62,1380,171,5,143843,879,50,2724,479,3,1911,311,6,81,600702,San Mateo,0.3103705716778789,0.21767889356584486,0.05688282138794084,0.105832832230908,8776.605285977725,0,0,100.0,356.3207022883981,0.0,0.0
06,081,602602,06081602602,6026.02,Census Tract 6026.02,G5020,S,644334,0,+37.6460249,-122.4660787,Census Tract 6026.02; San Mateo County; California,4370,2625,271,1802,196,64,2442,121,81,163828,1318,67,4370,293,73,2391,1311,6,81,602602,San Mateo,0.6443334469600935,0.10323809523809524,0.05083459787556904,0.07695238095238095,6782.202632219795,0,0,0.0,2808.304828655808,0.0,0.0
06,081,600502,06081600502,6005.02,Census Tract 6005.02,G5020,S,807297,0,+37.6949354,-122.4558927,Census Tract 6005.02; San Mateo County; California,3908,2264,315,1339,255,24,1979,89,85,126805,992,0,3908,92,0,2934,882,6,81,600502,San Mateo,0.8072991852386764,0.13913427561837455,0.0,0.07685512367491167,4840.83233509595,0,0,5.24525635013541,1451.6502442123763,0.0,0.0
06,081,600701,06081600701,6007.01,Census Tract 6007.01,G5020,S,523296,0,+37.7063626,-122.4625775,Census Tract 6007.01; San Mateo County; California,3620,2127,517,805,559,17,1944,228,181,70290,1244,177,3620,390,148,2154,811,6,81,600701,San Mateo,0.5232966595774993,0.24306535025858017,0.1422829581993569,0.1922896097790315,6917.68222430987,12,2,99.99999999999993,552.5360370814841,22.931543285005095,33.6
06,081,605502,06081605502,6055.02,Census Tract 6055.02,G5020,S,736090,0,+37.5751582,-122.3471428,Census Tract 6055.02; San Mateo County; California,2599,1318,81,662,22,33,826,121,0,200350,981,57,2599,1271,10,805,433,6,81,605502,San Mateo,0.7360896836485358,0.061456752655538696,0.0581039755351682,0.09180576631259484,3530.8197597848102,0,0,0.0,4472.443495816939,0.0,0.0
06,081,612101,06081612101,6121.01,Census Tract 6121.01,G5020,S,659714,0,+37.4605444,-122.1476465,Census Tract 6121.01; San Mateo County; California,3484,1770,0,942,338,24,1501,40,24,115109,1293,118,3484,1039,63,304,1866,6,81,612101,San Mateo,0.6597162514798784,0.0,0.09126063418406806,0.03615819209039548,5281.058321944739,0,0,0.0,18486.174622610295,0.0,0.0
06,081,602201,06081602201,6022.01,Census Tract 6022.01,G5020,S,497446,0,+37.6572141,-122.4228916,Census Tract 6022.01; San Mateo County; California,4761,2401,273,1242,387,0,2013,79,14,82015,1747,166,4761,1328,32,901,2238,6,81,602201,San Mateo,0.4974420251646425,0.11370262390670553,0.09502003434459072,0.038733860891295296,9570.964573055951,0,0,0.0,2043.758227687334,0.0,0.0
06,097,154000,06097154000,1540,Census Tract 1540,G5020,S,223345205,1503133,+38.6097462,-122.9669388,Census Tract 1540; Sonoma County; California,2294,1077,11,620,20,85,761,61,12,150000,930,11,2294,1656,0,38,531,6,97,154000,Sonoma,224.8483535585328,0.01021355617455896,0.011827956989247311,0.06778087279480037,10.202431833252552,0,0,0.0,92092.80063029246,0.0,0.0
06,085,508006,06085508006,5080.06,Census Tract 5080.06,G5020,S,1217035,0,+37.3163396,-122.0183989,Census Tract 5080.06; Santa Clara County; California,4215,2054,44,1294,51,76,1512,11,0,203750,1436,11,4215,862,17,3019,150,6,85,508006,Santa Clara,1.2170334538047032,0.021421616358325218,0.00766016713091922,0.005355404089581304,3463.3394725699786,0,0,0.0,13966.800734734763,0.0,0.0
06,085,506504,06085506504,5065.04,Census Tract 5065.04,G5020,S,209658,0,+37.2992039,-121.9521951,Census Tract 5065.04; Santa Clara County; California,2832,1240,0,1062,47,38,1188,0,0,85278,846,111,2832,328,206,156,2048,6,85,506504,Santa Clara,0.2096577730238057,0.0,0.13120567375886524,0.0,13507.727183949622,0,0,0.0,10307.072691861496,0.0,0.0
06,085,512511,06085512511,5125.11,Census Tract 5125.11,G5020,S,1384994,0,+37.0076293,-121.5810721,Census Tract 5125.11; Santa Clara County; California,4872,2061,42,1533,213,0,1800,202,11,112188,1598,187,4872,1527,133,119,2847,6,85,512511,Santa Clara,1.3849934191207347,0.020378457059679767,0.11702127659574468,0.10334788937409024,3517.706245198621,0,0,0.0,47816.992321145175,0.0,0.0
06,055,200704,06055200704,2007.04,Census Tract 2007.04,G5020,S,1549862,0,+38.3153554,-122.3154135,Census Tract 2007.04; Napa County; California,4930,2332,15,1713,326,102,2200,30,58,63462,1726,181,4930,2326,8,56,2327,6,55,200704,Napa,1.5498601094935192,0.006432246998284734,0.10486674391657011,0.03773584905660377,3180.932246595521,0,0,0.0,42211.40509954847,0.0,0.0
06,013,380001,06013380001,3800.01,Census Tract 3800.01,G5020,S,3568647,7261949,+37.9081790,-122.3436635,Census Tract 3800.01; Contra Costa County; California,2896,1889,153,1204,109,24,1509,137,183,117159,1720,29,2896,1196,543,582,356,6,13,380001,Contra Costa,10.830598961291523,0.08099523557437797,0.01686046511627907,0.16940179989412388,267.39056725766335,0,0,0.0,3263.4858487212114,0.0,0.0
06,013,380002,06013380002,3800.02,Census Tract 3800.02,G5020,S,2664888,0,+37.9196372,-122.3508494,Census Tract 3800.02; Contra Costa County; California,3470,1425,210,689,118,13,1071,168,112,58571,1324,63,3470,774,864,591,899,6,13,380002,Contra Costa,2.6648878316912525,0.14736842105263157,0.04758308157099698,0.19649122807017544,1302.1185952872877,0,0,0.0,1910.6677243241377,0.0,0.0
06,097,153001,06097153001,1530.01,Census Tract 1530.01,G5020,S,2505517,0,+38.4509389,-122.7367430,Census Tract 1530.01; Sonoma County; California,7215,3957,40,2957,464,0,3534,122,47,69243,2783,323,7215,3110,121,291,3288,6,97,153001,Sonoma,2.5055193958695074,0.010108668182966895,0.11606180380883938,0.04270912307303513,2879.642445352585,0,0,0.0,66282.08989186917,0.0,0.0
06,097,153005,06097153005,1530.05,Census Tract 1530.05,G5020,S,24774867,0,+38.4334559,-122.8012458,Census Tract 1530.05; Sonoma County; California,6471,3288,18,2338,639,0,3020,67,91,114740,2391,87,6471,3578,4,661,1971,6,97,153005,Sonoma,24.77487081780592,0.005474452554744526,0.03638644918444166,0.04805352798053528,261.1920783598692,0,0,0.0,67719.22091142088,0.0,0.0
06,081,612001,06081612001,6120.01,Census Tract 6120.01,G5020,S,655693,0,+37.4698593,-122.1505920,Census Tract 6120.01; San Mateo County; California,4017,1986,39,1576,226,0,1857,120,16,112118,945,15,4017,93,239,149,2774,6,81,612001,San Mateo,0.6556950795665578,0.019637462235649546,0.015873015873015872,0.06847935548841894,6126.323233438638,0,0,0.0,17857.07111468057,0.0,0.0
06,081,611901,06081611901,6119.01,Census Tract 6119.01,G5020,S,1180439,0,+37.4653691,-122.1352134,Census Tract 6119.01; San Mateo County; California,4392,2349,92,1730,184,0,2238,104,127,135368,1043,53,4392,446,1075,426,2418,6,81,611901,San Mateo,1.1804396753803639,0.039165602383993185,0.05081495685522531,0.0983397190293742,3720.6475617526157,0,0,0.0,17340.18840635452,0.0,0.0
06,081,602202,06081602202,6022.02,Census Tract 6022.02,G5020,S,437771,0,+37.6551094,-122.4115181,Census Tract 6022.02; San Mateo County; California,3142,1860,98,986,465,187,1807,49,26,86491,1127,142,3142,251,73,924,1894,6,81,602202,San Mateo,0.4377711854674628,0.05268817204301075,0.12599822537710736,0.04032258064516129,7177.265439809373,0,0,0.0,1974.9769768436897,0.0,0.0
06,081,608024,06081608024,6080.24,Census Tract 6080.24,G5020,S,702762,0,+37.5499373,-122.2783395,Census Tract 6080.24; San Mateo County; California,3192,1880,89,1058,204,58,1539,74,70,214719,1259,89,3192,1098,14,1872,69,6,81,608024,San Mateo,0.7027625853368027,0.04734042553191489,0.07069102462271644,0.07659574468085106,4542.07447380002,0,0,0.0,11081.10155211965,0.0,0.0
06,081,610902,06081610902,6109.02,Census Tract 6109.02,G5020,S,587441,0,+37.4745820,-122.2300774,Census Tract 6109.02; San Mateo County; California,2804,1784,75,1025,79,29,1283,58,11,125541,1198,55,2804,1132,162,614,775,6,81,610902,San Mateo,0.5874400244167055,0.04204035874439462,0.045909849749582635,0.03867713004484305,4773.253240250717,0,0,0.0,19655.670800264634,0.0,0.0
06,081,605501,06081605501,6055.01,Census Tract 6055.01,G5020,S,361799,0,+37.5793766,-122.3506015,Census Tract 6055.01; San Mateo County; California,2918,1886,163,1147,134,205,1691,95,28,85313,1623,84,2918,1403,80,609,705,6,81,605501,San Mateo,0.36179828497437816,0.08642629904559915,0.051756007393715345,0.06521739130434782,8065.267639968628,0,0,0.0,3945.762220609572,0.0,0.0
06,081,606201,06081606201,6062.01,Census Tract 6062.01,G5020,S,629161,0,+37.5750097,-122.3247999,Census Tract 6062.01; San Mateo County; California,3731,1636,85,1081,287,0,1551,56,32,60703,1109,124,3731,355,151,386,2756,6,81,606201,San Mateo,0.6291607669461323,0.0519559902200489,0.11181244364292155,0.05378973105134474,5930.121832150799,0,0,0.0,6145.779567878276,0.0,0.0
06,081,605902,06081605902,6059.02,Census Tract 6059.02,G5020,S,317505,0,+37.5702636,-122.3304260,Census Tract 6059.02; San Mateo County; California,3061,1858,300,623,217,85,1257,241,51,103075,1255,89,3061,635,66,936,1230,6,81,605902,San Mateo,0.3175034498414692,0.16146393972012918,0.07091633466135458,0.15715823466092574,9640.840127968278,0,0,0.0,5985.239142970005,0.0,0.0
06,081,606202,06081606202,6062.02,Census Tract 6062.02,G5020,S,575388,0,+37.5702163,-122.3191027,Census Tract 6062.02; San Mateo County; California,3805,2172,218,1215,213,94,1851,96,141,184326,1194,128,3805,725,0,1075,1732,6,81,606202,San Mateo,0.5753851303737072,0.1003683241252302,0.10720268006700168,0.10911602209944751,6612.961995609251,0,0,0.0,6840.343536565456,0.0,0.0
06,081,601301,06081601301,6013.01,Census Tract 6013.01,G5020,S,514980,0,+37.6902590,-122.4664094,Census Tract 6013.01; San Mateo County; California,3726,1935,513,687,285,196,1812,119,39,77453,1120,382,3726,279,20,1446,1854,6,81,601301,San Mateo,0.5149810361012624,0.2651162790697674,0.3410714285714286,0.08165374677002583,7235.2178794936135,0,0,71.84043960600548,619.5212012467155,0.0,0.0
06,081,601302,06081601302,6013.02,Census Tract 6013.02,G5020,S,592227,0,+37.6858755,-122.4646175,Census Tract 6013.02; San Mateo County; California,4975,2531,300,1453,369,32,2207,160,0,91397,1425,150,4975,188,21,3104,945,6,81,601302,San Mateo,0.5922301586700115,0.1185302252074279,0.10526315789473684,0.06321612011062822,8400.450276244801,2,1,94.26156559315886,186.36535077107203,3.377065437686352,29.5
06,081,604103,06081604103,6041.03,Census Tract 6041.03,G5020,S,573245,0,+37.6186529,-122.4065562,Census Tract 6041.03; San Mateo County; California,4344,2492,192,1879,178,64,2363,81,0,102899,1431,242,4344,747,0,841,2505,6,81,604103,San Mateo,0.5732449316811066,0.07704654895666131,0.16911250873515024,0.032504012841091494,7577.912616271585,0,0,0.0,1310.0903541282269,0.0,0.0
06,081,613701,06081613701,6137.01,Census Tract 6137.01,G5020,S,5075304,1552138,+37.4454799,-122.4377378,Census Tract 6137.01; San Mateo County; California,3929,1898,0,1177,36,59,1370,70,75,180216,1517,12,3929,3013,10,36,572,6,81,613701,San Mateo,6.6274402501300145,0.0,0.007910349373764008,0.07639620653319283,592.8382379490969,0,0,0.0,17755.970404767253,0.0,0.0
06,081,605901,06081605901,6059.01,Census Tract 6059.01,G5020,S,456050,0,+37.5738500,-122.3366392,Census Tract 6059.01; San Mateo County; California,2815,1587,154,865,131,95,1260,90,29,138934,1059,81,2815,1235,29,462,787,6,81,605901,San Mateo,0.45604879611231974,0.09703843730308759,0.0764872521246459,0.07498424700693132,6172.585091764384,0,0,0.0,5308.142523133105,0.0,0.0
06,081,600501,06081600501,6005.01,Census Tract 6005.01,G5020,S,539877,0,+37.7001412,-122.4583264,Census Tract 6005.01; San Mateo County; California,3793,1974,262,1294,92,120,1796,107,0,96696,1241,76,3793,352,0,1649,1753,6,81,600501,San Mateo,0.5398751409462478,0.13272543059777103,0.06124093473005641,0.054204660587639314,7025.698559396435,0,0,62.24288395357047,1147.337189855269,0.0,0.0
06,075,016802,06075016802,168.02,Census Tract 168.02,G5020,S,215267,0,+37.7735446,-122.4249292,Census Tract 168.02; San Francisco County; California,3807,2832,724,558,48,564,2039,206,130,141518,1955,902,3807,1909,332,937,299,6,75,16802,San Francisco,0.21526399159154558,0.2556497175141243,0.461381074168798,0.11864406779661017,17685.261579761205,6,1,100.0,1035.6862374476318,27.872752686778888,0.0
06,075,017101,06075017101,171.01,Census Tract 171.01,G5020,S,313368,0,+37.7657245,-122.4460838,Census Tract 171.01; San Francisco County; California,4250,2492,687,612,70,92,1706,159,22,199676,1759,386,4250,2950,85,642,187,6,75,17101,San Francisco,0.3133684347577393,0.27568218298555375,0.21944286526435475,0.07263242375601926,13562.310458248978,23,1,99.99999999999993,2317.026847358481,73.39603306817094,0.0
06,075,017801,06075017801,178.01,Census Tract 178.01,G5020,S,214051,0,+37.7820284,-122.4011589,Census Tract 178.01; San Francisco County; California,3582,1383,150,148,0,564,877,11,26,25625,2411,1550,3582,648,71,2413,293,6,75,17801,San Francisco,0.21405327602750462,0.10845986984815618,0.6428867689755289,0.02675343456254519,16734.151733046747,7,1,100.0,610.0213479536567,32.70213906513881,0.0
06,075,022704,06075022704,227.04,Census Tract 227.04,G5020,S,544609,0,+37.7609519,-122.4019893,Census Tract 227.04; San Francisco County; California,3716,2471,191,760,124,205,1601,135,32,250001,1667,116,3716,1979,105,821,272,6,75,22704,San Francisco,0.5446091807711344,0.07729664103601781,0.06958608278344332,0.06758397409955484,6823.241566986373,12,1,99.99999999999996,1625.6930231659403,22.03414930135535,0.0
06,075,025701,06075025701,257.01,Census Tract 257.01,G5020,S,612500,0,+37.7315824,-122.4119407,Census Tract 257.01; San Francisco County; California,5331,2922,725,1243,449,10,2530,299,167,118443,1599,154,5331,508,74,3293,1323,6,75,25701,San Francisco,0.6124937279639247,0.24811772758384668,0.09631019387116949,0.1594798083504449,8703.762596429382,10,1,99.99999999999997,1905.9278584996496,16.326697798591972,0.0
06,075,025702,06075025702,257.02,Census Tract 257.02,G5020,S,533458,0,+37.7281305,-122.4057589,Census Tract 257.02; San Francisco County; California,4153,1992,545,870,438,37,1890,263,52,91513,1166,186,4153,532,3,2962,562,6,75,25702,San Francisco,0.5334567776033494,0.2735943775100402,0.1595197255574614,0.15813253012048192,7785.073082505578,25,1,100.0,2505.9205887343,46.86415291659991,0.0
06,075,031201,06075031201,312.01,Census Tract 312.01,G5020,S,512854,0,+37.7217838,-122.4573318,Census Tract 312.01; San Francisco County; California,6341,3282,995,1231,455,70,2872,425,42,101800,1808,498,6341,856,250,4219,832,6,75,31201,San Francisco,0.5128519266406317,0.30316879951249237,0.2754424778761062,0.14229128580134065,12364.192607281162,24,1,100.0,864.5579920829172,46.79713335037816,0.0
06,075,031202,06075031202,312.02,Census Tract 312.02,G5020,S,309420,0,+37.7193286,-122.4523956,Census Tract 312.02; San Francisco County; California,2804,1561,321,749,116,29,1315,114,0,120667,850,143,2804,171,71,1981,475,6,75,31202,San Francisco,0.3094189283435436,0.20563741191543883,0.16823529411764707,0.07303010890454836,9062.147603609941,13,1,100.0,507.82346623196287,42.014236393341385,0.0
06,075,032602,06075032602,326.02,Census Tract 326.02,G5020,S,472116,0,+37.7588987,-122.4825797,Census Tract 326.02; San Francisco County; California,4344,2185,348,744,374,211,1754,205,14,154609,1490,120,4344,1264,148,2313,336,6,75,32602,San Francisco,0.47211522247687177,0.15926773455377574,0.08053691275167785,0.10022883295194508,9201.14368947891,7,1,100.0,5154.784360025869,14.826889002383142,0.0
06,075,032801,06075032801,328.01,Census Tract 328.01,G5020,S,585365,0,+37.7460190,-122.4804356,Census Tract 328.01; San Francisco County; California,3831,1719,404,859,108,9,1539,163,82,136250,1318,88,3831,669,26,2805,158,6,75,32801,San Francisco,0.5853649458144734,0.23502036067481094,0.06676783004552352,0.14252472367655614,6544.635150076451,10,1,99.99999999999997,3958.6606576034587,17.08335982792078,0.0
06,075,032802,06075032802,328.02,Census Tract 328.02,G5020,S,548900,97204,+37.7530955,-122.4812305,Census Tract 328.02; San Francisco County; California,4454,2361,547,1037,261,77,2032,218,8,110926,1510,213,4454,1207,21,2626,323,6,75,32802,San Francisco,0.6461034152505439,0.2316814908936891,0.14105960264900663,0.09572215163066497,6893.633271189013,13,1,100.0,4532.719237159057,20.12061798955033,0.0
06,075,032901,06075032901,329.01,Census Tract 329.01,G5020,S,671900,0,+37.7461540,-122.4901873,Census Tract 329.01; San Francisco County; California,5064,2659,806,826,326,200,2179,272,15,154291,1617,183,5064,1056,12,3270,200,6,75,32901,San Francisco,0.6719008314036123,0.3031214742384355,0.11317254174397032,0.10793531402783,7536.826512658449,23,1,99.99999999999991,4632.792549515145,34.23124205986262,0.0
06,041,119202,06041119202,1192.02,Census Tract 1192.02,G5020,S,2002171,11998,+37.9530661,-122.5245086,Census Tract 1192.02; Marin County; California,3704,1837,181,765,30,10,1059,164,20,250001,1415,39,3704,2819,1,368,259,6,41,119202,Marin,2.014166430936917,0.0985302123026674,0.02756183745583039,0.10016330974414807,1838.974149855647,0,0,0.0,15151.849839543429,0.0,0.0
06,041,119201,06041119201,1192.01,Census Tract 1192.01,G5020,S,902124,118706,+37.9456796,-122.5282641,Census Tract 1192.01; Marin County; California,3812,1957,62,1286,209,45,1602,146,44,85739,2023,174,3812,2487,30,473,544,6,41,119201,Marin,1.0208325298490928,0.03168114460909555,0.08601087493821058,0.0970873786407767,3734.207020776972,0,0,0.0,15436.61042545055,0.0,0.0
06,075,033203,06075033203,332.03,Census Tract 332.03,G5020,S,436409,0,+37.7159219,-122.4782648,Census Tract 332.03; San Francisco County; California,3313,1726,388,734,200,128,1476,121,11,62813,1543,309,3313,991,124,1218,644,6,75,33203,San Francisco,0.4364097857354275,0.22479721900347624,0.20025923525599482,0.07647740440324449,7591.48879857726,13,1,99.99999999999997,1345.103927667429,29.788516263659638,0.0
06,075,033204,06075033204,332.04,Census Tract 332.04,G5020,S,387903,0,+37.7196514,-122.4803901,Census Tract 332.04; San Francisco County; California,3620,1802,581,898,76,59,1662,195,130,69769,1639,501,3620,873,370,1470,715,6,75,33204,San Francisco,0.38790687043535566,0.32241953385127636,0.30567419158023185,0.18035516093229745,9332.136850108382,11,1,100.0,1791.1271886399265,28.35732192021884,0.0
06,075,042601,06075042601,426.01,Census Tract 426.01,G5020,S,293133,0,+37.7831223,-122.4811910,Census Tract 426.01; San Francisco County; California,4126,2015,659,644,37,57,1659,191,57,124324,1668,489,4126,1678,25,1580,403,6,75,42601,San Francisco,0.2931313665727265,0.3270471464019851,0.2931654676258993,0.12307692307692308,14075.600466237825,3,1,100.0,5760.583166339593,10.234319291980968,0.0
06,075,042602,06075042602,426.02,Census Tract 426.02,G5020,S,332057,0,+37.7833847,-122.4754789,Census Tract 426.02; San Francisco County; California,2842,1682,366,552,167,46,1188,134,73,155750,1312,242,2842,1360,20,1096,204,6,75,42602,San Francisco,0.332056738323902,0.21759809750297265,0.18445121951219512,0.12306777645659929,8558.778280920758,8,1,100.0,5303.139345731591,24.092268208080952,0.0
06,075,047801,06075047801,478.01,Census Tract 478.01,G5020,S,476606,0,+37.7758427,-122.4921123,Census Tract 478.01; San Francisco County; California,4613,2719,746,955,157,128,2114,271,11,163178,1798,295,4613,1792,76,2173,199,6,75,47801,San Francisco,0.476606905392703,0.27436557557925706,0.16407119021134595,0.10371460095623392,9678.83584523202,17,1,100.0,6474.571246067199,35.66880758052121,0.0
06,075,061200,06075061200,612,Census Tract 612,G5020,S,434957,0,+37.7370495,-122.3901596,Census Tract 612; San Francisco County; California,4006,2087,621,739,253,26,1729,166,0,107652,1107,246,4006,397,789,1203,1548,6,75,61200,San Francisco,0.43495883343394925,0.2975563009103977,0.2222222222222222,0.07954000958313369,9210.067004210714,26,1,99.99999999999999,3019.472550887285,59.7757718695653,0.0
06,075,980300,06075980300,9803,Census Tract 9803,G5020,S,4337505,409466,+37.7684025,-122.4920873,Census Tract 9803; San Francisco County; California,38,34,6,10,0,6,22,0,0,-666666666,28,6,38,24,0,0,8,6,75,980300,San Francisco,4.74697119746106,0.17647058823529413,0.21428571428571427,0.0,8.00510439589869,44,1,99.99999999999997,5661.604621156049,9.269068247882693,0.0
06,075,980401,06075980401,9804.01,Census Tract 9804.01,G5020,S,419323,247501289,+37.7272391,-123.0322294,Census Tract 9804.01; San Francisco County; California,0,0,0,0,0,0,0,0,0,-666666666,0,0,0,0,0,0,0,6,75,980401,San Francisco,247.9206092473375,,,,0.0,0,0,0.0,51397.67620603079,0.0,0.0
06,075,012502,06075012502,125.02,Census Tract 125.02,G5020,S,61275,0,+37.7839330,-122.4125954,Census Tract 125.02; San Francisco County; California,4629,1643,626,276,0,603,1570,54,0,21653,2246,1798,4629,781,445,1443,1460,6,75,12502,San Francisco,0.061274890888514025,0.3810103469263542,0.8005342831700801,0.032866707242848445,75544.81016412067,4,1,99.99999999999997,464.87475726577935,65.27959400658517,0.0
06,075,980200,06075980200,9802,Census Tract 9802,G5020,S,998273,763677,+37.7850460,-122.5019092,Census Tract 9802; San Francisco County; California,186,0,0,0,0,0,0,0,0,-666666666,0,0,186,66,44,58,15,6,75,980200,San Francisco,1.7619486989155784,,,,105.56493507130877,5,1,85.48469923189609,7594.848398086353,2.8377670718093757,0.0
06,095,251100,06095251100,2511,Census Tract 2511,G5020,S,1056361,0,+38.0970267,-122.2365210,Census Tract 2511; Solano County; California,3015,1468,64,1121,107,2,1304,265,166,77870,1082,89,3015,676,409,171,1474,6,95,251100,Solano,1.056351889526232,0.043596730245231606,0.0822550831792976,0.2935967302452316,2854.1625474369253,0,0,0.0,20358.700509837974,0.0,0.0
06,095,253108,06095253108,2531.08,Census Tract 2531.08,G5020,S,7926484,373456,+38.3288734,-122.0010025,Census Tract 2531.08; Solano County; California,3875,1833,0,1434,152,37,1681,142,78,80786,1501,117,3875,1917,181,256,1343,6,95,253108,Solano,8.299937892312528,0.0,0.07794803464357095,0.12002182214948172,466.87096340673315,0,0,0.0,34951.850991198415,0.0,0.0
06,095,253300,06095253300,2533,Census Tract 2533,G5020,S,442728074,2198910,+38.4198882,-121.7998024,Census Tract 2533; Solano County; California,2972,1375,19,913,112,29,1078,50,64,96585,1101,49,2972,1774,23,37,988,6,95,253300,Solano,444.9269956392566,0.013818181818181818,0.04450499545867393,0.0829090909090909,6.679747529659169,0,0,0.0,45771.90430240292,0.0,0.0
06,097,150602,06097150602,1506.02,Census Tract 1506.02,G5020,S,1670109,0,+38.2440564,-122.6067891,Census Tract 1506.02; Sonoma County; California,4841,2482,48,1896,144,0,2162,222,68,127632,1640,57,4841,3384,13,95,906,6,97,150602,Sonoma,1.6701091125269052,0.019339242546333603,0.03475609756097561,0.1168412570507655,2898.6130089880653,0,0,0.0,40753.55291781601,0.0,0.0
06,097,151203,06097151203,1512.03,Census Tract 1512.03,G5020,S,2440505,0,+38.3222830,-122.6934098,Census Tract 1512.03; Sonoma County; California,4753,2541,50,1922,90,0,2149,335,59,102292,2099,55,4753,3262,12,78,959,6,97,151203,Sonoma,2.4405078719967466,0.01967729240456513,0.026202953787517864,0.15505706414797324,1947.5454492639049,0,0,0.0,52196.598181639325,0.0,0.0
06,013,322000,06013322000,3220,Census Tract 3220,G5020,S,4377217,3158,+37.9623355,-122.0743000,Census Tract 3220; Contra Costa County; California,6755,3231,81,2039,170,5,2434,225,50,159423,2458,133,6755,3651,117,1179,1040,6,13,322000,Contra Costa,4.380373301663452,0.025069637883008356,0.054109031733116354,0.08511296812132467,1542.106011246754,0,0,0.0,4141.698592086551,0.0,0.0
06,013,314103,06013314103,3141.03,Census Tract 3141.03,G5020,S,5684891,1579240,+38.0410617,-121.9444377,Census Tract 3141.03; Contra Costa County; California,5554,2478,146,1567,520,18,2363,250,128,77679,1513,0,5554,647,770,639,3388,6,13,314103,Contra Costa,7.264132865579292,0.058918482647296204,0.0,0.15254237288135594,764.5785261331513,0,0,0.0,2239.0084376172476,0.0,0.0
06,013,356002,06013356002,3560.02,Census Tract 3560.02,G5020,S,106020816,5849870,+37.9540677,-122.1903602,Census Tract 3560.02; Contra Costa County; California,5688,2934,148,1868,174,48,2314,429,203,136008,2029,40,5688,1853,817,1743,976,6,13,356002,Contra Costa,111.87070159456044,0.050443081117927745,0.019714144898965006,0.21540558963871848,50.84441161917743,0,0,0.0,8868.909219736188,0.0,0.0
06,013,354002,06013354002,3540.02,Census Tract 3540.02,G5020,S,14559357,38563,+37.9015621,-122.1826098,Census Tract 3540.02; Contra Costa County; California,6943,2882,443,1297,99,20,1894,393,41,250001,2841,247,6943,5304,11,563,416,6,13,354002,Contra Costa,14.5979170683322,0.15371269951422623,0.08694121788102781,0.15058986814712005,475.61579967197554,0,0,3.372086717131864,2697.015589566155,0.0,0.0
06,013,321103,06013321103,3211.03,Census Tract 3211.03,G5020,S,5254112,0,+37.9701324,-122.1123948,Census Tract 3211.03; Contra Costa County; California,4546,2215,224,1400,113,18,1781,222,86,157893,1763,0,4546,3166,51,503,482,6,13,321103,Contra Costa,5.2541142707783814,0.10112866817155756,0.0,0.13905191873589165,865.2267091493089,0,0,0.0,6777.755984384403,0.0,0.0
06,013,353001,06013353001,3530.01,Census Tract 3530.01,G5020,S,13697858,1967,+37.8534269,-122.1804788,Census Tract 3530.01; Contra Costa County; California,4420,2148,305,1070,159,0,1664,327,31,250001,1506,20,4420,2644,0,939,189,6,13,353001,Contra Costa,13.699831220559908,0.1419925512104283,0.013280212483399735,0.16666666666666666,322.6317119415838,0,0,3.6066259060280492,2428.382873374443,0.0,0.0
06,013,309000,06013309000,3090,Census Tract 3090,G5020,S,9905657,8624531,+38.0392742,-121.8641513,Census Tract 3090; Contra Costa County; California,3600,1525,37,1160,121,80,1405,169,58,73025,1375,97,3600,1020,787,313,1278,6,13,309000,Contra Costa,18.53018293201246,0.024262295081967214,0.07054545454545455,0.14885245901639343,194.27762873191583,0,0,0.0,3241.9255112945243,0.0,0.0
06,013,323000,06013323000,3230,Census Tract 3230,G5020,S,1916508,0,+37.9504334,-122.0726576,Census Tract 3230; Contra Costa County; California,4669,2485,111,1650,147,20,1979,311,61,130673,1725,40,4669,2981,20,566,827,6,13,323000,Contra Costa,1.916511381013011,0.044668008048289735,0.02318840579710145,0.14969818913480884,2436.1973773054797,0,0,0.0,2845.8562257383887,0.0,0.0
06,013,359203,06013359203,3592.03,Census Tract 3592.03,G5020,S,3706994,6908,+38.0084765,-122.2564015,Census Tract 3592.03; Contra Costa County; California,7200,3592,274,2488,331,0,3228,620,300,127917,2268,55,7200,1973,1146,2657,1105,6,13,359203,Contra Costa,3.713901100129985,0.07628062360801782,0.024250440917107582,0.2561247216035635,1938.6622868734987,0,0,0.0,10693.577418840698,0.0,0.0
06,097,151301,06097151301,1513.01,Census Tract 1513.01,G5020,S,1170571,0,+38.3342271,-122.7001585,Census Tract 1513.01; Sonoma County; California,4176,1826,26,1448,208,20,1738,137,35,73953,1427,10,4176,1714,33,171,2019,6,97,151301,Sonoma,1.170570349026231,0.014238773274917854,0.00700770847932726,0.09419496166484119,3567.4916962264706,0,0,0.0,53623.30684898769,0.0,0.0
06,097,151305,06097151305,1513.05,Census Tract 1513.05,G5020,S,1765260,0,+38.3433806,-122.7067066,Census Tract 1513.05; Sonoma County; California,6385,3250,97,2250,308,64,2818,240,40,76780,2500,218,6385,2606,91,149,3278,6,97,151305,Sonoma,1.7652573725714005,0.029846153846153845,0.0872,0.08615384615384615,3617.036302586943,0,0,0.0,54785.530386129074,0.0,0.0
06,097,151306,06097151306,1513.06,Census Tract 1513.06,G5020,S,1115202,0,+38.3471390,-122.6932768,Census Tract 1513.06; Sonoma County; California,3804,2266,42,1789,277,15,2143,119,140,97630,1754,105,3804,2104,113,147,1233,6,97,151306,Sonoma,1.115201542266906,0.018534863195057368,0.05986316989737742,0.11429832303618712,3411.042628462912,0,0,0.0,54478.818774930376,0.0,0.0
06,097,151310,06097151310,1513.10,Census Tract 1513.10,G5020,S,2444726,0,+38.3398130,-122.6813617,Census Tract 1513.10; Sonoma County; California,5838,3099,54,2065,359,197,2888,109,40,89631,1553,65,5838,2843,298,582,1796,6,97,151310,Sonoma,2.4447223889780583,0.017424975798644726,0.04185447520927238,0.04808002581477896,2388.001200594558,0,0,0.0,53229.21570053285,0.0,0.0
06,013,369001,06013369001,3690.01,Census Tract 3690.01,G5020,S,1617204,0,+37.9567823,-122.3365954,Census Tract 3690.01; Contra Costa County; California,7347,3276,371,2178,349,76,3027,219,142,67994,2626,165,7347,854,578,2540,2918,6,13,369001,Contra Costa,1.6172000733486567,0.11324786324786325,0.06283320639756283,0.11019536019536019,4543.03714245259,0,0,0.0,2647.7527547704135,0.0,0.0
06,001,408200,06001408200,4082,Census Tract 4082,G5020,S,901140,0,+37.7751040,-122.1755739,Census Tract 4082; Alameda County; California,4471,2442,285,1527,173,13,2034,328,117,79821,1922,325,4471,752,1811,156,1300,6,1,408200,Alameda,0.9011384515636012,0.1167076167076167,0.16909469302809574,0.18222768222768224,4961.501745089437,0,0,0.0,3027.5530178222457,0.0,0.0
06,001,408400,06001408400,4084,Census Tract 4084,G5020,S,542834,0,+37.7646042,-122.1709592,Census Tract 4084; Alameda County; California,4077,2004,421,1115,308,0,1844,178,44,63994,1339,223,4077,181,1610,300,1922,6,1,408400,Alameda,0.5428347616364435,0.21007984031936128,0.16654219566840925,0.11077844311377245,7510.57280802978,0,0,0.0,2573.5886435595467,0.0,0.0
06,001,408500,06001408500,4085,Census Tract 4085,G5020,S,831360,0,+37.7604176,-122.1785112,Census Tract 4085; Alameda County; California,5634,2613,241,1832,330,24,2499,220,43,61750,1667,253,5634,149,2216,202,2783,6,1,408500,Alameda,0.8313583049371203,0.09223115193264447,0.15176964607078583,0.10065059318790662,6776.8613924246865,0,0,0.0,1770.3502922418772,0.0,0.0
06,001,408600,06001408600,4086,Census Tract 4086,G5020,S,1059985,0,+37.7661938,-122.1822982,Census Tract 4086; Alameda County; California,6519,3214,306,1908,336,0,2635,136,162,80114,1995,75,6519,398,2818,362,2695,6,1,408600,Alameda,1.0599819995467126,0.09520846297448662,0.03759398496240601,0.09271935283136279,6150.104438365713,0,0,0.0,1887.8015131307216,0.0,0.0
06,001,408700,06001408700,4087,Census Tract 4087,G5020,S,1133375,0,+37.7688645,-122.1889326,Census Tract 4087; Alameda County; California,7456,3068,612,1942,265,0,2861,311,85,45500,2664,248,7456,673,2414,477,3788,6,1,408700,Alameda,1.1333769874726607,0.19947848761408082,0.09309309309309309,0.1290743155149935,6578.570133690714,0,0,0.0,1828.8523733437294,0.0,0.0
06,097,151504,06097151504,1515.04,Census Tract 1515.04,G5020,S,1548450,0,+38.4360805,-122.6677168,Census Tract 1515.04; Sonoma County; California,4178,1996,8,1426,158,0,1694,121,0,154650,1397,15,4178,3142,8,156,530,6,97,151504,Sonoma,1.5484500694223173,0.004008016032064128,0.010737294201861132,0.06062124248496994,2698.181932052025,0,0,0.0,61955.83653524859,0.0,0.0
06,097,151311,06097151311,1513.11,Census Tract 1513.11,G5020,S,4194569,0,+38.3260142,-122.6768445,Census Tract 1513.11; Sonoma County; California,7364,4318,90,3147,413,81,3930,198,228,113654,2618,26,7364,4312,141,657,1598,6,97,151311,Sonoma,4.194574877611625,0.020842982862436313,0.009931245225362872,0.09865678554886521,1755.6010358296508,0,0,0.0,51728.44410433885,0.0,0.0
06,001,408800,06001408800,4088,Census Tract 4088,G5020,S,1179466,0,+37.7589180,-122.1969979,Census Tract 4088; Alameda County; California,7968,3184,349,1864,294,27,3023,286,12,44100,2358,624,7968,328,2723,353,3644,6,1,408800,Alameda,1.179468057654338,0.10961055276381909,0.26463104325699743,0.0935929648241206,6755.587782382446,2,1,58.858661335785136,591.3232685730369,1.695679664252622,32.6
06,001,408900,06001408900,4089,Census Tract 4089,G5020,S,827293,0,+37.7541581,-122.1889463,Census Tract 4089; Alameda County; California,3956,1665,234,1081,194,7,1625,204,84,44077,1133,153,3956,171,836,172,2694,6,1,408900,Alameda,0.8272940037028013,0.14054054054054055,0.13503971756398941,0.17297297297297298,4781.855038588145,1,1,57.923045201461434,679.277865926338,1.208760120977792,74.0
06,001,409100,06001409100,4091,Census Tract 4091,G5020,S,490550,0,+37.7323419,-122.1834828,Census Tract 4091; Alameda County; California,2532,1252,123,530,436,23,1134,177,15,72204,685,165,2532,256,516,168,1559,6,1,409100,Alameda,0.4905499119588491,0.09824281150159744,0.24087591240875914,0.15335463258785942,5161.554284841871,0,0,0.0,2317.1602089042476,0.0,0.0
06,001,409200,06001409200,4092,Census Tract 4092,G5020,S,706471,0,+37.7291306,-122.1778427,Census Tract 4092; Alameda County; California,3615,1510,170,1019,279,9,1510,174,35,73621,1031,80,3615,45,987,164,2249,6,1,409200,Alameda,0.7064722608416615,0.11258278145695365,0.07759456838021339,0.13841059602649006,5116.9737304239525,0,0,0.0,1709.203977227856,0.0,0.0
06,001,409300,06001409300,4093,Census Tract 4093,G5020,S,1076042,0,+37.7378474,-122.1733603,Census Tract 4093; Alameda County; California,5743,2319,240,1683,300,38,2261,56,0,56058,1707,192,5743,129,1357,286,3769,6,1,409300,Alameda,1.076040265029798,0.1034928848641656,0.11247803163444639,0.02414833980163864,5337.160872730876,0,0,0.0,2101.618999061108,0.0,0.0
06,095,252702,06095252702,2527.02,Census Tract 2527.02,G5020,S,212284392,78862217,+38.1377528,-121.9771056,Census Tract 2527.02; Solano County; California,6893,2834,43,2532,121,0,2696,419,216,66590,2679,232,6893,1746,1960,997,1243,6,95,252702,Solano,291.14664493969093,0.015172900494001412,0.08659947741694662,0.2240649258997883,23.67535439547256,0,0,0.0,14434.99915195507,0.0,0.0
06,013,306002,06013306002,3060.02,Census Tract 3060.02,G5020,S,7511876,1806211,+38.0077971,-121.7619240,Census Tract 3060.02; Contra Costa County; California,4439,1694,87,1149,120,28,1408,255,45,100132,1473,12,4439,1589,284,697,1788,6,13,306002,Contra Costa,9.318089468413651,0.051357733175914994,0.008146639511201629,0.1770956316410862,476.38520911902265,0,0,7.423049804976007,1824.8412529867146,0.0,0.0
06,013,326000,06013326000,3260,Census Tract 3260,G5020,S,2382765,0,+37.9374179,-122.0884460,Census Tract 3260; Contra Costa County; California,3639,1617,116,920,156,33,1331,191,61,147569,1415,23,3639,2474,101,344,236,6,13,326000,Contra Costa,2.3827659931584138,0.07173778602350031,0.01625441696113074,0.15584415584415584,1527.216692889098,0,0,0.0,3015.7292040944462,0.0,0.0
06,013,340001,06013340001,3400.01,Census Tract 3400.01,G5020,S,2713062,0,+37.9232319,-122.0689509,Census Tract 3400.01; Contra Costa County; California,6118,3088,389,1583,435,20,2561,491,211,119792,2221,59,6118,3427,290,903,1136,6,13,340001,Contra Costa,2.7130597957981037,0.12597150259067358,0.02656461053579469,0.22733160621761658,2255.0184885255217,0,0,16.699151939068283,1275.813758875143,0.0,0.0
06,013,301000,06013301000,3010,Census Tract 3010,G5020,S,91144510,30622838,+38.0381229,-121.6299682,Census Tract 3010; Contra Costa County; California,5329,2274,0,1729,253,14,2009,530,303,108882,1915,58,5329,2964,466,377,1274,6,13,301000,Contra Costa,121.76735520250206,0.0,0.030287206266318537,0.36631486367634125,43.763782100200366,0,0,0.0,13980.760654807249,0.0,0.0
06,013,361000,06013361000,3610,Census Tract 3610,G5020,S,15994039,0,+37.9434498,-122.2881682,Census Tract 3610; Contra Costa County; California,4973,2516,113,1702,176,0,2068,247,78,110341,1770,60,4973,1493,527,973,1604,6,13,361000,Contra Costa,15.994039278659061,0.04491255961844197,0.03389830508474576,0.12917329093799682,310.928334822555,0,0,0.0,3234.1364340179307,0.0,0.0
06,013,352102,06013352102,3521.02,Census Tract 3521.02,G5020,S,22596611,247152,+37.8172535,-122.1053920,Census Tract 3521.02; Contra Costa County; California,5187,2279,237,1043,66,125,1553,207,54,239886,1659,10,5187,3033,37,1070,647,6,13,352102,Contra Costa,22.84376392760093,0.1039929793769197,0.006027727546714889,0.11452391399736726,227.06415704693998,0,0,0.0,8454.803413805512,0.0,0.0
06,013,338302,06013338302,3383.02,Census Tract 3383.02,G5020,S,6912890,0,+37.9065751,-122.0146435,Census Tract 3383.02; Contra Costa County; California,5513,2593,239,1318,210,115,1910,170,107,193873,2027,14,5513,3211,85,999,794,6,13,338302,Contra Costa,6.9128911618223094,0.09217123023524874,0.006906758756783424,0.1068260701889703,797.495558796953,0,0,0.0,4364.402556396194,0.0,0.0
06,013,346101,06013346101,3461.01,Census Tract 3461.01,G5020,S,9007744,0,+37.8805837,-122.0082587,Census Tract 3461.01; Contra Costa County; California,3364,1478,119,814,25,8,966,150,69,222857,1288,18,3364,2403,106,641,105,6,13,346101,Contra Costa,9.007743733207194,0.08051420838971583,0.013975155279503106,0.14817320703653586,373.45645032046804,0,0,0.0,5893.533670558414,0.0,0.0
06,013,378000,06013378000,3780,Census Tract 3780,G5020,S,16922839,10761640,+37.9448236,-122.4048055,Census Tract 3780; Contra Costa County; California,3887,2274,145,1228,85,96,1618,209,94,129870,1873,53,3887,2548,39,308,715,6,13,378000,Contra Costa,27.68447788030121,0.06376429199648197,0.02829684997330486,0.13324538258575197,140.40358704997578,0,0,0.0,3568.841915056778,0.0,0.0
06,013,349000,06013349000,3490,Census Tract 3490,G5020,S,3532773,0,+37.8895825,-122.1040793,Census Tract 3490; Contra Costa County; California,5815,2616,259,872,57,0,1291,226,12,116875,2191,160,5815,4346,35,683,484,6,13,349000,Contra Costa,3.5327728842207615,0.09900611620795106,0.0730260155180283,0.09097859327217125,1646.01580417832,0,0,5.158438988786649,1847.2784670650165,0.0,0.0
06,013,369002,06013369002,3690.02,Census Tract 3690.02,G5020,S,1509352,0,+37.9587227,-122.3236640,Census Tract 3690.02; Contra Costa County; California,2728,1330,41,830,278,13,1192,21,36,72821,1034,0,2728,1107,379,246,797,6,13,369002,Contra Costa,1.5093508199873469,0.030827067669172932,0.0,0.04285714285714286,1807.3995547455754,0,0,0.0,3545.690964623059,0.0,0.0
06,013,345105,06013345105,3451.05,Census Tract 3451.05,G5020,S,3673802,0,+37.7968123,-121.9796040,Census Tract 3451.05; Contra Costa County; California,6233,2857,104,1735,106,24,1983,283,11,183444,2097,27,6233,3874,22,1384,496,6,13,345105,Contra Costa,3.6737960668949188,0.03640182009100455,0.012875536480686695,0.10290514525726287,1696.6102327144447,0,0,0.0,11695.341499245664,0.0,0.0
06,013,337300,06013337300,3373,Census Tract 3373,G5020,S,4373704,0,+37.9402165,-122.0080941,Census Tract 3373; Contra Costa County; California,5994,2685,269,1680,220,19,2264,341,227,159250,2371,70,5994,3872,45,971,727,6,13,337300,Contra Costa,4.373701074254913,0.10018621973929237,0.029523407844791228,0.21154562383612663,1370.46402994542,0,0,0.0,4156.621495593907,0.0,0.0
06,013,343003,06013343003,3430.03,Census Tract 3430.03,G5020,S,5438269,0,+37.8871646,-122.0283977,Census Tract 3430.03; Contra Costa County; California,3847,1815,129,981,76,54,1300,135,55,160786,1392,15,3847,3048,27,432,143,6,13,343003,Contra Costa,5.438271039677955,0.07107438016528926,0.010775862068965518,0.1046831955922865,707.3939441289436,0,0,0.0,3994.413370780463,0.0,0.0
06,013,345103,06013345103,3451.03,Census Tract 3451.03,G5020,S,3249661,0,+37.7387221,-121.9283794,Census Tract 3451.03; Contra Costa County; California,5286,2661,130,1769,161,14,2155,448,158,220852,2000,169,5286,2819,99,1526,351,6,13,345103,Contra Costa,3.249663675567152,0.04885381435550545,0.0845,0.2277339346110485,1626.6298693440804,0,0,0.0,4331.29033273584,0.0,0.0
06,013,352202,06013352202,3522.02,Census Tract 3522.02,G5020,S,13722947,0,+37.8296923,-122.1594391,Census Tract 3522.02; Contra Costa County; California,2674,1322,147,667,93,73,981,79,17,169591,1079,21,2674,1891,0,519,39,6,13,352202,Contra Costa,13.72294406700249,0.11119515885022693,0.019462465245597776,0.07261724659606657,194.8561465341659,0,0,0.0,5824.631935980025,0.0,0.0
06,013,346102,06013346102,3461.02,Census Tract 3461.02,G5020,S,20268412,0,+37.8637100,-121.9837208,Census Tract 3461.02; Contra Costa County; California,5396,2654,175,1566,195,45,1991,320,116,250001,1808,30,5396,3955,5,656,411,6,13,346102,Contra Costa,20.26841623754694,0.06593820648078372,0.016592920353982302,0.16428033157498115,266.2270172843594,0,0,0.0,8704.344887310463,0.0,0.0
06,013,321200,06013321200,3212,Census Tract 3212,G5020,S,2295589,0,+37.9821461,-122.0714008,Census Tract 3212; Contra Costa County; California,5616,2997,86,1828,566,64,2555,438,55,107025,2354,79,5616,2245,208,1996,703,6,13,321200,Contra Costa,2.2955817957979052,0.02869536202869536,0.033559898045879354,0.16449783116449784,2446.4386371595065,0,0,0.0,3823.5360785087846,0.0,0.0
06,013,325000,06013325000,3250,Census Tract 3250,G5020,S,2937535,0,+37.9354715,-122.0743431,Census Tract 3250; Contra Costa County; California,6161,3067,192,1573,416,149,2430,154,106,143520,2268,269,6161,3321,351,833,1143,6,13,325000,Contra Costa,2.9375364411441343,0.0626018910987936,0.11860670194003527,0.08477339419628302,2097.335683638487,0,0,1.9307705369690529,1787.5253064151598,0.0,0.0
06,013,343001,06013343001,3430.01,Census Tract 3430.01,G5020,S,2611930,0,+37.8931142,-122.0459606,Census Tract 3430.01; Contra Costa County; California,5940,3110,482,1621,210,53,2389,401,193,159744,2282,131,5940,4338,17,332,532,6,13,343001,Contra Costa,2.6119295124970043,0.15498392282958198,0.05740578439964943,0.1909967845659164,2274.1808198037324,0,0,0.0,2344.103120359631,0.0,0.0
06,013,321102,06013321102,3211.02,Census Tract 3211.02,G5020,S,5326109,0,+37.9754057,-122.0929416,Census Tract 3211.02; Contra Costa County; California,6133,3028,134,2051,318,0,2503,378,17,139167,2556,84,6133,4070,139,881,827,6,13,321102,Contra Costa,5.326110801721338,0.04425363276089828,0.03286384976525822,0.13044914134742405,1151.496885498117,0,0,0.0,5601.342182910034,0.0,0.0
06,013,307204,06013307204,3072.04,Census Tract 3072.04,G5020,S,1499997,0,+37.9946847,-121.8308707,Census Tract 3072.04; Contra Costa County; California,4567,2175,259,1487,263,3,2076,345,248,101549,1515,27,4567,1544,385,388,1857,6,13,307204,Contra Costa,1.4999953084327964,0.11908045977011494,0.01782178217821782,0.27264367816091956,3044.6761895353043,0,0,0.0,4429.447093152792,0.0,0.0
06,001,409400,06001409400,4094,Census Tract 4094,G5020,S,1253618,0,+37.7446130,-122.1803623,Census Tract 4094; Alameda County; California,4710,2063,70,1552,238,0,1897,84,83,66602,1335,79,4710,217,851,432,3107,6,1,409400,Alameda,1.2536178839443404,0.033931168201648085,0.05917602996254682,0.08095007270964615,3757.125724132634,0,0,0.0,1635.6645974613589,0.0,0.0
06,001,409500,06001409500,4095,Census Tract 4095,G5020,S,836611,0,+37.7504463,-122.1837659,Census Tract 4095; Alameda County; California,4291,1558,209,1048,96,63,1422,126,140,54000,1100,133,4291,505,759,72,2755,6,1,409500,Alameda,0.8366102164251957,0.13414634146341464,0.12090909090909091,0.17073170731707318,5129.031316800413,0,0,21.89791453735788,1117.8597553013797,0.0,0.0
06,001,409600,06001409600,4096,Census Tract 4096,G5020,S,747478,0,+37.7532669,-122.1726197,Census Tract 4096; Alameda County; California,5139,2136,263,1548,121,0,1947,128,0,54012,1751,158,5139,172,1247,77,3599,6,1,409600,Alameda,0.7474788085804336,0.12312734082397003,0.09023415191319246,0.0599250936329588,6875.111295475623,0,0,0.0,2084.1605319377404,0.0,0.0
06,001,409700,06001409700,4097,Census Tract 4097,G5020,S,810928,0,+37.7564185,-122.1658933,Census Tract 4097; Alameda County; California,5240,2015,269,1519,131,9,1959,138,20,47161,1648,343,5240,424,1875,168,1906,6,1,409700,Alameda,0.8109302752336768,0.1334987593052109,0.20813106796116504,0.07841191066997519,6461.714601159819,0,0,0.0,2713.0802866316494,0.0,0.0
06,001,410100,06001410100,4101,Census Tract 4101,G5020,S,808994,0,+37.7477424,-122.1533513,Census Tract 4101; Alameda County; California,3172,1464,154,884,118,25,1250,190,69,84135,1143,95,3172,310,1645,326,564,6,1,410100,Alameda,0.808992302643469,0.1051912568306011,0.0831146106736658,0.17691256830601093,3920.927293912625,0,0,0.0,2955.1568614425087,0.0,0.0
06,095,250900,06095250900,2509,Census Tract 2509,G5020,S,812796,158294,+38.1017927,-122.2590380,Census Tract 2509; Solano County; California,2911,1037,58,650,120,101,1011,30,63,39709,1500,332,2911,427,1414,456,360,6,95,250900,Solano,0.97109020613911,0.055930568948891035,0.22133333333333333,0.08968177434908389,2997.661784247256,0,0,0.0,20053.686364722493,0.0,0.0
06,095,252104,06095252104,2521.04,Census Tract 2521.04,G5020,S,9776470,434254,+38.0908319,-122.1636212,Census Tract 2521.04; Solano County; California,5837,2721,117,1907,214,8,2275,301,226,158229,1820,6,5837,2615,389,1464,854,6,95,252104,Solano,10.210730457848873,0.04299889746416759,0.0032967032967032967,0.19367879456082324,571.6535192164596,0,0,0.0,15918.13788043713,0.0,0.0
06,095,252102,06095252102,2521.02,Census Tract 2521.02,G5020,S,46270004,32100065,+38.0870342,-122.1072279,Census Tract 2521.02; Solano County; California,4224,1901,98,1235,173,0,1537,260,36,105109,1642,60,4224,2399,182,497,715,6,95,252102,Solano,78.37007943259823,0.051551814834297736,0.03654080389768575,0.1557075223566544,53.89812069327847,0,0,0.0,11798.00529129113,0.0,0.0
06,095,252604,06095252604,2526.04,Census Tract 2526.04,G5020,S,1569705,0,+38.2641804,-122.0512736,Census Tract 2526.04; Solano County; California,4004,2046,12,1596,348,27,1989,179,107,100122,1136,36,4004,836,558,261,1910,6,95,252604,Solano,1.5697037768818725,0.005865102639296188,0.03169014084507042,0.13978494623655913,2550.7997489524546,0,0,0.0,28825.936928191877,0.0,0.0
06,095,251902,06095251902,2519.02,Census Tract 2519.02,G5020,S,2061240,0,+38.1482702,-122.2443068,Census Tract 2519.02; Solano County; California,5481,2446,88,1515,656,20,2350,330,298,93750,1585,37,5481,381,925,1201,2527,6,95,251902,Solano,2.0612415963398036,0.035977105478331974,0.02334384858044164,0.25674570727718726,2659.0769416514513,0,0,0.0,25099.081046421357,0.0,0.0
06,095,252910,06095252910,2529.10,Census Tract 2529.10,G5020,S,1657070,0,+38.3401253,-121.9444368,Census Tract 2529.10; Solano County; California,4900,2394,30,1899,151,0,2142,158,219,120795,1706,29,4900,2483,258,556,1004,6,95,252910,Solano,1.657070406409769,0.012531328320802004,0.016998827667057445,0.15747702589807852,2957.0258336918864,0,0,0.0,35703.51686160263,0.0,0.0
06,001,410200,06001410200,4102,Census Tract 4102,G5020,S,585837,0,+37.7453063,-122.1571742,Census Tract 4102; Alameda County; California,3238,1653,84,1164,160,0,1467,193,33,75106,1106,107,3238,343,1432,152,1205,6,1,410200,Alameda,0.5858366956972573,0.050816696914700546,0.09674502712477397,0.1367211131276467,5527.137551781667,0,0,0.0,2630.943422660191,0.0,0.0
06,001,410400,06001410400,4104,Census Tract 4104,G5020,S,706611,0,+37.7408161,-122.1621741,Census Tract 4104; Alameda County; California,4687,2367,235,1424,354,53,2118,307,59,82188,1432,221,4687,218,1465,370,2415,6,1,410400,Alameda,0.7066067563292014,0.09928179129700042,0.1543296089385475,0.15462610899873258,6633.109516739988,0,0,0.0,2117.1940033930537,0.0,0.0
06,001,420100,06001420100,4201,Census Tract 4201,G5020,S,562477,0,+37.8946938,-122.2909385,Census Tract 4201; Alameda County; California,2631,1272,128,462,93,75,809,59,40,188125,1022,57,2631,1426,122,517,350,6,1,420100,Alameda,0.5624759644169968,0.10062893081761007,0.05577299412915851,0.07783018867924528,4677.5332039779105,0,0,11.259314913473876,1125.6709763468566,0.0,0.0
06,001,420200,06001420200,4202,Census Tract 4202,G5020,S,449142,0,+37.8944075,-122.2974489,Census Tract 4202; Alameda County; California,3275,1953,334,864,54,146,1438,216,33,140508,1303,93,3275,1148,185,1297,158,6,1,420200,Alameda,0.44914331612259867,0.1710189452124936,0.0713737528779739,0.12749615975422426,7291.659215309468,0,0,35.21402688988227,920.0409620366368,0.0,0.0
06,001,420500,06001420500,4205,Census Tract 4205,G5020,S,420968,0,+37.8866878,-122.2949826,Census Tract 4205; Alameda County; California,2548,1307,162,564,115,29,964,100,62,127000,962,84,2548,1245,57,630,404,6,1,420500,Alameda,0.42096756272049474,0.12394797245600613,0.08731808731808732,0.12394797245600613,6052.722883287252,0,0,0.0,1729.352150996651,0.0,0.0
06,001,421100,06001421100,4211,Census Tract 4211,G5020,S,745511,0,+37.8994340,-122.2661928,Census Tract 4211; Alameda County; California,2108,1088,118,500,49,1,683,226,42,234243,835,30,2108,1615,35,217,111,6,1,421100,Alameda,0.7455123122436631,0.10845588235294118,0.03592814371257485,0.24632352941176472,2827.5857626762063,0,0,0.0,2893.6456652449283,0.0,0.0
06,001,421400,06001421400,4214,Census Tract 4214,G5020,S,474778,0,+37.8883409,-122.2709220,Census Tract 4214; Alameda County; California,1638,771,96,231,103,37,491,89,17,208500,620,25,1638,1270,31,114,147,6,1,421400,Alameda,0.47477860945005684,0.1245136186770428,0.04032258064516129,0.13748378728923477,3450.0290606969843,0,0,0.0,1937.116058010298,0.0,0.0
06,001,421700,06001421700,4217,Census Tract 4217,G5020,S,573819,0,+37.8819398,-122.2701842,Census Tract 4217; Alameda County; California,3421,1790,294,498,11,243,1267,66,46,108339,1669,231,3421,2234,140,786,199,6,1,421700,Alameda,0.5738227222439565,0.16424581005586592,0.1384062312762133,0.06256983240223464,5961.771584474808,0,0,0.0,1326.6450507146246,0.0,0.0
06,001,421800,06001421800,4218,Census Tract 4218,G5020,S,528482,0,+37.8802854,-122.2782006,Census Tract 4218; Alameda County; California,2260,1176,232,468,27,68,913,85,38,171168,919,56,2260,1584,20,354,114,6,1,421800,Alameda,0.5284808725818011,0.19727891156462585,0.060935799782372145,0.10459183673469388,4276.408319111275,0,0,41.52355018904656,837.0266429502575,0.0,0.0
06,001,421900,06001421900,4219,Census Tract 4219,G5020,S,845060,0,+37.8794472,-122.2896362,Census Tract 4219; Alameda County; California,4141,2393,403,880,180,160,1716,233,113,160063,1676,177,4141,2089,549,871,298,6,1,421900,Alameda,0.8450578709268568,0.16840785624738822,0.10560859188544153,0.14458838278311742,4900.256115546459,0,0,41.63170535964979,805.4039068332709,0.0,0.0
06,001,420600,06001420600,4206,Census Tract 4206,G5020,S,797566,0,+37.8869937,-122.2870443,Census Tract 4206; Alameda County; California,3488,1704,253,541,46,63,997,173,29,169868,1328,30,3488,2222,36,491,272,6,1,420600,Alameda,0.7975684009803693,0.14847417840375587,0.022590361445783132,0.11854460093896714,4373.292617551746,0,0,0.0,1474.0141715674536,0.0,0.0
06,075,023102,06075023102,231.02,Census Tract 231.02,G5020,S,487258,0,+37.7345195,-122.3845849,Census Tract 231.02; San Francisco County; California,3569,1385,527,559,118,72,1276,272,14,46786,1174,250,3569,186,1435,315,1228,6,75,23102,San Francisco,0.48725899542647516,0.3805054151624549,0.21294718909710392,0.20649819494584837,7324.646714579831,29,1,100.0,3583.411324475213,59.5166026121645,0.0
06,075,023200,06075023200,232,Census Tract 232,G5020,S,856567,0,+37.7277635,-122.3861501,Census Tract 232; San Francisco County; California,4222,2086,584,689,325,86,1796,179,35,122803,1204,99,4222,403,1247,1261,1260,6,75,23200,San Francisco,0.8565664577093933,0.2799616490891659,0.08222591362126246,0.10258868648130393,4928.981238992661,27,1,100.0,3948.901466484791,31.52119693339693,0.0
06,075,023300,06075023300,233,Census Tract 233,G5020,S,633256,0,+37.7254423,-122.3977657,Census Tract 233; San Francisco County; California,3950,1858,466,968,195,41,1707,128,47,74844,1307,252,3950,263,466,2256,893,6,75,23300,San Francisco,0.6332539091324099,0.25080731969860065,0.1928079571537873,0.09418729817007535,6237.6243447303805,14,1,100.0,3261.444837585723,22.108035652208944,0.0
06,075,022901,06075022901,229.01,Census Tract 229.01,G5020,S,248905,0,+37.7512010,-122.4139445,Census Tract 229.01; San Francisco County; California,4386,2661,781,756,231,124,2145,187,24,96964,1427,413,4386,1248,42,314,2633,6,75,22901,San Francisco,0.24890359711862892,0.2934986847049981,0.28941836019621586,0.079293498684705,17621.280089052336,13,1,99.99999999999999,418.75799615801304,52.22905635150031,0.0
06,001,407000,06001407000,4070,Census Tract 4070,G5020,S,862936,0,+37.7879458,-122.2024901,Census Tract 4070; Alameda County; California,6202,2934,254,1457,432,97,2292,88,58,89755,1995,208,6202,1135,970,1263,2257,6,1,407000,Alameda,0.8629383058308383,0.08657123381049761,0.10426065162907268,0.04976141785957737,7187.072306436444,0,0,0.0,2390.3043150775075,0.0,0.0
06,001,407200,06001407200,4072,Census Tract 4072,G5020,S,715073,0,+37.7777848,-122.2192819,Census Tract 4072; Alameda County; California,6544,3091,648,1682,234,134,2829,342,81,59937,1843,278,6544,920,211,648,4626,6,1,407200,Alameda,0.7150722781557144,0.20964089291491428,0.15084102007596312,0.13684891620834683,9151.522440330118,0,0,77.3300812674538,530.9789969469734,0.0,0.0
06,085,504316,06085504316,5043.16,Census Tract 5043.16,G5020,S,1128524,0,+37.3869267,-121.8708177,Census Tract 5043.16; Santa Clara County; California,5410,2942,8,1966,402,38,2490,73,149,174706,1510,22,5410,357,7,3978,957,6,85,504316,Santa Clara,1.1285240936218766,0.002719238613188307,0.01456953642384106,0.07545887151597552,4793.871952380908,0,0,0.0,2076.9180428155714,0.0,0.0
06,001,407300,06001407300,4073,Census Tract 4073,G5020,S,2370917,209253,+37.7621786,-122.2109235,Census Tract 4073; Alameda County; California,2459,1082,134,529,216,100,997,149,80,77813,649,54,2459,268,207,298,1604,6,1,407300,Alameda,2.5801697933217254,0.12384473197781885,0.08320493066255778,0.21164510166358594,953.0380544585282,0,0,5.172296785793157,1660.8982252459018,0.0,0.0
06,001,407400,06001407400,4074,Census Tract 4074,G5020,S,511491,0,+37.7710407,-122.2067479,Census Tract 4074; Alameda County; California,4242,1730,96,1242,141,61,1550,90,117,57961,1273,199,4242,253,1548,466,1882,6,1,407400,Alameda,0.5114906168187456,0.055491329479768786,0.1563236449332286,0.11965317919075144,8293.40726988002,0,0,0.0,1581.905587814964,0.0,0.0
06,001,407600,06001407600,4076,Census Tract 4076,G5020,S,1022710,0,+37.7775293,-122.2031992,Census Tract 4076; Alameda County; California,6459,3458,304,2139,309,0,2860,213,132,86761,2043,73,6459,1637,1617,705,2189,6,1,407600,Alameda,1.0227099571981997,0.08791208791208792,0.03573176700930005,0.09976865240023135,6315.5735939982205,0,0,0.0,1859.1443064051402,0.0,0.0
06,001,407700,06001407700,4077,Census Tract 4077,G5020,S,914283,0,+37.7765251,-122.1932278,Census Tract 4077; Alameda County; California,4238,2169,334,1119,165,11,1684,300,87,116814,1684,72,4238,1896,897,325,769,6,1,407700,Alameda,0.9142846528826046,0.15398801290917474,0.04275534441805225,0.17842323651452283,4635.317881185265,0,0,0.0,2566.2887729170784,0.0,0.0
06,001,407800,06001407800,4078,Census Tract 4078,G5020,S,1221764,0,+37.7817468,-122.1868539,Census Tract 4078; Alameda County; California,2769,1267,274,592,51,71,1008,205,115,113438,744,53,2769,989,602,340,671,6,1,407800,Alameda,1.2217645940324182,0.21625887924230466,0.07123655913978495,0.2525651144435675,2266.3940447487935,0,0,0.0,3246.187992246017,0.0,0.0
06,085,503324,06085503324,5033.24,Census Tract 5033.24,G5020,S,827970,0,+37.3276407,-121.7892747,Census Tract 5033.24; Santa Clara County; California,3420,1592,47,1000,170,0,1240,161,49,158404,908,10,3420,374,56,2233,576,6,85,503324,Santa Clara,0.8279668375321562,0.029522613065326633,0.011013215859030838,0.13190954773869346,4130.600218474542,0,0,0.0,8813.616883834044,0.0,0.0
06,001,423700,06001423700,4237,Census Tract 4237,G5020,S,728688,0,+37.8618284,-122.2490093,Census Tract 4237; Alameda County; California,3606,1648,134,499,44,426,1183,166,24,108750,1205,230,3606,2179,86,533,603,6,1,423700,Alameda,0.7286897570378174,0.08131067961165049,0.1908713692946058,0.11529126213592233,4948.6080532525675,0,0,0.0,1903.9476939942697,0.0,0.0
06,001,423800,06001423800,4238,Census Tract 4238,G5020,S,1084723,0,+37.8547209,-122.2441397,Census Tract 4238; Alameda County; California,3425,1568,225,536,40,46,1059,168,55,191838,1421,45,3425,2485,37,393,189,6,1,423800,Alameda,1.0847279324750334,0.1434948979591837,0.03166783954961295,0.14221938775510204,3157.4737751844805,0,0,2.8362353640472544,1268.959210334472,0.0,0.0
06,085,503509,06085503509,5035.09,Census Tract 5035.09,G5020,S,1078698,0,+37.3487217,-121.8014720,Census Tract 5035.09; Santa Clara County; California,4396,1966,18,1546,256,0,1820,226,57,139130,834,9,4396,252,137,1198,2791,6,85,503509,Santa Clara,1.078697412239073,0.009155645981688708,0.01079136690647482,0.14394710071210579,4075.28557139591,0,0,0.0,6836.560482021826,0.0,0.0
06,001,423901,06001423901,4239.01,Census Tract 4239.01,G5020,S,394492,0,+37.8522460,-122.2675640,Census Tract 4239.01; Alameda County; California,2258,1328,269,398,138,0,1004,167,17,105625,859,128,2258,1168,286,153,444,6,1,423901,Alameda,0.3944911808073143,0.20256024096385541,0.1490104772991851,0.13855421686746988,5723.828845499336,2,1,100.0,212.75976469572316,5.069821829494541,21.0
06,001,427700,06001427700,4277,Census Tract 4277,G5020,S,999701,708894,+37.7681553,-122.2868948,Census Tract 4277; Alameda County; California,5009,2869,393,1370,207,123,2141,274,89,120804,2173,365,5009,3052,107,1129,530,6,1,427700,Alameda,1.7085989815606413,0.136981526664343,0.1679705476300046,0.12652492157546183,2931.641686585087,0,0,0.0,3580.876248191505,0.0,0.0
06,001,427800,06001427800,4278,Census Tract 4278,G5020,S,831152,0,+37.7714922,-122.2690581,Census Tract 4278; Alameda County; California,4274,2379,402,1142,158,22,1771,207,94,132647,1778,156,4274,2198,187,978,402,6,1,427800,Alameda,0.8311490073679176,0.16897856242118536,0.08773903262092239,0.12652374947456915,5142.278895976669,0,0,0.0,2887.6337284997912,0.0,0.0
06,085,504317,06085504317,5043.17,Census Tract 5043.17,G5020,S,1191011,0,+37.3828815,-121.8767483,Census Tract 5043.17; Santa Clara County; California,3763,2023,107,1436,278,28,1849,133,93,157610,1037,85,3763,350,10,2652,645,6,85,504317,Santa Clara,1.191013303492691,0.052891744933267426,0.08196721311475409,0.11171527434503213,3159.4945152710397,0,0,2.394059842814539,1609.859560977303,0.0,0.0
06,085,504319,06085504319,5043.19,Census Tract 5043.19,G5020,S,2088417,0,+37.3737018,-121.8672416,Census Tract 5043.19; Santa Clara County; California,6720,3364,38,2223,206,52,2547,214,39,175625,2113,43,6720,471,122,4604,1219,6,85,504319,Santa Clara,2.088417769513062,0.011296076099881093,0.020350212967345006,0.07520808561236624,3217.746993967995,2,1,43.08894676909313,874.9439537238982,0.9576627958238081,20.9
06,085,504320,06085504320,5043.20,Census Tract 5043.20,G5020,S,923882,0,+37.4028050,-121.8713866,Census Tract 5043.20; Santa Clara County; California,3000,1449,15,1100,146,0,1268,69,5,176500,912,51,3000,416,40,2163,241,6,85,504320,Santa Clara,0.923881528216688,0.010351966873706004,0.05592105263157895,0.05106970324361629,3247.1695865493884,0,0,0.0,1885.8786178821495,0.0,0.0
06,001,424001,06001424001,4240.01,Census Tract 4240.01,G5020,S,507530,0,+37.8503694,-122.2746228,Census Tract 4240.01; Alameda County; California,3631,1954,574,539,145,98,1463,151,93,87500,1398,255,3631,1683,658,508,593,6,1,424001,Alameda,0.5075304422291399,0.2937563971340839,0.18240343347639484,0.12487205731832139,7154.250657462387,0,0,89.3741208613873,519.0941285927886,0.0,0.0
06,001,428100,06001428100,4281,Census Tract 4281,G5020,S,994804,38328,+37.7589136,-122.2346068,Census Tract 4281; Alameda County; California,4866,2552,389,1333,136,12,1881,194,121,155071,1856,113,4866,2495,332,1102,470,6,1,428100,Alameda,1.033132375494932,0.1524294670846395,0.06088362068965517,0.12343260188087775,4709.948226788359,0,0,0.0,1907.7121667550164,0.0,0.0
06,001,428200,06001428200,4282,Census Tract 4282,G5020,S,1362067,804742,+37.7533497,-122.2396803,Census Tract 4282; Alameda County; California,6475,2990,362,1468,244,89,2285,234,165,103333,2712,148,6475,3329,215,1267,852,6,1,428200,Alameda,2.166814254320848,0.12107023411371237,0.05457227138643068,0.13344481605351172,2988.257986160185,0,0,0.0,2743.3956258906946,0.0,0.0
06,085,503511,06085503511,5035.11,Census Tract 5035.11,G5020,S,829161,0,+37.3426023,-121.8140638,Census Tract 5035.11; Santa Clara County; California,3499,1659,7,1274,265,0,1564,167,41,114167,814,55,3499,152,161,1499,1644,6,85,503511,Santa Clara,0.8291620790463643,0.004219409282700422,0.06756756756756757,0.12537673297166968,4219.922845512025,0,0,0.0,6083.961037760866,0.0,0.0
06,085,503601,06085503601,5036.01,Census Tract 5036.01,G5020,S,1372315,0,+37.3583268,-121.8661802,Census Tract 5036.01; Santa Clara County; California,3582,1855,96,1128,426,19,1702,173,48,90750,885,75,3582,673,107,738,2025,6,85,503601,Santa Clara,1.3723143145611292,0.05175202156334232,0.0847457627118644,0.11913746630727763,2610.1891979065567,0,0,18.097030402124744,1356.5620258028089,0.0,0.0
06,085,504321,06085504321,5043.21,Census Tract 5043.21,G5020,S,1450237,0,+37.3931319,-121.8651427,Census Tract 5043.21; Santa Clara County; California,5412,2981,165,1938,382,0,2598,182,88,172857,1640,34,5412,519,68,3378,999,6,85,504321,Santa Clara,1.450236975910089,0.055350553505535055,0.020731707317073172,0.09057363300905737,3731.8038981896225,0,0,0.0,2865.114031490164,0.0,0.0
06,085,504410,06085504410,5044.10,Census Tract 5044.10,G5020,S,1102136,0,+37.4093719,-121.8788884,Census Tract 5044.10; Santa Clara County; California,4124,2266,38,1623,169,39,1955,0,67,143173,1187,119,4124,511,114,2397,963,6,85,504410,Santa Clara,1.1021354076688314,0.01676963812886143,0.10025273799494525,0.029567519858781994,3741.8269763447934,0,0,18.804004819313086,1054.4010544417727,0.0,0.0
06,085,507003,06085507003,5070.03,Census Tract 5070.03,G5020,S,9531458,0,+37.2199919,-121.9979469,Census Tract 5070.03; Santa Clara County; California,3074,1360,18,842,15,11,886,75,0,240179,1200,58,3074,2219,2,588,208,6,85,507003,Santa Clara,9.531460165957945,0.013235294117647059,0.04833333333333333,0.05514705882352941,322.5109213569327,0,0,0.0,19782.681122259528,0.0,0.0
06,081,602601,06081602601,6026.01,Census Tract 6026.01,G5020,S,774621,0,+37.6463794,-122.4568702,Census Tract 6026.01; San Mateo County; California,4096,2095,188,1429,231,5,1880,143,94,156595,1501,95,4096,752,34,2581,550,6,81,602601,San Mateo,0.7746204828722043,0.08973747016706445,0.06329113924050633,0.11312649164677804,5287.750699300514,0,0,0.0,2294.5775076120253,0.0,0.0
06,081,602001,06081602001,6020.01,Census Tract 6020.01,G5020,S,1461481,0,+37.6626495,-122.4197376,Census Tract 6020.01; San Mateo County; California,3946,2220,344,1205,377,0,1951,168,15,141995,1513,101,3946,1219,43,1710,936,6,81,602001,San Mateo,1.461481375177838,0.15495495495495495,0.0667547918043622,0.08243243243243244,2700.000196389665,0,0,0.0,2164.1080003841253,0.0,0.0
06,013,367100,06013367100,3671,Census Tract 3671,G5020,S,1740741,32931,+37.9706090,-122.3305065,Census Tract 3671; Contra Costa County; California,5773,2943,334,2027,423,60,2844,484,185,66885,2022,74,5773,476,1699,1174,1812,6,13,367100,Contra Costa,1.773673218352181,0.11348963642541625,0.036597428288822946,0.2273190621814475,3254.8272930249045,0,0,0.0,4447.437183065015,0.0,0.0
06,085,503510,06085503510,5035.10,Census Tract 5035.10,G5020,S,1032932,0,+37.3494389,-121.8196391,Census Tract 5035.10; Santa Clara County; California,4565,2402,41,1642,395,26,2104,93,76,101607,1151,40,4565,438,7,843,3115,6,85,503510,Santa Clara,1.0329306127790412,0.01706910907577019,0.03475238922675934,0.07035803497085762,4419.464331411504,0,0,0.0,5307.710344816656,0.0,0.0
06,085,507004,06085507004,5070.04,Census Tract 5070.04,G5020,S,2423643,0,+37.2260168,-121.9763843,Census Tract 5070.04; Santa Clara County; California,3926,1743,0,1303,0,65,1397,27,0,198306,1735,26,3926,3054,126,497,201,6,85,507004,Santa Clara,2.4236505046664565,0.0,0.014985590778097982,0.01549053356282272,1619.8705186415882,0,0,0.0,18212.608750254316,0.0,0.0
06,085,502204,06085502204,5022.04,Census Tract 5022.04,G5020,S,331145,0,+37.3013832,-121.9258424,Census Tract 5022.04; Santa Clara County; California,3242,1466,80,1008,88,36,1387,172,11,67552,1206,145,3242,1164,395,728,845,6,85,502204,Santa Clara,0.331143911153144,0.054570259208731244,0.12023217247097844,0.12482946793997271,9790.305334953518,0,0,0.0,8720.616136820021,0.0,0.0
06,085,502203,06085502203,5022.03,Census Tract 5022.03,G5020,S,643887,0,+37.3063756,-121.9180681,Census Tract 5022.03; Santa Clara County; California,4211,2613,28,1820,186,161,2233,45,15,132125,1775,196,4211,1549,193,1002,1223,6,85,502203,Santa Clara,0.6438842453060217,0.010715652506697282,0.1104225352112676,0.022962112514351322,6539.995396220044,0,0,0.0,7895.166707995829,0.0,0.0
06,085,501902,06085501902,5019.02,Census Tract 5019.02,G5020,S,1064609,0,+37.3162127,-121.9087833,Census Tract 5019.02; Santa Clara County; California,3385,2230,141,1394,169,52,1915,147,44,142981,1693,78,3385,889,29,875,1446,6,85,501902,Santa Clara,1.0646088279985382,0.06322869955156951,0.04607206142941524,0.08565022421524664,3179.5716050596643,0,0,0.0,6542.989749821245,0.0,0.0
06,085,502104,06085502104,5021.04,Census Tract 5021.04,G5020,S,770515,0,+37.3061059,-121.9278721,Census Tract 5021.04; Santa Clara County; California,2634,1527,58,1086,97,122,1383,73,77,121875,982,5,2634,832,57,395,1099,6,85,502104,Santa Clara,0.7705149332731666,0.03798297314996726,0.0050916496945010185,0.09823182711198428,3418.4931222691594,0,0,0.0,8375.452004885417,0.0,0.0
06,085,502103,06085502103,5021.03,Census Tract 5021.03,G5020,S,1029808,0,+37.3133200,-121.9236600,Census Tract 5021.03; Santa Clara County; California,4261,2388,95,1750,262,21,2158,102,18,81283,1647,65,4261,1270,383,610,1857,6,85,502103,Santa Clara,1.0298052344269584,0.039782244556113906,0.03946569520340012,0.05025125628140704,4137.675608505778,0,0,0.0,7503.77008181446,0.0,0.0
06,085,504424,06085504424,5044.24,Census Tract 5044.24,G5020,S,25455452,119350,+37.4524963,-121.8635532,Census Tract 5044.24; Santa Clara County; California,5269,2775,71,1793,237,22,2144,122,19,151302,1560,102,5269,648,91,3337,771,6,85,504424,Santa Clara,25.57479806397367,0.025585585585585584,0.06538461538461539,0.05081081081081081,206.02313210137356,0,0,0.0,5296.575677848912,0.0,0.0
06,085,505015,06085505015,5050.15,Census Tract 5050.15,G5020,S,2260681,0,+37.4161406,-121.9408683,Census Tract 5050.15; Santa Clara County; California,5229,3381,111,1768,411,169,2507,152,38,173345,1834,92,5229,1042,23,2190,1559,6,85,505015,Santa Clara,2.260680608911937,0.032830523513753325,0.05016357688113413,0.05619639160011831,2313.020237970153,0,0,0.0,4473.74568649092,0.0,0.0
06,085,505012,06085505012,5050.12,Census Tract 5050.12,G5020,S,1062823,0,+37.4043782,-121.9465958,Census Tract 5050.12; Santa Clara County; California,2879,2106,198,940,173,41,1506,87,24,201190,1456,90,2879,883,79,1666,167,6,85,505012,Santa Clara,1.0628211029809684,0.09401709401709402,0.061813186813186816,0.05270655270655271,2708.828411409096,0,0,0.0,4961.4852655260065,0.0,0.0
06,085,505014,06085505014,5050.14,Census Tract 5050.14,G5020,S,1127742,0,+37.4137914,-121.9573012,Census Tract 5050.14; Santa Clara County; California,6023,3999,102,2647,451,37,3340,203,0,137273,2560,45,6023,1064,183,3167,1343,6,85,505014,Santa Clara,1.1277401478348348,0.025506376594148537,0.017578125,0.05076269067266817,5340.7693355279125,0,0,0.0,5887.229319702113,0.0,0.0
06,085,505010,06085505010,5050.10,Census Tract 5050.10,G5020,S,7795130,0,+37.3997725,-121.9732045,Census Tract 5050.10; Santa Clara County; California,4473,2274,0,1696,220,0,1957,75,42,191326,1398,100,4473,822,520,2242,494,6,85,505010,Santa Clara,7.7951288169184165,0.0,0.0715307582260372,0.051451187335092345,573.8198950980612,0,0,0.0,7361.9025548781765,0.0,0.0
06,085,501901,06085501901,5019.01,Census Tract 5019.01,G5020,S,597772,0,+37.3236809,-121.9078195,Census Tract 5019.01; Santa Clara County; California,2618,1828,85,1016,85,45,1353,17,23,126917,1299,142,2618,816,258,780,588,6,85,501901,Santa Clara,0.5977708765382708,0.04649890590809628,0.10931485758275597,0.02188183807439825,4379.604465110453,0,0,0.0,5774.69786572029,0.0,0.0
06,085,511502,06085511502,5115.02,Census Tract 5115.02,G5020,S,1938359,0,+37.4155195,-122.1617499,Census Tract 5115.02; Santa Clara County; California,3223,1444,14,441,53,118,960,12,0,250001,936,30,3223,2177,96,453,308,6,85,511502,Santa Clara,1.938360565070343,0.009695290858725761,0.03205128205128205,0.008310249307479225,1662.7453416454732,0,0,0.0,21875.98808482075,0.0,0.0
06,085,504903,06085504903,5049.03,Census Tract 5049.03,G5020,S,593373,0,+37.3973289,-121.9464072,Census Tract 5049.03; Santa Clara County; California,4970,3094,115,1830,217,23,2315,36,0,177569,2113,61,4970,978,0,3252,628,6,85,504903,Santa Clara,0.5933700999301159,0.037168713639301874,0.028868906767628964,0.011635423400129283,8375.885472802456,0,0,0.0,5100.464702436476,0.0,0.0
06,085,504808,06085504808,5048.08,Census Tract 5048.08,G5020,S,504594,0,+37.4010219,-122.0265400,Census Tract 5048.08; Santa Clara County; California,2251,1254,6,840,211,38,1113,41,47,131276,670,137,2251,305,101,634,1176,6,85,504808,Santa Clara,0.5045927914527196,0.004784688995215311,0.2044776119402985,0.07017543859649122,4461.0229042697665,0,0,0.0,12031.128062777436,0.0,0.0
06,085,511501,06085511501,5115.01,Census Tract 5115.01,G5020,S,1524240,0,+37.4299081,-122.1475911,Census Tract 5115.01; Santa Clara County; California,4820,2579,112,913,188,232,1799,56,5,196429,1954,250,4820,2645,138,1395,304,6,85,511501,Santa Clara,1.5242369779719669,0.04342768514928267,0.12794268167860798,0.02365257851880574,3162.2379391511176,0,0,0.0,20338.26003546078,0.0,0.0
06,085,512057,06085512057,5120.57,Census Tract 5120.57,G5020,S,1371512,0,+37.2737909,-121.8229031,Census Tract 5120.57; Santa Clara County; California,4125,2449,0,1532,571,0,2131,89,0,151146,998,114,4125,1081,41,1056,1935,6,85,512057,Santa Clara,1.3715167959071894,0.0,0.11422845691382766,0.03634136382196815,3007.6190188188834,0,0,0.0,11480.695131795088,0.0,0.0
06,085,512059,06085512059,5120.59,Census Tract 5120.59,G5020,S,2359778,0,+37.2337395,-121.7963166,Census Tract 5120.59; Santa Clara County; California,6927,3199,172,2190,157,61,2637,292,26,148700,2220,22,6927,2594,156,1955,1731,6,85,512059,Santa Clara,2.359776282035217,0.05376680212566427,0.00990990990990991,0.09940606439512348,2935.4477594908813,0,0,0.0,16506.974488031763,0.0,0.0
06,085,503339,06085503339,5033.39,Census Tract 5033.39,G5020,S,3752155,0,+37.2849697,-121.7667846,Census Tract 5033.39; Santa Clara County; California,3934,1968,38,1270,126,0,1480,152,203,250001,1241,14,3934,686,17,2577,425,6,85,503339,Santa Clara,3.7521530898135382,0.019308943089430895,0.011281224818694601,0.18038617886178862,1048.4646830322956,0,0,0.0,13316.470485352935,0.0,0.0
06,085,503338,06085503338,5033.38,Census Tract 5033.38,G5020,S,9400706,0,+37.2767906,-121.7696638,Census Tract 5033.38; Santa Clara County; California,4092,2175,13,1434,173,16,1647,201,31,250001,1160,17,4092,829,0,2788,220,6,85,503338,Santa Clara,9.40070381626528,0.005977011494252874,0.014655172413793103,0.10666666666666667,435.2865572596748,0,0,0.0,13793.067620701839,0.0,0.0
06,085,512056,06085512056,5120.56,Census Tract 5120.56,G5020,S,945063,0,+37.2721374,-121.8082789,Census Tract 5120.56; Santa Clara County; California,3125,1665,55,1382,211,0,1648,152,105,101111,1008,125,3125,804,49,685,1308,6,85,512056,Santa Clara,0.9450640945064783,0.03303303303303303,0.12400793650793651,0.15435435435435435,3306.6540334832057,0,0,0.0,12216.418477664884,0.0,0.0
06,085,503219,06085503219,5032.19,Census Tract 5032.19,G5020,S,484157,0,+37.2925240,-121.8417606,Census Tract 5032.19; Santa Clara County; California,2648,1031,0,866,104,0,985,17,0,57723,798,51,2648,41,143,992,1472,6,85,503219,Santa Clara,0.4841550735983283,0.0,0.06390977443609022,0.016488845780795344,5469.3220094123635,0,0,0.0,8932.74569025279,0.0,0.0
06,085,503222,06085503222,5032.22,Census Tract 5032.22,G5020,S,751197,0,+37.2961288,-121.8451132,Census Tract 5032.22; Santa Clara County; California,6103,2837,183,1619,698,78,2603,63,30,95912,1547,228,6103,39,0,2257,3373,6,85,503222,Santa Clara,0.7511964662116695,0.06450475854776172,0.14738202973497092,0.032781106802960876,8124.37261689716,0,0,0.0,8458.539102310126,0.0,0.0
06,085,509111,06085509111,5091.11,Census Tract 5091.11,G5020,S,970447,0,+37.3820251,-122.0620648,Census Tract 5091.11; Santa Clara County; California,4205,1856,135,1092,82,17,1368,57,0,157311,1653,97,4205,1348,11,1308,1326,6,85,509111,Santa Clara,0.9704387943734561,0.07273706896551724,0.05868118572292801,0.030711206896551723,4333.091406052941,0,0,0.0,15445.472576303906,0.0,0.0
06,085,507705,06085507705,5077.05,Census Tract 5077.05,G5020,S,5238599,82312,+37.3066122,-122.0806241,Census Tract 5077.05; Santa Clara County; California,4092,1705,0,1335,47,38,1420,45,29,250001,1325,14,4092,1268,14,2354,271,6,85,507705,Santa Clara,5.3209104741950695,0.0,0.010566037735849057,0.04340175953079179,769.0413172416746,0,0,0.0,19112.228357856864,0.0,0.0
06,085,507704,06085507704,5077.04,Census Tract 5077.04,G5020,S,1325636,0,+37.3271563,-122.0672795,Census Tract 5077.04; Santa Clara County; California,3344,1467,36,1124,81,0,1241,43,12,219286,1150,113,3344,1124,4,2034,54,6,85,507704,Santa Clara,1.3256337347309985,0.024539877300613498,0.09826086956521739,0.03749147920927062,2522.5670653882194,0,0,0.0,17639.335501736925,0.0,0.0
06,085,512058,06085512058,5120.58,Census Tract 5120.58,G5020,S,1534463,0,+37.2469505,-121.7969833,Census Tract 5120.58; Santa Clara County; California,5504,3206,51,2278,253,57,2708,288,63,113893,2311,82,5504,1212,222,2350,1416,6,85,512058,Santa Clara,1.534462813529426,0.015907673112913287,0.035482475118996104,0.10948222083593262,3586.9230270495905,0,0,0.0,15159.73092435039,0.0,0.0
06,085,504807,06085504807,5048.07,Census Tract 5048.07,G5020,S,948372,0,+37.4011700,-122.0157372,Census Tract 5048.07; Santa Clara County; California,5841,4018,113,1830,304,17,2326,108,16,222917,2698,85,5841,1050,97,4182,380,6,85,504807,Santa Clara,0.9483706997549949,0.02812344449975112,0.03150481838398814,0.03086112493777999,6158.984035998774,0,0,0.0,11078.18870110327,0.0,0.0
06,085,508205,06085508205,5082.05,Census Tract 5082.05,G5020,S,1237974,0,+37.3487184,-122.0049680,Census Tract 5082.05; Santa Clara County; California,3882,2160,53,1144,150,0,1347,66,27,193292,1445,39,3882,782,136,1902,436,6,85,508205,Santa Clara,1.2379750074135545,0.024537037037037038,0.02698961937716263,0.043055555555555555,3135.7660508110644,0,0,0.0,11724.49502819518,0.0,0.0
06,085,508510,06085508510,5085.10,Census Tract 5085.10,G5020,S,736752,0,+37.3603463,-122.0177173,Census Tract 5085.10; Santa Clara County; California,3500,1918,77,1095,282,179,1633,14,0,110288,1283,162,3500,399,0,1949,1070,6,85,508510,Santa Clara,0.7367541327298105,0.040145985401459854,0.12626656274356976,0.0072992700729927005,4750.567176368393,0,0,0.0,12489.90041610648,0.0,0.0
06,085,508206,06085508206,5082.06,Census Tract 5082.06,G5020,S,1374759,0,+37.3415391,-122.0050075,Census Tract 5082.06; Santa Clara County; California,3934,1918,66,1139,35,14,1324,67,45,204750,1421,18,3934,1490,0,2178,113,6,85,508206,Santa Clara,1.3747625807674015,0.03441084462982273,0.012667135819845179,0.058394160583941604,2861.5850147768897,0,0,0.0,11903.742410646979,0.0,0.0
06,085,512513,06085512513,5125.13,Census Tract 5125.13,G5020,S,1279370,0,+37.0257555,-121.5808320,Census Tract 5125.13; Santa Clara County; California,3761,1746,36,1384,135,30,1613,213,69,90213,1113,35,3761,433,0,223,3052,6,85,512513,Santa Clara,1.279368735664503,0.020618556701030927,0.031446540880503145,0.16151202749140894,2939.7310526324063,0,0,0.0,46404.983491621126,0.0,0.0
06,085,512512,06085512512,5125.12,Census Tract 5125.12,G5020,S,979398,0,+37.0008369,-121.5756972,Census Tract 5125.12; Santa Clara County; California,4052,1514,0,965,461,15,1458,275,124,88587,1058,0,4052,1055,0,385,2591,6,85,512512,Santa Clara,0.9793938074520702,0.0,0.0,0.26354029062087186,4137.2530326094575,0,0,0.0,48710.349834628134,0.0,0.0
06,085,512514,06085512514,5125.14,Census Tract 5125.14,G5020,S,783270,0,+37.0229981,-121.5834218,Census Tract 5125.14; Santa Clara County; California,2924,1299,13,928,258,11,1261,228,63,127266,793,25,2924,334,136,272,2002,6,85,512514,Santa Clara,0.7832663062133868,0.010007698229407237,0.031525851197982346,0.22401847575057737,3733.0853846321443,0,0,0.0,46275.22575891773,0.0,0.0
06,085,512516,06085512516,5125.16,Census Tract 5125.16,G5020,S,3272718,3754,+37.0146086,-121.6113934,Census Tract 5125.16; Santa Clara County; California,4525,1986,32,1141,637,20,1830,71,173,149424,1465,24,4525,1443,14,629,2328,6,85,512516,Santa Clara,3.276472491430633,0.016112789526686808,0.016382252559726963,0.1228600201409869,1381.058443748512,0,0,0.0,45364.90083002732,0.0,0.0
06,085,508305,06085508305,5083.05,Census Tract 5083.05,G5020,S,426121,0,+37.3400957,-122.0374423,Census Tract 5083.05; Santa Clara County; California,5604,2585,41,2020,105,109,2289,44,0,113040,1879,120,5604,695,207,3161,1406,6,85,508305,Santa Clara,0.42612095565345937,0.01586073500967118,0.06386375731772219,0.01702127659574468,13151.19551303509,0,0,0.0,14731.88538825222,0.0,0.0
06,085,504509,06085504509,5045.09,Census Tract 5045.09,G5020,S,3421045,0,+37.4219633,-121.8902996,Census Tract 5045.09; Santa Clara County; California,4740,2676,76,1431,187,0,1727,67,11,184063,1898,78,4740,193,126,4112,62,6,85,504509,Santa Clara,3.42104470118691,0.028400597907324365,0.0410958904109589,0.02914798206278027,1385.5416733828374,2,1,22.043214694566167,1348.8402292203868,0.584616739823982,20.9
06,085,501601,06085501601,5016.01,Census Tract 5016.01,G5020,S,781837,0,+37.3334560,-121.8709378,Census Tract 5016.01; Santa Clara County; California,4088,2568,128,1705,242,100,2196,198,86,112793,1479,97,4088,1104,48,700,2040,6,85,501601,Santa Clara,0.7818391502892895,0.04984423676012461,0.06558485463150777,0.11059190031152648,5228.696974930704,0,0,0.0,4326.484500388293,0.0,0.0
06,085,501602,06085501602,5016.02,Census Tract 5016.02,G5020,S,436247,0,+37.3293246,-121.8781864,Census Tract 5016.02; Santa Clara County; California,3255,1944,136,1031,250,298,1815,29,61,47000,1262,215,3255,748,186,292,1800,6,85,501602,Santa Clara,0.43624702105720325,0.06995884773662552,0.17036450079239301,0.046296296296296294,7461.36900169958,0,0,0.0,4362.485936938626,0.0,0.0
06,085,506505,06085506505,5065.05,Census Tract 5065.05,G5020,S,657483,0,+37.2977336,-121.9572820,Census Tract 5065.05; Santa Clara County; California,4333,2056,41,1262,395,19,1798,94,20,132950,1409,79,4333,1219,292,989,1782,6,85,506505,Santa Clara,0.6574853181063801,0.019941634241245135,0.056068133427963095,0.05544747081712062,6590.2612281586,0,0,0.0,10730.829339066015,0.0,0.0
06,085,504510,06085504510,5045.10,Census Tract 5045.10,G5020,S,1709338,0,+37.4209191,-121.9012791,Census Tract 5045.10; Santa Clara County; California,4325,2229,82,1464,90,67,1703,58,29,139957,1504,185,4325,209,0,3285,502,6,85,504510,Santa Clara,1.7093370868497277,0.036787797218483624,0.12300531914893617,0.039030955585464336,2530.220652949667,0,0,14.894059358623846,1539.4384683033275,0.0,0.0
06,085,508708,06085508708,5087.08,Census Tract 5087.08,G5020,S,4892338,0,+37.3800505,-122.0006021,Census Tract 5087.08; Santa Clara County; California,4917,3631,59,1413,242,33,1887,41,26,245007,2239,403,4917,968,42,3335,287,6,85,508708,Santa Clara,4.892339520134285,0.016248967226659323,0.1799910674408218,0.018452217020104654,1005.0406313307213,0,0,0.0,10248.521095464635,0.0,0.0
06,085,505902,06085505902,5059.02,Census Tract 5059.02,G5020,S,882189,0,+37.3344951,-121.9536944,Census Tract 5059.02; Santa Clara County; California,3950,2046,58,1308,137,0,1535,79,41,105542,1799,220,3950,1989,43,870,928,6,85,505902,Santa Clara,0.882188189310632,0.028347996089931573,0.12229016120066703,0.05865102639296188,4477.502700514101,0,0,0.0,7938.6589144583495,0.0,0.0
06,085,503127,06085503127,5031.27,Census Tract 5031.27,G5020,S,2926721,0,+37.2858514,-121.8568775,Census Tract 5031.27; Santa Clara County; California,4723,2983,98,1878,148,0,2189,122,177,159375,2047,84,4723,1186,184,2463,684,6,85,503127,Santa Clara,2.9267215579959904,0.032852832718739525,0.04103566194430874,0.10023466309084814,1613.7510543483243,0,0,0.0,9319.774430261301,0.0,0.0
06,085,503126,06085503126,5031.26,Census Tract 5031.26,G5020,S,1545159,0,+37.2953016,-121.8591564,Census Tract 5031.26; Santa Clara County; California,3770,1832,42,1026,53,0,1179,100,48,136865,1303,35,3770,543,232,1797,1096,6,85,503126,Santa Clara,1.5451600617126762,0.02292576419213974,0.02686108979278588,0.08078602620087336,2439.8766790679806,0,0,0.0,8250.304248418512,0.0,0.0
06,085,503124,06085503124,5031.24,Census Tract 5031.24,G5020,S,1572583,0,+37.2836065,-121.8718216,Census Tract 5031.24; Santa Clara County; California,5747,2678,100,2305,57,0,2510,115,64,100742,1726,20,5747,854,800,1849,1916,6,85,503124,Santa Clara,1.5725891869128321,0.037341299477221805,0.011587485515643106,0.06684092606422704,3654.482714129557,0,0,0.0,9437.605451763728,0.0,0.0
06,085,503125,06085503125,5031.25,Census Tract 5031.25,G5020,S,742589,0,+37.2832604,-121.8775331,Census Tract 5031.25; Santa Clara County; California,3663,1998,45,1506,55,0,1689,226,81,159792,1474,11,3663,1435,81,1295,619,6,85,503125,Santa Clara,0.7425906361610789,0.02252252252252252,0.007462686567164179,0.15365365365365366,4932.731200242931,0,0,0.0,9475.67940023985,0.0,0.0
06,085,512055,06085512055,5120.55,Census Tract 5120.55,G5020,S,677228,0,+37.2697738,-121.8357569,Census Tract 5120.55; Santa Clara County; California,3532,2116,66,1544,332,35,1985,8,58,108393,873,14,3532,518,236,1876,866,6,85,512055,Santa Clara,0.6772268259971247,0.031190926275992438,0.016036655211912942,0.031190926275992438,5215.387023099105,0,0,0.0,11501.408197248393,0.0,0.0
06,085,509002,06085509002,5090.02,Census Tract 5090.02,G5020,S,673032,0,+37.3904903,-122.0182184,Census Tract 5090.02; Santa Clara County; California,3954,2297,185,1353,259,33,1903,61,49,121964,1465,43,3954,589,16,1215,1985,6,85,509002,Santa Clara,0.6730351955929225,0.0805398345668263,0.029351535836177476,0.047888550282977796,5874.8784995064825,0,0,0.0,11459.617997545292,0.0,0.0
06,085,509001,06085509001,5090.01,Census Tract 5090.01,G5020,S,863575,0,+37.3936552,-122.0243888,Census Tract 5090.01; Santa Clara County; California,2929,1676,42,1113,196,14,1374,33,0,106389,958,15,2929,364,11,843,1536,6,85,509001,Santa Clara,0.8635770090393736,0.025059665871121718,0.015657620041753653,0.019689737470167064,3391.7067839244155,0,0,0.0,11937.661062329551,0.0,0.0
06,085,508306,06085508306,5083.06,Census Tract 5083.06,G5020,S,869531,0,+37.3471326,-122.0367347,Census Tract 5083.06; Santa Clara County; California,3130,1488,9,920,207,0,1156,9,0,221250,1196,61,3130,800,78,1854,304,6,85,508306,Santa Clara,0.8695330562273094,0.006048387096774193,0.05100334448160535,0.006048387096774193,3599.633133650263,0,0,0.0,14521.994528192941,0.0,0.0
06,085,502704,06085502704,5027.04,Census Tract 5027.04,G5020,S,1631370,0,+37.2550203,-121.9400151,Census Tract 5027.04; Santa Clara County; California,4143,2062,13,1334,88,0,1457,173,14,199167,1526,126,4143,1694,196,1477,304,6,85,502704,Santa Clara,1.6313720944807346,0.006304558680892337,0.08256880733944955,0.0906886517943744,2539.5800345099788,0,0,0.0,13871.22075789874,0.0,0.0
06,001,428301,06001428301,4283.01,Census Tract 4283.01,G5020,S,4300902,1597298,+37.7344929,-122.2414385,Census Tract 4283.01; Alameda County; California,7203,3858,676,1814,373,93,3145,557,122,191875,2326,30,7203,1874,368,3730,684,6,1,428301,Alameda,5.898196826966643,0.17522032141005703,0.012897678417884782,0.17599792638672887,1221.2206902061623,0,0,0.0,3436.4286057403324,0.0,0.0
06,001,428302,06001428302,4283.02,Census Tract 4283.02,G5020,S,2231409,474770,+37.7439709,-122.2497790,Census Tract 4283.02; Alameda County; California,7022,3397,373,1995,186,0,2623,385,100,225500,2516,50,7022,3110,61,2837,480,6,1,428302,Alameda,2.7061855675039035,0.10980276714748308,0.01987281399046105,0.14277303503090963,2594.796190002913,0,0,0.0,4147.58257647785,0.0,0.0
06,001,428400,06001428400,4284,Census Tract 4284,G5020,S,810521,1168052,+37.7564138,-122.2559068,Census Tract 4284; Alameda County; California,4756,2382,308,1178,114,12,1766,248,48,94231,1836,124,4756,1763,343,1242,783,6,1,428400,Alameda,1.9785724761382724,0.12930310663308145,0.06753812636165578,0.12426532325776658,2403.7532399534034,0,0,0.0,3864.4853876846328,0.0,0.0
06,001,430900,06001430900,4309,Census Tract 4309,G5020,S,1096550,0,+37.6982784,-122.0828322,Census Tract 4309; Alameda County; California,5214,2538,131,1778,107,26,2055,169,137,105227,1770,155,5214,1463,338,1460,1475,6,1,430900,Alameda,1.09655083348339,0.05161544523246651,0.08757062146892655,0.12056737588652482,4754.909522467641,0,0,13.000065519749956,1048.5561185596987,0.0,0.0
06,055,201102,06055201102,2011.02,Census Tract 2011.02,G5020,S,150660239,5074048,+38.2693294,-122.3654555,Census Tract 2011.02; Napa County; California,2053,854,0,484,211,32,731,37,0,134167,704,23,2053,1508,35,107,303,6,55,201102,Napa,155.73429268048704,0.0,0.032670454545454544,0.04332552693208431,13.182709887873228,0,0,0.0,38268.95414066412,0.0,0.0
06,075,022803,06075022803,228.03,Census Tract 228.03,G5020,S,282080,0,+37.7558368,-122.4120842,Census Tract 228.03; San Francisco County; California,4430,2569,667,680,211,155,1992,107,0,153750,1468,357,4430,1500,120,764,1732,6,75,22803,San Francisco,0.28207950322130454,0.25963409887115607,0.24318801089918257,0.041650447644998055,15704.792263918795,6,1,99.99999999999997,676.010008339737,21.270599003050286,0.0
06,075,047702,06075047702,477.02,Census Tract 477.02,G5020,S,352786,0,+37.7744602,-122.4837889,Census Tract 477.02; San Francisco County; California,3654,1986,309,813,94,79,1497,68,16,114892,1607,313,3654,1527,14,1767,145,6,75,47702,San Francisco,0.35278715187838977,0.1555891238670695,0.19477286869943994,0.04229607250755287,10357.520052939968,9,1,100.0,5726.6969610631995,25.51113313532012,0.0
06,075,035202,06075035202,352.02,Census Tract 352.02,G5020,S,372758,0,+37.7613995,-122.5061469,Census Tract 352.02; San Francisco County; California,4878,2829,980,879,227,123,2333,470,107,100701,1777,131,4878,1722,105,1948,795,6,75,35202,San Francisco,0.3727581408263906,0.34641215977377166,0.07371975239167136,0.20395899611170024,13086.233312532519,14,1,100.0,6785.777036460989,37.55786518562018,0.0
06,075,013300,06075013300,133,Census Tract 133,G5020,S,581305,0,+37.7887307,-122.4524293,Census Tract 133; San Francisco County; California,4284,1991,486,622,121,133,1490,84,95,173851,1954,602,4284,2850,46,742,352,6,75,13300,San Francisco,0.5813056058277033,0.2440984429934706,0.30808597748208805,0.08990457056755399,7369.617559252923,12,1,100.0,3544.040134262485,20.643186440484374,0.0
06,075,025403,06075025403,254.03,Census Tract 254.03,G5020,S,515731,0,+37.7337691,-122.4206236,Census Tract 254.03; San Francisco County; California,4244,2217,468,814,170,61,1704,116,72,166935,1276,125,4244,1016,435,1270,1307,6,75,25403,San Francisco,0.5157349422199393,0.21109607577807848,0.09796238244514106,0.08479927830401443,8229.033273820938,21,1,100.0,1134.7755926046084,40.71859065745517,0.0
06,075,022702,06075022702,227.02,Census Tract 227.02,G5020,S,295531,0,+37.7626143,-122.3955143,Census Tract 227.02; San Francisco County; California,2152,1579,217,376,19,242,1009,120,0,240922,1063,171,2152,1163,27,417,317,6,75,22702,San Francisco,0.29552856942105504,0.13742875237492083,0.16086547507055504,0.0759974667511083,7281.867889171597,7,1,99.99999999999997,2144.929864148948,23.686373245446646,0.0
06,001,431000,06001431000,4310,Census Tract 4310,G5020,S,954210,0,+37.6929313,-122.0784573,Census Tract 4310; Alameda County; California,3091,1567,197,1049,110,57,1445,138,57,87083,1111,109,3091,820,504,947,492,6,1,431000,Alameda,0.9542098219720941,0.12571793235481812,0.09810981098109811,0.1244416081684748,3239.3294732721756,0,0,73.0250870357185,346.4844299431784,0.0,0.0
06,001,432100,06001432100,4321,Census Tract 4321,G5020,S,1105772,0,+37.7360495,-122.1466048,Census Tract 4321; Alameda County; California,3892,2151,257,1224,80,35,1645,200,11,172278,1353,32,3892,1260,949,460,961,6,1,432100,Alameda,1.1057765278088245,0.1194793119479312,0.023651145602365115,0.09809390980939098,3519.698512422105,0,0,0.0,2012.2364486051038,0.0,0.0
06,085,503325,06085503325,5033.25,Census Tract 5033.25,G5020,S,1138412,0,+37.3206767,-121.7888418,Census Tract 5033.25; Santa Clara County; California,4391,2116,50,1584,229,1,1895,68,39,172955,1138,11,4391,333,77,2764,1127,6,85,503325,Santa Clara,1.138410351081967,0.023629489603024575,0.009666080843585237,0.05056710775047259,3857.1328834340884,0,0,0.0,9267.993861027559,0.0,0.0
06,085,503602,06085503602,5036.02,Census Tract 5036.02,G5020,S,1223265,0,+37.3445430,-121.8523293,Census Tract 5036.02; Santa Clara County; California,5255,2457,115,1483,618,52,2300,164,131,88235,1268,138,5255,283,95,1437,3440,6,85,503602,Santa Clara,1.2232575603150582,0.0468050468050468,0.10883280757097792,0.12006512006512006,4295.906414546533,0,0,0.0,3315.268797545953,0.0,0.0
06,085,503703,06085503703,5037.03,Census Tract 5037.03,G5020,S,655029,0,+37.3456372,-121.8393992,Census Tract 5037.03; Santa Clara County; California,3888,1991,49,1529,289,0,1910,122,58,78750,866,12,3888,4,157,920,2797,6,85,503703,Santa Clara,0.6550294399062062,0.024610748367654443,0.013856812933025405,0.09040683073832245,5935.611078116922,0,0,0.0,4022.9751782224726,0.0,0.0
06,085,503712,06085503712,5037.12,Census Tract 5037.12,G5020,S,664170,0,+37.3622865,-121.8466432,Census Tract 5037.12; Santa Clara County; California,4340,1811,29,1239,264,72,1710,92,11,70285,1317,160,4340,330,40,1725,2164,6,85,503712,Santa Clara,0.6641711607072287,0.01601325234676974,0.12148823082763857,0.05687465488680287,6534.460176468129,0,0,0.0,2572.269636619789,0.0,0.0
06,001,428000,06001428000,4280,Census Tract 4280,G5020,S,525761,0,+37.7666414,-122.2475404,Census Tract 4280; Alameda County; California,2906,1418,327,757,44,52,1208,218,52,90750,1261,51,2906,925,350,700,409,6,1,428000,Alameda,0.5257639410977143,0.2306064880112835,0.040444091990483745,0.19040902679830748,5527.195330156569,0,0,0.0,2251.7428907794015,0.0,0.0
06,001,428500,06001428500,4285,Census Tract 4285,G5020,S,624197,383522,+37.7601324,-122.2593887,Census Tract 4285; Alameda County; California,3302,1785,311,873,30,103,1362,164,57,138571,1432,135,3302,1376,361,841,538,6,1,428500,Alameda,1.007718310770028,0.1742296918767507,0.09427374301675978,0.12380952380952381,3276.7093390184027,0,0,0.0,3576.198602478463,0.0,0.0
06,001,428600,06001428600,4286,Census Tract 4286,G5020,S,898967,1080420,+37.7662730,-122.2738461,Census Tract 4286; Alameda County; California,3235,1863,217,841,49,33,1230,77,12,116833,1552,106,3235,1374,193,1046,362,6,1,428600,Alameda,1.9793890293679495,0.11647879763821793,0.06829896907216494,0.04777241009125067,1634.3426946409757,0,0,0.0,3838.031128649308,0.0,0.0
06,001,430300,06001430300,4303,Census Tract 4303,G5020,S,2551932,9638,+37.7172764,-122.0819576,Census Tract 4303; Alameda County; California,4290,2088,98,1413,215,0,1726,173,46,169646,1309,44,4290,1880,21,1054,1049,6,1,430300,Alameda,2.5615711580448717,0.04693486590038314,0.03361344537815126,0.10488505747126436,1674.753397549322,0,0,0.0,3232.204483559956,0.0,0.0
06,001,430400,06001430400,4304,Census Tract 4304,G5020,S,2433270,481854,+37.7212084,-122.1010957,Census Tract 4304; Alameda County; California,2155,1068,48,683,65,5,843,83,31,206750,711,29,2155,1004,92,763,142,6,1,430400,Alameda,2.9151228777724536,0.0449438202247191,0.040787623066104076,0.10674157303370786,739.2484263465113,0,0,0.0,3447.3439325615386,0.0,0.0
06,001,430700,06001430700,4307,Census Tract 4307,G5020,S,1322603,0,+37.7060948,-122.0822254,Census Tract 4307; Alameda County; California,4085,1842,184,1149,199,48,1606,330,90,115625,1362,31,4085,1575,203,1282,741,6,1,430700,Alameda,1.3226027062063075,0.0998914223669924,0.02276064610866373,0.2280130293159609,3088.6070176865323,0,0,0.0,1799.6656880484709,0.0,0.0
06,085,503708,06085503708,5037.08,Census Tract 5037.08,G5020,S,1219639,0,+37.3694488,-121.8546251,Census Tract 5037.08; Santa Clara County; California,2662,1369,40,1069,84,19,1226,90,17,108281,713,58,2662,101,2,2010,528,6,85,503708,Santa Clara,1.219640877889237,0.029218407596785977,0.08134642356241234,0.07815924032140248,2182.6096913109145,0,0,0.0,1775.1017133706841,0.0,0.0
06,013,304006,06013304006,3040.06,Census Tract 3040.06,G5020,S,38505591,2625505,+37.9521279,-121.5995247,Census Tract 3040.06; Contra Costa County; California,3292,1607,23,1285,81,9,1422,348,166,200990,1050,0,3292,1985,155,235,785,6,13,304006,Contra Costa,41.131101077651415,0.01431238332296204,0.0,0.31985065339141255,80.03675840782945,0,0,0.0,16626.68173722913,0.0,0.0
06,013,392202,06013392202,3922.02,Census Tract 3922.02,G5020,S,1677841,974792,+38.0068674,-122.3205990,Census Tract 3922.02; Contra Costa County; California,4724,2479,21,1675,599,0,2330,359,96,110417,1456,0,4724,1217,245,412,2826,6,13,392202,Contra Costa,2.6526284294379714,0.008471157724889069,0.0,0.18354175070592982,1780.875130332861,0,0,0.0,7964.727700510655,0.0,0.0
06,013,392201,06013392201,3922.01,Census Tract 3922.01,G5020,S,9689193,5148611,+37.9917413,-122.3595538,Census Tract 3922.01; Contra Costa County; California,4867,2679,377,1618,276,0,2320,309,139,101648,1687,144,4867,308,523,2300,1172,6,13,392201,Contra Costa,14.837805298779974,0.14072415080253825,0.08535862477771192,0.16722657708100036,328.01346978182715,0,0,0.0,6125.071485650814,0.0,0.0
06,013,303210,06013303210,3032.10,Census Tract 3032.10,G5020,S,3289685,0,+37.9162293,-121.7223832,Census Tract 3032.10; Contra Costa County; California,3598,1227,0,894,95,8,997,196,39,100994,1853,78,3598,2876,83,293,261,6,13,303210,Contra Costa,3.2896882508098657,0.0,0.042093901780895844,0.1915240423797881,1093.720658519613,0,0,0.0,10160.83941080409,0.0,0.0
06,013,355121,06013355121,3551.21,Census Tract 3551.21,G5020,S,4857897,0,+37.7836800,-121.9137603,Census Tract 3551.21; Contra Costa County; California,6409,3224,162,2024,174,0,2371,283,319,244000,2092,22,6409,1575,310,4123,209,6,13,355121,Contra Costa,4.857897128457977,0.05024813895781638,0.010516252390057362,0.18672456575682383,1319.295125138721,0,0,0.0,9203.437894383309,0.0,0.0
06,013,355124,06013355124,3551.24,Census Tract 3551.24,G5020,S,1996225,0,+37.7568691,-121.8967250,Census Tract 3551.24; Contra Costa County; California,4601,2274,259,940,118,0,1323,384,157,250001,1350,21,4601,365,0,4036,59,6,13,355124,Contra Costa,1.996224825465157,0.113896218117854,0.015555555555555555,0.23790677220756376,2304.8506066584373,0,0,0.0,6137.850929716227,0.0,0.0
06,013,345205,06013345205,3452.05,Census Tract 3452.05,G5020,S,4062366,0,+37.7858204,-121.9867395,Census Tract 3452.05; Contra Costa County; California,5779,3218,65,2052,200,45,2362,205,104,163667,2334,26,5779,2653,118,1930,522,6,13,345205,Contra Costa,4.06236185189834,0.020198881292728402,0.011139674378748929,0.09602237414543195,1422.5714524420011,0,0,0.0,10861.599058102369,0.0,0.0
06,013,355126,06013355126,3551.26,Census Tract 3551.26,G5020,S,13731893,0,+37.7738098,-121.8797382,Census Tract 3551.26; Contra Costa County; California,5773,2451,200,1087,74,0,1428,298,160,250001,1558,31,5773,1361,152,3897,273,6,13,355126,Contra Costa,13.73188937475577,0.08159934720522236,0.01989730423620026,0.1868625050999592,420.4082804958277,0,0,0.0,8198.772338234496,0.0,0.0
06,001,422500,06001422500,4225,Census Tract 4225,G5020,S,465527,0,+37.8773391,-122.2602611,Census Tract 4225; Alameda County; California,4467,2359,292,413,73,1056,1920,112,47,58558,1667,363,4467,1994,183,1432,585,6,1,422500,Alameda,0.4655272099022906,0.12378126324713862,0.21775644871025795,0.06740144128868164,9595.572299495829,0,0,13.435960076165518,1056.4615390090598,0.0,0.0
06,001,422700,06001422700,4227,Census Tract 4227,G5020,S,346821,0,+37.8679151,-122.2495095,Census Tract 4227; Alameda County; California,4803,1847,167,330,87,630,1408,17,51,42417,999,382,4803,1744,186,1597,793,6,1,422700,Alameda,0.34682226224360796,0.09041689225771521,0.38238238238238237,0.036816459122902004,13848.591981752235,0,0,0.0,1649.5342340136754,0.0,0.0
06,001,423000,06001423000,4230,Census Tract 4230,G5020,S,730083,0,+37.8668441,-122.2771352,Census Tract 4230; Alameda County; California,4549,2827,638,463,110,292,1639,139,44,86917,1891,230,4549,2605,343,1011,374,6,1,423000,Alameda,0.7300824489022857,0.22568093385214008,0.12162876784769963,0.06473293243721259,6230.803119345825,0,0,53.42923240665767,867.7212992460812,0.0,0.0
06,001,423100,06001423100,4231,Census Tract 4231,G5020,S,748653,0,+37.8658070,-122.2863197,Census Tract 4231; Alameda County; California,4275,1808,444,620,18,211,1454,243,58,61161,2008,629,4275,1766,1015,601,434,6,1,423100,Alameda,0.7486497052845652,0.24557522123893805,0.31324701195219123,0.16648230088495575,5710.280749225772,0,0,26.856649866048027,941.8080132103543,0.0,0.0
06,001,424002,06001424002,4240.02,Census Tract 4240.02,G5020,S,326768,0,+37.8504772,-122.2815310,Census Tract 4240.02; Alameda County; California,2663,1417,245,701,27,44,1117,58,27,103393,1037,222,2663,1004,830,301,453,6,1,424002,Alameda,0.3267664137459875,0.17290049400141144,0.21407907425265188,0.05998588567395907,8149.552365164701,0,0,0.0,1069.2676208267308,0.0,0.0
06,075,030202,06075030202,302.02,Census Tract 302.02,G5020,S,356618,0,+37.7630946,-122.4673205,Census Tract 302.02; San Francisco County; California,4209,2590,877,608,187,226,2019,263,20,153412,1969,635,4209,2049,81,1277,463,6,75,30202,San Francisco,0.3566170399051373,0.33861003861003863,0.32249873031995935,0.10926640926640926,11802.576795319776,18,1,100.0,4190.948132353047,50.47431273835969,0.0
06,075,026001,06075026001,260.01,Census Tract 260.01,G5020,S,407294,0,+37.7235502,-122.4322434,Census Tract 260.01; San Francisco County; California,6416,3350,1041,1317,472,36,2986,230,86,114563,1780,184,6416,730,38,3238,2179,6,75,26001,San Francisco,0.4072946896214684,0.3107462686567164,0.10337078651685393,0.09432835820895523,15752.72195658358,17,1,100.0,1079.7317863932121,41.73882064556123,0.0
06,075,026003,06075026003,260.03,Census Tract 260.03,G5020,S,407434,0,+37.7195817,-122.4287703,Census Tract 260.03; San Francisco County; California,4920,2544,444,1290,393,73,2212,152,24,98177,1417,189,4920,730,2,2228,1828,6,75,26003,San Francisco,0.4074351231900506,0.17452830188679244,0.1333803810868031,0.06918238993710692,12075.542141478647,26,1,99.99999999999997,1571.3374758261377,63.81384058504976,0.0
06,075,026404,06075026404,264.04,Census Tract 264.04,G5020,S,189179,0,+37.7096507,-122.4152933,Census Tract 264.04; San Francisco County; California,2507,1376,417,511,223,63,1241,191,31,91463,690,114,2507,69,249,1373,679,6,75,26404,San Francisco,0.1891780906766005,0.30305232558139533,0.16521739130434782,0.1613372093023256,13252.063127572794,6,1,100.0,3070.5383975763793,31.716146296544384,0.0
06,001,426200,06001426200,4262,Census Tract 4262,G5020,S,1358213,0,+37.8246262,-122.2406411,Census Tract 4262; Alameda County; California,4861,2174,244,930,226,46,1483,132,28,250001,1652,55,4861,3310,70,866,281,6,1,426200,Alameda,1.3582108675687368,0.11223551057957681,0.033292978208232446,0.07359705611775529,3578.9729828192476,0,0,0.0,2360.864436892388,0.0,0.0
06,001,427100,06001427100,4271,Census Tract 4271,G5020,S,1025446,168200,+37.7649090,-122.2299614,Census Tract 4271; Alameda County; California,4222,1997,260,944,114,63,1443,202,23,215045,1375,0,4222,2448,51,776,628,6,1,427100,Alameda,1.1936427123040956,0.13019529293940912,0.0,0.11266900350525788,3537.0718192969557,0,0,0.0,1289.1263275065144,0.0,0.0
06,001,427200,06001427200,4272,Census Tract 4272,G5020,S,1329667,625070,+37.7808270,-122.2482550,Census Tract 4272; Alameda County; California,4508,2403,156,1318,30,130,1837,182,74,118571,1602,146,4508,1468,149,1788,748,6,1,427200,Alameda,1.9547365983101097,0.06491885143570537,0.09113607990012484,0.10653349979192676,2306.1930716891543,0,0,0.0,2094.5379041187966,0.0,0.0
06,085,503401,06085503401,5034.01,Census Tract 5034.01,G5020,S,902364,0,+37.3330729,-121.8407940,Census Tract 5034.01; Santa Clara County; California,4329,1857,58,1332,309,20,1747,98,34,89321,953,29,4329,64,39,758,3458,6,85,503401,Santa Clara,0.9023646921190334,0.031233171782444804,0.030430220356768102,0.07108239095315025,4797.39515276707,0,0,0.0,4947.703869406626,0.0,0.0
06,013,314106,06013314106,3141.06,Census Tract 3141.06,G5020,S,1011860,0,+38.0229463,-121.9350969,Census Tract 3141.06; Contra Costa County; California,4176,1317,16,748,490,2,1256,65,249,68352,997,45,4176,352,268,316,3057,6,13,314106,Contra Costa,1.0118569128528803,0.012148823082763858,0.04513540621865597,0.2384206529992407,4127.0657411688535,0,0,32.29977846843164,917.0911300603246,0.0,0.0
06,013,302011,06013302011,3020.11,Census Tract 3020.11,G5020,S,15847659,625026,+37.9872578,-121.6618882,Census Tract 3020.11; Contra Costa County; California,4915,2111,122,1461,192,0,1802,444,266,128703,1451,68,4915,1340,954,756,1498,6,13,302011,Contra Costa,16.47267692212626,0.05779251539554713,0.04686423156443832,0.33633349123638084,298.3728766875846,0,0,0.0,9990.84415692263,0.0,0.0
06,013,340003,06013340003,3400.03,Census Tract 3400.03,G5020,S,2520119,0,+37.9182611,-122.0889917,Census Tract 3400.03; Contra Costa County; California,3718,1625,67,979,104,24,1281,138,36,160208,1487,42,3718,2190,35,871,419,6,13,340003,Contra Costa,2.5201172926374253,0.04123076923076923,0.02824478816408877,0.10707692307692308,1475.3281566942196,0,0,0.0,2348.6630434440217,0.0,0.0
06,013,355307,06013355307,3553.07,Census Tract 3553.07,G5020,S,6142390,0,+37.9566884,-121.9284830,Census Tract 3553.07; Contra Costa County; California,4397,1927,111,1445,67,6,1691,307,132,145430,1587,33,4397,2209,85,933,535,6,13,355307,Contra Costa,6.142387524281516,0.057602490918526206,0.020793950850661626,0.227815256875973,715.8454237246002,0,0,0.0,7050.688817402113,0.0,0.0
06,013,355119,06013355119,3551.19,Census Tract 3551.19,G5020,S,17449461,0,+37.9403403,-121.8011252,Census Tract 3551.19; Contra Costa County; California,5288,2520,297,1614,240,0,2226,555,459,158343,1241,110,5288,1254,1492,833,1137,6,13,355119,Contra Costa,17.449458816212815,0.11785714285714285,0.088638195004029,0.4023809523809524,303.0466477898307,0,0,0.0,6379.796144875256,0.0,0.0
06,013,355120,06013355120,3551.20,Census Tract 3551.20,G5020,S,1525605,0,+37.9642256,-121.7886864,Census Tract 3551.20; Contra Costa County; California,4036,1735,157,831,283,68,1384,195,364,94839,1381,37,4036,963,1507,472,855,6,13,355120,Contra Costa,1.5256057322886414,0.0904899135446686,0.026792179580014484,0.3221902017291066,2645.506577866212,0,0,0.0,3535.2541692959535,0.0,0.0
06,013,313106,06013313106,3131.06,Census Tract 3131.06,G5020,S,12901293,0,+37.9797609,-121.8749222,Census Tract 3131.06; Contra Costa County; California,7094,3805,234,2808,424,39,3505,607,214,133548,2130,0,7094,2583,517,882,2745,6,13,313106,Contra Costa,12.90129569826041,0.06149802890932983,0.0,0.21576872536136663,549.8672510046059,0,0,0.0,4300.143341201808,0.0,0.0
06,013,303206,06013303206,3032.06,Census Tract 3032.06,G5020,S,7627834,0,+37.9348664,-121.7563341,Census Tract 3032.06; Contra Costa County; California,5452,2562,46,1735,251,59,2234,483,198,156513,1490,66,5452,2488,786,828,691,6,13,303206,Contra Costa,7.627835893906013,0.01795472287275566,0.04429530201342282,0.265807962529274,714.7505630470735,0,0,0.0,7046.067934137242,0.0,0.0
06,013,303207,06013303207,3032.07,Census Tract 3032.07,G5020,S,5573574,0,+37.9542876,-121.7620862,Census Tract 3032.07; Contra Costa County; California,8270,3737,444,1864,698,9,3031,543,852,110563,2106,35,8270,1781,2723,1517,1632,6,13,303207,Contra Costa,5.573571386244916,0.1188118811881188,0.016619183285849954,0.3732940861653733,1483.7882978245568,0,0,0.0,4837.738780695179,0.0,0.0
06,013,302014,06013302014,3020.14,Census Tract 3020.14,G5020,S,3840981,0,+37.9797760,-121.7231589,Census Tract 3020.14; Contra Costa County; California,7602,3924,124,2821,515,0,3460,803,546,139369,2335,34,7602,3746,148,1001,2083,6,13,302014,Contra Costa,3.8409787463778895,0.03160040774719674,0.014561027837259101,0.34378185524974514,1979.1830421266507,0,0,0.0,5308.394549511247,0.0,0.0
06,013,303104,06013303104,3031.04,Census Tract 3031.04,G5020,S,4337501,0,+37.9629721,-121.7095374,Census Tract 3031.04; Contra Costa County; California,6060,2642,300,1644,280,13,2258,562,444,139292,1820,11,6060,2847,311,1007,1556,6,13,303104,Contra Costa,4.33749652441336,0.11355034065102196,0.006043956043956044,0.380772142316427,1397.119275114487,0,0,0.0,7180.661398698087,0.0,0.0
06,013,303106,06013303106,3031.06,Census Tract 3031.06,G5020,S,30147193,38528,+37.9366457,-121.6618676,Census Tract 3031.06; Contra Costa County; California,8245,3745,116,2841,327,86,3441,339,404,101985,2401,78,8245,2732,379,1032,3641,6,13,303106,Contra Costa,30.185718643142394,0.030974632843791722,0.03248646397334444,0.19839786381842456,273.1424120615761,0,0,0.0,12091.500225475129,0.0,0.0
06,075,025401,06075025401,254.01,Census Tract 254.01,G5020,S,363722,12207,+37.7396295,-122.4224695,Census Tract 254.01; San Francisco County; California,3819,2123,533,378,372,53,1723,96,23,165278,1346,114,3819,1795,95,152,1153,6,75,25401,San Francisco,0.3759287638422904,0.25105982100800756,0.08469539375928678,0.05605275553462082,10158.8395656847,12,1,99.99999999999997,1209.9670334712876,31.920941290446823,0.0
06,075,060502,06075060502,605.02,Census Tract 605.02,G5020,S,348832,0,+37.7112928,-122.4205879,Census Tract 605.02; San Francisco County; California,3361,1225,321,671,81,31,1131,107,25,37891,957,249,3361,153,646,1169,957,6,75,60502,San Francisco,0.3488317912196923,0.2620408163265306,0.2601880877742947,0.10775510204081633,9635.016316168445,9,1,100.0,2633.5325131849995,25.800400727615592,0.0
06,075,045100,06075045100,451,Census Tract 451,G5020,S,384459,0,+37.7775849,-122.4613475,Census Tract 451; San Francisco County; California,4838,2888,675,836,200,111,2032,365,39,190389,1936,381,4838,2595,33,1470,381,6,75,45100,San Francisco,0.38446093575355617,0.23372576177285317,0.19679752066115702,0.13988919667590027,12583.853260715188,14,1,99.99999999999999,3910.139254814476,36.414622912363086,0.0
06,075,016500,06075016500,165,Census Tract 165,G5020,S,370446,0,+37.7741957,-122.4477882,Census Tract 165; San Francisco County; California,5317,3443,915,357,198,675,2501,104,98,177159,2260,650,5317,3483,381,418,720,6,75,16500,San Francisco,0.3704451019359723,0.26575660760964276,0.28761061946902655,0.05866976474005228,14353.00391937424,15,1,100.0,2662.083132793896,40.49182975185511,0.0
06,075,015300,06075015300,153,Census Tract 153,G5020,S,233721,0,+37.7867618,-122.4393346,Census Tract 153; San Francisco County; California,2293,1524,420,276,68,209,1112,121,16,176090,1026,344,2293,1367,239,259,303,6,75,15300,San Francisco,0.23372012741111334,0.2755905511811024,0.33528265107212474,0.08989501312335958,9810.879471097569,10,1,100.0,2381.863537260431,42.78621662057378,0.0
06,075,013500,06075013500,135,Census Tract 135,G5020,S,235184,0,+37.7908976,-122.4325551,Census Tract 135; San Francisco County; California,2471,1732,297,551,58,238,1271,76,34,175118,1641,517,2471,1714,10,305,314,6,75,13500,San Francisco,0.235184806272021,0.17147806004618937,0.31505179768433883,0.06351039260969978,10506.631100743709,12,1,100.0,2077.86026656075,51.023704252903485,0.0
06,075,023103,06075023103,231.03,Census Tract 231.03,G5020,S,1246230,454763,+37.7326764,-122.3732109,Census Tract 231.03; San Francisco County; California,4456,1288,217,719,228,16,1232,165,16,29799,1518,315,4456,0,2248,337,1062,6,75,23103,San Francisco,1.700992098110277,0.16847826086956522,0.2075098814229249,0.140527950310559,2619.6476779347818,36,1,85.27691820254763,4270.704394449337,21.164119480622116,0.0
06,075,022801,06075022801,228.01,Census Tract 228.01,G5020,S,578057,0,+37.7607269,-122.4125113,Census Tract 228.01; San Francisco County; California,4950,3029,589,885,182,332,2259,106,75,164539,1819,264,4950,2126,695,688,1110,6,75,22801,San Francisco,0.5780592105782696,0.19445361505447342,0.1451346893897746,0.05975569494882799,8563.136629287852,14,1,100.0,801.6827406036348,24.21897228485453,0.0
06,075,018000,06075018000,180,Census Tract 180,G5020,S,933506,0,+37.7753353,-122.4022844,Census Tract 180; San Francisco County; California,3774,2207,440,412,28,661,1594,200,82,183507,1613,625,3774,1186,308,1009,965,6,75,18000,San Francisco,0.9335072791182383,0.1993656547349343,0.38747675139491633,0.12777526053466243,4042.8179666309643,13,1,99.99999999999999,1108.5374956637818,13.925976037679527,0.0
06,085,503402,06085503402,5034.02,Census Tract 5034.02,G5020,S,728586,0,+37.3242017,-121.8329376,Census Tract 5034.02; Santa Clara County; California,4597,1740,35,1282,259,40,1623,114,14,66538,1042,128,4597,357,24,1059,3002,6,85,503402,Santa Clara,0.7285878953766436,0.020114942528735632,0.12284069097888675,0.0735632183908046,6309.465239775333,0,0,0.0,6153.608027378235,0.0,0.0
06,085,503507,06085503507,5035.07,Census Tract 5035.07,G5020,S,388539,0,+37.3401850,-121.8319402,Census Tract 5035.07; Santa Clara County; California,2332,1125,5,844,236,0,1089,59,16,135329,397,14,2332,7,0,842,1459,6,85,503507,Santa Clara,0.38854033707078733,0.0044444444444444444,0.03526448362720403,0.06666666666666667,6001.950833679176,0,0,0.0,4917.669852616796,0.0,0.0
06,085,508004,06085508004,5080.04,Census Tract 5080.04,G5020,S,1446536,0,+37.3163796,-122.0012063,Census Tract 5080.04; Santa Clara County; California,5862,2871,19,1775,122,115,2124,73,85,232563,2041,62,5862,1297,363,3825,254,6,85,508004,Santa Clara,1.4465368259394462,0.0066179031696273075,0.030377266046055854,0.055033089515848135,4052.4374456854584,0,0,0.0,12596.678196668558,0.0,0.0
06,001,427300,06001427300,4273,Census Tract 4273,G5020,S,1950569,821461,+37.7810489,-122.2662775,Census Tract 4273; Alameda County; California,5283,2695,264,1452,84,98,2034,163,58,124432,2015,169,5283,1673,859,1929,430,6,1,427300,Alameda,2.772030350602009,0.09795918367346938,0.08387096774193549,0.08200371057513915,1905.823289002834,0,0,0.0,1798.2494651916425,0.0,0.0
06,085,504411,06085504411,5044.11,Census Tract 5044.11,G5020,S,1364912,0,+37.4160962,-121.8648388,Census Tract 5044.11; Santa Clara County; California,5901,3424,68,2577,325,0,3067,187,478,178333,1580,9,5901,951,55,3806,904,6,85,504411,Santa Clara,1.3649116084797699,0.01985981308411215,0.00569620253164557,0.19421728971962618,4323.356885045836,0,0,0.0,2398.0718719280767,0.0,0.0
06,085,503322,06085503322,5033.22,Census Tract 5033.22,G5020,S,1443922,0,+37.3413457,-121.7977324,Census Tract 5033.22; Santa Clara County; California,4635,2364,41,1673,425,15,2181,69,90,108973,1141,37,4635,446,96,2508,1533,6,85,503322,Santa Clara,1.4439218379879222,0.01734348561759729,0.03242769500438212,0.06725888324873096,3210.007548925768,0,0,0.0,7443.907305523289,0.0,0.0
06,075,010300,06075010300,103,Census Tract 103,G5020,S,268261,0,+37.8016200,-122.4156810,Census Tract 103; San Francisco County; California,3925,2522,525,518,56,311,1582,100,43,149766,2087,654,3925,2322,0,1051,462,6,75,10300,San Francisco,0.2682572967978905,0.20816812053925457,0.31336847149017727,0.05670103092783505,14631.475254733368,13,1,99.99999999999996,1851.0678995521432,48.46093714943536,0.0
06,075,010500,06075010500,105,Census Tract 105,G5020,S,676089,501830,+37.8026835,-122.3990500,Census Tract 105; San Francisco County; California,3108,1621,257,160,34,595,1136,133,53,187763,1792,655,3108,1538,16,1270,49,6,75,10500,San Francisco,1.1779201452668875,0.15854410857495374,0.36551339285714285,0.1147439851943245,2638.5489818546266,23,1,99.99999999999997,773.9346964366486,19.52594162891133,0.0
06,075,010600,06075010600,106,Census Tract 106,G5020,S,187223,0,+37.7993784,-122.4063879,Census Tract 106; San Francisco County; California,3197,1947,517,255,20,699,1620,66,28,58060,1807,1160,3197,989,99,1607,249,6,75,10600,San Francisco,0.18722273628088465,0.2655367231638418,0.6419479800774764,0.048279404211607604,17075.917506106933,17,1,100.0,1098.4282835401002,90.80093763022143,0.0
06,075,010800,06075010800,108,Census Tract 108,G5020,S,226072,0,+37.7964984,-122.4142913,Census Tract 108; San Francisco County; California,4613,3188,681,642,109,1089,2590,86,343,145402,2401,674,4613,2167,384,1441,239,6,75,10800,San Francisco,0.22607276024245196,0.21361355081555836,0.280716368179925,0.13456712672521956,20404.935097234993,16,1,100.0,1375.9882520980304,70.77367473569475,0.0
06,075,011200,06075011200,112,Census Tract 112,G5020,S,177415,0,+37.7929713,-122.4127333,Census Tract 112; San Francisco County; California,2865,1771,335,240,45,580,1272,93,9,158750,1651,810,2865,1598,75,853,120,6,75,11200,San Francisco,0.17741608411384607,0.189158667419537,0.49061175045427013,0.05759457933370977,16148.479515315867,22,1,99.99999999999999,1038.1797420609903,124.0022859814831,0.0
06,075,011300,06075011300,113,Census Tract 113,G5020,S,102298,0,+37.7946971,-122.4093492,Census Tract 113; San Francisco County; California,2862,1268,281,152,54,433,937,25,91,31801,1383,943,2862,367,111,2216,108,6,75,11300,San Francisco,0.10229850342770061,0.221608832807571,0.6818510484454086,0.0914826498422713,27976.94887122876,13,1,100.0,911.6338583254899,127.07908292312155,0.0
06,075,011700,06075011700,117,Census Tract 117,G5020,S,551749,0,+37.7904975,-122.4034750,Census Tract 117; San Francisco County; California,2056,1149,257,105,45,521,950,24,0,93500,1152,862,2056,761,63,746,270,6,75,11700,San Francisco,0.5517498377822008,0.22367275892080069,0.7482638888888888,0.020887728459530026,3726.326424062477,50,2,100.0,215.34851297015152,90.6207787952937,50.4
06,075,011800,06075011800,118,Census Tract 118,G5020,S,56564,0,+37.7933506,-122.4061645,Census Tract 118; San Francisco County; California,1695,823,268,44,27,318,688,76,21,41471,738,587,1695,134,35,1377,39,6,75,11800,San Francisco,0.05656437580254746,0.32563791008505466,0.7953929539295393,0.11786148238153099,29965.85706022523,7,1,99.99999999999999,608.0672490593645,123.75280201862927,0.0
06,085,503508,06085503508,5035.08,Census Tract 5035.08,G5020,S,1008144,0,+37.3545123,-121.8114100,Census Tract 5035.08; Santa Clara County; California,5982,2731,14,2131,432,0,2621,46,7,123168,1221,36,5982,288,85,962,4188,6,85,503508,Santa Clara,1.0081451170183078,0.005126327352618088,0.029484029484029485,0.019406810692054192,5933.669567028581,0,0,0.0,5806.263136582377,0.0,0.0
06,001,423300,06001423300,4233,Census Tract 4233,G5020,S,726625,0,+37.8573281,-122.2842016,Census Tract 4233; Alameda County; California,3476,1700,279,705,42,67,1207,87,95,83450,1429,226,3476,1595,690,206,579,6,1,423300,Alameda,0.7266243196420993,0.16411764705882353,0.15815255423372987,0.10705882352941176,4783.765015891724,0,0,0.0,1348.8511939114478,0.0,0.0
06,085,503709,06085503709,5037.09,Census Tract 5037.09,G5020,S,884967,0,+37.3645486,-121.8620422,Census Tract 5037.09; Santa Clara County; California,6178,2696,160,1817,209,0,2230,133,102,59926,2199,352,6178,276,230,3790,1655,6,85,503709,Santa Clara,0.884967465269898,0.05934718100890208,0.16007276034561163,0.08716617210682492,6981.047600564422,0,0,9.839265606359099,1199.1444475258124,0.0,0.0
06,085,503804,06085503804,5038.04,Census Tract 5038.04,G5020,S,1509505,0,+37.3759232,-121.8448761,Census Tract 5038.04; Santa Clara County; California,5372,2618,86,1490,571,28,2189,46,13,102483,1711,100,5372,703,134,2688,1587,6,85,503804,Santa Clara,1.509505423781543,0.03284950343773873,0.058445353594389245,0.022536287242169595,3558.781515698244,0,0,0.0,2760.3966589920133,0.0,0.0
06,085,503212,06085503212,5032.12,Census Tract 5032.12,G5020,S,1671358,0,+37.3046221,-121.8289144,Census Tract 5032.12; Santa Clara County; California,4176,1960,41,1429,166,0,1647,153,73,116375,991,70,4176,201,108,3084,612,6,85,503212,Santa Clara,1.6713575586642153,0.020918367346938777,0.07063572149344097,0.11530612244897959,2498.5676932813517,0,0,0.0,8172.849734036973,0.0,0.0
06,085,503213,06085503213,5032.13,Census Tract 5032.13,G5020,S,1099444,0,+37.3016723,-121.8373674,Census Tract 5032.13; Santa Clara County; California,5140,2250,25,1624,349,2,2000,88,22,73790,1275,91,5140,193,40,3115,1739,6,85,503213,Santa Clara,1.099445681977109,0.011111111111111112,0.07137254901960784,0.04888888888888889,4675.083166234143,0,0,0.0,8128.032058912681,0.0,0.0
06,085,503217,06085503217,5032.17,Census Tract 5032.17,G5020,S,601903,0,+37.2867501,-121.8303183,Census Tract 5032.17; Santa Clara County; California,4412,1997,98,1297,477,0,1872,180,178,81696,967,13,4412,64,16,1107,3083,6,85,503217,Santa Clara,0.6019034854370544,0.049073610415623435,0.01344364012409514,0.17926890335503254,7330.07883613825,0,0,0.0,9897.85969381066,0.0,0.0
06,085,504001,06085504001,5040.01,Census Tract 5040.01,G5020,S,1137359,0,+37.3586250,-121.8272151,Census Tract 5040.01; Santa Clara County; California,5085,2559,136,1866,263,13,2425,152,108,75000,1506,129,5085,312,8,1207,3422,6,85,504001,Santa Clara,1.1373585143376674,0.05314576006252442,0.08565737051792828,0.10160218835482611,4470.885772514055,0,0,0.0,4337.379326476142,0.0,0.0
06,085,504002,06085504002,5040.02,Census Tract 5040.02,G5020,S,1026358,0,+37.3546753,-121.8340275,Census Tract 5040.02; Santa Clara County; California,6385,3139,17,2307,611,0,2935,172,48,90153,1428,41,6385,249,0,2687,3373,6,85,504002,Santa Clara,1.0263602876069196,0.00541573749601784,0.028711484593837534,0.07008601465434852,6221.012325883519,0,0,0.0,3908.458184654374,0.0,0.0
06,085,504101,06085504101,5041.01,Census Tract 5041.01,G5020,S,992972,0,+37.3693439,-121.8203724,Census Tract 5041.01; Santa Clara County; California,4490,2337,87,1757,264,7,2151,330,6,107250,1069,13,4490,539,0,758,3005,6,85,504101,Santa Clara,0.9929733819767105,0.037227214377406934,0.01216089803554724,0.14377406931964057,4521.772770043205,0,0,0.0,4802.0961156531175,0.0,0.0
06,085,503218,06085503218,5032.18,Census Tract 5032.18,G5020,S,590505,0,+37.2804873,-121.8299569,Census Tract 5032.18; Santa Clara County; California,4519,1859,85,1333,271,0,1757,160,62,66958,1083,166,4519,180,110,783,3403,6,85,503218,Santa Clara,0.5905068462973974,0.0457235072619688,0.15327793167128348,0.11941904249596558,7652.7478526880495,0,0,0.0,10552.623211830369,0.0,0.0
06,085,503304,06085503304,5033.04,Census Tract 5033.04,G5020,S,1487588,0,+37.3126099,-121.8212218,Census Tract 5033.04; Santa Clara County; California,6804,3177,48,2301,491,34,2908,236,58,94539,1758,148,6804,420,79,3673,2486,6,85,503304,Santa Clara,1.4875876411102045,0.015108593012275733,0.08418657565415244,0.09254013220018886,4573.84816327332,0,0,0.0,7806.735956820512,0.0,0.0
06,085,503305,06085503305,5033.05,Census Tract 5033.05,G5020,S,2324266,0,+37.3198735,-121.8146799,Census Tract 5033.05; Santa Clara County; California,5854,2609,86,1728,460,21,2396,211,82,86629,1405,244,5854,134,81,3126,2375,6,85,503305,Santa Clara,2.3242667363590006,0.03296282100421617,0.17366548042704627,0.11230356458413185,2518.643797815728,0,0,0.0,7574.296067484646,0.0,0.0
06,085,503306,06085503306,5033.06,Census Tract 5033.06,G5020,S,1667566,0,+37.3314079,-121.8221358,Census Tract 5033.06; Santa Clara County; California,4047,2056,77,1580,216,48,1959,89,16,118214,832,69,4047,112,6,2091,1766,6,85,503306,Santa Clara,1.667564982173817,0.03745136186770428,0.0829326923076923,0.051070038910505836,2426.8919312064118,0,0,0.0,6211.719842999527,0.0,0.0
06,085,504102,06085504102,5041.02,Census Tract 5041.02,G5020,S,1342538,0,+37.3640803,-121.8149359,Census Tract 5041.02; Santa Clara County; California,5730,2527,20,2094,260,53,2427,90,113,104489,1307,77,5730,414,29,1397,3867,6,85,504102,Santa Clara,1.3425446907808876,0.007914523149980214,0.05891354246365723,0.08033240997229917,4268.014345702832,0,0,0.0,5304.897337716682,0.0,0.0
06,085,503313,06085503313,5033.13,Census Tract 5033.13,G5020,S,1606057,0,+37.3312838,-121.7764695,Census Tract 5033.13; Santa Clara County; California,4729,2242,10,1541,420,0,2005,166,56,197159,1254,22,4729,730,77,3226,522,6,85,503313,Santa Clara,1.6060551593819394,0.0044603033006244425,0.017543859649122806,0.09901873327386262,2944.481683817054,0,0,0.0,9620.70121816133,0.0,0.0
06,085,503315,06085503315,5033.15,Census Tract 5033.15,G5020,S,1647150,0,+37.3184032,-121.8013312,Census Tract 5033.15; Santa Clara County; California,8473,4487,78,2966,824,8,3919,192,146,150192,2154,121,8473,517,90,4955,2807,6,85,503315,Santa Clara,1.6471508196611961,0.01738355248495654,0.05617455896007428,0.07532872743481168,5144.034109604377,0,0,0.0,8549.355236559293,0.0,0.0
06,075,012700,06075012700,127,Census Tract 127,G5020,S,429259,250510,+37.8049771,-122.4447185,Census Tract 127; San Francisco County; California,4021,2887,464,926,115,181,1883,106,74,236158,2145,278,4021,3127,62,258,370,6,75,12700,San Francisco,0.6797698750869479,0.1607204710772428,0.1296037296037296,0.06234845860755109,5915.237122689032,14,1,100.0,3911.154146741554,20.59520510262284,0.0
06,075,013200,06075013200,132,Census Tract 132,G5020,S,546674,0,+37.7936676,-122.4387455,Census Tract 132; San Francisco County; California,3931,2277,289,523,191,207,1559,26,21,201464,2213,380,3931,2537,1,861,259,6,75,13200,San Francisco,0.5466746648092923,0.12692138779095302,0.17171260732037957,0.020641194554238032,7190.748452502973,12,1,99.99999999999996,2698.3112870904833,21.950898354117445,0.0
06,085,503323,06085503323,5033.23,Census Tract 5033.23,G5020,S,1131863,0,+37.3336993,-121.7916431,Census Tract 5033.23; Santa Clara County; California,3750,1927,24,1462,247,23,1766,156,5,156186,1014,74,3750,384,50,2022,1251,6,85,503323,Santa Clara,1.1318627707157738,0.012454592631032694,0.07297830374753451,0.08354955889984432,3313.122488893732,0,0,0.0,8300.04009600432,0.0,0.0
06,075,012100,06075012100,121,Census Tract 121,G5020,S,123394,0,+37.7888066,-122.4118881,Census Tract 121; San Francisco County; California,3513,2452,528,243,68,988,2092,154,54,83906,2166,1686,3513,1650,163,1062,443,6,75,12100,San Francisco,0.12339460791904376,0.21533442088091354,0.778393351800554,0.08482871125611746,28469.63947002283,12,1,99.99999999999997,608.877865588149,97.24898196421121,0.0
06,075,015100,06075015100,151,Census Tract 151,G5020,S,171998,0,+37.7874563,-122.4234259,Census Tract 151; San Francisco County; California,2799,1711,647,304,17,262,1360,136,49,170583,1720,812,2799,1455,104,929,183,6,75,15100,San Francisco,0.1719974878981811,0.3781414377556984,0.4720930232558139,0.1081239041496201,16273.49349228257,3,1,99.99999999999997,1223.60759368422,17.4421152114497,0.0
06,085,503321,06085503321,5033.21,Census Tract 5033.21,G5020,S,1753664,246839,+37.3320024,-121.8050953,Census Tract 5033.21; Santa Clara County; California,4301,2117,8,1439,206,11,1664,162,37,159375,1103,105,4301,247,35,3371,584,6,85,503321,Santa Clara,2.0005020713985067,0.003778932451582428,0.09519492293744333,0.09400094473311289,2149.9602832169357,0,0,0.0,7213.809466054011,0.0,0.0
06,085,504311,06085504311,5043.11,Census Tract 5043.11,G5020,S,2176514,0,+37.3775246,-121.8845878,Census Tract 5043.11; Santa Clara County; California,8064,4407,164,2564,130,0,2921,248,42,167277,2999,60,8064,723,46,6387,621,6,85,504311,Santa Clara,2.1765182722890652,0.03721352393918766,0.020006668889629875,0.06580440208758793,3704.999908647224,0,0,18.71255576494694,1329.5479006535468,0.0,0.0
06,085,504314,06085504314,5043.14,Census Tract 5043.14,G5020,S,1475544,0,+37.4018243,-121.8548256,Census Tract 5043.14; Santa Clara County; California,4745,2487,82,1895,144,39,2172,173,77,165714,1346,24,4745,471,250,3263,567,6,85,504314,Santa Clara,1.4755442565054384,0.03297145154804986,0.017830609212481426,0.10052271813429835,3215.762576473091,0,0,0.0,3302.56116984594,0.0,0.0
06,085,504315,06085504315,5043.15,Census Tract 5043.15,G5020,S,1586749,0,+37.4093269,-121.8596884,Census Tract 5043.15; Santa Clara County; California,6719,3901,28,2736,589,34,3406,139,57,166042,1880,0,6719,799,60,4714,976,6,85,504315,Santa Clara,1.5867505966614743,0.007177646757241733,0.0,0.05024352730069213,4234.439876144863,0,0,0.0,2750.8145596882573,0.0,0.0
06,001,423400,06001423400,4234,Census Tract 4234,G5020,S,755441,0,+37.8583735,-122.2758840,Census Tract 4234; Alameda County; California,5551,3306,766,1151,116,85,2572,191,90,107455,2159,322,5551,2613,737,593,1237,6,1,423400,Alameda,0.7554416424572192,0.23169993950393225,0.1491431218156554,0.08499697519661222,7348.019606047007,0,0,44.37129578092557,793.326522692935,0.0,0.0
06,001,423500,06001423500,4235,Census Tract 4235,G5020,S,635744,0,+37.8593612,-122.2680480,Census Tract 4235; Alameda County; California,3540,1990,396,648,154,155,1609,119,15,89728,1518,358,3540,1935,357,490,594,6,1,423500,Alameda,0.6357459944259262,0.19899497487437187,0.23583662714097497,0.06733668341708543,5568.2615872343695,0,0,64.36532528121143,714.6265457934114,0.0,0.0
06,001,423602,06001423602,4236.02,Census Tract 4236.02,G5020,S,404545,0,+37.8631828,-122.2592684,Census Tract 4236.02; Alameda County; California,7198,3473,747,948,93,1039,2939,210,13,59297,2216,800,7198,3393,108,2166,1006,6,1,423602,Alameda,0.4045442775267412,0.21508782032824647,0.36101083032490977,0.06420961704578175,17792.860756815913,0,0,4.235256479418216,1092.3574019739617,0.0,0.0
06,001,427600,06001427600,4276,Census Tract 4276,G5020,S,582864,0,+37.7778323,-122.2835979,Census Tract 4276; Alameda County; California,4740,2481,248,1552,211,96,2201,150,155,91820,1882,270,4740,1352,738,1645,733,6,1,427600,Alameda,0.5828651357268329,0.09995969367190649,0.1434643995749203,0.12293430068520758,8132.241421661324,0,0,0.0,2697.225822586552,0.0,0.0
06,075,015900,06075015900,159,Census Tract 159,G5020,S,295577,0,+37.7833409,-122.4293428,Census Tract 159; San Francisco County; California,5245,2824,722,562,241,452,2134,368,88,114323,2129,857,5245,1550,796,1488,944,6,75,15900,San Francisco,0.2955778265382779,0.2556657223796034,0.402536402066698,0.16147308781869688,17744.90347069645,15,1,100.0,1427.2255710500267,50.74805568359327,0.0
06,075,016000,06075016000,160,Census Tract 160,G5020,S,157523,0,+37.7823391,-122.4224915,Census Tract 160; San Francisco County; California,2460,1499,287,518,6,306,1197,98,32,135246,1713,967,2460,910,141,786,228,6,75,16000,San Francisco,0.15752375723885528,0.1914609739826551,0.5645067133683596,0.0867244829886591,15616.692003288561,3,1,100.0,822.7831852888556,19.044746345473857,0.0
06,075,016200,06075016200,162,Census Tract 162,G5020,S,273260,0,+37.7771541,-122.4228807,Census Tract 162; San Francisco County; California,3230,2478,589,369,84,320,1815,189,94,181425,1847,943,3230,1705,168,798,349,6,75,16200,San Francisco,0.27325921946158116,0.23769168684422923,0.5105576610720086,0.11420500403551251,11820.278219209806,7,1,100.0,831.8881826614098,25.616702023055307,0.0
06,075,016300,06075016300,163,Census Tract 163,G5020,S,245866,0,+37.7760456,-122.4295509,Census Tract 163; San Francisco County; California,3942,2522,715,472,199,147,1736,171,79,129962,1885,679,3942,2155,567,467,339,6,75,16300,San Francisco,0.2458649125306097,0.28350515463917525,0.36021220159151196,0.09912767644726407,16033.194649152016,12,1,99.99999999999997,1429.4884898884711,48.807289647342515,0.0
06,075,016400,06075016400,164,Census Tract 164,G5020,S,309099,0,+37.7750995,-122.4369730,Census Tract 164; San Francisco County; California,4162,2847,899,571,214,114,2135,158,154,212667,1704,596,4162,2527,200,605,634,6,75,16400,San Francisco,0.30909876592566105,0.3157709870038637,0.34976525821596244,0.1095890410958904,13464.951849730032,8,1,100.0,1873.778443438533,25.88169504993759,0.0
06,075,015500,06075015500,155,Census Tract 155,G5020,S,312148,0,+37.7850941,-122.4341319,Census Tract 155; San Francisco County; California,3708,1637,426,325,8,155,1031,73,100,92829,2249,1294,3708,1371,145,1213,676,6,75,15500,San Francisco,0.3121465859554603,0.2602321319486866,0.5753668297020899,0.10568112400733048,11879.034296178683,14,1,99.99999999999997,1888.584176479338,44.85072280110614,0.0
06,075,015600,06075015600,156,Census Tract 156,G5020,S,293931,0,+37.7782473,-122.4564269,Census Tract 156; San Francisco County; California,2988,1586,419,519,32,190,1199,173,12,99028,1381,393,2988,1097,107,1103,418,6,75,15600,San Francisco,0.29393266508590987,0.26418663303909207,0.2845763939174511,0.11664564943253468,10165.59353526317,8,1,100.0,3538.0367579879976,27.21711789896431,0.0
06,075,016700,06075016700,167,Census Tract 167,G5020,S,490697,0,+37.7703481,-122.4377358,Census Tract 167; San Francisco County; California,5277,4268,1532,672,67,230,3198,278,119,232895,2336,962,5277,3811,285,532,299,6,75,16700,San Francisco,0.4906945707623121,0.358950328022493,0.4118150684931507,0.09301780693533271,10754.143849201319,13,1,100.0,1683.0343790272227,26.49305856350524,0.0
06,001,433000,06001433000,4330,Census Tract 4330,G5020,S,1316548,0,+37.7159042,-122.1354894,Census Tract 4330; Alameda County; California,3799,1851,161,1180,255,17,1666,142,94,96237,1354,49,3799,1349,309,1233,601,6,1,433000,Alameda,1.3165513071270312,0.08698001080497028,0.0361890694239291,0.12749864937871422,2885.569274387149,0,0,0.0,2254.1953606784264,0.0,0.0
06,001,433200,06001433200,4332,Census Tract 4332,G5020,S,3173333,0,+37.7017249,-122.1470315,Census Tract 4332; Alameda County; California,8120,4051,264,2956,611,0,3861,217,33,78701,2629,304,8120,829,790,3361,2671,6,1,433200,Alameda,3.173337505725927,0.06516909405085164,0.11563332065424116,0.06171315724512466,2558.820164999274,0,0,5.618912185775554,1887.1246010925295,0.0,0.0
06,001,433300,06001433300,4333,Census Tract 4333,G5020,S,2520122,0,+37.6985123,-122.1575782,Census Tract 4333; Alameda County; California,7367,3748,132,2673,514,50,3474,605,35,103792,1999,28,7367,1355,37,3611,2003,6,1,433300,Alameda,2.52012327851794,0.035218783351120594,0.014007003501750876,0.17075773745997866,2923.269691922556,0,0,0.0,2601.245866322784,0.0,0.0
06,001,433400,06001433400,4334,Census Tract 4334,G5020,S,5417052,3744232,+37.6862098,-122.1772459,Census Tract 4334; Alameda County; California,6040,3200,274,1980,443,45,2848,205,55,113633,2157,97,6040,810,514,3751,472,6,1,433400,Alameda,9.16128544305297,0.085625,0.0449698655540102,0.08125,659.2961258051565,0,0,0.0,4324.655555286379,0.0,0.0
06,001,433500,06001433500,4335,Census Tract 4335,G5020,S,1234041,0,+37.6845055,-122.1553170,Census Tract 4335; Alameda County; California,4311,2184,151,1532,138,23,1869,177,78,86250,1500,103,4311,1078,126,2083,903,6,1,433500,Alameda,1.2340406745986179,0.06913919413919414,0.06866666666666667,0.11675824175824176,3493.4018697578094,0,0,0.0,2887.81961565822,0.0,0.0
06,001,433102,06001433102,4331.02,Census Tract 4331.02,G5020,S,1504293,0,+37.7020462,-122.1331241,Census Tract 4331.02; Alameda County; California,4445,2370,308,1579,198,0,2195,323,261,120577,1304,45,4445,332,309,2363,1293,6,1,433102,Alameda,1.5042913128071311,0.12995780590717299,0.03450920245398773,0.24641350210970464,2954.879791006215,0,0,45.505947838785765,818.3977142664535,0.0,0.0
06,001,440307,06001440307,4403.07,Census Tract 4403.07,G5020,S,1404956,0,+37.5911451,-122.0486878,Census Tract 4403.07; Alameda County; California,4481,1872,78,1181,183,0,1507,115,54,117938,1495,92,4481,611,259,2368,960,6,1,440307,Alameda,1.4049574411035954,0.041666666666666664,0.06153846153846154,0.09027777777777778,3189.42045424534,0,0,0.0,2768.826394492656,0.0,0.0
06,001,440308,06001440308,4403.08,Census Tract 4403.08,G5020,S,1838208,0,+37.5893168,-122.0278170,Census Tract 4403.08; Alameda County; California,6011,2621,346,1314,389,4,2082,232,139,108403,1936,387,6011,767,247,3070,1561,6,1,440308,Alameda,1.8382052966216988,0.13201068294544066,0.19989669421487602,0.14154902708889736,3270.0373625552984,0,0,22.808733076292175,940.9886905536114,0.0,0.0
06,001,441200,06001441200,4412,Census Tract 4412,G5020,S,3248023,11692,+37.5780625,-121.9910071,Census Tract 4412; Alameda County; California,7354,3372,206,2077,122,11,2416,239,25,158446,2592,38,7354,2346,191,3390,900,6,1,441200,Alameda,3.2597186810221572,0.06109134045077105,0.014660493827160493,0.07829181494661921,2256.022902471446,0,0,0.0,2444.041603637342,0.0,0.0
06,001,441301,06001441301,4413.01,Census Tract 4413.01,G5020,S,3239687,0,+37.5716231,-122.0024689,Census Tract 4413.01; Alameda County; California,3330,1716,68,883,121,6,1078,158,19,160714,1220,43,3330,663,363,1742,246,6,1,441301,Alameda,3.2396866382071203,0.039627039627039624,0.03524590163934426,0.10314685314685315,1027.877190567684,0,0,0.0,2492.5491099291967,0.0,0.0
06,001,441302,06001441302,4413.02,Census Tract 4413.02,G5020,S,1994662,0,+37.5693426,-122.0194346,Census Tract 4413.02; Alameda County; California,5828,2580,354,1160,139,15,1712,227,101,208590,1876,79,5828,918,158,3631,662,6,1,441302,Alameda,1.9946671603444692,0.1372093023255814,0.04211087420042644,0.12713178294573643,2921.790720710283,0,0,0.0,2383.2620240689553,0.0,0.0
06,001,433900,06001433900,4339,Census Tract 4339,G5020,S,816590,0,+37.6992655,-122.1135392,Census Tract 4339; Alameda County; California,7187,2942,78,2269,361,25,2803,370,44,70552,2294,139,7187,623,1892,885,3058,6,1,433900,Alameda,0.8165889561656554,0.026512576478585997,0.06059285091543156,0.14072059823249491,8801.245652092834,0,0,6.732401318668776,1164.2608738411184,0.0,0.0
06,001,434000,06001434000,4340,Census Tract 4340,G5020,S,1217965,0,+37.6923450,-122.1102056,Census Tract 4340; Alameda County; California,5166,2401,120,1691,281,132,2282,147,53,48023,1666,287,5166,910,679,1062,2335,6,1,434000,Alameda,1.2179626543746405,0.04997917534360683,0.1722689075630252,0.08329862557267805,4241.509361099802,0,0,4.591654877180866,1517.2423819019898,0.0,0.0
06,001,435500,06001435500,4355,Census Tract 4355,G5020,S,1012334,0,+37.6809369,-122.0933300,Census Tract 4355; Alameda County; California,4153,1934,44,1510,87,52,1747,66,6,75139,1403,151,4153,1098,522,311,1986,6,1,435500,Alameda,1.012330670530281,0.022750775594622543,0.10762651461154668,0.03722854188210962,4102.414478684685,0,0,2.089773351896206,1366.9203448654405,0.0,0.0
06,001,435800,06001435800,4358,Census Tract 4358,G5020,S,1310022,0,+37.6793903,-122.1296211,Census Tract 4358; Alameda County; California,5687,2687,100,1824,419,21,2467,274,87,100882,1721,0,5687,1181,256,1939,2188,6,1,435800,Alameda,1.3100253019530648,0.03721622627465575,0.0,0.13435057685150725,4341.137527283998,0,0,0.0,1964.5157415825756,0.0,0.0
06,001,435900,06001435900,4359,Census Tract 4359,G5020,S,2413826,53278,+37.6724681,-122.1473050,Census Tract 4359; Alameda County; California,5290,2738,104,2200,173,1,2576,266,41,113750,1529,70,5290,1525,35,2258,1318,6,1,435900,Alameda,2.467102309516631,0.03798392987582177,0.04578155657292348,0.11212563915266618,2144.2159004084624,0,0,0.0,3361.5822594376345,0.0,0.0
06,001,436000,06001436000,4360,Census Tract 4360,G5020,S,1345104,0,+37.6690407,-122.1375296,Census Tract 4360; Alameda County; California,5114,2487,154,1691,373,7,2247,242,50,111806,1408,32,5114,1385,31,1353,2067,6,1,436000,Alameda,1.3451002345966094,0.06192199437072778,0.022727272727272728,0.11741053478086047,3801.9471474805514,0,0,0.0,3244.72021965592,0.0,0.0
06,001,436100,06001436100,4361,Census Tract 4361,G5020,S,1261383,0,+37.6717496,-122.1236242,Census Tract 4361; Alameda County; California,5765,2907,248,1965,427,23,2667,261,77,104531,1699,228,5765,972,251,1877,1853,6,1,436100,Alameda,1.261381465997356,0.08531131750945993,0.13419658622719247,0.11627106983144135,4570.385847109065,0,0,0.0,2805.7937557908363,0.0,0.0
06,001,436200,06001436200,4362,Census Tract 4362,G5020,S,644516,0,+37.6685047,-122.1121200,Census Tract 4362; Alameda County; California,4128,1867,80,1354,186,103,1765,144,98,72740,1271,77,4128,437,528,401,2631,6,1,436200,Alameda,0.6445137773033234,0.04284949116229245,0.06058221872541306,0.12961971076593465,6404.828174925524,0,0,0.0,2216.5583061534066,0.0,0.0
06,001,436602,06001436602,4366.02,Census Tract 4366.02,G5020,S,894284,0,+37.6518201,-122.0851944,Census Tract 4366.02; Alameda County; California,5255,2367,37,1721,313,41,2248,90,41,92125,1645,132,5255,345,324,1030,2801,6,1,436602,Alameda,0.8942820050264181,0.01563160118293198,0.08024316109422493,0.05534431770173215,5876.222456074985,0,0,0.0,1991.5553353386513,0.0,0.0
06,001,436700,06001436700,4367,Census Tract 4367,G5020,S,798269,0,+37.6619708,-122.1005195,Census Tract 4367; Alameda County; California,3367,1567,86,1166,143,14,1409,360,77,100242,1150,20,3367,382,448,826,1603,6,1,436700,Alameda,0.798267864429055,0.05488194001276324,0.017391304347826087,0.2788768347160179,4217.882430239352,0,0,0.0,1467.1079124809983,0.0,0.0
06,001,436800,06001436800,4368,Census Tract 4368,G5020,S,1025366,0,+37.6535732,-122.0944503,Census Tract 4368; Alameda County; California,4196,2224,147,1381,423,97,2056,190,52,103567,1357,87,4196,457,249,1030,2072,6,1,436800,Alameda,1.0253664872334622,0.06609712230215828,0.06411201179071481,0.10881294964028777,4092.1953781825005,0,0,0.0,1906.8219395775345,0.0,0.0
06,001,436900,06001436900,4369,Census Tract 4369,G5020,S,1207092,0,+37.6603504,-122.1097205,Census Tract 4369; Alameda County; California,6403,3018,155,2194,359,0,2716,327,87,96719,1865,59,6403,776,446,1192,3687,6,1,436900,Alameda,1.2070962583058082,0.051358515573227306,0.03163538873994638,0.13717693836978131,5304.465121105404,0,0,0.0,2254.1207505274956,0.0,0.0
06,001,437000,06001437000,4370,Census Tract 4370,G5020,S,1597254,0,+37.6471440,-122.1015751,Census Tract 4370; Alameda County; California,3471,1505,72,1088,205,5,1376,244,83,115273,1113,69,3471,750,201,1054,1310,6,1,437000,Alameda,1.5972530025018414,0.04784053156146179,0.06199460916442048,0.21727574750830564,2173.105947876281,0,0,0.0,2814.937767249235,0.0,0.0
06,001,437200,06001437200,4372,Census Tract 4372,G5020,S,2554603,0,+37.6431726,-122.1115983,Census Tract 4372; Alameda County; California,8491,3934,216,2917,284,0,3548,347,110,100946,2616,151,8491,969,546,3363,2719,6,1,437200,Alameda,2.554602596312739,0.05490594814438231,0.0577217125382263,0.11616675139806812,3323.8046544913623,0,0,0.0,3657.63668855052,0.0,0.0
06,001,437300,06001437300,4373,Census Tract 4373,G5020,S,1027863,0,+37.6362157,-122.0929895,Census Tract 4373; Alameda County; California,3135,1538,46,1149,139,0,1425,103,61,59847,1050,213,3135,403,383,1043,1051,6,1,437300,Alameda,1.0278607605149115,0.02990897269180754,0.20285714285714285,0.10663198959687907,3050.0240114522007,0,0,0.0,3158.043689103692,0.0,0.0
06,001,437400,06001437400,4374,Census Tract 4374,G5020,S,858407,0,+37.6428175,-122.0876396,Census Tract 4374; Alameda County; California,3733,1617,68,1228,167,24,1498,67,58,88750,1064,43,3733,570,140,849,1957,6,1,437400,Alameda,0.8584027615503113,0.042053184910327765,0.040413533834586464,0.07730364873222016,4348.774453215931,0,0,0.0,2840.823046843776,0.0,0.0
06,001,437600,06001437600,4376,Census Tract 4376,G5020,S,818977,0,+37.6353602,-122.0804834,Census Tract 4376; Alameda County; California,3455,1449,74,1022,194,0,1363,139,9,112742,902,84,3455,396,327,1365,1080,6,1,437600,Alameda,0.8189784493068679,0.05106970324361629,0.09312638580931264,0.10213940648723258,4218.670226211808,0,0,0.0,2052.179048293735,0.0,0.0
06,013,327002,06013327002,3270.02,Census Tract 3270.02,G5020,S,1679176,0,+37.9974209,-122.0447125,Census Tract 3270.02; Contra Costa County; California,3833,1997,103,1435,166,0,1704,180,65,93651,1509,149,3833,1612,82,724,1180,6,13,327002,Contra Costa,1.6791738245998784,0.05157736604907361,0.09874088800530152,0.12268402603905859,2282.670170203103,0,0,0.0,1888.3728912592303,0.0,0.0
06,013,346206,06013346206,3462.06,Census Tract 3462.06,G5020,S,6555824,0,+37.8416451,-122.0018029,Census Tract 3462.06; Contra Costa County; California,3216,1449,52,880,0,183,1115,198,81,223214,1174,106,3216,2140,94,519,392,6,13,346206,Contra Costa,6.5558227456895946,0.035886818495514144,0.09028960817717206,0.19254658385093168,490.5562771834392,0,0,0.0,9161.824382890427,0.0,0.0
06,013,319001,06013319001,3190.01,Census Tract 3190.01,G5020,S,1460376,0,+37.9967508,-122.1264870,Census Tract 3190.01; Contra Costa County; California,4236,2504,172,1527,295,29,2042,209,119,137278,1612,17,4236,2044,184,489,1199,6,13,319001,Contra Costa,1.4603808002088605,0.06869009584664537,0.01054590570719603,0.13099041533546327,2900.613319070051,0,0,0.0,8399.330586450396,0.0,0.0
06,013,302013,06013302013,3020.13,Census Tract 3020.13,G5020,S,3077789,0,+37.9884917,-121.7399442,Census Tract 3020.13; Contra Costa County; California,2961,1585,57,1114,212,0,1443,253,168,148003,1076,0,2961,1674,88,158,903,6,13,302013,Contra Costa,3.0777878239065872,0.03596214511041009,0.0,0.26561514195583596,962.0546215046265,0,0,0.0,3626.7557281512286,0.0,0.0
06,013,345206,06013345206,3452.06,Census Tract 3452.06,G5020,S,2873085,0,+37.7656440,-121.9926624,Census Tract 3452.06; Contra Costa County; California,3622,1820,79,1289,71,29,1468,126,60,181369,1309,0,3622,2348,54,417,419,6,13,345206,Contra Costa,2.873083758937477,0.043406593406593405,0.0,0.1021978021978022,1260.6663445619445,0,0,0.0,9259.02086992282,0.0,0.0
06,013,302012,06013302012,3020.12,Census Tract 3020.12,G5020,S,2965573,0,+37.9775022,-121.6879255,Census Tract 3020.12; Contra Costa County; California,5810,2590,44,1630,145,0,1819,520,124,144597,1556,62,5810,1969,528,309,2734,6,13,302012,Contra Costa,2.965573810052901,0.01698841698841699,0.03984575835475578,0.24864864864864866,1959.1486748044751,0,0,0.0,8347.948895309288,0.0,0.0
06,013,355308,06013355308,3553.08,Census Tract 3553.08,G5020,S,3671747,0,+37.9403941,-121.9294480,Census Tract 3553.08; Contra Costa County; California,3570,1599,75,1133,86,17,1323,183,189,163243,1362,45,3570,2690,140,372,225,6,13,355308,Contra Costa,3.6717465796804247,0.04690431519699812,0.03303964757709251,0.2326454033771107,972.2893240390026,0,0,0.0,8821.214772872603,0.0,0.0
06,013,355118,06013355118,3551.18,Census Tract 3551.18,G5020,S,2873028,0,+37.9611970,-121.8103813,Census Tract 3551.18; Contra Costa County; California,3769,2202,149,1502,176,18,1872,168,362,134178,1263,47,3769,624,633,898,1258,6,13,355118,Contra Costa,2.873030060006244,0.06766575840145322,0.03721298495645289,0.24069028156221617,1311.8554004937243,0,0,0.0,4619.373509664084,0.0,0.0
06,013,314105,06013314105,3141.05,Census Tract 3141.05,G5020,S,1313743,0,+38.0234307,-121.9514739,Census Tract 3141.05; Contra Costa County; California,3958,2249,10,1555,555,0,2156,354,192,89175,1265,99,3958,460,793,227,2150,6,13,314105,Contra Costa,1.3137387450719498,0.004446420631391729,0.0782608695652174,0.24277456647398843,3012.7755726525606,0,0,46.6008392772125,805.8822721897268,0.0,0.0
06,013,319002,06013319002,3190.02,Census Tract 3190.02,G5020,S,1666486,0,+38.0068998,-122.1226147,Census Tract 3190.02; Contra Costa County; California,3943,1942,174,1106,292,73,1679,278,136,102198,1517,16,3943,2343,128,95,1102,6,13,319002,Contra Costa,1.6664778742151312,0.08959835221421215,0.01054713249835201,0.21318228630278063,2366.0680174689105,0,0,0.0,8607.286487507252,0.0,0.0
06,013,345117,06013345117,3451.17,Census Tract 3451.17,G5020,S,2229310,41682,+37.7762405,-121.9432378,Census Tract 3451.17; Contra Costa County; California,4652,2500,22,1544,52,0,1630,306,85,215938,1945,26,4652,2270,25,1384,503,6,13,345117,Contra Costa,2.2709913154976693,0.0088,0.013367609254498715,0.1564,2048.4446454083213,0,0,0.0,8605.399755840974,0.0,0.0
06,013,303208,06013303208,3032.08,Census Tract 3032.08,G5020,S,2365603,0,+37.9354800,-121.7305687,Census Tract 3032.08; Contra Costa County; California,4060,1727,0,1390,141,0,1572,415,226,128309,1636,10,4060,2532,83,269,1004,6,13,303208,Contra Costa,2.365602991157437,0.0,0.006112469437652812,0.3711638679791546,1716.2643161917597,0,0,0.0,7961.206977491788,0.0,0.0
06,013,304007,06013304007,3040.07,Census Tract 3040.07,G5020,S,7617335,125667,+37.9035472,-121.6319653,Census Tract 3040.07; Contra Costa County; California,5509,2801,49,1735,498,0,2390,394,302,146806,1502,83,5509,2868,597,512,1013,6,13,304007,Contra Costa,7.7430019941958115,0.017493752231345947,0.05525965379494008,0.2484826847554445,711.4811547419943,0,0,0.0,16799.735605505874,0.0,0.0
06,013,303107,06013303107,3031.07,Census Tract 3031.07,G5020,S,3471662,0,+37.9299323,-121.6859542,Census Tract 3031.07; Contra Costa County; California,7260,3443,43,2226,260,172,2777,484,452,120026,2171,63,7260,2466,1048,1050,2302,6,13,303107,Contra Costa,3.4716676258642427,0.012489108335753703,0.029018885306310457,0.271855939587569,2091.214016547072,0,0,0.0,11023.029850111165,0.0,0.0
06,013,355201,06013355201,3552.01,Census Tract 3552.01,G5020,S,4655178,785,+38.0117032,-121.9521066,Census Tract 3552.01; Contra Costa County; California,8114,4612,593,2984,596,0,4224,592,480,140337,2493,163,8114,774,770,4137,1458,6,13,355201,Contra Costa,4.655967518757403,0.12857762359063313,0.06538307260328921,0.23243712055507373,1742.709752014225,2,1,15.608473717684282,1277.6075943905012,0.4295562612803118,20.6
06,013,313105,06013313105,3131.05,Census Tract 3131.05,G5020,S,2178666,0,+38.0068733,-121.8786584,Census Tract 3131.05; Contra Costa County; California,6007,2795,134,2146,248,0,2571,341,409,76108,2053,104,6007,1669,1688,492,2046,6,13,313105,Contra Costa,2.178663637188162,0.047942754919499106,0.05065757428153921,0.26833631484794274,2757.194776405588,0,0,7.671509843680722,1430.9017510713923,0.0,0.0
06,013,303209,06013303209,3032.09,Census Tract 3032.09,G5020,S,3959558,0,+37.9539324,-121.7331883,Census Tract 3032.09; Contra Costa County; California,5340,2593,186,1590,626,15,2417,516,310,138854,1478,48,5340,1336,591,2084,1211,6,13,303209,Contra Costa,3.9595573252234404,0.0717315850366371,0.03247631935047361,0.31854994215194754,1348.635607819786,0,0,0.0,6190.860096099235,0.0,0.0
06,013,303211,06013303211,3032.11,Census Tract 3032.11,G5020,S,10244289,0,+37.9091889,-121.6951185,Census Tract 3032.11; Contra Costa County; California,4679,2536,0,1953,327,39,2319,378,542,163209,1530,10,4679,2099,336,349,1473,6,13,303211,Contra Costa,10.244287304244592,0.0,0.006535947712418301,0.3627760252365931,456.74236391840697,0,0,0.0,12153.180336624295,0.0,0.0
06,013,355310,06013355310,3553.10,Census Tract 3553.10,G5020,S,1312942,0,+37.9455756,-121.9580586,Census Tract 3553.10; Contra Costa County; California,3070,1499,48,953,266,0,1267,150,170,106384,1195,0,3070,1676,112,325,798,6,13,355310,Contra Costa,1.3129452721471935,0.032021347565043365,0.0,0.2134756504336224,2338.2543546383436,0,0,0.0,6971.9828455485385,0.0,0.0
06,013,355309,06013355309,3553.09,Census Tract 3553.09,G5020,S,7710467,0,+37.9360150,-121.9719745,Census Tract 3553.09; Contra Costa County; California,5150,2706,222,1645,203,86,2207,271,92,205208,1558,0,5150,3261,0,689,878,6,13,355309,Contra Costa,7.710464104701018,0.082039911308204,0.0,0.13414634146341464,667.9234777657651,0,0,0.0,6532.89371850481,0.0,0.0
06,013,324004,06013324004,3240.04,Census Tract 3240.04,G5020,S,1223400,0,+37.9416678,-122.0553462,Census Tract 3240.04; Contra Costa County; California,2413,1397,294,725,53,40,1117,113,0,103333,1280,46,2413,1469,78,440,307,6,13,324004,Contra Costa,1.2233964050595747,0.21045096635647817,0.0359375,0.08088761632068718,1972.377873615295,0,0,11.645778336330368,1469.1139683902193,0.0,0.0
06,013,355122,06013355122,3551.22,Census Tract 3551.22,G5020,S,3007717,0,+37.7932113,-121.8990398,Census Tract 3551.22; Contra Costa County; California,5559,2259,127,1163,159,0,1480,246,194,230833,1528,45,5559,1530,150,3107,355,6,13,355122,Contra Costa,3.0077151261237964,0.056219566179725546,0.029450261780104712,0.19477644975652944,1848.2468474879072,0,0,0.0,10173.907472492589,0.0,0.0
06,013,339003,06013339003,3390.03,Census Tract 3390.03,G5020,S,1135902,0,+37.9015582,-122.0632774,Census Tract 3390.03; Contra Costa County; California,4153,2725,524,1241,82,274,2121,269,3,114362,2482,347,4153,2696,53,746,441,6,13,339003,Contra Costa,1.1359035387417162,0.19229357798165136,0.13980660757453667,0.09981651376146788,3656.120311589518,0,0,61.5655585754337,587.5088377998194,0.0,0.0
06,013,336103,06013336103,3361.03,Census Tract 3361.03,G5020,S,468054,0,+37.9644055,-122.0398545,Census Tract 3361.03; Contra Costa County; California,4862,2189,146,1278,324,39,1837,93,60,65903,1633,167,4862,541,108,691,3296,6,13,336103,Contra Costa,0.4680549338744846,0.06669712197350389,0.10226576852418862,0.0698949291914116,10387.669583467765,0,0,0.0,1403.7055907041604,0.0,0.0
06,013,337201,06013337201,3372.01,Census Tract 3372.01,G5020,S,1472298,0,+37.9527725,-122.0311578,Census Tract 3372.01; Contra Costa County; California,3139,1638,64,1049,30,166,1331,233,167,70655,1213,60,3139,1522,27,308,862,6,13,337201,Contra Costa,1.4723004301039502,0.03907203907203907,0.0494641384995878,0.2442002442002442,2132.037684576628,0,0,0.0,2339.46154120816,0.0,0.0
06,013,355202,06013355202,3552.02,Census Tract 3552.02,G5020,S,25942992,0,+37.9947660,-121.9800064,Census Tract 3552.02; Contra Costa County; California,3981,1463,285,785,270,0,1340,277,128,126537,971,32,3981,545,1289,1561,449,6,13,355202,Contra Costa,25.942988614751403,0.19480519480519481,0.032955715756951595,0.2768284347231716,153.45186551623314,2,1,3.5346296336207903,4016.686790189198,0.07709212032968256,20.6
06,013,327001,06013327001,3270.01,Census Tract 3270.01,G5020,S,6678478,0,+37.9817769,-122.0553680,Census Tract 3270.01; Contra Costa County; California,3479,1813,125,1292,76,19,1678,193,145,84294,1235,72,3479,1503,320,152,1407,6,13,327001,Contra Costa,6.678484404668468,0.06894649751792609,0.058299595141700404,0.18643132928847214,520.9265739346597,0,0,0.0,2468.020850920388,0.0,0.0
06,001,437900,06001437900,4379,Census Tract 4379,G5020,S,674755,0,+37.6428283,-122.0613135,Census Tract 4379; Alameda County; California,2032,849,8,654,67,17,766,83,22,88700,670,53,2032,240,230,485,832,6,1,437900,Alameda,0.6747554202817797,0.009422850412249705,0.0791044776119403,0.12367491166077739,3011.4615443199127,0,0,40.13642640134595,1009.7908340289898,0.0,0.0
06,001,438100,06001438100,4381,Census Tract 4381,G5020,S,2001857,0,+37.6181753,-122.0389678,Census Tract 4381; Alameda County; California,7953,4099,316,2937,201,22,3571,550,306,154318,2262,17,7953,977,502,3203,2933,6,1,438100,Alameda,2.001855793422401,0.07709197365211028,0.007515473032714412,0.2088314222981215,3972.8136392898905,0,0,0.0,2410.0985124456975,0.0,0.0
06,001,438201,06001438201,4382.01,Census Tract 4382.01,G5020,S,983499,0,+37.6262681,-122.0764388,Census Tract 4382.01; Alameda County; California,4895,1953,115,1427,119,0,1754,187,91,105504,1205,70,4895,360,275,1061,2732,6,1,438201,Alameda,0.9834992564063973,0.05888376856118792,0.058091286307053944,0.14234511008704556,4977.12628465609,0,0,0.0,1915.1474309777266,0.0,0.0
06,001,438400,06001438400,4384,Census Tract 4384,G5020,S,1723691,0,+37.6184511,-122.0826040,Census Tract 4384; Alameda County; California,2671,1224,105,811,246,0,1171,84,57,98625,743,45,2671,417,290,1226,644,6,1,438400,Alameda,1.7236909241537532,0.0857843137254902,0.06056527590847914,0.11519607843137254,1549.581750748806,0,0,0.0,2848.7308574735657,0.0,0.0
06,001,437800,06001437800,4378,Census Tract 4378,G5020,S,1275626,0,+37.6431437,-122.0686970,Census Tract 4378; Alameda County; California,4940,2521,172,1970,134,1,2300,199,54,145962,1346,101,4940,758,380,1462,1832,6,1,437800,Alameda,1.2756255756486057,0.06822689408964697,0.075037147102526,0.10035700119000397,3872.609717383726,0,0,18.57878397697014,1407.4677795060115,0.0,0.0
06,001,440200,06001440200,4402,Census Tract 4402,G5020,S,1160876,0,+37.6003622,-122.0225189,Census Tract 4402; Alameda County; California,5641,2401,49,1949,277,37,2342,177,60,114653,1439,24,5641,148,26,1343,3971,6,1,440200,Alameda,1.1608727549977715,0.02040816326530612,0.01667824878387769,0.09870887130362349,4859.275037435803,0,0,16.264391471382673,1164.35018174542,0.0,0.0
06,001,440304,06001440304,4403.04,Census Tract 4403.04,G5020,S,977965,0,+37.5868721,-122.0766157,Census Tract 4403.04; Alameda County; California,4662,2218,120,1411,313,17,1919,153,101,135392,1350,42,4662,482,370,3090,567,6,1,440304,Alameda,0.9779673162568858,0.05410279531109107,0.03111111111111111,0.1145175834084761,4767.030474846071,0,0,0.0,5248.582437564917,0.0,0.0
06,001,432200,06001432200,4322,Census Tract 4322,G5020,S,1023815,0,+37.7330544,-122.1562452,Census Tract 4322; Alameda County; California,3987,1865,178,1147,164,82,1608,280,72,94276,1527,194,3987,1058,389,609,1469,6,1,432200,Alameda,1.023814248048866,0.09544235924932976,0.12704649639816634,0.18873994638069705,3894.2611001929554,0,0,1.932364857233421,1310.8221374217183,0.0,0.0
06,001,432300,06001432300,4323,Census Tract 4323,G5020,S,1044920,0,+37.7308763,-122.1656514,Census Tract 4323; Alameda County; California,4874,2748,307,1340,644,11,2341,349,54,154028,1713,61,4874,1214,614,1248,1463,6,1,432300,Alameda,1.0449216078774033,0.11171761280931587,0.03561004086398132,0.14665211062590974,4664.464743820139,0,0,20.462793563590573,1098.0104768743608,0.0,0.0
06,001,440305,06001440305,4403.05,Census Tract 4403.05,G5020,S,929238,0,+37.5773823,-122.0746665,Census Tract 4403.05; Alameda County; California,4064,1732,53,1111,174,0,1378,200,19,156528,1013,5,4064,859,52,2430,551,6,1,440305,Alameda,0.9292416263480179,0.030600461893764433,0.004935834155972359,0.1264434180138568,4373.45883435269,0,0,0.0,5272.195840505616,0.0,0.0
06,001,432700,06001432700,4327,Census Tract 4327,G5020,S,828635,0,+37.7270704,-122.1428436,Census Tract 4327; Alameda County; California,2755,1413,173,947,88,34,1273,133,140,92128,980,14,2755,1445,135,532,586,6,1,432700,Alameda,0.8286368737643212,0.1224345364472753,0.014285714285714285,0.1932059447983015,3324.737393696494,0,0,0.0,1678.231775658166,0.0,0.0
06,001,432502,06001432502,4325.02,Census Tract 4325.02,G5020,S,823638,0,+37.7234991,-122.1735223,Census Tract 4325.02; Alameda County; California,5126,2789,340,1906,262,29,2547,166,112,97412,1412,104,5126,554,993,1889,1544,6,1,432502,Alameda,0.8236460898991984,0.12190749372534959,0.07365439093484419,0.09967730369307996,6223.546815632116,0,0,17.082499770136508,1136.8721946600508,0.0,0.0
06,001,433103,06001433103,4331.03,Census Tract 4331.03,G5020,S,693343,0,+37.7093385,-122.1390414,Census Tract 4331.03; Alameda County; California,3552,1962,134,1221,302,142,1844,176,76,72813,1400,89,3552,459,406,1080,1425,6,1,433103,Alameda,0.6933435198037174,0.06829765545361875,0.06357142857142857,0.12844036697247707,5123.001655810609,0,0,0.0,1770.0511122659002,0.0,0.0
06,081,608013,06081608013,6080.13,Census Tract 6080.13,G5020,S,1167660,266478,+37.5408800,-122.2619095,Census Tract 6080.13; San Mateo County; California,3677,1910,100,904,85,18,1229,213,23,160833,1362,81,3677,1139,137,1980,209,6,81,608013,San Mateo,1.4341387470500313,0.05235602094240838,0.05947136563876652,0.12356020942408377,2563.908134804564,0,0,0.0,12892.732537543514,0.0,0.0
06,013,346204,06013346204,3462.04,Census Tract 3462.04,G5020,S,13031487,0,+37.8194973,-121.9505957,Census Tract 3462.04; Contra Costa County; California,7894,3514,73,1933,182,58,2278,247,120,250001,2712,76,7894,5588,197,1455,383,6,13,346204,Contra Costa,13.031486839099783,0.020774046670461014,0.028023598820058997,0.10443938531587935,605.7635707626835,0,0,0.0,13454.538327467455,0.0,0.0
06,013,346203,06013346203,3462.03,Census Tract 3462.03,G5020,S,2857319,0,+37.8199523,-121.9861799,Census Tract 3462.03; Contra Costa County; California,4033,1776,93,1078,0,13,1195,124,29,174375,1453,7,4033,3171,43,321,348,6,13,346203,Contra Costa,2.857311690995762,0.052364864864864864,0.004817618719889883,0.08614864864864864,1411.466593829851,0,0,0.0,11909.351518153522,0.0,0.0
06,013,360101,06013360101,3601.01,Census Tract 3601.01,G5020,S,3924515,0,+37.9825777,-122.2872266,Census Tract 3601.01; Contra Costa County; California,4224,1822,173,1373,179,6,1746,287,173,110433,1635,93,4224,1606,213,1075,1016,6,13,360101,Contra Costa,3.9245153687155496,0.09495060373216246,0.05688073394495413,0.2524698133918771,1076.3112392607266,0,0,0.0,6887.948534183263,0.0,0.0
06,013,355109,06013355109,3551.09,Census Tract 3551.09,G5020,S,2982058,0,+37.9762424,-121.7937278,Census Tract 3551.09; Contra Costa County; California,7471,3010,228,1993,356,1,2659,453,244,102062,1992,44,7471,2080,2077,1406,857,6,13,355109,Contra Costa,2.9820559226840815,0.07574750830564785,0.02208835341365462,0.23156146179401993,2505.3185432134756,0,0,0.0,2425.042543363334,0.0,0.0
06,013,355113,06013355113,3551.13,Census Tract 3551.13,G5020,S,5326315,6550,+37.8064262,-121.9024245,Census Tract 3551.13; Contra Costa County; California,5423,2483,187,1417,87,73,1804,350,196,236818,1838,0,5423,2931,478,1194,418,6,13,355113,Contra Costa,5.3328649727011985,0.07531212243254128,0.0,0.2198952879581152,1016.9018018945164,0,0,0.0,11663.696231669068,0.0,0.0
06,013,334006,06013334006,3340.06,Census Tract 3340.06,G5020,S,1685118,0,+37.9517965,-121.9873999,Census Tract 3340.06; Contra Costa County; California,4731,2245,144,1315,125,18,1639,155,56,154543,1657,51,4731,2550,257,581,805,6,13,334006,Contra Costa,1.6851177133605257,0.06414253897550111,0.030778515389257695,0.09398663697104677,2807.519001485813,0,0,0.0,4394.199840650157,0.0,0.0
06,013,334200,06013334200,3342,Census Tract 3342,G5020,S,6788232,0,+37.8735349,-122.0541871,Census Tract 3342; Contra Costa County; California,7547,3044,213,1426,319,22,2007,456,34,157768,2859,407,7547,5042,210,814,844,6,13,334200,Contra Costa,6.7882318941439586,0.06997371879106438,0.14235746764603008,0.1609724047306176,1111.7769866569545,0,0,0.0,3765.1100426354496,0.0,0.0
06,013,355306,06013355306,3553.06,Census Tract 3553.06,G5020,S,67327449,5020,+37.8870576,-121.9236623,Census Tract 3553.06; Contra Costa County; California,4550,2042,79,1344,167,37,1636,197,68,152645,1607,75,4550,3357,39,208,530,6,13,355306,Contra Costa,67.33247109481381,0.03868756121449559,0.04667081518357187,0.1297747306562194,67.57512276050207,0,0,0.0,12069.02228178965,0.0,0.0
06,013,355112,06013355112,3551.12,Census Tract 3551.12,G5020,S,253950359,6951305,+37.8328349,-121.7973460,Census Tract 3551.12; Contra Costa County; California,5800,2440,123,1171,182,155,1631,226,201,217835,2189,24,5800,4108,183,907,306,6,13,355112,Contra Costa,260.90167280975515,0.05040983606557377,0.0109639104613979,0.175,22.23059721134581,0,0,0.0,16793.088828061806,0.0,0.0
06,095,252317,06095252317,2523.17,Census Tract 2523.17,G5020,S,31367219,300693,+38.2957010,-121.9700420,Census Tract 2523.17; Solano County; California,13124,6364,164,4793,982,0,5951,766,615,146397,3366,20,13124,3047,3333,3241,1974,6,95,252317,Solano,31.66791779485989,0.025769956002514142,0.0059417706476530005,0.21700188560653677,414.42573158789094,0,0,0.0,30651.96623999741,0.0,0.0
06,095,252316,06095252316,2523.16,Census Tract 2523.16,G5020,S,1288708,0,+38.2762632,-122.0156731,Census Tract 2523.16; Solano County; California,3679,1728,5,1195,444,5,1676,318,98,96938,1125,0,3679,775,469,806,1130,6,95,252316,Solano,1.2887101796662686,0.0028935185185185184,0.0,0.24074074074074073,2854.7923792708257,0,0,0.0,29279.521206319863,0.0,0.0
06,095,253206,06095253206,2532.06,Census Tract 2532.06,G5020,S,3446943,17068,+38.3968823,-121.9732711,Census Tract 2532.06; Solano County; California,3894,2012,28,1615,162,0,1813,92,150,155110,1268,35,3894,2004,106,481,903,6,95,253206,Solano,3.4640110777806847,0.013916500994035786,0.027602523659305992,0.12027833001988071,1124.1303542524465,0,0,0.0,42001.707051529076,0.0,0.0
06,095,253205,06095253205,2532.05,Census Tract 2532.05,G5020,S,2583619,3113,+38.3724624,-121.9717511,Census Tract 2532.05; Solano County; California,3091,1317,0,856,105,20,1010,119,34,118821,1019,33,3091,1458,150,418,951,6,95,253205,Solano,2.5867265045458345,0.0,0.0323846908734053,0.11617312072892938,1194.9465838649623,0,0,0.0,39502.10438829037,0.0,0.0
06,013,304001,06013304001,3040.01,Census Tract 3040.01,G5020,S,28917476,100203,+37.8837325,-121.7493471,Census Tract 3040.01; Contra Costa County; California,5895,2430,58,1531,340,29,2009,166,295,187105,2090,28,5895,3229,615,935,786,6,13,304001,Contra Costa,29.017681101307513,0.023868312757201648,0.013397129186602871,0.1897119341563786,203.15200168542677,0,0,0.0,11608.577430262629,0.0,0.0
06,013,355111,06013355111,3551.11,Census Tract 3551.11,G5020,S,2431710,0,+37.9781266,-121.7752261,Census Tract 3551.11; Contra Costa County; California,6569,3441,153,2434,294,26,2986,557,398,129306,2079,42,6569,1889,959,1316,2013,6,13,355111,Contra Costa,2.431711646123539,0.044463818657367045,0.020202020202020204,0.2775356001162453,2701.389373395415,0,0,0.0,1966.4206016099563,0.0,0.0
06,013,360102,06013360102,3601.02,Census Tract 3601.02,G5020,S,6229696,0,+37.9683461,-122.2659021,Census Tract 3601.02; Contra Costa County; California,5030,2417,126,1514,303,8,1961,482,135,150325,1588,58,5030,2440,498,690,1045,6,13,360102,Contra Costa,6.229697002396289,0.05213074058750517,0.036523929471032744,0.25527513446421185,807.4228968222983,0,0,0.0,6557.904106414449,0.0,0.0
06,013,302007,06013302007,3020.07,Census Tract 3020.07,G5020,S,4334241,0,+37.9837231,-121.7056383,Census Tract 3020.07; Contra Costa County; California,6652,2821,29,2044,173,30,2295,288,218,94507,1989,139,6652,3766,187,77,2312,6,13,302007,Contra Costa,4.334245883284091,0.010280042538107055,0.06988436400201106,0.17936901807869549,1534.7537216692765,0,0,0.0,6680.898375004039,0.0,0.0
06,013,302009,06013302009,3020.09,Census Tract 3020.09,G5020,S,5277016,0,+37.9714091,-121.7478636,Census Tract 3020.09; Contra Costa County; California,6806,3421,111,2564,363,52,3130,691,446,126151,2111,52,6806,1438,1143,2098,1591,6,13,302009,Contra Costa,5.277014647234518,0.03244665302543116,0.0246328754144955,0.33235895936860566,1289.7443829470446,0,0,0.0,3900.1249076990403,0.0,0.0
06,085,504700,06085504700,5047,Census Tract 5047,G5020,S,6713013,0,+37.4162800,-122.0504740,Census Tract 5047; Santa Clara County; California,667,260,0,153,25,8,186,0,0,118438,171,12,667,295,9,28,191,6,85,504700,Santa Clara,6.713010229327069,0.0,0.07017543859649122,0.0,99.35930040536553,0,0,0.0,13694.669576814093,0.0,0.0
06,081,601902,06081601902,6019.02,Census Tract 6019.02,G5020,S,1308378,0,+37.6604897,-122.4373082,Census Tract 6019.02; San Mateo County; California,5664,3335,568,1652,342,23,2600,362,17,125585,2178,66,5664,1641,134,3083,724,6,81,601902,San Mateo,1.3083786369300139,0.17031484257871066,0.030303030303030304,0.1136431784107946,4329.022073678945,2,1,51.41577704968623,752.5318347874875,1.5286094892934128,29.5
06,081,990100,06081990100,9901,Census Tract 9901,G5020,S,0,677709741,+37.6266098,-122.5248394,Census Tract 9901; San Mateo County; California,0,0,0,0,0,0,0,0,0,-666666666,0,0,0,0,0,0,0,6,81,990100,San Mateo,677.7098308422707,,,,0.0,0,0,0.024959399534693723,15963.828985657883,0.0,0.0
06,013,324003,06013324003,3240.03,Census Tract 3240.03,G5020,S,399450,0,+37.9299230,-122.0571612,Census Tract 3240.03; Contra Costa County; California,3449,2330,553,1013,89,60,1838,203,63,110288,1908,41,3449,1857,293,905,334,6,13,324003,Contra Costa,0.39944824663673884,0.23733905579399142,0.02148846960167715,0.11416309012875536,8634.41016211681,2,1,100.0,190.9648605229669,5.006906443674579,20.8
06,013,313107,06013313107,3131.07,Census Tract 3131.07,G5020,S,1106545,0,+37.9945465,-121.8812282,Census Tract 3131.07; Contra Costa County; California,2718,1133,65,934,87,12,1098,233,46,140227,852,0,2718,724,526,289,1003,6,13,313107,Contra Costa,1.1065449012707966,0.05736981465136805,0.0,0.24624889673433362,2456.294359929316,0,0,0.0,2567.4484243143843,0.0,0.0
06,013,351105,06013351105,3511.05,Census Tract 3511.05,G5020,S,814312,0,+37.8744086,-122.0776411,Census Tract 3511.05; Contra Costa County; California,1814,256,0,175,0,0,175,23,0,54167,1270,195,1814,1539,26,119,37,6,13,351105,Contra Costa,0.8143132962360426,0.0,0.15354330708661418,0.08984375,2227.643842222344,0,0,0.0,3603.7389670530342,0.0,0.0
06,001,441927,06001441927,4419.27,Census Tract 4419.27,G5020,S,650133,0,+37.5465021,-121.9765770,Census Tract 4419.27; Alameda County; California,4229,1987,126,1071,227,65,1543,265,48,131792,1565,235,4229,821,158,2379,428,6,1,441927,Alameda,0.6501319918651639,0.0634121791645697,0.1501597444089457,0.15752390538500252,6504.832946102868,0,0,5.233726577786981,1218.0498979567785,0.0,0.0
06,013,980000,06013980000,9800,Census Tract 9800,G5020,S,219916,0,+37.9944965,-122.3542244,Census Tract 9800; Contra Costa County; California,507,0,0,0,0,0,0,0,0,-666666666,0,0,507,154,109,11,148,6,13,980000,Contra Costa,0.21991665872905689,,,,2305.4188024229547,0,0,0.0,6415.388236998545,0.0,0.0
06,013,351104,06013351104,3511.04,Census Tract 3511.04,G5020,S,1405602,0,+37.8719780,-122.0816412,Census Tract 3511.04; Contra Costa County; California,1667,159,0,64,6,0,70,0,6,61528,1220,83,1667,1430,10,125,84,6,13,351104,Contra Costa,1.405602984833988,0.0,0.0680327868852459,0.03773584905660377,1185.9678856593243,0,0,0.0,3963.0926970798164,0.0,0.0
06,013,346205,06013346205,3462.05,Census Tract 3462.05,G5020,S,9636412,0,+37.8471642,-121.9581382,Census Tract 3462.05; Contra Costa County; California,4325,1513,125,991,48,13,1195,101,209,246888,1530,30,4325,3432,22,359,402,6,13,346205,Contra Costa,9.636418063871735,0.08261731658955718,0.0196078431372549,0.2048909451421018,448.81821972990394,0,0,0.0,11593.700783041246,0.0,0.0
06,013,336104,06013336104,3361.04,Census Tract 3361.04,G5020,S,195668,0,+37.9696018,-122.0398238,Census Tract 3361.04; Contra Costa County; California,2539,1419,256,751,363,10,1419,178,46,66887,1054,60,2539,707,280,260,1195,6,13,336104,Contra Costa,0.19566735108134295,0.18040873854827344,0.056925996204933584,0.15785764622973925,12976.10452621953,0,0,0.0,1046.8333161245653,0.0,0.0
06,013,345118,06013345118,3451.18,Census Tract 3451.18,G5020,S,4967064,46707,+37.7706784,-121.9577289,Census Tract 3451.18; Contra Costa County; California,3525,1755,108,1191,162,0,1461,220,163,126818,1612,109,3525,1551,200,1031,414,6,13,345118,Contra Costa,5.013770593271788,0.06153846153846154,0.06761786600496278,0.21823361823361823,703.0636792058978,0,0,0.0,8409.587846892924,0.0,0.0
06,013,339004,06013339004,3390.04,Census Tract 3390.04,G5020,S,1057980,0,+37.9112540,-122.0627985,Census Tract 3390.04; Contra Costa County; California,3319,2257,418,954,320,47,1747,254,159,137016,1774,127,3319,1845,91,710,479,6,13,339004,Contra Costa,1.0579808216599098,0.18520159503766062,0.07158962795941376,0.18298626495347806,3137.107905975728,2,1,51.885538960474875,725.7212400587174,1.890393435357474,20.8
06,013,303105,06013303105,3031.05,Census Tract 3031.05,G5020,S,2166804,0,+37.9474152,-121.7033573,Census Tract 3031.05; Contra Costa County; California,3326,1436,68,1024,45,0,1177,219,189,111291,930,76,3326,1039,581,400,1268,6,13,303105,Contra Costa,2.166801104089671,0.04735376044568245,0.08172043010752689,0.2841225626740947,1534.9816804700856,0,0,0.0,8604.677775950464,0.0,0.0
06,013,313104,06013313104,3131.04,Census Tract 3131.04,G5020,S,1405381,0,+38.0057620,-121.8893306,Census Tract 3131.04; Contra Costa County; California,2909,1482,87,1117,78,45,1327,221,110,55476,990,145,2909,654,310,682,1162,6,13,313104,Contra Costa,1.4053797156149286,0.058704453441295545,0.14646464646464646,0.2233468286099865,2069.9032209434995,2,1,27.054894550054648,1227.8751074969314,1.4231029363654173,11.8
06,013,313203,06013313203,3132.03,Census Tract 3132.03,G5020,S,3120763,0,+38.0140103,-121.9333515,Census Tract 3132.03; Contra Costa County; California,3382,1697,72,1183,265,21,1579,262,94,125694,1012,11,3382,785,303,458,1379,6,13,313203,Contra Costa,3.1207609624111674,0.04242781378903948,0.010869565217391304,0.20978196817913966,1083.7100440358604,0,0,9.91264667354117,2093.2463575603074,0.0,0.0
06,013,355107,06013355107,3551.07,Census Tract 3551.07,G5020,S,82054530,498136,+37.9316743,-121.8566311,Census Tract 3551.07; Contra Costa County; California,5607,2933,156,1909,493,6,2598,680,391,133603,1833,29,5607,1858,1010,621,1726,6,13,355107,Contra Costa,82.55267261059025,0.05318786225707467,0.015821058374249863,0.36515513126491644,67.92027226603331,0,0,0.0,9168.202910558628,0.0,0.0
06,001,404101,06001404101,4041.01,Census Tract 4041.01,G5020,S,569281,0,+37.8300877,-122.2498696,Census Tract 4041.01; Alameda County; California,3208,2174,438,796,108,115,1657,281,78,128711,1767,249,3208,2365,269,287,141,6,1,404101,Alameda,0.5692789174990835,0.2014719411223551,0.14091680814940577,0.16513339466421342,5635.1990235176145,0,0,0.0,1510.6981312084674,0.0,0.0
06,001,405302,06001405302,4053.02,Census Tract 4053.02,G5020,S,205566,0,+37.7985075,-122.2543138,Census Tract 4053.02; Alameda County; California,2559,1544,397,535,33,56,1067,164,0,63709,1539,473,2559,876,596,795,159,6,1,405302,Alameda,0.205567988875349,0.25712435233160624,0.3073424301494477,0.10621761658031088,12448.436227839491,0,0,15.90347239235333,968.5741099616339,0.0,0.0
06,001,405600,06001405600,4056,Census Tract 4056,G5020,S,428774,0,+37.8008019,-122.2372726,Census Tract 4056; Alameda County; California,3044,2065,341,992,145,0,1519,143,55,80669,1447,284,3044,941,524,672,677,6,1,405600,Alameda,0.4287737781249692,0.16513317191283294,0.1962681409813407,0.09588377723970944,7099.314732611294,0,0,0.0,2488.215350733763,0.0,0.0
06,001,406400,06001406400,4064,Census Tract 4064,G5020,S,487977,77536,+37.7986398,-122.2220610,Census Tract 4064; Alameda County; California,2598,973,145,485,153,39,842,108,26,72955,824,129,2598,609,430,564,816,6,1,406400,Alameda,0.5655132996889007,0.14902363823227133,0.15655339805825244,0.13771839671120248,4594.056411103342,0,0,0.0,2307.848555209967,0.0,0.0
06,001,405700,06001405700,4057,Census Tract 4057,G5020,S,546860,0,+37.7982307,-122.2296737,Census Tract 4057; Alameda County; California,3522,2150,278,1463,158,11,1933,186,28,74547,1505,142,3522,530,985,934,876,6,1,405700,Alameda,0.5468599393882367,0.12930232558139534,0.09435215946843854,0.09953488372093024,6440.405936371942,0,0,0.0,2643.008396967718,0.0,0.0
06,001,405800,06001405800,4058,Census Tract 4058,G5020,S,519053,0,+37.7939452,-122.2330985,Census Tract 4058; Alameda County; California,4182,1973,144,1288,294,0,1862,119,5,67222,1342,105,4182,494,850,1815,864,6,1,405800,Alameda,0.5190507898258048,0.07298530157121136,0.07824143070044709,0.06284845413076533,8057.015001178389,0,0,0.0,2264.102331073523,0.0,0.0
06,085,511608,06085511608,5116.08,Census Tract 5116.08,G5020,S,2455987,117653,+37.4292567,-122.1772178,Census Tract 5116.08; Santa Clara County; California,3252,1285,31,185,84,395,1002,71,0,45655,171,72,3252,1099,238,848,780,6,85,511608,Santa Clara,2.5736383414993815,0.024124513618677044,0.42105263157894735,0.05525291828793774,1263.5808021516382,0,0,0.0,22556.981066245626,0.0,0.0
06,001,444301,06001444301,4443.01,Census Tract 4443.01,G5020,S,2576475,0,+37.5365190,-122.0571016,Census Tract 4443.01; Alameda County; California,3698,1695,33,1226,97,24,1431,81,30,184583,1161,40,3698,1086,28,1298,956,6,1,444301,Alameda,2.576473120740344,0.019469026548672566,0.034453057708871665,0.06548672566371681,1435.2953928498148,0,0,0.0,6973.309845506279,0.0,0.0
06,001,404700,06001404700,4047,Census Tract 4047,G5020,S,1195709,0,+37.8133308,-122.2069747,Census Tract 4047; Alameda County; California,2187,1154,107,425,118,5,681,135,11,250001,849,0,2187,1477,100,252,198,6,1,404700,Alameda,1.19570890947205,0.0927209705372617,0.0,0.1265164644714038,1829.040481905953,0,0,0.0,4531.760495021993,0.0,0.0
06,001,404800,06001404800,4048,Census Tract 4048,G5020,S,628406,0,+37.8055076,-122.2131962,Census Tract 4048; Alameda County; California,2744,1204,206,504,106,28,968,148,33,114083,1145,255,2744,1444,315,444,275,6,1,404800,Alameda,0.6284073720564339,0.17109634551495018,0.22270742358078602,0.15033222591362128,4366.594222184866,0,0,0.0,3537.191148192001,0.0,0.0
06,001,405200,06001405200,4052,Census Tract 4052,G5020,S,857818,0,+37.8052759,-122.2433884,Census Tract 4052; Alameda County; California,4913,3025,470,1219,99,176,2113,222,115,105222,2292,322,4913,1670,680,1939,305,6,1,405200,Alameda,0.8578199036869942,0.15537190082644628,0.14048865619546247,0.11140495867768595,5727.309402455508,0,0,0.0,2112.854343375017,0.0,0.0
06,001,405500,06001405500,4055,Census Tract 4055,G5020,S,411721,0,+37.7982821,-122.2432790,Census Tract 4055; Alameda County; California,3537,1972,298,1260,77,16,1684,154,49,82222,1610,315,3537,756,690,1288,520,6,1,405500,Alameda,0.4117220064699055,0.1511156186612576,0.1956521739130435,0.10294117647058823,8590.747991165574,0,0,0.0,1933.174803186249,0.0,0.0
06,001,450750,06001450750,4507.50,Census Tract 4507.50,G5020,S,1682950,0,+37.7054323,-121.8611962,Census Tract 4507.50; Alameda County; California,6858,3463,535,1800,217,0,2577,449,491,153929,2666,158,6858,1340,244,4484,473,6,1,450750,Alameda,1.682948696627304,0.1544903263066705,0.05926481620405101,0.2714409471556454,4074.990529267888,0,0,0.0,3375.469123769547,0.0,0.0
06,001,451403,06001451403,4514.03,Census Tract 4514.03,G5020,S,679556,0,+37.6912321,-121.7842500,Census Tract 4514.03; Alameda County; California,2184,1195,68,811,101,0,991,118,82,180197,763,14,2184,1276,35,186,512,6,1,451403,Alameda,0.6795545340846618,0.05690376569037657,0.01834862385321101,0.16736401673640167,3213.870102333697,0,0,0.0,10191.272287129703,0.0,0.0
06,001,405100,06001405100,4051,Census Tract 4051,G5020,S,1256520,0,+37.8114250,-122.2322366,Census Tract 4051; Alameda County; California,4508,2444,253,951,81,86,1494,191,68,250001,1702,17,4508,2986,255,547,305,6,1,405100,Alameda,1.2565205901843624,0.10351882160392799,0.0099882491186839,0.10597381342062193,3587.6849414290664,0,0,0.0,3229.3362426292456,0.0,0.0
06,001,404900,06001404900,4049,Census Tract 4049,G5020,S,1011184,0,+37.8041422,-122.2215059,Census Tract 4049; Alameda County; California,4669,2899,421,1184,170,56,1925,244,25,151860,2041,187,4669,2530,283,638,764,6,1,404900,Alameda,1.0111811020223112,0.14522249051397035,0.09162175404213621,0.09279061745429458,4617.372684934712,0,0,0.0,3261.548542634371,0.0,0.0
06,097,151602,06097151602,1516.02,Census Tract 1516.02,G5020,S,33010100,228016,+38.4214771,-122.5984455,Census Tract 1516.02; Sonoma County; California,3182,1001,0,487,28,0,515,21,0,110761,1742,88,3182,2747,0,162,195,6,97,151602,Sonoma,33.238113979492496,0.0,0.0505166475315729,0.02097902097902098,95.73347037570346,0,0,0.0,57987.205055868,0.0,0.0
06,097,150607,06097150607,1506.07,Census Tract 1506.07,G5020,S,11093828,0,+38.2766586,-122.6437521,Census Tract 1506.07; Sonoma County; California,4562,2306,15,1487,257,6,1794,136,59,147857,1714,47,4562,3255,24,391,582,6,97,150607,Sonoma,11.093822886702865,0.006504770164787511,0.027421236872812137,0.08456201214223764,411.2198334685914,0,0,0.0,45559.9842363868,0.0,0.0
06,097,150610,06097150610,1506.10,Census Tract 1506.10,G5020,S,1349442,0,+38.2654848,-122.6401778,Census Tract 1506.10; Sonoma County; California,3819,1712,8,1157,179,35,1447,155,115,130671,1308,32,3819,2411,24,325,754,6,97,150610,Sonoma,1.3494408738492558,0.004672897196261682,0.024464831804281346,0.15771028037383178,2830.061008235486,0,0,0.0,44358.20254934263,0.0,0.0
06,097,153809,06097153809,1538.09,Census Tract 1538.09,G5020,S,4088672,0,+38.5331527,-122.7812918,Census Tract 1538.09; Sonoma County; California,4819,2535,44,2135,132,0,2340,135,114,126190,1590,35,4819,2262,17,39,2246,6,97,153809,Sonoma,4.088669502321443,0.01735700197238659,0.0220125786163522,0.09822485207100591,1178.6230208296106,0,0,0.0,76136.20091292413,0.0,0.0
06,097,153104,06097153104,1531.04,Census Tract 1531.04,G5020,S,1711349,0,+38.4288774,-122.7274638,Census Tract 1531.04; Sonoma County; California,3888,2076,24,1420,397,111,2044,191,29,65938,1268,108,3888,963,32,41,2622,6,97,153104,Sonoma,1.7113525966714644,0.011560693641618497,0.08517350157728706,0.10597302504816955,2271.8871654865616,0,0,0.0,63761.18696703406,0.0,0.0
06,001,405401,06001405401,4054.01,Census Tract 4054.01,G5020,S,313930,0,+37.7965384,-122.2494562,Census Tract 4054.01; Alameda County; California,3541,2175,572,992,179,116,1935,324,106,70231,1584,415,3541,894,444,1132,834,6,1,405401,Alameda,0.3139326510940192,0.26298850574712646,0.2619949494949495,0.19770114942528735,11279.489367098397,0,0,0.0,1390.2408688147957,0.0,0.0
06,001,451703,06001451703,4517.03,Census Tract 4517.03,G5020,S,1720327,0,+37.6673232,-121.8010388,Census Tract 4517.03; Alameda County; California,3827,2147,67,1399,156,25,1754,249,56,194607,1321,25,3827,2317,28,741,506,6,1,451703,Alameda,1.7203295944221935,0.0312063344201211,0.018925056775170326,0.14205868653935724,2224.5737168088267,0,0,0.0,9451.447027432087,0.0,0.0
06,001,990000,06001990000,9900,Census Tract 9900,G5020,S,0,137191025,+37.6836727,-122.2287162,Census Tract 9900; Alameda County; California,0,0,0,0,0,0,0,0,0,-666666666,0,0,0,0,0,0,0,6,1,990000,Alameda,137.19105365202824,,,,0.0,0,0,0.0,3594.67016104476,0.0,0.0
06,085,503329,06085503329,5033.29,Census Tract 5033.29,G5020,S,1164082,0,+37.3115146,-121.7792789,Census Tract 5033.29; Santa Clara County; California,3579,1737,41,1085,145,18,1299,133,56,232098,1005,33,3579,488,28,2726,185,6,85,503329,Santa Clara,1.1640836735697033,0.02360391479562464,0.03283582089552239,0.10880829015544041,3074.5212575869837,0,0,0.0,10551.336675678373,0.0,0.0
06,085,512032,06085512032,5120.32,Census Tract 5120.32,G5020,S,2968624,0,+37.2329260,-121.7825093,Census Tract 5120.32; Santa Clara County; California,3314,1510,46,1053,144,0,1308,140,54,153947,1148,0,3314,1069,59,940,1036,6,85,512032,Santa Clara,2.9686223914323753,0.030463576158940398,0.0,0.12847682119205298,1116.3427216490738,0,0,0.0,17136.029385373346,0.0,0.0
06,085,511916,06085511916,5119.16,Census Tract 5119.16,G5020,S,1762240,76460,+37.2368478,-121.8958888,Census Tract 5119.16; Santa Clara County; California,4463,2022,52,1268,177,36,1578,145,50,191458,1549,91,4463,1988,172,1461,584,6,85,511916,Santa Clara,1.8386972563211061,0.025717111770524232,0.05874757908327954,0.09643916913946587,2427.2620110010057,0,0,0.0,14773.436513015742,0.0,0.0
06,001,442302,06001442302,4423.02,Census Tract 4423.02,G5020,S,963153,0,+37.5360343,-121.9604172,Census Tract 4423.02; Alameda County; California,6186,2972,211,1773,218,7,2286,268,91,147684,2223,242,6186,901,350,3538,948,6,1,442302,Alameda,0.963152822633476,0.07099596231493943,0.10886189833558255,0.12079407806191117,6422.656773289713,0,0,0.0,2779.5105072603083,0.0,0.0
06,001,406602,06001406602,4066.02,Census Tract 4066.02,G5020,S,414724,0,+37.7964782,-122.2143072,Census Tract 4066.02; Alameda County; California,2540,1063,269,537,98,34,977,150,23,58869,925,149,2540,344,567,567,866,6,1,406602,Alameda,0.4147251459744203,0.2530573847601129,0.16108108108108107,0.1627469426152399,6124.538202360809,0,0,0.0,2550.5562659943553,0.0,0.0
06,001,407101,06001407101,4071.01,Census Tract 4071.01,G5020,S,370826,0,+37.7831286,-122.2143965,Census Tract 4071.01; Alameda County; California,4053,1576,102,858,299,126,1401,28,27,48281,1133,129,4053,471,749,974,1640,6,1,407101,Alameda,0.37082646232871685,0.06472081218274112,0.11385701676963812,0.03489847715736041,10929.640712661016,0,0,0.17711668119971608,1251.3055302599762,0.0,0.0
06,001,407102,06001407102,4071.02,Census Tract 4071.02,G5020,S,660864,0,+37.7807761,-122.2102384,Census Tract 4071.02; Alameda County; California,4268,1956,422,1141,116,16,1707,93,110,70284,1387,345,4268,320,1011,1165,1591,6,1,407102,Alameda,0.6608651675587586,0.21574642126789367,0.2487382840663302,0.10378323108384459,6458.200869877932,0,0,0.0008516229389490808,1382.0721086521582,0.0,0.0
06,001,432501,06001432501,4325.01,Census Tract 4325.01,G5020,S,1365205,0,+37.7167215,-122.1661682,Census Tract 4325.01; Alameda County; California,4892,2905,280,1857,432,64,2680,302,65,112531,1421,113,4892,989,183,2068,1356,6,1,432501,Alameda,1.3652081847075952,0.0963855421686747,0.07952146375791697,0.12633390705679862,3583.3362668037216,0,0,44.55686400068147,734.3765015121,0.0,0.0
06,001,406201,06001406201,4062.01,Census Tract 4062.01,G5020,S,408064,0,+37.7850449,-122.2307359,Census Tract 4062.01; Alameda County; California,5072,2333,383,1283,279,78,2035,141,141,50417,1515,279,5072,284,695,1446,2455,6,1,406201,Alameda,0.4080666201009511,0.16416630947278182,0.18415841584158416,0.12087441063009001,12429.343029197644,0,0,0.0,1273.856052242491,0.0,0.0
06,001,406202,06001406202,4062.02,Census Tract 4062.02,G5020,S,392183,0,+37.7819786,-122.2265557,Census Tract 4062.02; Alameda County; California,4733,2056,443,910,223,214,1933,130,0,55000,1350,372,4733,316,592,722,2955,6,1,406202,Alameda,0.39218086029248916,0.21546692607003892,0.27555555555555555,0.0632295719844358,12068.411488694579,0,0,39.59078280669146,819.675601547857,0.0,0.0
06,001,406300,06001406300,4063,Census Tract 4063,G5020,S,485715,0,+37.7892880,-122.2250127,Census Tract 4063; Alameda County; California,4556,2331,558,1137,230,49,2067,267,95,62837,1379,96,4556,482,880,980,1590,6,1,406300,Alameda,0.48571531088961795,0.23938223938223938,0.06961566352429296,0.1552981552981553,9379.980202096987,0,0,0.0,1604.6295367121497,0.0,0.0
06,085,503333,06085503333,5033.33,Census Tract 5033.33,G5020,S,2082713,0,+37.3011260,-121.7886395,Census Tract 5033.33; Santa Clara County; California,4608,2192,44,1770,114,18,1946,121,58,176354,1365,5,4608,720,299,2266,1164,6,85,503333,Santa Clara,2.082713207593494,0.020072992700729927,0.003663003663003663,0.08166058394160584,2212.498573110981,0,0,0.0,10677.577481398726,0.0,0.0
06,001,450501,06001450501,4505.01,Census Tract 4505.01,G5020,S,1162383,0,+37.7068496,-121.9419577,Census Tract 4505.01; Alameda County; California,3400,1563,114,895,115,16,1148,134,92,186000,1284,45,3400,1823,0,1008,448,6,1,450501,Alameda,1.1623837297459547,0.07293666026871401,0.035046728971962614,0.14459373000639794,2925.023736131517,0,0,0.8374369984388015,1437.6866706538653,0.0,0.0
06,075,025200,06075025200,252,Census Tract 252,G5020,S,657048,0,+37.7437123,-122.4142166,Census Tract 252; San Francisco County; California,5457,2958,641,863,131,208,2104,299,37,147868,2365,549,5457,2837,44,702,1458,6,75,25200,San Francisco,0.657047980024753,0.21670047329276537,0.2321353065539112,0.11359026369168357,8305.329543505208,19,1,100.0,1037.6677436487794,28.917218494887106,0.0
06,075,025300,06075025300,253,Census Tract 253,G5020,S,403918,0,+37.7438747,-122.4202434,Census Tract 253; San Francisco County; California,4545,2814,454,1147,209,90,2128,301,69,168720,1700,259,4545,1705,62,660,1751,6,75,25300,San Francisco,0.40392024735837684,0.1613361762615494,0.15235294117647058,0.13148542999289267,11252.221273194717,14,1,100.0,962.225550246874,34.66030755219495,0.0
06,075,025402,06075025402,254.02,Census Tract 254.02,G5020,S,300995,0,+37.7368768,-122.4127788,Census Tract 254.02; San Francisco County; California,3294,1692,239,795,183,59,1396,65,12,166094,1103,65,3294,1018,286,459,1345,6,75,25402,San Francisco,0.30099634484494237,0.14125295508274233,0.05893019038984588,0.04550827423167849,10943.65448755498,15,1,100.0,1799.0277121455933,49.83449220198079,0.0
06,075,025600,06075025600,256,Census Tract 256,G5020,S,577287,0,+37.7287884,-122.4223771,Census Tract 256; San Francisco County; California,5027,2882,671,1019,438,63,2257,268,54,115739,1543,219,5027,772,32,2747,1342,6,75,25600,San Francisco,0.577287544808562,0.23282442748091603,0.14193130265716136,0.11172796668979876,8707.965458820066,15,1,100.0,1095.3740471582214,25.983585017366423,0.0
06,075,025800,06075025800,258,Census Tract 258,G5020,S,250923,0,+37.7214949,-122.4018971,Census Tract 258; San Francisco County; California,2129,1041,277,413,162,15,892,142,16,87614,646,154,2129,214,198,1501,123,6,75,25800,San Francisco,0.25092411577473084,0.26609029779058596,0.23839009287925697,0.15177713736791545,8484.636852965248,7,1,100.0,3071.322494554122,27.896880211722284,0.0
06,075,025900,06075025900,259,Census Tract 259,G5020,S,692401,81108,+37.7234533,-122.4105033,Census Tract 259; San Francisco County; California,4128,2263,274,1424,277,15,2071,249,22,147944,1434,149,4128,948,184,1810,1007,6,75,25900,San Francisco,0.7735033792556546,0.12107821475916924,0.10390516039051603,0.11975254087494476,5336.75755104314,19,1,99.99999999999997,2280.2130229202235,24.563564309549335,0.0
06,075,026002,06075026002,260.02,Census Tract 260.02,G5020,S,357875,0,+37.7261195,-122.4262822,Census Tract 260.02; San Francisco County; California,3683,1744,414,735,144,6,1380,112,5,136324,988,51,3683,1038,99,1254,1160,6,75,26002,San Francisco,0.3578740042625759,0.23738532110091742,0.05161943319838057,0.06708715596330275,10291.331463398903,9,1,100.0,1012.4192767167294,25.148515658590856,0.0
06,075,026004,06075026004,260.04,Census Tract 260.04,G5020,S,336229,0,+37.7178918,-122.4357033,Census Tract 260.04; San Francisco County; California,3839,2191,503,953,234,46,1783,143,27,111089,1137,180,3839,746,54,1594,1236,6,75,26004,San Francisco,0.33622651742235876,0.22957553628480146,0.158311345646438,0.07759014148790506,11417.897759615285,3,1,99.99999999999997,1117.9779154826415,8.922556207045027,0.0
06,075,020500,06075020500,205,Census Tract 205,G5020,S,276896,0,+37.7591282,-122.4370296,Census Tract 205; San Francisco County; California,2970,1822,675,298,78,132,1276,108,94,250001,1340,367,2970,2204,108,291,235,6,75,20500,San Francisco,0.2768966529487804,0.3704720087815587,0.2738805970149254,0.11086717892425905,10726.023476164526,17,1,100.0,1661.837779501617,61.3947471699653,0.0
06,075,061000,06075061000,610,Census Tract 610,G5020,S,2176182,865060,+37.7132283,-122.3846994,Census Tract 610; San Francisco County; California,4890,2606,281,1391,327,50,2129,216,35,107882,1671,131,4890,552,759,2715,688,6,75,61000,San Francisco,3.041243747269201,0.10782808902532617,0.07839616995810891,0.09631619339984651,1607.8947977750345,24,1,67.510232851674,4804.374104015475,7.89150820993882,0.0
06,001,440331,06001440331,4403.31,Census Tract 4403.31,G5020,S,1761655,0,+37.5980622,-122.0829553,Census Tract 4403.31; Alameda County; California,3276,1700,65,1174,115,49,1423,71,37,128929,926,36,3276,378,124,1962,520,6,1,440331,Alameda,1.7616554528974515,0.03823529411764706,0.038876889848812095,0.06352941176470588,1859.614486256014,0,0,0.0,4625.370832240844,0.0,0.0
06,075,016900,06075016900,169,Census Tract 169,G5020,S,294789,0,+37.7671003,-122.4324670,Census Tract 169; San Francisco County; California,3061,2039,798,268,82,157,1404,151,72,150139,1660,768,3061,2026,51,399,324,6,75,16900,San Francisco,0.294788509822089,0.39136831780284453,0.46265060240963857,0.10936733692986758,10383.7154366952,20,1,100.0,1138.5786703473334,67.84524950470565,0.0
06,075,017000,06075017000,170,Census Tract 170,G5020,S,469563,0,+37.7648873,-122.4394974,Census Tract 170; San Francisco County; California,4262,2920,896,647,113,120,2137,179,39,250001,2195,307,4262,2991,81,497,305,6,75,17000,San Francisco,0.4695647474942203,0.30684931506849317,0.1398633257403189,0.07465753424657534,9076.490564386884,21,1,99.99999999999999,1737.1071590265597,44.7222669760968,0.0
06,013,345115,06013345115,3451.15,Census Tract 3451.15,G5020,S,15699092,0,+37.7423916,-121.9756333,Census Tract 3451.15; Contra Costa County; California,6758,2916,34,1835,105,98,2114,300,83,225625,2175,122,6758,3521,55,2746,208,6,13,345115,Contra Costa,15.699091579146186,0.011659807956104253,0.056091954022988506,0.1313443072702332,430.4707674281585,0,0,0.0,6310.245509394445,0.0,0.0
06,075,026100,06075026100,261,Census Tract 261,G5020,S,751208,0,+37.7196238,-122.4431600,Census Tract 261; San Francisco County; California,6879,3716,1434,1246,218,57,3121,368,131,116444,2012,372,6879,513,23,4652,1441,6,75,26100,San Francisco,0.7512110987024921,0.3858988159311087,0.1848906560636183,0.13428417653390742,9157.212948373042,26,2,100.0,444.1143597832453,34.61077724345095,50.4
06,055,200900,06055200900,2009,Census Tract 2009,G5020,S,4863079,192592,+38.2742450,-122.2727846,Census Tract 2009; Napa County; California,438,40,16,24,0,0,40,16,0,-666666666,28,21,438,217,111,38,61,6,55,200900,Napa,5.055671705456062,0.4,0.75,0.4,86.63537221519191,0,0,0.0,36794.34190939478,0.0,0.0
06,055,201300,06055201300,2013,Census Tract 2013,G5020,S,3851793,6876,+38.3935118,-122.3655355,Census Tract 2013; Napa County; California,3397,1295,20,761,9,249,1044,82,8,75134,1516,210,3397,2358,106,127,684,6,55,201300,Napa,3.858668884142797,0.015444015444015444,0.13852242744063326,0.0694980694980695,880.355402859254,0,0,0.0,51104.406070088364,0.0,0.0
06,055,202000,06055202000,2020,Census Tract 2020,G5020,S,6673453,46827,+38.5814083,-122.5826961,Census Tract 2020; Napa County; California,5191,2656,36,2096,107,140,2456,139,62,96667,2116,83,5191,2970,29,113,2036,6,55,202000,Napa,6.720281177552766,0.01355421686746988,0.039224952741020794,0.07567771084337349,772.4379178268753,0,0,0.0,74451.14057032345,0.0,0.0
06,055,201800,06055201800,2018,Census Tract 2018,G5020,S,683939921,79945346,+38.6404729,-122.2866466,Census Tract 2018; Napa County; California,1480,684,0,529,65,19,653,97,114,80313,545,9,1480,890,3,18,526,6,55,201800,Napa,763.8853583712748,0.0,0.01651376146788991,0.3084795321637427,1.9374634999623446,0,0,0.0,74622.3099451295,0.0,0.0
06,075,060400,06075060400,604,Census Tract 604,G5020,S,4424675,2420402,+37.7227157,-122.4916361,Census Tract 604; San Francisco County; California,1866,954,82,438,146,22,728,55,37,99556,993,153,1866,612,59,717,192,6,75,60400,San Francisco,6.845078397928348,0.0859538784067086,0.1540785498489426,0.09643605870020965,272.6046206519332,28,1,92.94456551090622,2825.434864741593,4.090530213426651,0.0
06,075,026301,06075026301,263.01,Census Tract 263.01,G5020,S,367744,0,+37.7138687,-122.4395362,Census Tract 263.01; San Francisco County; California,5345,2167,746,854,346,133,2103,201,26,95458,1424,265,5345,647,58,2790,1629,6,75,26301,San Francisco,0.3677435613007308,0.34425473004153206,0.18609550561797752,0.10475311490539917,14534.584864230981,9,1,100.0,1118.2412328685737,24.47357601086601,0.0
06,075,026302,06075026302,263.02,Census Tract 263.02,G5020,S,750803,0,+37.7116465,-122.4308297,Census Tract 263.02; San Francisco County; California,5004,2247,405,1377,330,0,2187,144,9,93370,1554,178,5004,619,192,2208,1851,6,75,26302,San Francisco,0.7508027601337446,0.1802403204272363,0.11454311454311454,0.06809078771695594,6664.866281403401,28,1,100.0,1843.1670421845079,37.29341644270488,0.0
06,055,200201,06055200201,2002.01,Census Tract 2002.01,G5020,S,1394893,0,+38.2918397,-122.2978636,Census Tract 2002.01; Napa County; California,3906,1871,0,1447,77,43,1655,120,17,81875,1379,15,3906,2208,7,13,1638,6,55,200201,Napa,1.3948944773059602,0.0,0.010877447425670777,0.07322287546766434,2800.211817845807,0,0,0.0,39763.05213043207,0.0,0.0
06,055,200202,06055200202,2002.02,Census Tract 2002.02,G5020,S,1008487,24848,+38.2954236,-122.2885169,Census Tract 2002.02; Napa County; California,2089,1009,0,783,9,26,889,10,20,69537,986,69,2089,958,12,42,1014,6,55,200202,Napa,1.0333345410234236,0.0,0.06997971602434078,0.02973240832507433,2021.6105405041778,0,0,0.0,39809.5155005611,0.0,0.0
06,055,200203,06055200203,2002.03,Census Tract 2002.03,G5020,S,810377,38997,+38.2870988,-122.2891839,Census Tract 2002.03; Napa County; California,2062,942,33,667,80,68,868,96,50,79886,750,90,2062,857,45,7,1121,6,55,200203,Napa,0.8493732302566175,0.03503184713375796,0.12,0.15498938428874734,2427.672460759114,0,0,0.0,39098.62780242149,0.0,0.0
06,055,200501,06055200501,2005.01,Census Tract 2005.01,G5020,S,1971340,0,+38.3110983,-122.3010928,Census Tract 2005.01; Napa County; California,5648,2786,30,2069,258,117,2571,199,28,92344,1687,40,5648,2285,18,37,3105,6,55,200501,Napa,1.9713373224002917,0.010768126346015794,0.023710729104919975,0.08147882268485283,2865.0601476580478,0,0,0.0,41857.153188719516,0.0,0.0
06,055,200503,06055200503,2005.03,Census Tract 2005.03,G5020,S,1315609,46887,+38.3052531,-122.2870510,Census Tract 2005.03; Napa County; California,1785,1179,3,752,159,14,953,87,64,110179,723,15,1785,908,0,200,653,6,55,200503,Napa,1.3624965476373407,0.002544529262086514,0.02074688796680498,0.1280746395250212,1310.0950626959814,0,0,0.0,40619.7138635137,0.0,0.0
06,075,020401,06075020401,204.01,Census Tract 204.01,G5020,S,327721,0,+37.7595115,-122.4434831,Census Tract 204.01; San Francisco County; California,3248,2373,591,493,136,93,1463,192,177,157237,1590,296,3248,1986,97,468,360,6,75,20401,San Francisco,0.32772037031422124,0.24905183312262957,0.1861635220125786,0.1554993678887484,9910.888349374769,30,1,99.99999999999997,2180.4252297368566,91.54145642895413,0.0
06,055,201900,06055201900,2019,Census Tract 2019,G5020,S,179945375,574677,+38.6388150,-122.5257870,Census Tract 2019; Napa County; California,1510,824,20,404,56,48,579,38,16,127159,459,7,1510,834,21,38,528,6,55,201900,Napa,180.52007763804173,0.024271844660194174,0.015250544662309368,0.06553398058252427,8.36472053279126,0,0,0.0,78734.56067464108,0.0,0.0
06,055,201500,06055201500,2015,Census Tract 2015,G5020,S,134020696,247183,+38.4765085,-122.4672115,Census Tract 2015; Napa County; California,1668,863,78,431,94,58,683,22,43,118500,726,46,1668,1097,0,24,490,6,55,201500,Napa,134.26788995556404,0.09038238702201622,0.06336088154269973,0.07531865585168018,12.422925544983425,0,0,0.0,60221.85093433691,0.0,0.0
06,055,200703,06055200703,2007.03,Census Tract 2007.03,G5020,S,2248473,0,+38.3098464,-122.3294520,Census Tract 2007.03; Napa County; California,3036,1369,0,1001,57,0,1078,71,39,144625,1163,51,3036,2474,104,26,380,6,55,200703,Napa,2.248473422302185,0.0,0.043852106620808254,0.08035062089116143,1350.249449198059,0,0,0.0,41521.74518318398,0.0,0.0
06,055,200400,06055200400,2004,Census Tract 2004,G5020,S,6408887,94788,+38.3108358,-122.2620496,Census Tract 2004; Napa County; California,3440,1464,2,1028,67,24,1140,52,46,128065,1488,9,3440,2478,23,119,659,6,55,200400,Napa,6.503675232547382,0.001366120218579235,0.006048387096774193,0.06693989071038252,528.9317004614035,0,0,0.0,40193.55946872294,0.0,0.0
06,055,201700,06055201700,2017,Census Tract 2017,G5020,S,177981024,4241324,+38.5549366,-122.4312603,Census Tract 2017; Napa County; California,4494,2273,12,1465,119,242,1889,78,75,115625,1432,26,4494,2532,133,566,886,6,55,201700,Napa,182.2223637826323,0.005279366476022877,0.018156424581005588,0.06731192256929168,24.662175962994095,0,0,0.0,69156.33598063486,0.0,0.0
06,055,200802,06055200802,2008.02,Census Tract 2008.02,G5020,S,13384171,858910,+38.2692695,-122.3027800,Census Tract 2008.02; Napa County; California,6458,3278,18,2767,121,32,2990,176,23,106452,2236,129,6458,3222,60,90,2864,6,55,200802,Napa,14.243080863379824,0.005491153142159854,0.057692307692307696,0.06070774862721171,453.4131387685981,0,0,0.0,36530.55589210739,0.0,0.0
06,075,026303,06075026303,263.03,Census Tract 263.03,G5020,S,427352,0,+37.7096620,-122.4434545,Census Tract 263.03; San Francisco County; California,4612,2700,932,1126,329,23,2456,304,90,110074,1313,25,4612,607,44,2817,1066,6,75,26303,San Francisco,0.4273496700090728,0.3451851851851852,0.01904036557501904,0.14592592592592593,10792.09912552895,9,1,99.99999999999999,1388.4579154588573,21.06003732215103,0.0
06,075,026401,06075026401,264.01,Census Tract 264.01,G5020,S,341043,0,+37.7135251,-122.4112834,Census Tract 264.01; San Francisco County; California,3842,1803,412,992,295,13,1712,260,68,94093,1049,213,3842,240,237,2606,597,6,75,26401,San Francisco,0.3410431598069072,0.22850804215196893,0.20305052430886558,0.18191902384914033,11265.436322415248,11,1,99.99999999999994,2934.821809845128,32.2539821828651,0.0
06,075,026402,06075026402,264.02,Census Tract 264.02,G5020,S,398279,0,+37.7164934,-122.4034909,Census Tract 264.02; San Francisco County; California,4755,2525,364,1271,456,11,2249,186,71,118182,1244,90,4755,905,378,2465,704,6,75,26402,San Francisco,0.3982759339897094,0.14415841584158415,0.07234726688102894,0.10178217821782178,11938.958883021185,17,1,100.0,3229.6073813014596,42.68397497610098,0.0
06,075,026403,06075026403,264.03,Census Tract 264.03,G5020,S,379501,0,+37.7111907,-122.4069124,Census Tract 264.03; San Francisco County; California,3581,1696,443,968,190,0,1612,230,0,92788,1129,195,3581,159,130,2622,642,6,75,26403,San Francisco,0.3795003645589002,0.26120283018867924,0.17271922054915856,0.13561320754716982,9436.09106716474,21,1,99.99999999999997,3386.619776081315,55.33591522213335,0.0
06,075,030101,06075030101,301.01,Census Tract 301.01,G5020,S,349923,0,+37.7642568,-122.4597429,Census Tract 301.01; San Francisco County; California,4792,3017,579,583,52,845,2350,93,88,144753,2035,600,4792,2352,87,1508,520,6,75,30101,San Francisco,0.3499230723110355,0.19191249585681142,0.29484029484029484,0.05999337089824329,13694.438518591149,17,1,99.99999999999997,3519.3699418630376,48.5821065976731,0.0
06,075,030102,06075030102,301.02,Census Tract 301.02,G5020,S,1260212,14870,+37.7586056,-122.4578068,Census Tract 301.02; San Francisco County; California,4726,2715,533,709,224,470,2179,107,78,209167,2096,307,4726,2448,162,1207,472,6,75,30102,San Francisco,1.2750785834236624,0.19631675874769797,0.14646946564885496,0.06813996316758748,3706.4382238390413,20,1,100.0,3355.8694756493123,15.685307760639192,0.0
06,075,030201,06075030201,302.01,Census Tract 302.01,G5020,S,360958,0,+37.7628136,-122.4737840,Census Tract 302.01; San Francisco County; California,4131,2386,729,757,227,72,1945,175,45,127009,2007,523,4131,2024,135,1068,665,6,75,30201,San Francisco,0.36095816636174993,0.3055322715842414,0.260587942202292,0.09220452640402348,11444.539520017228,10,1,99.99999999999997,4760.439294004447,27.70404144279164,0.0
06,075,030301,06075030301,303.01,Census Tract 303.01,G5020,S,753790,0,+37.7569391,-122.4692332,Census Tract 303.01; San Francisco County; California,6129,3249,679,1042,63,156,2174,165,0,179107,2439,299,6129,2275,101,2702,578,6,75,30301,San Francisco,0.7537916859083877,0.2089873807325331,0.12259122591225913,0.050784856879039705,8130.893607050064,29,1,99.99999999999997,4096.301751150038,38.47216749950267,0.0
06,075,030302,06075030302,303.02,Census Tract 303.02,G5020,S,597637,0,+37.7519364,-122.4716313,Census Tract 303.02; San Francisco County; California,3742,1980,298,817,182,75,1433,84,7,194625,1359,29,3742,1386,106,1590,289,6,75,30302,San Francisco,0.5976353545337282,0.1505050505050505,0.021339220014716703,0.04595959595959596,6261.3430942677205,20,1,99.99999999999997,3941.1248577135466,33.46522231035661,0.0
06,075,030400,06075030400,304,Census Tract 304,G5020,S,972368,0,+37.7469525,-122.4675254,Census Tract 304; San Francisco County; California,5262,2283,407,854,358,51,1757,119,57,137418,2206,156,5262,1932,90,2663,229,6,75,30400,San Francisco,0.9723680119459506,0.1782742006132282,0.07071622846781506,0.07709154621112571,5411.531370174784,23,1,99.99999999999999,3308.686475230644,23.65359587875713,0.0
06,081,611700,06081611700,6117,Census Tract 6117,G5020,S,10131820,2456677,+37.4943019,-122.1502245,Census Tract 6117; San Mateo County; California,5699,2970,128,1906,313,33,2491,166,64,114934,1628,92,5699,727,405,408,3327,6,81,611700,San Mateo,12.588494884798445,0.0430976430976431,0.056511056511056514,0.07744107744107744,452.7149633179715,0,0,0.0,16350.315921959935,0.0,0.0
06,075,030500,06075030500,305,Census Tract 305,G5020,S,1087784,35670,+37.7523832,-122.4517871,Census Tract 305; San Francisco County; California,3787,1502,138,734,85,14,1063,164,0,174797,1026,124,3787,1659,295,1087,602,6,75,30500,San Francisco,1.1234520688141238,0.09187749667110519,0.12085769980506822,0.10918774966711052,3370.8603198331575,21,1,100.0,2651.1187369123886,18.692386246764276,0.0
06,075,030600,06075030600,306,Census Tract 306,G5020,S,521626,0,+37.7437535,-122.4571389,Census Tract 306; San Francisco County; California,2348,1274,235,541,66,21,868,44,5,229297,885,33,2348,1163,48,626,196,6,75,30600,San Francisco,0.5216281734213721,0.18445839874411302,0.03728813559322034,0.038461538461538464,4501.290612045376,23,1,100.0,2380.203810057305,44.09271042463529,0.0
06,075,030700,06075030700,307,Census Tract 307,G5020,S,1426986,9359,+37.7372232,-122.4503095,Census Tract 307; San Francisco County; California,6910,3246,528,1469,196,113,2598,188,0,183388,2679,43,6910,3548,116,2364,695,6,75,30700,San Francisco,1.4363431312501358,0.16266173752310537,0.01605076521089959,0.05791743684534812,4810.828171668013,35,1,100.0,1538.7964872093858,24.367436470098475,0.0
06,075,030800,06075030800,308,Census Tract 308,G5020,S,1242912,0,+37.7391920,-122.4678640,Census Tract 308; San Francisco County; California,5907,3177,651,1018,279,73,2113,136,50,208750,2010,267,5907,3399,110,1549,540,6,75,30800,San Francisco,1.2429111901768286,0.2049102927289896,0.1328358208955224,0.05854579792256846,4752.551949556117,46,1,99.99999999999997,2639.2000062703814,37.009884828099096,0.0
06,095,250106,06095250106,2501.06,Census Tract 2501.06,G5020,S,18503359,31375,+38.1360680,-122.1860515,Census Tract 2501.06; Solano County; California,3668,1884,62,1253,303,0,1676,195,122,168750,1092,0,3668,833,289,1680,442,6,95,250106,Solano,18.534736627694006,0.032908704883227176,0.0,0.16825902335456475,197.8986847063903,0,0,0.0,20290.774226464717,0.0,0.0
06,095,250104,06095250104,2501.04,Census Tract 2501.04,G5020,S,1310536,0,+38.1138632,-122.2082024,Census Tract 2501.04; Solano County; California,2225,968,54,727,121,0,934,125,68,88125,785,95,2225,494,420,852,386,6,95,250104,Solano,1.3105348962258114,0.05578512396694215,0.12101910828025478,0.1993801652892562,1697.7800487478373,0,0,0.0,20241.98115996209,0.0,0.0
06,085,503506,06085503506,5035.06,Census Tract 5035.06,G5020,S,999855,0,+37.3436482,-121.8272382,Census Tract 5035.06; Santa Clara County; California,6910,3074,46,2052,673,0,2803,290,48,102350,1254,35,6910,240,198,1648,4741,6,85,503506,Santa Clara,0.9998574953443854,0.014964216005204945,0.027910685805422646,0.1099544567338972,6910.984847515653,0,0,0.0,5022.369557821033,0.0,0.0
06,085,512001,06085512001,5120.01,Census Tract 5120.01,G5020,S,20047195,0,+37.2568596,-121.7680942,Census Tract 5120.01; Santa Clara County; California,6384,3308,84,2302,338,0,2763,509,84,192176,1836,74,6384,1264,224,3149,954,6,85,512001,Santa Clara,20.047197931917175,0.02539298669891173,0.04030501089324619,0.17926239419588874,318.44849448191576,0,0,0.0,15586.907379654718,0.0,0.0
06,085,510300,06085510300,5103,Census Tract 5103,G5020,S,2338622,0,+37.3774027,-122.1116665,Census Tract 5103; Santa Clara County; California,4629,1995,24,1195,74,62,1380,17,16,243854,1771,13,4629,2609,9,1511,160,6,85,510300,Santa Clara,2.338622390441845,0.012030075187969926,0.007340485601355167,0.016541353383458645,1979.3704271878732,0,0,0.0,19848.863590020548,0.0,0.0
06,085,504602,06085504602,5046.02,Census Tract 5046.02,G5020,S,58172196,5655714,+37.4495304,-121.9940964,Census Tract 5046.02; Santa Clara County; California,1920,896,0,726,108,24,868,49,0,107438,541,10,1920,244,27,344,1236,6,85,504602,Santa Clara,63.82791502380768,0.0,0.018484288354898338,0.0546875,30.080882311193214,0,0,0.0,8433.237468752315,0.0,0.0
06,085,507002,06085507002,5070.02,Census Tract 5070.02,G5020,S,13650669,0,+37.2095662,-121.9492296,Census Tract 5070.02; Santa Clara County; California,3415,1361,0,773,74,3,882,52,0,250001,1128,0,3415,2671,1,555,180,6,85,507002,Santa Clara,13.650671825625954,0.0,0.0,0.03820720058780309,250.1708372762382,0,0,0.0,18854.636453024264,0.0,0.0
06,085,512307,06085512307,5123.07,Census Tract 5123.07,G5020,S,5467058,0,+37.0997288,-121.6367125,Census Tract 5123.07; Santa Clara County; California,6918,2704,44,2044,230,61,2379,134,87,151477,2329,81,6918,3162,227,711,2453,6,85,512307,Santa Clara,5.467056972789629,0.016272189349112426,0.0347788750536711,0.08173076923076923,1265.397458711686,0,0,0.0,36564.93573765489,0.0,0.0
06,085,511910,06085511910,5119.10,Census Tract 5119.10,G5020,S,2268922,0,+37.2129865,-121.8693977,Census Tract 5119.10; Santa Clara County; California,3051,1474,0,1131,68,0,1215,90,51,250001,1082,8,3051,1934,0,716,162,6,85,511910,Santa Clara,2.268924128926362,0.0,0.0073937153419593345,0.09565807327001356,1344.690182057216,0,0,0.0,17290.67362068158,0.0,0.0
06,085,505700,06085505700,5057,Census Tract 5057,G5020,S,1615785,0,+37.3430271,-121.9443826,Census Tract 5057; Santa Clara County; California,5853,3650,142,2249,104,158,3080,198,21,107431,2381,125,5853,2461,223,1837,1072,6,85,505700,Santa Clara,1.6157898551233723,0.03890410958904109,0.05249895002099958,0.06,3622.3769950289106,0,0,0.0,6777.034030877789,0.0,0.0
06,085,506900,06085506900,5069,Census Tract 5069,G5020,S,9390481,0,+37.2276416,-121.9321866,Census Tract 5069; Santa Clara County; California,8174,3428,36,2348,124,70,2606,187,117,206951,2802,130,8174,5426,85,1480,590,6,85,506900,Santa Clara,9.390480330893308,0.010501750291715286,0.046395431834404,0.08868144690781797,870.456005653804,0,0,0.0,16459.790581930214,0.0,0.0
06,085,507301,06085507301,5073.01,Census Tract 5073.01,G5020,S,8439990,0,+37.2588676,-122.0079378,Census Tract 5073.01; Santa Clara County; California,6820,2907,27,1769,181,30,2026,176,20,250001,2461,86,6820,2947,3,3507,186,6,85,507301,Santa Clara,8.4399895371408,0.009287925696594427,0.034945144250304754,0.0674234606123151,808.0578737672699,0,0,0.0,16952.17091207652,0.0,0.0
06,085,501700,06085501700,5017,Census Tract 5017,G5020,S,1115706,0,+37.3231579,-121.8864264,Census Tract 5017; Santa Clara County; California,4466,2364,225,1351,322,177,2120,107,36,86995,1393,94,4466,573,68,259,3214,6,85,501700,Santa Clara,1.115701423271373,0.09517766497461928,0.0674802584350323,0.06049069373942471,4002.863048166724,0,0,0.0,5142.09250432074,0.0,0.0
06,085,503116,06085503116,5031.16,Census Tract 5031.16,G5020,S,1141518,0,+37.2774484,-121.8537320,Census Tract 5031.16; Santa Clara County; California,6469,3101,95,2396,152,99,2860,259,86,103972,2406,158,6469,1834,506,2226,1823,6,85,503116,Santa Clara,1.141520385245153,0.030635278942276686,0.0656691604322527,0.11125443405353112,5667.003483788611,0,0,0.0,10288.223731801974,0.0,0.0
06,085,507701,06085507701,5077.01,Census Tract 5077.01,G5020,S,2641025,2520,+37.3185985,-122.0493596,Census Tract 5077.01; Santa Clara County; California,3435,1640,24,951,88,4,1130,25,6,211371,1254,54,3435,687,53,2418,118,6,85,507701,Santa Clara,2.6435412278499313,0.014634146341463415,0.0430622009569378,0.018902439024390243,1299.3933908849174,0,0,0.0,16357.809951763213,0.0,0.0
06,081,601601,06081601601,6016.01,Census Tract 6016.01,G5020,S,6515803,0,+37.6782568,-122.4497356,Census Tract 6016.01; San Mateo County; California,2654,1408,155,859,156,29,1245,72,24,101103,941,40,2654,490,45,1106,898,6,81,601601,San Mateo,6.515807411895208,0.11008522727272728,0.04250797024442083,0.06818181818181818,407.3171338911702,0,0,17.776490662166434,1605.642187113038,0.0,0.0
06,085,502908,06085502908,5029.08,Census Tract 5029.08,G5020,S,2079484,0,+37.2593227,-121.9087021,Census Tract 5029.08; Santa Clara County; California,6464,3225,0,2345,241,33,2632,105,71,129412,2196,60,6464,3255,0,1277,1551,6,85,502908,Santa Clara,2.0794832793042652,0.0,0.0273224043715847,0.05457364341085271,3108.4645230533747,0,0,0.0,12499.771538475246,0.0,0.0
06,085,502909,06085502909,5029.09,Census Tract 5029.09,G5020,S,1290798,0,+37.2565056,-121.8874578,Census Tract 5029.09; Santa Clara County; California,4918,2617,56,1789,164,40,2110,142,101,116596,2016,66,4918,1939,79,933,1805,6,85,502909,Santa Clara,1.2907961923953442,0.021398547955674436,0.03273809523809524,0.09285441345051586,3810.0515239928122,0,0,0.0,12497.213781446622,0.0,0.0
06,085,509107,06085509107,5091.07,Census Tract 5091.07,G5020,S,467507,0,+37.3797672,-122.0565575,Census Tract 5091.07; Santa Clara County; California,4765,3244,123,1835,542,80,2710,17,28,152361,2081,206,4765,819,278,2357,1170,6,85,509107,Santa Clara,0.4675053532403322,0.037916152897657214,0.09899086977414705,0.013871763255240444,10192.39665807728,0,0,0.0,15022.75305408753,0.0,0.0
06,085,511701,06085511701,5117.01,Census Tract 5117.01,G5020,S,9190789,0,+37.3782599,-122.1319059,Census Tract 5117.01; Santa Clara County; California,4346,1738,0,829,32,32,926,54,0,219167,1576,8,4346,2377,0,1130,483,6,85,511701,Santa Clara,9.190793152628146,0.0,0.005076142131979695,0.031070195627157654,472.86452081203055,0,0,0.0,21595.129278746474,0.0,0.0
06,085,511907,06085511907,5119.07,Census Tract 5119.07,G5020,S,1738650,0,+37.2197592,-121.8542492,Census Tract 5119.07; Santa Clara County; California,4144,1919,28,1084,223,0,1342,175,38,250001,1237,46,4144,1330,72,2319,226,6,85,511907,Santa Clara,1.738649992038649,0.014590932777488274,0.037186742118027485,0.11099531005732152,2383.4584413053517,0,0,0.0,16630.713725935722,0.0,0.0
06,085,511912,06085511912,5119.12,Census Tract 5119.12,G5020,S,2449060,0,+37.2057326,-121.8341741,Census Tract 5119.12; Santa Clara County; California,5705,2521,36,1301,375,0,1764,186,25,250001,1717,8,5705,1987,0,2928,387,6,85,511912,Santa Clara,2.4490599483897184,0.014280047600158666,0.004659289458357601,0.08369694565648553,2329.4652316498396,0,0,0.0,18443.880333059653,0.0,0.0
06,095,252904,06095252904,2529.04,Census Tract 2529.04,G5020,S,55693790,413805,+38.4048427,-121.9313985,Census Tract 2529.04; Solano County; California,8528,4141,25,3191,420,0,3636,298,263,111068,3066,166,8528,4185,362,1551,1943,6,95,252904,Solano,56.10758867900591,0.006037189084762135,0.05414220482713633,0.1354745230620623,151.99369997504402,0,0,0.0,42752.756131827366,0.0,0.0
06,095,252305,06095252305,2523.05,Census Tract 2523.05,G5020,S,45856555,2016548,+38.2198735,-122.0935747,Census Tract 2523.05; Solano County; California,6178,3304,35,2538,168,32,2773,294,110,126369,2077,0,6178,2989,479,1440,941,6,95,252305,Solano,47.87310991006418,0.01059322033898305,0.0,0.12227602905569007,129.0494812558902,0,0,0.0,24808.434221866555,0.0,0.0
06,095,251802,06095251802,2518.02,Census Tract 2518.02,G5020,S,2309379,149922,+38.1293832,-122.2572661,Census Tract 2518.02; Solano County; California,3174,1508,226,639,514,0,1420,168,198,31841,1355,324,3174,542,1354,373,852,6,95,251802,Solano,2.459299004844577,0.14986737400530503,0.23911439114391145,0.2427055702917772,1290.6116717599334,0,0,0.0,22970.600636421757,0.0,0.0
06,085,503207,06085503207,5032.07,Census Tract 5032.07,G5020,S,1290000,0,+37.2944788,-121.8154729,Census Tract 5032.07; Santa Clara County; California,3589,1515,51,1076,247,0,1387,51,31,131250,926,31,3589,261,213,2658,399,6,85,503207,Santa Clara,1.2899997688512568,0.033663366336633666,0.03347732181425486,0.05412541254125412,2782.171041159178,0,0,0.0,9753.11342571124,0.0,0.0
06,085,502910,06085502910,5029.10,Census Tract 5029.10,G5020,S,1186791,0,+37.2514817,-121.8840433,Census Tract 5029.10; Santa Clara County; California,3960,2112,51,1461,84,135,1747,110,47,123994,1419,46,3960,1661,84,691,1312,6,85,502910,Santa Clara,1.1867930310594716,0.024147727272727272,0.03241719520789288,0.07433712121212122,3336.7233345352865,0,0,0.0,13030.96983685933,0.0,0.0
06,085,503001,06085503001,5030.01,Census Tract 5030.01,G5020,S,1727835,0,+37.2840433,-121.8919507,Census Tract 5030.01; Santa Clara County; California,4455,1893,65,1277,41,4,1396,121,45,144254,1650,8,4455,2781,80,588,626,6,85,503001,Santa Clara,1.7278347718355012,0.03433703116745906,0.0048484848484848485,0.08769149498151083,2578.371539118521,0,0,0.0,9507.957621582413,0.0,0.0
06,085,503208,06085503208,5032.08,Census Tract 5032.08,G5020,S,1106314,18008,+37.2807411,-121.8160936,Census Tract 5032.08; Santa Clara County; California,3182,1749,66,1202,365,22,1706,88,24,136328,715,15,3182,121,23,1144,1777,6,85,503208,Santa Clara,1.1243201614123042,0.03773584905660377,0.02097902097902098,0.06403659233847914,2830.154709671808,0,0,0.0,11072.492722096036,0.0,0.0
06,095,251200,06095251200,2512,Census Tract 2512,G5020,S,1198604,0,+38.1052893,-122.2365335,Census Tract 2512; Solano County; California,3266,1818,35,1156,386,21,1624,204,73,75333,1226,70,3266,669,511,467,1471,6,95,251200,Solano,1.1986034121072577,0.019251925192519254,0.057096247960848286,0.15236523652365236,2724.8378963464356,0,0,0.0,21222.361252762494,0.0,0.0
06,085,500100,06085500100,5001,Census Tract 5001,G5020,S,1922120,0,+37.3584847,-121.8927601,Census Tract 5001; Santa Clara County; California,7903,4838,174,2909,873,123,4215,410,61,154868,2872,88,7903,1200,527,1787,3941,6,85,500100,Santa Clara,1.9221150119195443,0.03596527490698636,0.03064066852367688,0.09735427862753204,4111.616605141422,0,0,0.0,1941.0858723957197,0.0,0.0
06,085,500200,06085500200,5002,Census Tract 5002,G5020,S,1680335,0,+37.3499085,-121.9021695,Census Tract 5002; Santa Clara County; California,5406,2914,67,1629,280,209,2242,269,39,155536,1927,49,5406,1413,468,1118,1793,6,85,500200,Santa Clara,1.6803396136201754,0.02299245024021963,0.02542812662169175,0.10569663692518874,3217.2067814036395,0,0,0.0,3183.8857104166814,0.0,0.0
06,085,500300,06085500300,5003,Census Tract 5003,G5020,S,2883345,0,+37.3395959,-121.9080736,Census Tract 5003; Santa Clara County; California,4156,2538,212,1349,203,76,1992,143,70,116172,1681,51,4156,1713,161,597,1478,6,85,500300,Santa Clara,2.8833451306243876,0.08353033884948778,0.030339083878643664,0.08392434988179669,1441.381385758707,0,0,0.0,4357.644283084654,0.0,0.0
06,095,252502,06095252502,2525.02,Census Tract 2525.02,G5020,S,921982,0,+38.2471153,-122.0446962,Census Tract 2525.02; Solano County; California,1599,714,8,540,75,6,640,31,56,71944,546,12,1599,485,344,147,507,6,95,252502,Solano,0.9219854796481348,0.011204481792717087,0.02197802197802198,0.12184873949579832,1734.3006319473056,0,0,0.0,26845.19850242568,0.0,0.0
06,095,250200,06095250200,2502,Census Tract 2502,G5020,S,1350316,0,+38.1044764,-122.2101165,Census Tract 2502; Solano County; California,4560,2223,117,1558,257,53,2083,259,343,76875,1525,122,4560,994,794,1174,1425,6,95,250200,Solano,1.3503142997441084,0.05263157894736842,0.08,0.27080521817363923,3376.991564752105,0,0,0.0,19765.12701439328,0.0,0.0
06,085,500400,06085500400,5004,Census Tract 5004,G5020,S,1005370,0,+37.3401522,-121.9220248,Census Tract 5004; Santa Clara County; California,2545,1515,211,936,78,33,1274,76,63,146607,1029,101,2545,805,157,530,803,6,85,500400,Santa Clara,1.0053686876711094,0.13927392739273928,0.09815354713313897,0.09174917491749175,2531.4096522096547,0,0,0.0,5233.724135196215,0.0,0.0
06,085,500600,06085500600,5006,Census Tract 5006,G5020,S,1339632,0,+37.3334224,-121.9145625,Census Tract 5006; Santa Clara County; California,6069,3102,269,1671,215,213,2392,157,163,119675,2285,298,6069,1971,272,1243,2196,6,85,500600,Santa Clara,1.339632225297324,0.08671824629271438,0.13041575492341356,0.1031592520954223,4530.347871150247,0,0,0.0,5251.600238266572,0.0,0.0
06,085,500901,06085500901,5009.01,Census Tract 5009.01,G5020,S,720807,0,+37.3351801,-121.8840965,Census Tract 5009.01; Santa Clara County; California,4459,2496,259,1214,142,286,1968,224,74,73750,2192,550,4459,1127,234,2048,989,6,85,500901,Santa Clara,0.7208098110333787,0.10376602564102565,0.2509124087591241,0.11939102564102565,6186.097819072993,0,0,0.0,3792.0683450432584,0.0,0.0
06,085,500902,06085500902,5009.02,Census Tract 5009.02,G5020,S,242522,0,+37.3330150,-121.8796398,Census Tract 5009.02; Santa Clara County; California,4613,1892,175,768,223,531,1767,68,11,41250,550,41,4613,854,344,1521,1509,6,85,500902,Santa Clara,0.24252316969854498,0.09249471458773785,0.07454545454545454,0.04175475687103594,19020.86306118271,0,0,0.0,3965.2750624768705,0.0,0.0
06,085,501000,06085501000,5010,Census Tract 5010,G5020,S,802667,0,+37.3416421,-121.8880715,Census Tract 5010; Santa Clara County; California,5003,2535,206,1567,264,202,2311,132,90,54588,2378,547,5003,1085,317,791,2627,6,85,501000,Santa Clara,0.8026687521666105,0.08126232741617356,0.23002523128679564,0.08757396449704143,6232.957227368836,0,0,0.0,3206.72467894939,0.0,0.0
06,085,503210,06085503210,5032.10,Census Tract 5032.10,G5020,S,1595929,0,+37.2904505,-121.8228620,Census Tract 5032.10; Santa Clara County; California,4435,2251,30,1711,368,0,2147,123,23,113113,990,78,4435,230,160,1862,2092,6,85,503210,Santa Clara,1.595929480629562,0.01332741003998223,0.07878787878787878,0.06486006219458018,2778.9448430080265,0,0,0.0,9811.885914323588,0.0,0.0
06,085,503211,06085503211,5032.11,Census Tract 5032.11,G5020,S,1058985,0,+37.3118086,-121.8324347,Census Tract 5032.11; Santa Clara County; California,4160,1884,96,1437,142,0,1702,155,107,96500,1164,26,4160,514,140,2151,1201,6,85,503211,Santa Clara,1.058987340761492,0.050955414012738856,0.022336769759450172,0.13906581740976645,3928.28114168829,0,0,0.0,7325.551993320011,0.0,0.0
06,085,503002,06085503002,5030.02,Census Tract 5030.02,G5020,S,1353951,0,+37.2768230,-121.8872996,Census Tract 5030.02; Santa Clara County; California,3814,1964,54,1456,94,0,1616,14,48,127028,1339,104,3814,1832,118,490,1073,6,85,503002,Santa Clara,1.3539527123613224,0.0274949083503055,0.07766990291262135,0.031568228105906315,2816.9373754186013,0,0,0.0,10248.339772614076,0.0,0.0
06,085,503003,06085503003,5030.03,Census Tract 5030.03,G5020,S,1938825,0,+37.2674809,-121.8850395,Census Tract 5030.03; Santa Clara County; California,5050,2407,27,1504,103,0,1699,103,61,172917,1787,45,5050,2907,30,926,958,6,85,503003,Santa Clara,1.9388237767668726,0.011217282924802658,0.02518186905428092,0.06813460739509763,2604.671997793031,0,0,0.0,11263.356986309325,0.0,0.0
06,085,511800,06085511800,5118,Census Tract 5118,G5020,S,138681243,2135638,+37.1604490,-121.9417467,Census Tract 5118; Santa Clara County; California,4538,2382,60,1641,211,30,1963,155,121,197361,1656,22,4538,3719,0,222,230,6,85,511800,Santa Clara,140.81689123252787,0.02518891687657431,0.013285024154589372,0.11586901763224182,32.22624757783141,0,0,0.0,23564.909246164785,0.0,0.0
06,085,512305,06085512305,5123.05,Census Tract 5123.05,G5020,S,16740430,40931,+37.1141491,-121.6737014,Census Tract 5123.05; Santa Clara County; California,4658,2297,26,1652,291,0,1975,267,115,223125,1392,0,4658,2013,22,1098,1055,6,85,512305,Santa Clara,16.78136497945825,0.011319111885067479,0.0,0.16630387461906834,277.56979278513813,0,0,0.0,32429.277364940142,0.0,0.0
06,085,511914,06085511914,5119.14,Census Tract 5119.14,G5020,S,2776705,0,+37.2305812,-121.8770809,Census Tract 5119.14; Santa Clara County; California,6327,2849,143,1646,113,44,1946,222,167,247039,1967,59,6327,3350,282,1593,365,6,85,511914,Santa Clara,2.776705421190583,0.05019305019305019,0.029994916115912557,0.13653913653913655,2278.5996496838106,0,0,0.0,15329.710427760358,0.0,0.0
06,085,507302,06085507302,5073.02,Census Tract 5073.02,G5020,S,11872459,0,+37.2383772,-122.0292561,Census Tract 5073.02; Santa Clara County; California,2640,1293,16,781,54,20,876,60,32,250001,912,0,2640,1483,7,785,52,6,85,507302,Santa Clara,11.872455883655567,0.01237432327919567,0.0,0.0711523588553751,222.3634289207513,0,0,0.0,19903.63348160015,0.0,0.0
06,085,504307,06085504307,5043.07,Census Tract 5043.07,G5020,S,1690301,0,+37.3907632,-121.8525385,Census Tract 5043.07; Santa Clara County; California,5740,2818,66,1972,297,0,2352,175,44,144604,1848,109,5740,529,25,3869,1132,6,85,504307,Santa Clara,1.69029999042081,0.0234208658623137,0.058982683982683984,0.07771469127040455,3395.8469103292095,0,0,0.0,3155.0373080313066,0.0,0.0
06,085,503504,06085503504,5035.04,Census Tract 5035.04,G5020,S,1121554,0,+37.3358272,-121.8341637,Census Tract 5035.04; Santa Clara County; California,5601,2928,26,2166,613,0,2816,62,55,146016,1112,44,5601,18,41,1785,3748,6,85,503504,Santa Clara,1.1215523866035049,0.008879781420765027,0.039568345323741004,0.039959016393442626,4993.9709164740825,0,0,0.0,5100.990141342597,0.0,0.0
06,085,504318,06085504318,5043.18,Census Tract 5043.18,G5020,S,4364443,0,+37.3768300,-121.8956853,Census Tract 5043.18; Santa Clara County; California,7213,3416,94,2267,400,24,2797,82,29,112367,1899,46,7213,550,150,4307,1989,6,85,504318,Santa Clara,4.3644411220249895,0.027517564402810304,0.02422327540810953,0.03249414519906323,1652.6743741827252,0,0,8.0340401920828,2070.622331687757,0.0,0.0
06,085,507500,06085507500,5075,Census Tract 5075,G5020,S,3692256,0,+37.2743998,-122.0239726,Census Tract 5075; Santa Clara County; California,5747,2426,43,1575,59,21,1752,63,19,188375,2061,15,5747,1729,17,3714,146,6,85,507500,Santa Clara,3.692260518807601,0.01772464962901896,0.00727802037845706,0.033800494641384994,1556.499052741806,0,0,0.0,16843.85695704655,0.0,0.0
06,085,512200,06085512200,5122,Census Tract 5122,G5020,S,262653298,2006686,+37.0467866,-121.7095187,Census Tract 5122; Santa Clara County; California,4905,2418,70,1510,254,88,1970,324,250,235674,1699,27,4905,2412,96,497,1356,6,85,512200,Santa Clara,264.66001257655915,0.028949545078577336,0.015891701000588582,0.23738626964433415,18.53321154279441,0,0,0.0,38401.06110222989,0.0,0.0
06,085,507203,06085507203,5072.03,Census Tract 5072.03,G5020,S,1808386,0,+37.2513610,-121.9644540,Census Tract 5072.03; Santa Clara County; California,3192,1735,27,840,47,94,1032,82,23,192917,1207,11,3192,1777,14,694,580,6,85,507203,Santa Clara,1.808384443643324,0.015561959654178675,0.009113504556752278,0.06051873198847262,1765.111401627149,0,0,0.0,15248.020049743707,0.0,0.0
06,085,503802,06085503802,5038.02,Census Tract 5038.02,G5020,S,1674998,0,+37.3842879,-121.8355147,Census Tract 5038.02; Santa Clara County; California,7937,3861,269,2710,356,131,3500,362,50,124659,2040,73,7937,711,151,2916,3358,6,85,503802,Santa Clara,1.6749989400023944,0.06967106967106967,0.035784313725490194,0.10670810670810671,4738.510461378952,0,0,0.0,3881.400020331411,0.0,0.0
06,085,512602,06085512602,5126.02,Census Tract 5126.02,G5020,S,97183911,26244,+37.0180768,-121.5244138,Census Tract 5126.02; Santa Clara County; California,2838,1093,10,677,201,14,902,157,51,136146,751,17,2838,1107,15,208,1402,6,85,512602,Santa Clara,97.21015996006871,0.009149130832570906,0.022636484687083888,0.19030192131747484,29.194479272184854,0,0,0.0,50942.58622936509,0.0,0.0
06,085,506604,06085506604,5066.04,Census Tract 5066.04,G5020,S,2457342,0,+37.2808226,-121.9867096,Census Tract 5066.04; Santa Clara County; California,7362,3417,26,1928,571,49,2599,55,24,216054,2423,37,7362,2756,23,3561,756,6,85,506604,Santa Clara,2.4573439117329845,0.007609013754755633,0.015270326042096575,0.023119695639449808,2995.917651106524,0,0,0.0,13895.108449466126,0.0,0.0
06,085,512308,06085512308,5123.08,Census Tract 5123.08,G5020,S,13975635,933069,+37.1511719,-121.6268403,Census Tract 5123.08; Santa Clara County; California,8460,3914,122,2357,325,11,2854,483,279,229395,2649,23,8460,4698,102,1387,1825,6,85,512308,Santa Clara,14.908702350605363,0.031170158405723045,0.008682521706304265,0.1946857434849259,567.4538132862035,0,0,0.0,32616.901999168138,0.0,0.0
06,085,501200,06085501200,5012,Census Tract 5012,G5020,S,831245,0,+37.3465601,-121.8787471,Census Tract 5012; Santa Clara County; California,4345,2640,132,1616,126,94,2065,202,74,106500,1460,25,4345,1456,88,550,2106,6,85,501200,Santa Clara,0.831246429942976,0.05,0.017123287671232876,0.10454545454545454,5227.090118508021,0,0,0.0,2461.413500639053,0.0,0.0
06,085,501300,06085501300,5013,Census Tract 5013,G5020,S,747097,0,+37.3387146,-121.8745424,Census Tract 5013; Santa Clara County; California,4063,2091,242,786,147,202,1557,99,9,127188,1099,145,4063,1561,235,819,1099,6,85,501300,Santa Clara,0.7470987095789065,0.11573409851745577,0.13193812556869883,0.05164992826398852,5438.371058477752,0,0,0.0,3308.1831422351024,0.0,0.0
06,085,501401,06085501401,5014.01,Census Tract 5014.01,G5020,S,998599,0,+37.3514873,-121.8697601,Census Tract 5014.01; Santa Clara County; California,2954,1303,84,968,136,23,1256,85,34,74167,978,121,2954,358,168,424,1896,6,85,501401,Santa Clara,0.998597197024851,0.0644666155026861,0.12372188139059305,0.09132770529547199,2958.149701201782,0,0,0.0,1939.3552950933004,0.0,0.0
06,085,501800,06085501800,5018,Census Tract 5018,G5020,S,1428662,0,+37.3163695,-121.8965524,Census Tract 5018; Santa Clara County; California,4622,2604,24,1719,289,6,2065,103,9,137708,1717,39,4622,1786,71,364,2220,6,85,501800,Santa Clara,1.4286626927238681,0.009216589861751152,0.022714036109493303,0.043010752688172046,3235.1933199765717,0,0,0.0,6104.514858370168,0.0,0.0
06,085,503105,06085503105,5031.05,Census Tract 5031.05,G5020,S,1757118,0,+37.3261978,-121.8587581,Census Tract 5031.05; Santa Clara County; California,2139,981,0,556,244,37,894,50,9,58162,739,122,2139,98,0,1284,748,6,85,503105,Santa Clara,1.7571190451125793,0.0,0.16508795669824086,0.060142711518858305,1217.3335699420145,0,0,0.0,4907.806450058522,0.0,0.0
06,085,507401,06085507401,5074.01,Census Tract 5074.01,G5020,S,3227766,0,+37.2882247,-122.0182492,Census Tract 5074.01; Santa Clara County; California,5907,2484,17,1503,113,12,1685,22,46,226500,1948,55,5907,1682,4,3959,93,6,85,507401,Santa Clara,3.22776643492509,0.006843800322061192,0.028234086242299793,0.027375201288244767,1830.058066186282,0,0,0.0,15517.311618038671,0.0,0.0
06,085,507100,06085507100,5071,Census Tract 5071,G5020,S,1576070,206446,+37.2380920,-121.9736120,Census Tract 5071; Santa Clara County; California,3029,1529,10,1006,152,35,1242,70,23,173006,1389,66,3029,2362,0,287,231,6,85,507100,Santa Clara,1.7825145306598646,0.006540222367560497,0.047516198704103674,0.060824068018312624,1699.2848854245817,0,0,0.0,17166.614689815222,0.0,0.0
06,085,507805,06085507805,5078.05,Census Tract 5078.05,G5020,S,2098242,0,+37.3333072,-122.0519949,Census Tract 5078.05; Santa Clara County; California,5220,2719,23,1764,308,92,2257,36,30,194000,1978,95,5220,1305,40,3321,374,6,85,507805,Santa Clara,2.098246331994926,0.008458992276572269,0.04802831142568251,0.024273630011033467,2487.7917908890327,0,0,0.0,16158.140910997226,0.0,0.0
06,085,507702,06085507702,5077.02,Census Tract 5077.02,G5020,S,7698491,177023,+37.2982903,-122.0593721,Census Tract 5077.02; Santa Clara County; California,6618,3097,50,2078,104,108,2365,90,18,250001,2172,30,6618,1024,0,5060,38,6,85,507702,Santa Clara,7.875509475803829,0.01614465611882467,0.013812154696132596,0.03487245721666128,840.3265871665427,0,0,0.0,18099.373804460945,0.0,0.0
06,085,505303,06085505303,5053.03,Census Tract 5053.03,G5020,S,1084810,0,+37.3583023,-121.9639619,Census Tract 5053.03; Santa Clara County; California,5986,3711,38,2873,365,115,3483,74,12,128933,2219,65,5986,1155,457,2640,1525,6,85,505303,Santa Clara,1.0848123378685306,0.010239827539746699,0.02929247408742677,0.023174346537321477,5518.005088107183,0,0,0.0,7970.109924221108,0.0,0.0
06,085,503707,06085503707,5037.07,Census Tract 5037.07,G5020,S,754113,0,+37.3578973,-121.8538129,Census Tract 5037.07; Santa Clara County; California,5264,2587,92,1641,697,70,2518,184,5,100375,1353,63,5264,103,135,1984,2954,6,85,503707,Santa Clara,0.7541128843938429,0.03556242752222652,0.04656319290465632,0.073057595670661,6980.387298688327,0,0,0.0,2188.1021174387315,0.0,0.0
06,085,502001,06085502001,5020.01,Census Tract 5020.01,G5020,S,1333694,0,+37.3224577,-121.9330738,Census Tract 5020.01; Santa Clara County; California,4767,2844,164,2027,136,118,2463,60,71,106477,2032,222,4767,1805,70,836,1853,6,85,502001,Santa Clara,1.3336974679203215,0.057665260196905765,0.10925196850393701,0.04606188466947961,3574.2738624474864,0,0,0.0,7264.956722719268,0.0,0.0
06,085,502002,06085502002,5020.02,Census Tract 5020.02,G5020,S,900022,0,+37.3194030,-121.9209269,Census Tract 5020.02; Santa Clara County; California,5308,3261,156,1940,637,17,2834,96,91,106813,1810,112,5308,1365,163,550,3038,6,85,502002,Santa Clara,0.9000197400565619,0.04783808647654094,0.061878453038674036,0.057344372891751,5897.648422318402,0,0,0.0,6814.47791569257,0.0,0.0
06,085,501501,06085501501,5015.01,Census Tract 5015.01,G5020,S,623555,0,+37.3416169,-121.8583144,Census Tract 5015.01; Santa Clara County; California,4159,1893,126,1257,219,0,1628,103,44,75179,1323,117,4159,316,197,1194,2248,6,85,501501,Santa Clara,0.6235565211709225,0.06656101426307448,0.08843537414965986,0.07765451664025357,6669.804354207018,0,0,0.0,3319.3140572445996,0.0,0.0
06,085,501502,06085501502,5015.02,Census Tract 5015.02,G5020,S,888547,0,+37.3374972,-121.8644026,Census Tract 5015.02; Santa Clara County; California,4160,1971,26,1402,304,0,1800,137,101,101094,1212,115,4160,785,10,634,2409,6,85,501502,Santa Clara,0.8885490530429069,0.013191273465246067,0.09488448844884488,0.12075088787417554,4681.789920042961,0,0,0.0,3563.224563554289,0.0,0.0
06,085,502101,06085502101,5021.01,Census Tract 5021.01,G5020,S,1914543,0,+37.3059451,-121.9360263,Census Tract 5021.01; Santa Clara County; California,5045,2887,60,1760,327,52,2230,51,25,129258,2135,108,5045,2309,59,1232,1080,6,85,502101,Santa Clara,1.9145452025304581,0.020782819535850365,0.05058548009367682,0.026324904745410462,2635.0905652851725,0,0,0.0,8814.608091491464,0.0,0.0
06,085,502202,06085502202,5022.02,Census Tract 5022.02,G5020,S,1115394,0,+37.2980468,-121.9205873,Census Tract 5022.02; Santa Clara County; California,2910,1607,127,1056,61,51,1306,16,78,104107,1383,73,2910,1577,179,496,491,6,85,502202,Santa Clara,1.115394709260342,0.07902924704418171,0.05278380332610268,0.05849408836341008,2608.9419071475827,0,0,0.0,8816.601288174252,0.0,0.0
06,085,502701,06085502701,5027.01,Census Tract 5027.01,G5020,S,1729302,15380,+37.2711908,-121.9382471,Census Tract 5027.01; Santa Clara County; California,5611,2937,35,2046,250,53,2513,140,54,136691,2081,75,5611,2358,186,1345,1274,6,85,502701,Santa Clara,1.7446814041488263,0.01191692202928158,0.03604036520903412,0.06605379639087504,3216.0599560797323,0,0,0.0,12187.29420675615,0.0,0.0
06,085,502800,06085502800,5028,Census Tract 5028,G5020,S,1756147,0,+37.2557280,-121.9230305,Census Tract 5028; Santa Clara County; California,4419,2294,31,1771,85,22,1909,81,76,181528,1425,27,4419,1973,15,1092,1060,6,85,502800,Santa Clara,1.7561478270264614,0.013513513513513514,0.018947368421052633,0.06843940714908457,2516.3029740396764,0,0,0.0,13241.164438543652,0.0,0.0
06,085,502903,06085502903,5029.03,Census Tract 5029.03,G5020,S,1882830,0,+37.2779339,-121.9050522,Census Tract 5029.03; Santa Clara County; California,5270,2533,19,1710,173,17,1927,129,22,219107,1881,25,5270,3085,0,1005,885,6,85,502903,Santa Clara,1.8828338078074927,0.007500986971969996,0.013290802764486975,0.059613106987761545,2798.972473378714,0,0,0.0,10415.481116965946,0.0,0.0
06,085,502906,06085502906,5029.06,Census Tract 5029.06,G5020,S,1544298,0,+37.2478128,-121.9014134,Census Tract 5029.06; Santa Clara County; California,4995,2604,128,1699,325,24,2183,319,26,122356,1625,24,4995,2467,137,1192,870,6,85,502906,Santa Clara,1.5442966122520263,0.04915514592933948,0.014769230769230769,0.13248847926267282,3234.482262261691,0,0,0.0,13618.760234201842,0.0,0.0
06,085,503110,06085503110,5031.10,Census Tract 5031.10,G5020,S,765474,0,+37.3330764,-121.8498294,Census Tract 5031.10; Santa Clara County; California,4067,1802,106,1089,318,153,1744,137,18,82750,956,43,4067,119,133,1022,2740,6,85,503110,Santa Clara,0.7654761883697435,0.058823529411764705,0.04497907949790795,0.08601553829078801,5313.03267402949,0,0,0.0,4508.505827372017,0.0,0.0
06,085,502400,06085502400,5024,Census Tract 5024,G5020,S,2679680,0,+37.3046948,-121.8926106,Census Tract 5024; Santa Clara County; California,6909,3825,53,2325,209,92,2856,48,29,200324,2745,109,6909,4594,79,631,1132,6,85,502400,Santa Clara,2.679677873945277,0.013856209150326797,0.03970856102003643,0.020130718954248367,2578.2949761151376,0,0,0.0,7263.6191411842,0.0,0.0
06,085,510200,06085510200,5102,Census Tract 5102,G5020,S,2686270,0,+37.3720591,-122.1017322,Census Tract 5102; Santa Clara County; California,4717,1815,58,1138,65,23,1303,22,9,250001,1542,38,4717,2887,136,1437,138,6,85,510200,Santa Clara,2.6862698426201117,0.031955922865013774,0.02464332036316472,0.017079889807162536,1755.9665544989223,0,0,0.0,19108.082124300727,0.0,0.0
06,085,512309,06085512309,5123.09,Census Tract 5123.09,G5020,S,9136346,0,+37.1300123,-121.6087697,Census Tract 5123.09; Santa Clara County; California,5295,2757,62,2027,233,42,2384,451,118,193854,1685,47,5295,2998,22,752,1244,6,85,512309,Santa Clara,9.136346783685868,0.022488211824446862,0.027893175074183978,0.20638375045339136,579.5533078335982,0,0,0.0,35460.8558727057,0.0,0.0
06,085,504601,06085504601,5046.01,Census Tract 5046.01,G5020,S,18928786,8860135,+37.4428194,-122.0860254,Census Tract 5046.01; Santa Clara County; California,1255,664,3,475,48,28,604,19,0,65625,526,14,1255,314,13,319,552,6,85,504601,Santa Clara,27.788921340885533,0.004518072289156626,0.026615969581749048,0.0286144578313253,45.16188248564842,0,0,0.0,14448.022913671446,0.0,0.0
06,085,510001,06085510001,5100.01,Census Tract 5100.01,G5020,S,3515661,0,+37.3584207,-122.0797124,Census Tract 5100.01; Santa Clara County; California,5969,2597,13,1383,119,43,1703,15,0,250001,1988,15,5969,3470,34,1962,116,6,85,510001,Santa Clara,3.5156604577299317,0.0050057758952637655,0.007545271629778672,0.005775895263765884,1697.8317649748788,0,0,0.0,17646.475665918504,0.0,0.0
06,085,500500,06085500500,5005,Census Tract 5005,G5020,S,2130403,0,+37.3299565,-121.9278951,Census Tract 5005; Santa Clara County; California,5020,2582,141,1358,106,15,1691,114,19,171885,2093,234,5020,2986,207,745,868,6,85,500500,Santa Clara,2.1304026246038457,0.05460883036405887,0.11180124223602485,0.05151045701006971,2356.3620988936227,0,0,0.0,6358.247130128964,0.0,0.0
06,085,512100,06085512100,5121,Census Tract 5121,G5020,S,57251607,26337,+37.1775734,-121.7255630,Census Tract 5121; Santa Clara County; California,1640,642,11,466,44,21,542,51,16,93542,478,13,1640,462,10,191,920,6,85,512100,Santa Clara,57.27794959870295,0.017133956386292833,0.027196652719665274,0.1043613707165109,28.632309841571868,0,0,0.0,25109.068388088723,0.0,0.0
06,085,507402,06085507402,5074.02,Census Tract 5074.02,G5020,S,2417399,0,+37.2816285,-121.9995882,Census Tract 5074.02; Santa Clara County; California,3980,2029,11,1214,105,10,1353,34,0,236161,1502,32,3980,1702,0,1866,182,6,85,507402,Santa Clara,2.417392290050566,0.005421389847215377,0.02130492676431425,0.016757023164120255,1646.4022063695536,0,0,0.0,14670.148439859628,0.0,0.0
06,085,502907,06085502907,5029.07,Census Tract 5029.07,G5020,S,1251551,0,+37.2633246,-121.8972821,Census Tract 5029.07; Santa Clara County; California,3912,1934,39,1305,216,25,1621,221,60,170270,1336,6,3912,2044,84,834,652,6,85,502907,Santa Clara,1.2515516376163636,0.02016546018614271,0.004491017964071856,0.1452947259565667,3125.7200122006793,0,0,0.0,11857.31971999115,0.0,0.0
06,085,503336,06085503336,5033.36,Census Tract 5033.36,G5020,S,905462,0,+37.3067498,-121.8043765,Census Tract 5033.36; Santa Clara County; California,3081,1583,63,1088,231,30,1412,183,58,144000,830,68,3081,161,77,2039,708,6,85,503336,Santa Clara,0.9054606756894367,0.03979785217940619,0.0819277108433735,0.15224257738471256,3402.6878060210206,0,0,0.0,9261.702308650485,0.0,0.0
06,001,406100,06001406100,4061,Census Tract 4061,G5020,S,1844041,74875,+37.7741755,-122.2275801,Census Tract 4061; Alameda County; California,4939,2360,323,1188,145,150,1855,123,86,64879,1810,217,4939,897,438,1003,2345,6,1,406100,Alameda,1.9189105091639969,0.13686440677966102,0.11988950276243093,0.08855932203389831,2573.8563504724107,2,1,67.73284689956286,347.38642130931026,1.0422580888732174,32.6
06,085,501402,06085501402,5014.02,Census Tract 5014.02,G5020,S,522620,0,+37.3453341,-121.8665169,Census Tract 5014.02; Santa Clara County; California,2705,1382,60,982,165,14,1275,35,105,105771,851,43,2705,781,43,177,1646,6,85,501402,Santa Clara,0.5226213110039855,0.04341534008683068,0.05052878965922444,0.10130246020260492,5175.831798369531,0,0,0.0,2673.5018609758763,0.0,0.0
06,085,504505,06085504505,5045.05,Census Tract 5045.05,G5020,S,1930557,0,+37.4089281,-121.9019886,Census Tract 5045.05; Santa Clara County; California,10682,6536,238,3649,608,6,4763,209,286,209439,3933,249,10682,895,236,8139,1224,6,85,504505,Santa Clara,1.930550456957565,0.036413708690330476,0.06331045003813883,0.075734394124847,5533.136915175068,0,0,32.45791253566203,986.4920331881508,0.0,0.0
06,085,503903,06085503903,5039.03,Census Tract 5039.03,G5020,S,927239,0,+37.3684579,-121.8355428,Census Tract 5039.03; Santa Clara County; California,3083,1388,50,1102,73,41,1281,81,14,119548,841,23,3083,420,11,1433,1195,6,85,503903,Santa Clara,0.9272402058729331,0.03602305475504323,0.027348394768133173,0.06844380403458213,3324.920533506813,0,0,0.0,3459.552516203285,0.0,0.0
06,013,386000,06013386000,3860,Census Tract 3860,G5020,S,987482,0,+37.9226826,-122.3152165,Census Tract 3860; Contra Costa County; California,3758,1961,493,791,193,82,1625,176,5,64201,1541,266,3758,1053,235,1590,687,6,13,386000,Contra Costa,0.9874795928143915,0.2514023457419684,0.17261518494484102,0.09229984701682815,3805.6482658942004,2,1,83.83919125095403,315.28412689922453,2.0253583107473125,21.0
06,013,354001,06013354001,3540.01,Census Tract 3540.01,G5020,S,13709373,0,+37.8838858,-122.2166770,Census Tract 3540.01; Contra Costa County; California,2396,1031,169,532,40,11,766,92,48,216518,849,0,2396,1721,0,422,124,6,13,354001,Contra Costa,13.709378436846116,0.16391852570320078,0.0,0.13579049466537343,174.7708702504245,2,1,3.853970429293676,2956.3098665354946,0.14588553443274166,20.8
06,013,318000,06013318000,3180,Census Tract 3180,G5020,S,11971988,1895228,+38.0170765,-122.1602988,Census Tract 3180; Contra Costa County; California,3512,1688,87,1065,63,196,1463,207,62,96250,1459,136,3512,2544,178,203,498,6,13,318000,Contra Costa,13.867215657637491,0.05154028436018957,0.0932145305003427,0.1593601895734597,253.25920406132394,0,0,0.0,11874.9691286121,0.0,0.0
06,013,314200,06013314200,3142,Census Tract 3142,G5020,S,4886033,5034331,+38.0470791,-121.9827259,Census Tract 3142; Contra Costa County; California,7185,3003,213,2010,516,0,2897,458,291,70750,1747,46,7185,871,74,479,5622,6,13,314200,Contra Costa,9.92036616308816,0.07092907092907093,0.02633085289066972,0.2494172494172494,724.267620960812,0,0,0.0,4084.501804175414,0.0,0.0
06,013,357000,06013357000,3570,Census Tract 3570,G5020,S,11165471,2437800,+38.0407401,-122.1962349,Census Tract 3570; Contra Costa County; California,3458,1828,41,1143,137,83,1473,202,134,95954,1623,93,3458,2357,314,130,545,6,13,357000,Contra Costa,13.603269830754572,0.022428884026258207,0.05730129390018484,0.1838074398249453,254.20358803602332,0,0,0.0,16073.429110398329,0.0,0.0
06,013,337100,06013337100,3371,Census Tract 3371,G5020,S,2787263,0,+37.9572626,-122.0149100,Census Tract 3371; Contra Costa County; California,3160,1665,143,1185,142,9,1487,150,51,140972,1163,25,3160,1158,150,411,1129,6,13,337100,Contra Costa,2.787264839104004,0.08588588588588589,0.021496130696474634,0.12072072072072072,1133.7279312918881,0,0,1.763210000871079,2213.1465015252534,0.0,0.0
06,013,363000,06013363000,3630,Census Tract 3630,G5020,S,4400587,0,+37.9788489,-122.3087165,Census Tract 3630; Contra Costa County; California,7793,4037,356,2745,298,22,3617,733,235,100399,2764,95,7793,2344,1532,1894,1719,6,13,363000,Contra Costa,4.400584258743776,0.08818429526876394,0.034370477568740954,0.23978201634877383,1770.901212609584,0,0,0.0,6006.175667656939,0.0,0.0
06,013,321101,06013321101,3211.01,Census Tract 3211.01,G5020,S,4319812,0,+37.9885816,-122.1027369,Census Tract 3211.01; Contra Costa County; California,6866,3545,57,2403,249,158,2926,285,217,145685,2516,72,6866,3569,224,700,1629,6,13,321101,Contra Costa,4.319816675794262,0.01607898448519041,0.028616852146263912,0.14160789844851904,1589.419300701594,0,0,0.0,6663.699627832636,0.0,0.0
06,013,320001,06013320001,3200.01,Census Tract 3200.01,G5020,S,14772042,1563508,+38.0218058,-122.0963072,Census Tract 3200.01; Contra Costa County; California,3100,1499,40,992,307,0,1346,150,37,103194,1024,54,3100,1785,10,202,889,6,13,320001,Contra Costa,16.33554799192666,0.0266844563042028,0.052734375,0.1247498332221481,189.77018717291145,0,0,0.0,6904.487229290522,0.0,0.0
06,013,307205,06013307205,3072.05,Census Tract 3072.05,G5020,S,3061616,0,+37.9860335,-121.8450270,Census Tract 3072.05; Contra Costa County; California,7818,4074,211,2677,492,132,3617,665,346,70419,2800,176,7818,2154,1718,573,2624,6,13,307205,Contra Costa,3.0616156649183632,0.05179185076092293,0.06285714285714286,0.24815905743740796,2553.5536970178337,0,0,0.0,5054.080393049822,0.0,0.0
06,013,355302,06013355302,3553.02,Census Tract 3553.02,G5020,S,7517809,0,+37.9212391,-121.9942166,Census Tract 3553.02; Contra Costa County; California,3454,1469,195,654,4,21,892,150,37,250001,1220,11,3454,2209,41,892,71,6,13,355302,Contra Costa,7.517808882617853,0.13274336283185842,0.009016393442622951,0.12729748127978216,459.44237927969874,0,0,0.0,5478.062039522045,0.0,0.0
06,013,307101,06013307101,3071.01,Census Tract 3071.01,G5020,S,2142560,0,+37.9866563,-121.8155459,Census Tract 3071.01; Contra Costa County; California,4696,1987,87,1398,266,0,1785,216,267,75139,1555,61,4696,1626,522,377,1994,6,13,307101,Contra Costa,2.1425630124080084,0.043784599899345744,0.03922829581993569,0.24308002013085053,2191.767510595735,0,0,0.0,3232.574642376832,0.0,0.0
06,013,341000,06013341000,3410,Census Tract 3410,G5020,S,4036492,0,+37.8863487,-122.0839533,Census Tract 3410; Contra Costa County; California,4760,2383,203,1533,55,44,1880,113,12,147701,2047,16,4760,3007,172,925,293,6,13,341000,Contra Costa,4.036492434224834,0.08518673940411246,0.007816316560820713,0.05245488879563575,1179.2416504093135,0,0,0.0,2607.7021930074043,0.0,0.0
06,013,385100,06013385100,3851,Census Tract 3851,G5020,S,2390590,0,+37.9242312,-122.2957499,Census Tract 3851; Contra Costa County; California,3100,1390,97,799,101,31,1075,167,31,170278,1252,10,3100,1583,143,837,310,6,13,385100,Contra Costa,2.390591510147641,0.06978417266187051,0.007987220447284345,0.14244604316546763,1296.7501920930633,0,0,0.0,1857.0345018979506,0.0,0.0
06,013,392000,06013392000,3920,Census Tract 3920,G5020,S,1028096,23043,+37.9094178,-122.2748795,Census Tract 3920; Contra Costa County; California,2588,1307,108,506,61,39,739,120,26,214464,1003,20,2588,1893,65,295,98,6,13,392000,Contra Costa,1.0511395977118436,0.08263198163733741,0.019940179461615155,0.1117061973986228,2462.089722082249,0,0,0.0,2184.451072451514,0.0,0.0
06,013,351200,06013351200,3512,Census Tract 3512,G5020,S,9054683,0,+37.8682136,-122.1047907,Census Tract 3512; Contra Costa County; California,5525,2575,216,1189,50,17,1472,185,26,250001,1971,16,5525,4466,7,447,328,6,13,351200,Contra Costa,9.054682691397876,0.08388349514563107,0.008117706747843734,0.08194174757281554,610.1815147259503,0,0,0.0,3274.402173234062,0.0,0.0
06,013,365002,06013365002,3650.02,Census Tract 3650.02,G5020,S,5813967,1371463,+37.9594613,-122.3844207,Census Tract 3650.02; Contra Costa County; California,5171,2326,96,1389,547,0,2043,179,59,74545,1360,82,5171,261,779,353,3347,6,13,365002,Contra Costa,7.1854295751647195,0.0412725709372313,0.060294117647058824,0.10232158211521926,719.6507802223446,0,0,0.0,3724.105182642377,0.0,0.0
06,013,307201,06013307201,3072.01,Census Tract 3072.01,G5020,S,1559547,0,+38.0025255,-121.8485862,Census Tract 3072.01; Contra Costa County; California,4224,1903,111,1121,400,46,1733,131,235,61196,1154,92,4224,944,450,19,2500,6,13,307201,Contra Costa,1.5595455112410737,0.05832895428271151,0.07972270363951472,0.19232790331056226,2708.481393812339,0,0,0.0,3886.166817521288,0.0,0.0
06,013,308001,06013308001,3080.01,Census Tract 3080.01,G5020,S,3728768,0,+37.9918140,-121.7962474,Census Tract 3080.01; Contra Costa County; California,7523,3103,298,2195,210,35,2788,834,615,88908,2869,43,7523,2114,739,942,3438,6,13,308001,Contra Costa,3.728766503878074,0.09603609410248147,0.014987800627396306,0.46696745085401226,2017.5572785734273,0,0,9.635360548768027,1446.485815710591,0.0,0.0
06,013,307202,06013307202,3072.02,Census Tract 3072.02,G5020,S,703981,0,+38.0037021,-121.8278013,Census Tract 3072.02; Contra Costa County; California,4481,1931,28,1158,519,116,1888,295,218,48125,1521,185,4481,535,1257,105,2030,6,13,307202,Contra Costa,0.7039814030492403,0.014500258933195235,0.12163050624589086,0.2656654583117556,6365.224962748874,0,0,0.0,4261.9063071705505,0.0,0.0
06,085,508102,06085508102,5081.02,Census Tract 5081.02,G5020,S,2722978,0,+37.3303633,-122.0048875,Census Tract 5081.02; Santa Clara County; California,3556,1810,56,1124,4,102,1327,65,25,206563,1377,70,3556,990,67,2293,129,6,85,508102,Santa Clara,2.7229761856758667,0.030939226519337018,0.050835148874364564,0.049723756906077346,1305.924017516653,0,0,0.0,12266.09242550931,0.0,0.0
06,085,506606,06085506606,5066.06,Census Tract 5066.06,G5020,S,1199955,0,+37.2902566,-121.9687321,Census Tract 5066.06; Santa Clara County; California,5137,2550,42,1792,182,47,2110,36,68,114574,1788,56,5137,1759,100,1715,1293,6,85,506606,Santa Clara,1.1999526382659327,0.01647058823529412,0.03131991051454139,0.0407843137254902,4281.002296410254,0,0,0.0,12030.83078059678,0.0,0.0
06,085,504506,06085504506,5045.06,Census Tract 5045.06,G5020,S,1801461,0,+37.4503166,-121.9162075,Census Tract 5045.06; Santa Clara County; California,6609,3815,135,2257,839,0,3250,179,11,152898,2151,129,6609,496,56,5174,737,6,85,504506,Santa Clara,1.8014580950919121,0.035386631716906945,0.0599721059972106,0.04980340760157274,3668.6948300414406,0,0,0.0,5028.477000981079,0.0,0.0
06,085,504507,06085504507,5045.07,Census Tract 5045.07,G5020,S,1770770,0,+37.4358428,-121.9128553,Census Tract 5045.07; Santa Clara County; California,6238,3124,23,2282,394,0,2730,157,93,154671,1658,90,6238,748,162,3690,1289,6,85,504507,Santa Clara,1.7707728010680444,0.00736235595390525,0.054282267792521106,0.08002560819462227,3522.755712216463,0,0,0.0,3485.1843647871715,0.0,0.0
06,085,506701,06085506701,5067.01,Census Tract 5067.01,G5020,S,1599574,0,+37.2706528,-121.9793303,Census Tract 5067.01; Santa Clara County; California,4268,2318,25,1674,102,22,1841,138,27,212679,1309,7,4268,1849,21,1833,453,6,85,506701,Santa Clara,1.599575505744727,0.010785159620362382,0.0053475935828877,0.07118205349439172,2668.207899328212,0,0,0.0,14278.723103564176,0.0,0.0
06,095,250801,06095250801,2508.01,Census Tract 2508.01,G5020,S,38688892,58649088,+38.1293945,-122.3302426,Census Tract 2508.01; Solano County; California,4232,2202,139,1267,370,57,1980,298,140,103816,1724,80,4232,1247,1084,545,1089,6,95,250801,Solano,97.33801251514245,0.0631244323342416,0.04640371229698376,0.1989100817438692,43.47736193341369,0,0,0.0,19491.04236930869,0.0,0.0
06,095,252915,06095252915,2529.15,Census Tract 2529.15,G5020,S,14623578,25247,+38.3191257,-121.9246180,Census Tract 2529.15; Solano County; California,6449,3215,39,2453,183,0,2722,196,266,156375,1888,85,6449,2607,452,1023,1298,6,95,252915,Solano,14.648817763317032,0.012130637636080872,0.045021186440677964,0.143701399688958,440.2403049991735,0,0,0.0,33558.11375567247,0.0,0.0
06,095,252314,06095252314,2523.14,Census Tract 2523.14,G5020,S,1791438,0,+38.2770036,-122.0358467,Census Tract 2523.14; Solano County; California,4441,2349,44,1496,319,41,1900,162,87,93500,1438,97,4441,1463,1105,654,718,6,95,252314,Solano,1.791441783619434,0.018731375053214133,0.0674547983310153,0.10600255427841634,2479.008829986867,0,0,0.0,29785.890477056662,0.0,0.0
06,085,508203,06085508203,5082.03,Census Tract 5082.03,G5020,S,1563572,0,+37.3451032,-122.0268266,Census Tract 5082.03; Santa Clara County; California,5873,2535,72,1367,117,14,1647,64,36,239318,1790,66,5873,2244,1,3190,101,6,85,508203,Santa Clara,1.5635714153791382,0.028402366863905324,0.03687150837988827,0.03944773175542406,3756.144389846051,0,0,0.0,13699.30216177989,0.0,0.0
06,013,308002,06013308002,3080.02,Census Tract 3080.02,G5020,S,3937717,0,+37.9886857,-121.7667083,Census Tract 3080.02; Contra Costa County; California,4486,2330,192,1640,214,27,2089,394,357,123882,1501,67,4486,1046,924,799,1439,6,13,308002,Contra Costa,3.93771341282297,0.08240343347639485,0.04463690872751499,0.3223175965665236,1139.239840408792,2,1,24.150828600178425,1408.5817761521262,0.507908979228173,23.6
06,085,506702,06085506702,5067.02,Census Tract 5067.02,G5020,S,1691753,0,+37.2743294,-121.9625593,Census Tract 5067.02; Santa Clara County; California,5799,2659,110,1749,161,34,2127,181,0,140670,1991,65,5799,2484,110,1799,1113,6,85,506702,Santa Clara,1.6917532567664575,0.04136893569010906,0.03264691109994977,0.06807070327190673,3427.8048390366057,0,0,0.0,13034.236902257835,0.0,0.0
06,085,506703,06085506703,5067.03,Census Tract 5067.03,G5020,S,1354461,0,+37.2646993,-121.9669404,Census Tract 5067.03; Santa Clara County; California,3622,1586,12,1162,60,35,1311,142,11,144412,1354,98,3622,1714,20,1274,310,6,85,506703,Santa Clara,1.3544609215476449,0.007566204287515763,0.0723781388478582,0.09646910466582598,2674.126615525682,0,0,0.0,14128.928967588025,0.0,0.0
06,013,343002,06013343002,3430.02,Census Tract 3430.02,G5020,S,3368559,15373,+37.9034840,-122.0398813,Census Tract 3430.02; Contra Costa County; California,4658,2294,145,1264,172,122,1726,195,205,153080,1737,225,4658,2964,81,598,627,6,13,343002,Contra Costa,3.3839300034371496,0.06320836965998257,0.12953367875647667,0.17436791630340018,1376.5060137971952,0,0,0.0,2426.275509063238,0.0,0.0
06,013,348000,06013348000,3480,Census Tract 3480,G5020,S,10912146,0,+37.9036791,-122.1326937,Census Tract 3480; Contra Costa County; California,4819,2073,253,1027,98,47,1501,147,18,250001,1536,31,4819,3847,0,349,243,6,13,348000,Contra Costa,10.912144488649249,0.12204534491075736,0.020182291666666668,0.07959479015918958,441.61805271298385,2,1,9.744067108886746,1360.7272692276863,0.18328203059264736,20.8
06,013,352101,06013352101,3521.01,Census Tract 3521.01,G5020,S,11805811,22901,+37.8450705,-122.0953320,Census Tract 3521.01; Contra Costa County; California,3628,1398,76,683,91,161,1022,121,54,250001,907,12,3628,2136,103,690,419,6,13,352101,Contra Costa,11.828711520609819,0.05436337625178827,0.013230429988974642,0.1251788268955651,306.71134330047147,0,0,0.0,5944.39123864731,0.0,0.0
06,013,359202,06013359202,3592.02,Census Tract 3592.02,G5020,S,9690725,0,+37.9831992,-122.2501115,Census Tract 3592.02; Contra Costa County; California,6819,3454,165,2809,165,12,3184,410,215,132350,2357,306,6819,2348,460,1029,2436,6,13,359202,Contra Costa,9.690722623832546,0.04777070063694268,0.12982605006364023,0.18094962362478287,703.6626952080876,0,0,0.0,8710.9269811862,0.0,0.0
06,085,504805,06085504805,5048.05,Census Tract 5048.05,G5020,S,1432608,0,+37.4031701,-122.0033067,Census Tract 5048.05; Santa Clara County; California,7442,4561,201,2789,444,78,3626,214,16,130078,3215,160,7442,2608,0,3039,1544,6,85,504805,Santa Clara,1.4326062890486586,0.04406928305196229,0.049766718506998445,0.050427537820653366,5194.727998117305,0,0,0.0,9964.92777580957,0.0,0.0
06,085,504806,06085504806,5048.06,Census Tract 5048.06,G5020,S,828222,0,+37.3959386,-122.0017169,Census Tract 5048.06; Santa Clara County; California,2980,1520,7,1118,227,0,1361,52,7,133846,830,113,2980,673,13,1032,946,6,85,504806,Santa Clara,0.8282214810212667,0.004605263157894736,0.13614457831325302,0.03881578947368421,3598.0713713503415,0,0,0.0,9918.077215864214,0.0,0.0
06,085,505007,06085505007,5050.07,Census Tract 5050.07,G5020,S,3048683,0,+37.3851644,-121.9480780,Census Tract 5050.07; Santa Clara County; California,4285,1984,28,1317,233,64,1707,81,10,142500,1004,0,4285,1006,323,1654,1123,6,85,505007,Santa Clara,3.0486747619404007,0.014112903225806451,0.0,0.04586693548387097,1405.5287410431117,0,0,0.0,5750.714737924892,0.0,0.0
06,085,505203,06085505203,5052.03,Census Tract 5052.03,G5020,S,1435925,0,+37.3467177,-121.9327888,Census Tract 5052.03; Santa Clara County; California,5476,2515,110,1183,81,421,1914,145,6,117000,1386,119,5476,2594,213,1577,855,6,85,505203,Santa Clara,1.4359282799250443,0.0437375745526839,0.08585858585858586,0.06003976143141153,3813.560939328981,0,0,0.0,5674.041829204948,0.0,0.0
06,085,508204,06085508204,5082.04,Census Tract 5082.04,G5020,S,1019067,0,+37.3445480,-122.0178787,Census Tract 5082.04; Santa Clara County; California,4892,2219,41,1406,79,0,1559,20,22,231860,1610,96,4892,1538,39,2872,249,6,85,508204,Santa Clara,1.019065632208085,0.018476791347453808,0.05962732919254658,0.01892744479495268,4800.475892215245,0,0,0.0,12935.673951070094,0.0,0.0
06,085,508505,06085508505,5085.05,Census Tract 5085.05,G5020,S,1161285,0,+37.3588628,-122.0097817,Census Tract 5085.05; Santa Clara County; California,4765,2447,125,1342,121,7,1705,17,34,205625,1988,143,4765,1584,23,2144,663,6,85,508505,Santa Clara,1.1612860236028766,0.05108295872496935,0.07193158953722334,0.020841847159787496,4103.209634106025,0,0,0.0,11941.32654384852,0.0,0.0
06,085,504802,06085504802,5048.02,Census Tract 5048.02,G5020,S,1830759,0,+37.4003903,-121.9911751,Census Tract 5048.02; Santa Clara County; California,4933,2700,36,1977,304,23,2369,16,39,123750,1610,127,4933,1111,19,2331,1246,6,85,504802,Santa Clara,1.830756689926662,0.013333333333333334,0.07888198757763976,0.020370370370370372,2694.5142558499188,0,0,0.0,8926.971889143257,0.0,0.0
06,085,505301,06085505301,5053.01,Census Tract 5053.01,G5020,S,905198,0,+37.3678315,-121.9845986,Census Tract 5053.01; Santa Clara County; California,5018,3216,249,1892,215,30,2491,60,114,171071,1956,201,5018,1315,34,2730,818,6,85,505301,Santa Clara,0.9051993300504981,0.07742537313432836,0.10276073619631902,0.054104477611940295,5543.530395366137,0,0,0.0,9509.395442997697,0.0,0.0
06,085,505302,06085505302,5053.02,Census Tract 5053.02,G5020,S,1438914,0,+37.3606844,-121.9724091,Census Tract 5053.02; Santa Clara County; California,4828,2576,65,1306,252,15,1714,83,9,170827,1645,111,4828,1586,85,2055,680,6,85,505302,Santa Clara,1.4389118526279032,0.025232919254658384,0.06747720364741641,0.03571428571428571,3355.3132467305495,0,0,0.0,8679.77193968602,0.0,0.0
06,085,505402,06085505402,5054.02,Census Tract 5054.02,G5020,S,1064750,0,+37.3461125,-121.9734997,Census Tract 5054.02; Santa Clara County; California,3058,1826,37,1161,100,32,1517,35,11,173582,1179,103,3058,718,19,1674,472,6,85,505402,Santa Clara,1.0647469190510244,0.020262869660460023,0.08736217133163698,0.025191675794085433,2872.0439996440655,0,0,0.0,9080.62841847539,0.0,0.0
06,013,384000,06013384000,3840,Census Tract 3840,G5020,S,1617970,0,+37.9340884,-122.3122030,Census Tract 3840; Contra Costa County; California,3826,2056,342,955,110,20,1480,206,36,171645,1677,117,3826,2269,171,564,418,6,13,384000,Contra Costa,1.6179654185515258,0.16634241245136186,0.06976744186046512,0.11770428015564202,2364.6982538262187,0,0,23.92836715706993,1069.0690072823222,0.0,0.0
06,013,305000,06013305000,3050,Census Tract 3050,G5020,S,8106565,1667577,+38.0158566,-121.8345617,Census Tract 3050; Contra Costa County; California,7425,2881,113,1816,720,118,2815,383,349,56620,2353,354,7425,1564,1039,499,4021,6,13,305000,Contra Costa,9.774135417095037,0.03922249219021173,0.1504462388440289,0.2540784449843804,759.6579833561154,0,0,0.0,5008.162500046381,0.0,0.0
06,085,508601,06085508601,5086.01,Census Tract 5086.01,G5020,S,1322543,0,+37.3759323,-122.0410019,Census Tract 5086.01; Santa Clara County; California,3892,2246,71,1390,134,26,1764,60,36,196731,1432,70,3892,1065,0,1992,627,6,85,508601,Santa Clara,1.3225420220665907,0.031611754229741766,0.04888268156424581,0.0427426536064114,2942.8176459137385,0,0,0.0,13795.881385439314,0.0,0.0
06,085,505403,06085505403,5054.03,Census Tract 5054.03,G5020,S,1394180,0,+37.3418351,-121.9862214,Census Tract 5054.03; Santa Clara County; California,8563,4917,120,3169,343,107,3859,81,24,175735,3596,165,8563,1873,0,4557,1323,6,85,505403,Santa Clara,1.394180261461485,0.024405125076266018,0.04588431590656285,0.021354484441732765,6141.9604313029195,0,0,0.0,10294.405068827458,0.0,0.0
06,085,505500,06085505500,5055,Census Tract 5055,G5020,S,1364061,0,+37.3471628,-121.9621405,Census Tract 5055; Santa Clara County; California,4661,2340,41,1712,219,37,2095,41,40,146602,1577,7,4661,1604,102,1319,1138,6,85,505500,Santa Clara,1.3640604254755482,0.01752136752136752,0.004438807863031071,0.03461538461538462,3417.0040512501855,0,0,0.0,8083.892120938139,0.0,0.0
06,085,505600,06085505600,5056,Census Tract 5056,G5020,S,1036372,0,+37.3512545,-121.9455635,Census Tract 5056; Santa Clara County; California,4594,2300,69,1211,222,345,1960,36,6,117125,1307,133,4594,2427,169,1145,665,6,85,505600,Santa Clara,1.0363684894270102,0.03,0.10175975516449885,0.018260869565217393,4432.78625977903,0,0,0.0,6548.561746263963,0.0,0.0
06,085,505800,06085505800,5058,Census Tract 5058,G5020,S,1686990,0,+37.3315973,-121.9439802,Census Tract 5058; Santa Clara County; California,4242,2549,16,1849,203,0,2107,25,9,165750,1633,25,4242,2096,80,893,1028,6,85,505800,Santa Clara,1.6869920061589327,0.006276971361318164,0.015309246785058175,0.013338564142801098,2514.534736687044,0,0,0.0,7368.799247849201,0.0,0.0
06,085,506803,06085506803,5068.03,Census Tract 5068.03,G5020,S,2290466,0,+37.2428218,-121.9143244,Census Tract 5068.03; Santa Clara County; California,7090,3585,34,2331,401,4,2881,120,17,175938,2288,16,7090,3387,257,2184,986,6,85,506803,Santa Clara,2.2904657619106796,0.009483960948396096,0.006993006993006993,0.03821478382147838,3095.440289002882,0,0,0.0,14400.002702331292,0.0,0.0
06,085,507806,06085507806,5078.06,Census Tract 5078.06,G5020,S,1884224,0,+37.3285223,-122.0408528,Census Tract 5078.06; Santa Clara County; California,5971,2790,29,1618,98,94,1908,60,36,188468,2066,56,5971,732,0,5084,53,6,85,507806,Santa Clara,1.8842221584208037,0.01039426523297491,0.027105517909002903,0.034408602150537634,3168.946917068627,0,0,0.0,15349.491574098185,0.0,0.0
06,085,507807,06085507807,5078.07,Census Tract 5078.07,G5020,S,997039,0,+37.3124132,-122.0405536,Census Tract 5078.07; Santa Clara County; California,3432,1642,11,992,86,8,1107,8,0,250001,1093,11,3432,546,0,2641,95,6,85,507807,Santa Clara,0.9970365763355068,0.006699147381242387,0.010064043915827997,0.0048721071863581,3442.2006990093796,0,0,0.0,15937.000416471868,0.0,0.0
06,085,508301,06085508301,5083.01,Census Tract 5083.01,G5020,S,1973643,0,+37.3448268,-122.0570907,Census Tract 5083.01; Santa Clara County; California,4702,2091,66,1402,120,10,1654,32,66,250001,1546,33,4702,2079,57,2173,225,6,85,508301,Santa Clara,1.9736399021568123,0.03156384505021521,0.021345407503234153,0.0468675274988044,2382.400150534862,0,0,0.0,16340.48773537375,0.0,0.0
06,085,508303,06085508303,5083.03,Census Tract 5083.03,G5020,S,1234338,0,+37.3448825,-122.0458423,Census Tract 5083.03; Santa Clara County; California,2569,1059,15,623,57,15,725,8,5,208250,905,6,2569,972,0,1315,137,6,85,508303,Santa Clara,1.234337778797687,0.014164305949008499,0.0066298342541436465,0.012275731822474031,2081.2779484902,0,0,0.0,15358.267454741796,0.0,0.0
06,085,506000,06085506000,5060,Census Tract 5060,G5020,S,1339295,0,+37.3379084,-121.9621875,Census Tract 5060; Santa Clara County; California,4993,2693,9,1828,302,36,2325,14,84,173750,1819,8,4993,2045,8,1851,853,6,85,506000,Santa Clara,1.3393002038724704,0.0033419977720014855,0.0043980208905992305,0.0363906424062384,3728.0663331217106,0,0,0.0,8447.08884275282,0.0,0.0
06,085,506101,06085506101,5061.01,Census Tract 5061.01,G5020,S,1506094,0,+37.3341512,-121.9845409,Census Tract 5061.01; Santa Clara County; California,4845,2463,44,1697,136,58,2028,71,26,163750,1506,39,4845,1897,136,1959,734,6,85,506101,Santa Clara,1.5060950145541208,0.017864393016646368,0.025896414342629483,0.03938286642306131,3216.9285159172787,0,0,0.0,10433.781275502892,0.0,0.0
06,085,506102,06085506102,5061.02,Census Tract 5061.02,G5020,S,1136637,0,+37.3314684,-121.9714315,Census Tract 5061.02; Santa Clara County; California,4384,2336,7,1235,203,0,1506,112,0,174929,1754,85,4384,1580,24,2092,447,6,85,506102,Santa Clara,1.136636449285578,0.0029965753424657533,0.04846066134549601,0.04794520547945205,3856.994030725938,0,0,0.0,9489.624366491273,0.0,0.0
06,085,507808,06085507808,5078.08,Census Tract 5078.08,G5020,S,1701487,0,+37.3022849,-122.0379286,Census Tract 5078.08; Santa Clara County; California,5811,2901,34,2028,63,76,2266,122,34,250001,1872,79,5811,1058,0,4363,122,6,85,507808,Santa Clara,1.7014916816943433,0.011720096518441917,0.042200854700854704,0.05377456049638056,3415.238559505277,0,0,0.0,16203.612595902634,0.0,0.0
06,001,410000,06001410000,4100,Census Tract 4100,G5020,S,6550967,145283,+37.7447940,-122.1335017,Census Tract 4100; Alameda County; California,3177,1561,130,1012,116,0,1273,147,58,154648,1241,44,3177,1038,1502,211,158,6,1,410000,Alameda,6.696251671755322,0.08327994875080078,0.035455278001611606,0.1313260730301089,474.44453340971836,0,0,0.0,3515.362636590713,0.0,0.0
06,085,506103,06085506103,5061.03,Census Tract 5061.03,G5020,S,1536416,0,+37.3268097,-121.9858274,Census Tract 5061.03; Santa Clara County; California,5218,2338,20,1574,161,10,1808,51,9,188946,1743,138,5218,1131,132,3015,399,6,85,506103,Santa Clara,1.5364160818059107,0.00855431993156544,0.07917383820998279,0.02566295979469632,3396.215427442505,0,0,0.0,10862.314206460758,0.0,0.0
06,085,506203,06085506203,5062.03,Census Tract 5062.03,G5020,S,1103068,0,+37.3206524,-121.9829300,Census Tract 5062.03; Santa Clara County; California,6127,3213,55,2302,120,89,2648,17,0,130735,2228,37,6127,981,48,3875,1023,6,85,506203,Santa Clara,1.1030627549497254,0.017117958294428883,0.01660682226211849,0.005291005291005291,5554.534383929274,0,0,0.0,10946.914248275536,0.0,0.0
06,085,506204,06085506204,5062.04,Census Tract 5062.04,G5020,S,1796125,0,+37.3135949,-121.9863813,Census Tract 5062.04; Santa Clara County; California,5546,2767,8,2026,213,29,2306,115,0,188047,1983,26,5546,1191,196,3525,414,6,85,506204,Santa Clara,1.79611935632321,0.0028912179255511385,0.013111447302067574,0.04156125767979761,3087.768070910986,0,0,0.0,11607.641308667104,0.0,0.0
06,085,506301,06085506301,5063.01,Census Tract 5063.01,G5020,S,1498549,0,+37.3196554,-121.9615175,Census Tract 5063.01; Santa Clara County; California,5101,3146,74,1909,256,163,2476,66,37,121667,2154,93,5101,1906,243,1512,990,6,85,506301,Santa Clara,1.4985501576908893,0.023521932612841703,0.04317548746518106,0.03273998728544183,3403.956800391729,0,0,0.0,9399.983390321811,0.0,0.0
06,001,430200,06001430200,4302,Census Tract 4302,G5020,S,5334087,0,+37.7216585,-122.0615699,Census Tract 4302; Alameda County; California,7713,3388,244,2232,140,21,2775,581,139,183182,2372,62,7713,3950,266,2172,780,6,1,430200,Alameda,5.334084026210212,0.07201889020070838,0.026138279932546374,0.21251475796930341,1445.983970649966,0,0,0.0,3649.0089800761684,0.0,0.0
06,001,407900,06001407900,4079,Census Tract 4079,G5020,S,1099098,0,+37.7884273,-122.1847831,Census Tract 4079; Alameda County; California,3088,1753,82,1003,227,0,1354,214,57,124523,1349,10,3088,1530,398,426,396,6,1,407900,Alameda,1.0990941316634726,0.04677695379349686,0.007412898443291327,0.15459212778094694,2809.586468564189,0,0,0.0,3769.437016265045,0.0,0.0
06,001,436601,06001436601,4366.01,Census Tract 4366.01,G5020,S,1083579,0,+37.6567776,-122.0788946,Census Tract 4366.01; Alameda County; California,6634,2948,116,2272,250,14,2652,198,202,77982,1913,109,6634,717,704,1201,3818,6,1,436601,Alameda,1.0835791797994716,0.03934871099050204,0.05697856769472034,0.13568521031207598,6122.30294165277,0,0,4.036407802637985,1602.0135938144626,0.0,0.0
06,001,400500,06001400500,4005,Census Tract 4005,G5020,S,591424,0,+37.8485452,-122.2647353,Census Tract 4005; Alameda County; California,3949,2210,395,859,108,37,1537,106,29,95078,1679,143,3949,1638,993,370,612,6,1,400500,Alameda,0.591423230434744,0.17873303167420815,0.0851697438951757,0.06108597285067873,6677.113438877207,0,0,62.60461757213209,668.6442247747432,0.0,0.0
06,001,451102,06001451102,4511.02,Census Tract 4511.02,G5020,S,4513799,261456,+37.6506863,-121.7861589,Census Tract 4511.02; Alameda County; California,3950,1901,71,1167,161,0,1426,75,153,246100,1266,8,3950,2904,20,564,290,6,1,451102,Alameda,4.775257261971635,0.03734876380852183,0.00631911532385466,0.11993687532877433,827.1805650045966,0,0,0.0,11434.645070402166,0.0,0.0
06,085,507903,06085507903,5079.03,Census Tract 5079.03,G5020,S,1502905,0,+37.3026197,-122.0102044,Census Tract 5079.03; Santa Clara County; California,5262,2296,138,1312,74,27,1605,44,8,210813,1749,50,5262,822,8,4247,82,6,85,507903,Santa Clara,1.502908316330961,0.06010452961672474,0.02858776443682104,0.02264808362369338,3501.2115794568776,0,0,0.0,14042.842686879627,0.0,0.0
06,085,508401,06085508401,5084.01,Census Tract 5084.01,G5020,S,2489807,0,+37.3625769,-122.0562147,Census Tract 5084.01; Santa Clara County; California,8085,3985,62,2518,275,1,3056,25,38,204662,2488,78,8085,2603,104,3776,853,6,85,508401,Santa Clara,2.4898092259487745,0.015558343789209535,0.03135048231511254,0.015809284818067756,3247.2367423729443,0,0,0.0,15532.522185369347,0.0,0.0
06,085,508404,06085508404,5084.04,Census Tract 5084.04,G5020,S,1864478,0,+37.3646100,-122.0416419,Census Tract 5084.04; Santa Clara County; California,6553,3006,82,1865,80,35,2154,84,45,194303,2379,93,6553,2424,116,3228,494,6,85,508404,Santa Clara,1.8644750024950711,0.027278775781769793,0.03909205548549811,0.04291417165668663,3514.6622996986644,0,0,0.0,14245.050129292847,0.0,0.0
06,001,432800,06001432800,4328,Census Tract 4328,G5020,S,3877193,0,+37.7212465,-122.1238270,Census Tract 4328; Alameda County; California,3862,1820,169,1205,67,20,1461,42,89,135313,1412,30,3862,1432,264,1301,535,6,1,432800,Alameda,3.8771948850919276,0.09285714285714286,0.021246458923512748,0.07197802197802197,996.0809591619052,0,0,0.0,2711.997892467512,0.0,0.0
06,001,441503,06001441503,4415.03,Census Tract 4415.03,G5020,S,72187728,12525279,+37.4899766,-121.9742068,Census Tract 4415.03; Alameda County; California,7416,3384,321,1591,331,60,2350,506,61,221094,2268,22,7416,538,18,6267,320,6,1,441503,Alameda,84.7130201002666,0.09485815602836879,0.009700176366843033,0.1675531914893617,87.54262321449995,0,0,0.0,7702.507833060242,0.0,0.0
06,001,435400,06001435400,4354,Census Tract 4354,G5020,S,1325172,0,+37.6739167,-122.0831700,Census Tract 4354; Alameda County; California,5048,2483,155,1626,293,60,2144,548,134,80816,1918,357,5048,1173,797,917,1644,6,1,435400,Alameda,1.3251719012037935,0.06242448650825614,0.18613138686131386,0.27466774063632704,3809.317112303973,1,1,64.85153690053453,571.6987828380137,0.7546190792995192,21.0
06,001,438000,06001438000,4380,Census Tract 4380,G5020,S,2432817,0,+37.6190827,-122.0284675,Census Tract 4380; Alameda County; California,3645,1772,151,1006,262,0,1495,291,26,110481,1147,88,3645,839,418,1338,829,6,1,438000,Alameda,2.4328148819893745,0.08521444695259593,0.07672188317349608,0.1788939051918736,1498.264428989102,0,0,0.0,3046.22584535123,0.0,0.0
06,001,451201,06001451201,4512.01,Census Tract 4512.01,G5020,S,3662205,9862,+37.7127935,-121.7417475,Census Tract 4512.01; Alameda County; California,7569,3644,50,2327,489,44,3017,358,214,109593,2744,155,7569,3620,124,1333,1881,6,1,451201,Alameda,3.6720681155815327,0.013721185510428101,0.0564868804664723,0.15697036223929747,2061.2362738814077,0,0,0.0,14025.696060831873,0.0,0.0
06,001,451202,06001451202,4512.02,Census Tract 4512.02,G5020,S,45820506,0,+37.7346905,-121.7690050,Census Tract 4512.02; Alameda County; California,5482,2975,79,2015,224,22,2411,402,98,170459,2112,23,5482,2466,51,1509,925,6,1,451202,Alameda,45.82050831270759,0.026554621848739496,0.010890151515151516,0.16806722689075632,119.64075043837204,0,0,0.0,12037.140224214956,0.0,0.0
06,001,409000,06001409000,4090,Census Tract 4090,G5020,S,16913369,4389421,+37.7299594,-122.2164979,Census Tract 4090; Alameda County; California,5039,2070,72,1348,132,291,1937,144,53,70769,1048,66,5039,165,1477,390,2960,6,1,409000,Alameda,21.302786895157908,0.034782608695652174,0.06297709923664122,0.09516908212560386,236.54182078615062,1,1,12.198489913185345,1592.9904569168461,0.0469422148811571,74.0
06,085,508503,06085508503,5085.03,Census Tract 5085.03,G5020,S,1468402,0,+37.3573031,-122.0260531,Census Tract 5085.03; Santa Clara County; California,6212,3606,256,1844,403,90,2661,161,35,178263,2584,357,6212,1181,29,4203,555,6,85,508503,Santa Clara,1.4684014914299777,0.07099278979478647,0.13815789473684212,0.05435385468663339,4230.4506201165395,0,0,0.0,13300.839710502163,0.0,0.0
06,001,401500,06001401500,4015,Census Tract 4015,G5020,S,467741,0,+37.8229286,-122.2806336,Census Tract 4015; Alameda County; California,3035,1709,337,853,40,104,1469,94,78,75568,1203,349,3035,662,1666,88,467,6,1,401500,Alameda,0.4677422135140174,0.19719133996489174,0.29010806317539484,0.10064365125804564,6488.616832761122,0,0,0.0,1346.1535658548312,0.0,0.0
06,085,507904,06085507904,5079.04,Census Tract 5079.04,G5020,S,1278385,0,+37.3019065,-122.0019032,Census Tract 5079.04; Santa Clara County; California,3061,1520,14,933,56,0,1007,30,23,250001,1029,14,3061,616,65,2207,38,6,85,507904,Santa Clara,1.2783838410042256,0.009210526315789473,0.013605442176870748,0.034868421052631576,2394.4295146874297,0,0,0.0,13464.973770868588,0.0,0.0
06,085,504412,06085504412,5044.12,Census Tract 5044.12,G5020,S,970313,0,+37.4394547,-121.8817696,Census Tract 5044.12; Santa Clara County; California,5044,2786,94,1837,482,26,2455,140,57,135993,1416,30,5044,390,29,3752,654,6,85,504412,Santa Clara,0.9703123337547833,0.03374012921751615,0.0211864406779661,0.07071069633883705,5198.32617244121,0,0,0.0,3387.915043947023,0.0,0.0
06,085,504413,06085504413,5044.13,Census Tract 5044.13,G5020,S,632750,0,+37.4373395,-121.9046561,Census Tract 5044.13; Santa Clara County; California,2048,855,5,618,39,34,700,11,6,148438,783,152,2048,172,34,1620,94,6,85,504413,Santa Clara,0.6327482473610205,0.005847953216374269,0.194125159642401,0.019883040935672516,3236.674314850364,0,0,0.0,3293.3854721811967,0.0,0.0
06,085,504414,06085504414,5044.14,Census Tract 5044.14,G5020,S,1753933,0,+37.4404253,-121.8966446,Census Tract 5044.14; Santa Clara County; California,5296,2537,70,1685,189,53,2046,144,0,167772,1650,17,5296,577,17,4327,208,6,85,504414,Santa Clara,1.7539294213821237,0.027591643673630272,0.010303030303030303,0.05675995270003942,3019.5057654182397,0,0,0.0,3439.379467738758,0.0,0.0
06,085,504415,06085504415,5044.15,Census Tract 5044.15,G5020,S,1206869,0,+37.4260378,-121.8694198,Census Tract 5044.15; Santa Clara County; California,4690,2395,39,1736,151,1,1938,74,56,176094,1473,28,4690,698,95,3428,387,6,85,504415,Santa Clara,1.2068688704461317,0.0162839248434238,0.019008825526137134,0.054279749478079335,3886.0891310141196,0,0,0.0,2610.620593554272,0.0,0.0
06,085,504416,06085504416,5044.16,Census Tract 5044.16,G5020,S,1122523,0,+37.4207097,-121.8760864,Census Tract 5044.16; Santa Clara County; California,3927,1918,48,1237,176,2,1526,14,48,178813,1129,54,3927,847,8,2711,343,6,85,504416,Santa Clara,1.12252393940507,0.02502606882168926,0.047829937998228524,0.03232533889468196,3498.3663707709284,0,0,0.0,1775.6478853816577,0.0,0.0
06,001,401600,06001401600,4016,Census Tract 4016,G5020,S,636136,0,+37.8173713,-122.2814822,Census Tract 4016; Alameda County; California,2403,1333,185,609,150,39,1063,24,23,88304,909,100,2403,446,788,265,697,6,1,401600,Alameda,0.6361367628797666,0.13878469617404351,0.11001100110011001,0.035258814703675916,3777.489590637258,0,0,0.7651010624300248,1516.6452454103878,0.0,0.0
06,001,402400,06001402400,4024,Census Tract 4024,G5020,S,337011,0,+37.8120305,-122.2824576,Census Tract 4024; Alameda County; California,2623,1156,357,448,22,81,1008,161,14,31279,1242,474,2623,349,1432,393,228,6,1,402400,Alameda,0.3370102268638665,0.3088235294117647,0.38164251207729466,0.1513840830449827,7783.146595902999,0,0,0.0,1275.88363157231,0.0,0.0
06,085,504418,06085504418,5044.18,Census Tract 5044.18,G5020,S,1034808,0,+37.4320219,-121.8806285,Census Tract 5044.18; Santa Clara County; California,4118,2106,12,1593,169,11,1842,145,0,127870,1200,68,4118,264,179,2325,1297,6,85,504418,Santa Clara,1.0348059402503518,0.005698005698005698,0.056666666666666664,0.06885090218423552,3979.4901051725,0,0,0.0,2625.068785973524,0.0,0.0
06,085,504421,06085504421,5044.21,Census Tract 5044.21,G5020,S,1595679,0,+37.4514096,-121.9009356,Census Tract 5044.21; Santa Clara County; California,5631,2762,29,1683,219,28,2071,167,40,195417,1552,17,5631,694,324,3771,426,6,85,504421,Santa Clara,1.5956800333954992,0.010499637943519189,0.01095360824742268,0.07494569152787835,3528.9029643478166,0,0,0.0,4707.409896345666,0.0,0.0
06,001,402200,06001402200,4022,Census Tract 4022,G5020,S,715808,0,+37.8063266,-122.2962183,Census Tract 4022; Alameda County; California,2337,1435,362,518,116,64,1139,94,59,96200,924,172,2337,747,647,295,537,6,1,402200,Alameda,0.7158052418866004,0.25226480836236936,0.18614718614718614,0.10662020905923345,3264.854548760392,2,1,90.45293286519387,182.3980851056117,2.7940560965001215,50.4
06,085,507905,06085507905,5079.05,Census Tract 5079.05,G5020,S,1460207,0,+37.3026087,-122.0281200,Census Tract 5079.05; Santa Clara County; California,5181,2436,26,1547,188,28,1825,102,43,137813,1973,176,5181,1017,100,3596,403,6,85,507905,Santa Clara,1.4602060631175477,0.010673234811165846,0.08920425747592499,0.05952380952380952,3548.129357125485,0,0,0.0,15418.281074989967,0.0,0.0
06,001,402500,06001402500,4025,Census Tract 4025,G5020,S,365454,0,+37.8057305,-122.2847803,Census Tract 4025; Alameda County; California,2010,738,265,314,40,23,666,217,33,34250,773,280,2010,314,878,388,235,6,1,402500,Alameda,0.3654540423341245,0.35907859078590787,0.36222509702457956,0.33875338753387535,5500.0075718476055,0,0,20.499509968938977,915.6510527062991,0.0,0.0
06,001,402600,06001402600,4026,Census Tract 4026,G5020,S,318842,0,+37.8042700,-122.2799551,Census Tract 4026; Alameda County; California,1300,593,77,272,28,67,489,0,7,45560,615,187,1300,123,500,479,76,6,1,402600,Alameda,0.3188430994272762,0.12984822934232715,0.3040650406504065,0.011804384485666104,4077.240505863645,0,0,57.119140763122545,731.307951558609,0.0,0.0
06,001,402700,06001402700,4027,Census Tract 4027,G5020,S,387217,0,+37.8103325,-122.2770981,Census Tract 4027; Alameda County; California,2039,1122,357,341,84,65,894,47,34,115750,735,190,2039,523,763,312,347,6,1,402700,Alameda,0.3872153846789857,0.3181818181818182,0.2585034013605442,0.07219251336898395,5265.803169702046,0,0,53.44098328185902,768.7101941947207,0.0,0.0
06,001,403000,06001403000,4030,Census Tract 4030,G5020,S,352394,0,+37.8004341,-122.2707274,Census Tract 4030; Alameda County; California,2897,1187,401,326,49,189,965,14,10,32077,1566,868,2897,250,146,2222,62,6,1,403000,Alameda,0.3523957894085079,0.33782645324347094,0.5542784163473818,0.020219039595619208,8220.870075838817,3,1,99.99999999999996,345.26522940408427,8.513155066453727,27.866666666666664
06,085,504422,06085504422,5044.22,Census Tract 5044.22,G5020,S,868140,0,+37.4585779,-121.9069469,Census Tract 5044.22; Santa Clara County; California,3316,1605,37,1118,164,37,1373,59,25,114417,932,64,3316,222,47,2229,627,6,85,504422,Santa Clara,0.8681373416609652,0.023052959501557634,0.06866952789699571,0.052336448598130844,3819.672119685184,0,0,0.0,5602.963382025226,0.0,0.0
06,001,403100,06001403100,4031,Census Tract 4031,G5020,S,346852,0,+37.8022741,-122.2755012,Census Tract 4031; Alameda County; California,1941,1072,376,287,6,44,726,57,33,136071,960,353,1941,767,323,537,241,6,1,403100,Alameda,0.3468519316023237,0.35074626865671643,0.36770833333333336,0.08395522388059702,5596.047832380002,0,0,100.0,361.7766044903614,0.0,0.0
06,085,506304,06085506304,5063.04,Census Tract 5063.04,G5020,S,1079035,0,+37.3122608,-121.9703576,Census Tract 5063.04; Santa Clara County; California,6164,3220,124,2182,166,35,2581,239,115,120889,2442,210,6164,1446,305,2572,1611,6,85,506304,Santa Clara,1.0790371488028998,0.03850931677018633,0.085995085995086,0.10993788819875776,5712.500266407357,0,0,0.0,10515.73255591767,0.0,0.0
06,085,506305,06085506305,5063.05,Census Tract 5063.05,G5020,S,1092809,0,+37.3045277,-121.9716433,Census Tract 5063.05; Santa Clara County; California,5638,2696,0,2114,155,0,2294,209,17,94777,2077,162,5638,1566,605,1367,1755,6,85,506305,Santa Clara,1.0928069841654375,0.0,0.07799711121810303,0.08382789317507418,5159.191038942405,0,0,0.0,11135.857171001226,0.0,0.0
06,085,506401,06085506401,5064.01,Census Tract 5064.01,G5020,S,1344401,0,+37.3163691,-121.9452259,Census Tract 5064.01; Santa Clara County; California,4710,2722,126,1784,168,60,2261,46,133,142793,2141,301,4710,1754,137,1235,1255,6,85,506401,Santa Clara,1.3444002238031785,0.046289493019838354,0.14058851004203643,0.06576047024246877,3503.4210174972036,0,0,0.0,8509.56607235308,0.0,0.0
06,001,404501,06001404501,4045.01,Census Tract 4045.01,G5020,S,1079143,5141,+37.8271275,-122.2171515,Census Tract 4045.01; Alameda County; California,1820,947,97,390,40,47,650,79,5,232112,685,23,1820,1197,94,142,116,6,1,404501,Alameda,1.0842849800252572,0.10242872228088701,0.033576642335766425,0.08870116156282999,1678.5255108464246,0,0,0.0,3733.8713057326286,0.0,0.0
06,001,403800,06001403800,4038,Census Tract 4038,G5020,S,652668,0,+37.8148236,-122.2416662,Census Tract 4038; Alameda County; California,4008,2407,297,889,211,120,1554,272,111,154524,1934,196,4008,2471,606,397,288,6,1,403800,Alameda,0.6526664769482378,0.12339011217282925,0.10134436401240951,0.1591192355629414,6140.961948498957,0,0,0.0,2494.391900709484,0.0,0.0
06,001,403900,06001403900,4039,Census Tract 4039,G5020,S,493100,0,+37.8171784,-122.2487713,Census Tract 4039; Alameda County; California,3883,2263,541,772,51,52,1554,148,100,126075,2157,196,3883,2436,360,584,433,6,1,403900,Alameda,0.49310043017057614,0.23906319045514804,0.09086694483078349,0.1095890410958904,7874.663582541938,0,0,0.0,2025.4263187877953,0.0,0.0
06,041,106001,06041106001,1060.01,Census Tract 1060.01,G5020,S,12243213,1629242,+38.0300902,-122.5177252,Census Tract 1060.01; Marin County; California,5466,3442,449,1856,688,58,3071,411,182,132379,2009,85,5466,2938,51,530,1634,6,41,106001,Marin,13.872458408761727,0.1304474142940151,0.042309606769537086,0.17228355607205112,394.01812129764403,0,0,0.0,17585.9160164926,0.0,0.0
06,001,404000,06001404000,4040,Census Tract 4040,G5020,S,366986,0,+37.8233126,-122.2536627,Census Tract 4040; Alameda County; California,3145,2052,335,745,78,182,1386,99,39,98214,1814,194,3145,1597,377,361,615,6,1,404000,Alameda,0.36698423981194733,0.16325536062378168,0.10694597574421169,0.06725146198830409,8569.850306409842,0,0,0.0,1319.3548494877925,0.0,0.0
06,001,438300,06001438300,4383,Census Tract 4383,G5020,S,855994,0,+37.6282241,-122.0885230,Census Tract 4383; Alameda County; California,3899,1776,120,1070,277,27,1530,124,90,120469,862,15,3899,232,252,1830,1455,6,1,438300,Alameda,0.8559924410546966,0.06756756756756757,0.01740139211136891,0.1204954954954955,4554.946764711979,0,0,0.0,2839.8529110603495,0.0,0.0
06,085,506402,06085506402,5064.02,Census Tract 5064.02,G5020,S,1441356,0,+37.3016601,-121.9450528,Census Tract 5064.02; Santa Clara County; California,5398,2545,75,1688,171,73,2086,83,106,116783,2181,271,5398,2325,145,932,1710,6,85,506402,Santa Clara,1.4413588662469723,0.029469548133595286,0.12425492893168272,0.07426326129666012,3745.077042510154,0,0,0.0,9687.317860091593,0.0,0.0
06,085,506503,06085506503,5065.03,Census Tract 5065.03,G5020,S,1789486,0,+37.2857451,-121.9547473,Census Tract 5065.03; Santa Clara County; California,6182,3191,24,2446,146,22,2738,32,7,100139,2753,576,6182,3141,109,1526,1107,6,85,506503,Santa Clara,1.7894866393096471,0.007521153243497336,0.2092262985833636,0.012221874020683171,3454.6220486926395,0,0,0.0,11604.6865651715,0.0,0.0
06,085,507906,06085507906,5079.06,Census Tract 5079.06,G5020,S,1425952,0,+37.3019892,-122.0192280,Census Tract 5079.06; Santa Clara County; California,4481,2177,65,1332,127,39,1581,50,41,250001,1401,0,4481,648,4,3536,124,6,85,507906,Santa Clara,1.4259512146273918,0.029857602204869087,0.0,0.04180064308681672,3142.463749133877,0,0,0.0,14765.045322594044,0.0,0.0
06,085,506601,06085506601,5066.01,Census Tract 5066.01,G5020,S,1566762,0,+37.2928527,-121.9823802,Census Tract 5066.01; Santa Clara County; California,3887,2153,38,1543,142,54,1812,46,17,125208,1537,98,3887,1334,88,1449,873,6,85,506601,Santa Clara,1.5667611091189657,0.01764979098931723,0.06376057254391672,0.029261495587552252,2480.914274279996,0,0,0.0,12702.148812526582,0.0,0.0
06,085,506603,06085506603,5066.03,Census Tract 5066.03,G5020,S,1279780,0,+37.2822302,-121.9693427,Census Tract 5066.03; Santa Clara County; California,4252,2103,54,1261,172,0,1609,153,48,250001,1515,82,4252,1924,6,1320,431,6,85,506603,Santa Clara,1.2797779247927277,0.025677603423680456,0.05412541254125412,0.09557774607703282,3322.451432883289,0,0,0.0,12726.405024834745,0.0,0.0
06,085,506605,06085506605,5066.05,Census Tract 5066.05,G5020,S,999199,0,+37.2974131,-121.9693967,Census Tract 5066.05; Santa Clara County; California,4397,2417,13,1633,221,107,1985,6,17,122917,1539,88,4397,1559,283,1217,951,6,85,506605,Santa Clara,0.9991986875554643,0.005378568473314025,0.057179987004548405,0.009515928837401738,4400.526196403684,0,0,0.0,11511.505138757888,0.0,0.0
06,085,508101,06085508101,5081.01,Census Tract 5081.01,G5020,S,2652134,0,+37.3302791,-122.0232965,Census Tract 5081.01; Santa Clara County; California,6519,3123,54,2172,146,35,2449,37,43,250001,2361,15,6519,1729,1,4405,212,6,85,508101,Santa Clara,2.652133668263282,0.01729106628242075,0.0063532401524777635,0.025616394492475183,2458.0209052090836,0,0,0.0,13808.698715083538,0.0,0.0
06,001,450701,06001450701,4507.01,Census Tract 4507.01,G5020,S,263547378,3630169,+37.5511338,-121.8054596,Census Tract 4507.01; Alameda County; California,8738,4074,317,1981,478,23,2860,565,225,250001,2663,0,8738,3949,145,3754,619,6,1,450701,Alameda,267.17756076980913,0.0778105056455572,0.0,0.19391261659302897,32.704842333403725,0,0,0.0,13188.527917664007,0.0,0.0
06,001,403600,06001403600,4036,Census Tract 4036,G5020,S,392820,0,+37.8135239,-122.2534812,Census Tract 4036; Alameda County; California,5056,3264,419,1236,82,484,2370,223,46,99925,2833,346,5056,1933,1174,497,857,6,1,403600,Alameda,0.39282133485738013,0.12837009803921567,0.12213201553123897,0.08241421568627451,12870.991342248912,0,0,0.0,1470.8170457330361,0.0,0.0
06,001,435300,06001435300,4353,Census Tract 4353,G5020,S,1285132,0,+37.6807762,-122.0646561,Census Tract 4353; Alameda County; California,4812,2466,80,1637,166,3,2008,138,117,89205,1687,72,4812,1068,728,889,1622,6,1,435300,Alameda,1.285133038763348,0.032441200324412,0.04267931238885596,0.10340632603406326,3744.359420274861,0,0,0.0,1466.3765324029007,0.0,0.0
06,001,409800,06001409800,4098,Census Tract 4098,G5020,S,1790048,0,+37.7603601,-122.1557634,Census Tract 4098; Alameda County; California,3511,1818,248,1128,147,22,1589,188,52,106023,1185,174,3511,618,1762,220,529,6,1,409800,Alameda,1.79005140924264,0.13641364136413642,0.1468354430379747,0.132013201320132,1961.3961821831044,0,0,0.0,3676.876346144019,0.0,0.0
06,001,440306,06001440306,4403.06,Census Tract 4403.06,G5020,S,676512,0,+37.5849957,-122.0683439,Census Tract 4403.06; Alameda County; California,3787,1775,99,1050,292,63,1530,207,57,108155,1015,11,3787,346,223,2495,417,6,1,440306,Alameda,0.6765081079329068,0.05577464788732395,0.01083743842364532,0.14873239436619717,5597.8634337011945,0,0,0.0,4546.475662191569,0.0,0.0
06,001,450601,06001450601,4506.01,Census Tract 4506.01,G5020,S,50094583,0,+37.6532670,-121.9307573,Census Tract 4506.01; Alameda County; California,3666,1705,55,1093,105,0,1255,256,29,230517,1352,6,3666,1735,27,1470,248,6,1,450601,Alameda,50.09458127709649,0.03225806451612903,0.004437869822485207,0.16715542521994134,73.18156787700539,0,0,0.1554468796869247,5165.631016756234,0.0,0.0
06,001,435700,06001435700,4357,Census Tract 4357,G5020,S,1330957,0,+37.6786744,-122.1161142,Census Tract 4357; Alameda County; California,4819,2087,14,1726,158,19,1958,174,38,98125,1479,26,4819,1015,117,944,2414,6,1,435700,Alameda,1.3309627664950625,0.006708193579300431,0.01757944557133198,0.10158121705797796,3620.6873109533203,0,0,0.0,2221.1966812981527,0.0,0.0
06,001,400600,06001400600,4006,Census Tract 4006,G5020,S,297856,0,+37.8419909,-122.2648882,Census Tract 4006; Alameda County; California,2058,1311,240,559,58,34,941,52,127,155893,768,72,2058,905,539,131,134,6,1,400600,Alameda,0.2978564164281819,0.18306636155606407,0.09375,0.13653699466056446,6909.369368902677,0,0,0.0,1236.6311111606428,0.0,0.0
06,001,442000,06001442000,4420,Census Tract 4420,G5020,S,7960069,0,+37.5590456,-121.9353151,Census Tract 4420; Alameda County; California,2979,1233,122,666,123,0,929,181,58,189821,957,0,2979,438,4,2014,292,6,1,442000,Alameda,7.960072118301171,0.0989456609894566,0.0,0.19383617193836172,374.2428404826783,0,0,0.0,3646.4052173801247,0.0,0.0
06,001,426100,06001426100,4261,Census Tract 4261,G5020,S,3047861,0,+37.8216083,-122.2252725,Census Tract 4261; Alameda County; California,6300,2900,267,1329,241,47,1927,160,75,250001,2137,10,6300,4288,0,1549,152,6,1,426100,Alameda,3.047868399287283,0.09206896551724138,0.004679457182966776,0.08103448275862069,2067.0183796233455,0,0,0.0,3436.1568752168637,0.0,0.0
06,001,400100,06001400100,4001,Census Tract 4001,G5020,S,6945856,0,+37.8676563,-122.2318813,Census Tract 4001; Alameda County; California,3269,1582,145,630,141,92,1018,107,39,234236,1377,95,3269,2255,171,477,167,6,1,400100,Alameda,6.945851189682099,0.09165613147914033,0.06899055918663761,0.0922882427307206,470.6406617026325,0,0,0.0,3059.642144691317,0.0,0.0
06,001,433700,06001433700,4337,Census Tract 4337,G5020,S,1284676,0,+37.6876466,-122.1145204,Census Tract 4337; Alameda County; California,3125,1538,45,900,368,0,1330,289,36,81992,980,24,3125,392,85,633,1623,6,1,433700,Alameda,1.2846728472989977,0.029258777633289986,0.024489795918367346,0.21131339401820545,2432.525920175131,0,0,4.224498430724796,1471.661608317566,0.0,0.0
06,001,437500,06001437500,4375,Census Tract 4375,G5020,S,633556,0,+37.6440336,-122.0793901,Census Tract 4375; Alameda County; California,4172,1410,65,924,220,28,1265,13,0,84531,1166,137,4172,461,246,591,2335,6,1,437500,Alameda,0.6335549223199916,0.04609929078014184,0.11749571183533447,0.009219858156028368,6585.064456168545,0,0,0.0,2230.783592570211,0.0,0.0
06,001,441100,06001441100,4411,Census Tract 4411,G5020,S,15528473,0,+37.5856169,-121.9620462,Census Tract 4411; Alameda County; California,4632,1988,70,1335,48,0,1461,31,36,154432,1811,74,4632,2042,2,1586,739,6,1,441100,Alameda,15.528475076687574,0.035211267605633804,0.040861402540033134,0.03370221327967807,298.2907192834331,0,0,0.0,3377.7732559306783,0.0,0.0
06,001,451503,06001451503,4515.03,Census Tract 4515.03,G5020,S,2674109,0,+37.6849518,-121.7489971,Census Tract 4515.03; Alameda County; California,6104,3371,0,1983,275,33,2466,324,121,166898,2170,147,6104,3113,36,1268,1213,6,1,451503,Alameda,2.6741108337866186,0.0,0.06774193548387097,0.1320083061406111,2282.627901161658,0,0,0.0,13359.439826666709,0.0,0.0
06,001,408100,06001408100,4081,Census Tract 4081,G5020,S,8937288,0,+37.7854008,-122.1572103,Census Tract 4081; Alameda County; California,7313,3783,299,1869,314,26,2716,317,187,166786,2922,13,7313,2731,1828,1806,539,6,1,408100,Alameda,8.93728289492494,0.07903780068728522,0.004449007529089665,0.13322759714512292,818.2576389243209,0,0,0.0,4955.884177675004,0.0,0.0
06,001,450742,06001450742,4507.42,Census Tract 4507.42,G5020,S,7245749,849637,+37.6677204,-121.8281073,Census Tract 4507.42; Alameda County; California,5495,2628,118,1621,188,11,1972,449,101,172760,2113,125,5495,2672,10,2000,503,6,1,450742,Alameda,8.095387364444113,0.04490106544901065,0.059157595835305256,0.20928462709284626,678.7816014999705,0,0,0.0,7421.753561004425,0.0,0.0
06,001,404502,06001404502,4045.02,Census Tract 4045.02,G5020,S,3079867,0,+37.8346277,-122.2024752,Census Tract 4045.02; Alameda County; California,6110,3254,348,1298,300,11,2015,283,111,227361,2582,32,6110,4030,353,1021,326,6,1,404502,Alameda,3.0798643469565374,0.10694529809465274,0.012393493415956624,0.1210817455439459,1983.8536090194311,0,0,0.0,4429.023779500736,0.0,0.0
06,001,440301,06001440301,4403.01,Census Tract 4403.01,G5020,S,4329373,0,+37.6012643,-122.0427413,Census Tract 4403.01; Alameda County; California,7074,3105,155,1931,462,0,2865,120,174,122093,2096,150,7074,2028,406,1811,2378,6,1,440301,Alameda,4.329374611517666,0.0499194847020934,0.0715648854961832,0.09468599033816426,1633.9542392983642,0,0,0.0,2531.926874959805,0.0,0.0
06,001,406800,06001406800,4068,Census Tract 4068,G5020,S,912527,0,+37.7978944,-122.1949575,Census Tract 4068; Alameda County; California,3971,1942,178,1081,85,0,1365,128,86,131161,1409,31,3971,1127,833,743,965,6,1,406800,Alameda,0.9125301327229567,0.09165808444902163,0.0220014194464159,0.1101956745623069,4351.63712145119,0,0,0.0,3619.926131366253,0.0,0.0
06,001,430500,06001430500,4305,Census Tract 4305,G5020,S,2607359,0,+37.7049262,-122.1091621,Census Tract 4305; Alameda County; California,6250,3194,565,2032,256,16,2877,470,72,99189,2105,32,6250,1507,2328,1265,970,6,1,430500,Alameda,2.6073615646646853,0.17689417658108955,0.015201900237529691,0.1696931747025673,2397.0591899109204,0,0,0.0,1760.8256371842228,0.0,0.0
06,001,422000,06001422000,4220,Census Tract 4220,G5020,S,4504647,5864364,+37.8592091,-122.3016412,Census Tract 4220; Alameda County; California,2453,1676,310,496,145,249,1235,118,45,140331,1185,119,2453,1214,119,510,164,6,1,422000,Alameda,10.369006376385855,0.18496420047732698,0.10042194092827005,0.09725536992840096,236.57040134399068,0,0,0.0,2583.971483413443,0.0,0.0
06,001,442200,06001442200,4422,Census Tract 4422,G5020,S,4191206,0,+37.5345806,-121.9421080,Census Tract 4422; Alameda County; California,7293,3544,68,1757,142,15,2082,233,113,231679,2199,64,7293,948,177,5550,426,6,1,442200,Alameda,4.191201481806227,0.019187358916478554,0.02910413824465666,0.09762979683972912,1740.0738264811434,0,0,0.0,3595.882553622857,0.0,0.0
06,001,436402,06001436402,4364.02,Census Tract 4364.02,G5020,S,4269293,0,+37.6668235,-122.0404127,Census Tract 4364.02; Alameda County; California,2688,1140,72,797,85,7,984,126,30,152917,950,10,2688,1088,370,508,640,6,1,436402,Alameda,4.269290467846565,0.06315789473684211,0.010526315789473684,0.1368421052631579,629.612817456253,0,0,0.0,3898.4731521598455,0.0,0.0
06,001,431100,06001431100,4311,Census Tract 4311,G5020,S,984303,0,+37.6881137,-122.0672905,Census Tract 4311; Alameda County; California,3259,2050,92,1288,152,28,1603,232,177,98255,1282,105,3259,839,903,490,856,6,1,431100,Alameda,0.9843059451530304,0.0448780487804878,0.08190327613104524,0.19951219512195123,3310.962425908463,0,0,40.90580145840904,787.6825551639329,0.0,0.0
06,075,980501,06075980501,9805.01,Census Tract 9805.01,G5020,S,1471536,9769,+37.7162081,-122.4193463,Census Tract 9805.01; San Francisco County; California,129,0,0,0,0,0,0,0,0,12169,118,113,129,0,0,129,0,6,75,980501,San Francisco,1.4813041372576052,,0.9576271186440678,,87.08542476551953,13,1,100.0,2116.5625339005833,8.776050557765535,0.0
06,085,510400,06085510400,5104,Census Tract 5104,G5020,S,1712370,0,+37.3913139,-122.1076263,Census Tract 5104; Santa Clara County; California,3767,1796,54,878,163,29,1206,19,37,250001,1289,21,3767,1829,0,1658,120,6,85,510400,Santa Clara,1.7123691288367744,0.030066815144766147,0.016291698991466253,0.031180400890868598,2199.8761461899003,0,0,0.0,19270.268716580656,0.0,0.0
06,085,510700,06085510700,5107,Census Tract 5107,G5020,S,1442681,0,+37.4174201,-122.1281611,Census Tract 5107; Santa Clara County; California,4784,2908,66,1555,260,0,2114,47,26,197257,2161,102,4784,1999,33,2406,168,6,85,510700,Santa Clara,1.4426801771610962,0.02269601100412655,0.047200370198981954,0.025103163686382393,3316.0502762392894,0,0,0.0,19152.24043344576,0.0,0.0
06,001,421200,06001421200,4212,Census Tract 4212,G5020,S,1314935,2266,+37.8963668,-122.2746996,Census Tract 4212; Alameda County; California,3557,1666,190,533,117,62,955,120,22,247171,1399,41,3557,2473,24,710,70,6,1,421200,Alameda,1.3172027576695131,0.11404561824729892,0.029306647605432452,0.08523409363745499,2700.4194906889597,0,0,0.0,2214.923262151073,0.0,0.0
06,001,422800,06001422800,4228,Census Tract 4228,G5020,S,408571,0,+37.8667875,-122.2599790,Census Tract 4228; Alameda County; California,8980,2835,500,359,41,848,1989,209,50,26056,1363,969,8980,2486,515,3674,1671,6,1,422800,Alameda,0.4085712460635256,0.1763668430335097,0.7109317681584739,0.09135802469135802,21979.03079700271,0,0,47.91679782767272,802.0260109490747,0.0,0.0
06,001,405000,06001405000,4050,Census Tract 4050,G5020,S,800678,0,+37.8120851,-122.2190899,Census Tract 4050; Alameda County; California,3665,2230,338,1179,110,9,1676,210,17,152857,1580,79,3665,2086,493,445,376,6,1,405000,Alameda,0.8006774650370087,0.1515695067264574,0.05,0.10179372197309416,4577.373736665109,0,0,0.0,3520.4648200461606,0.0,0.0
06,001,400900,06001400900,4009,Census Tract 4009,G5020,S,408342,0,+37.8394130,-122.2802550,Census Tract 4009; Alameda County; California,2844,1942,317,890,154,23,1507,73,21,114583,1113,50,2844,1052,692,174,533,6,1,400900,Alameda,0.4083400665123915,0.16323377960865088,0.044923629829290206,0.04840370751802266,6964.78311396292,0,0,0.0,1640.0111722582797,0.0,0.0
06,001,400700,06001400700,4007,Census Tract 4007,G5020,S,865141,0,+37.8417014,-122.2722628,Census Tract 4007; Alameda County; California,4758,3099,726,1047,234,52,2289,185,49,110556,2012,279,4758,2293,1101,398,470,6,1,400700,Alameda,0.8651394925529792,0.23426911907066797,0.1386679920477137,0.0755082284607938,5499.691137621522,0,0,2.9000402744743585,1282.8437474843113,0.0,0.0
06,001,400800,06001400800,4008,Census Tract 4008,G5020,S,725817,0,+37.8454176,-122.2832338,Census Tract 4008; Alameda County; California,4335,2831,485,1119,117,111,2113,206,152,97132,1885,189,4335,2228,643,695,387,6,1,400800,Alameda,0.7258180430936687,0.17131755563405157,0.10026525198938992,0.12645708230307312,5972.571281808927,0,0,0.0,1454.8299061530731,0.0,0.0
06,001,451602,06001451602,4516.02,Census Tract 4516.02,G5020,S,3013437,0,+37.6712489,-121.7756214,Census Tract 4516.02; Alameda County; California,6909,3735,70,2636,354,12,3193,212,217,140909,2656,165,6909,4522,152,568,1311,6,1,451602,Alameda,3.0134369390555427,0.018741633199464525,0.06212349397590362,0.11485943775100402,2292.7309048535744,0,0,0.0,11398.16397766931,0.0,0.0
06,001,400200,06001400200,4002,Census Tract 4002,G5020,S,586560,0,+37.8481378,-122.2495916,Census Tract 4002; Alameda County; California,2147,1124,287,250,62,21,669,97,16,225500,876,83,2147,1500,38,251,159,6,1,400200,Alameda,0.5865582851837899,0.25533807829181493,0.09474885844748858,0.10053380782918149,3660.3353055140415,0,0,87.76970134871125,399.83741576958766,0.0,0.0
06,085,509106,06085509106,5091.06,Census Tract 5091.06,G5020,S,985274,0,+37.3786050,-122.0504659,Census Tract 5091.06; Santa Clara County; California,4264,2542,66,1488,168,41,1971,39,27,142727,1978,133,4264,1419,34,1742,908,6,85,509106,Santa Clara,0.9852750089230994,0.025963808025177025,0.0672396359959555,0.025963808025177025,4327.725722649284,0,0,0.0,14528.583512513565,0.0,0.0
06,085,509108,06085509108,5091.08,Census Tract 5091.08,G5020,S,2296992,0,+37.4004175,-122.0571846,Census Tract 5091.08; Santa Clara County; California,4549,2627,204,1360,152,236,2097,35,89,179028,1848,107,4549,1315,256,1698,971,6,85,509108,Santa Clara,2.2969917287379675,0.07765511990864103,0.057900432900432904,0.047202131709173964,1980.4163607064227,0,0,0.0,14737.32890956197,0.0,0.0
06,001,435200,06001435200,4352,Census Tract 4352,G5020,S,2256370,61592,+37.6880455,-122.0490826,Census Tract 4352; Alameda County; California,4647,1974,148,1368,191,12,1728,375,64,134167,1442,32,4647,1073,1039,1017,1261,6,1,435200,Alameda,2.317963806773111,0.07497467071935157,0.022191400832177532,0.22239108409321176,2004.7767727957719,0,0,0.0,2248.774927536327,0.0,0.0
06,001,410300,06001410300,4103,Census Tract 4103,G5020,S,578329,0,+37.7466798,-122.1661407,Census Tract 4103; Alameda County; California,3893,1787,50,1300,302,0,1661,104,24,54698,1063,99,3893,79,642,54,3044,6,1,410300,Alameda,0.5783270437255644,0.027979854504756575,0.09313264346190028,0.07162842753217684,6731.485311358462,0,0,0.0,2721.852331994211,0.0,0.0
06,001,409900,06001409900,4099,Census Tract 4099,G5020,S,4315219,0,+37.7620318,-122.1358942,Census Tract 4099; Alameda County; California,3983,1927,46,1130,168,10,1354,33,39,176141,1417,19,3983,926,1635,245,536,6,1,409900,Alameda,4.315223989286942,0.023871302542812663,0.013408609738884969,0.03736377789309808,923.0111831710874,0,0,0.0,4976.633450615494,0.0,0.0
06,085,510801,06085510801,5108.01,Census Tract 5108.01,G5020,S,2195030,0,+37.4270272,-122.1097779,Census Tract 5108.01; Santa Clara County; California,5595,2525,76,1326,166,41,1812,37,143,246048,1988,84,5595,2051,314,2477,153,6,85,510801,Santa Clara,2.1950289350234877,0.030099009900990098,0.04225352112676056,0.07128712871287128,2548.9413422881057,0,0,0.0,17212.688599250072,0.0,0.0
06,085,510802,06085510802,5108.02,Census Tract 5108.02,G5020,S,934585,0,+37.4144228,-122.1103922,Census Tract 5108.02; Santa Clara County; California,1997,806,17,415,25,34,570,34,0,250001,709,30,1997,1050,0,697,98,6,85,510802,Santa Clara,0.9345865280656909,0.02109181141439206,0.04231311706629055,0.04218362282878412,2136.773792506063,0,0,0.0,17982.043602762344,0.0,0.0
06,085,510803,06085510803,5108.03,Census Tract 5108.03,G5020,S,1011446,0,+37.4205586,-122.1184486,Census Tract 5108.03; Santa Clara County; California,3435,1735,62,919,138,156,1335,11,20,250001,1184,111,3435,1498,61,1362,434,6,85,510803,Santa Clara,1.0114492861277862,0.035734870317002884,0.09375,0.017867435158501442,3396.1168860482276,0,0,0.0,18233.856660948113,0.0,0.0
06,085,510900,06085510900,5109,Census Tract 5109,G5020,S,1653882,0,+37.4276964,-122.1296787,Census Tract 5109; Santa Clara County; California,5122,2577,182,1620,91,0,2077,69,53,181712,2069,253,5122,2609,107,1877,114,6,85,510900,Santa Clara,1.6538811903740644,0.07062475746992627,0.12228129531174481,0.0473418703919286,3096.9576471460673,0,0,0.0,18735.270626932095,0.0,0.0
06,085,511000,06085511000,5110,Census Tract 5110,G5020,S,1986805,0,+37.4375636,-122.1218491,Census Tract 5110; Santa Clara County; California,7208,3646,166,2107,81,15,2642,121,58,231856,2305,50,7208,2701,58,3311,686,6,85,511000,Santa Clara,1.9868087108771366,0.04552934722984092,0.021691973969631236,0.04909489851892485,3627.928527058758,0,0,0.0,17641.802446956346,0.0,0.0
06,001,421300,06001421300,4213,Census Tract 4213,G5020,S,1084032,0,+37.8910377,-122.2812606,Census Tract 4213; Alameda County; California,4011,1971,219,565,149,28,1112,180,49,130500,1808,69,4011,2907,7,578,115,6,1,421300,Alameda,1.084026895444201,0.1111111111111111,0.03816371681415929,0.11618467782851344,3700.0926977521303,0,0,0.0,1900.7462796651491,0.0,0.0
06,001,450741,06001450741,4507.41,Census Tract 4507.41,G5020,S,2182370,0,+37.6602378,-121.8650769,Census Tract 4507.41; Alameda County; California,5742,2820,78,1506,205,43,1977,165,113,165000,1964,155,5742,2585,68,1541,1228,6,1,450741,Alameda,2.182370320632798,0.027659574468085105,0.07892057026476579,0.09858156028368795,2631.0841683069884,0,0,0.0,5496.197094426914,0.0,0.0
06,001,423200,06001423200,4232,Census Tract 4232,G5020,S,456778,0,+37.8645164,-122.2936857,Census Tract 4232; Alameda County; California,3003,1397,162,498,89,33,945,217,11,80106,1131,285,3003,1176,527,178,1004,6,1,423200,Alameda,0.45677615983504083,0.11596277738010022,0.2519893899204244,0.1632068718682892,6574.336106079829,0,0,0.0,1377.658598194201,0.0,0.0
06,085,511100,06085511100,5111,Census Tract 5111,G5020,S,2194213,0,+37.4457468,-122.1325243,Census Tract 5111; Santa Clara County; California,5643,2309,73,1287,180,0,1669,58,37,250001,2012,61,5643,2427,17,2638,228,6,85,511100,Santa Clara,2.1942110187563295,0.03161541792983976,0.030318091451292245,0.0411433521004764,2571.767232851848,0,0,0.0,18171.565396756047,0.0,0.0
06,085,511400,06085511400,5114,Census Tract 5114,G5020,S,1536652,0,+37.4359496,-122.1435945,Census Tract 5114; Santa Clara County; California,3705,1858,47,947,73,20,1211,26,0,250001,1358,10,3705,2008,4,1326,187,6,85,511400,Santa Clara,1.536652980080145,0.02529601722282024,0.007363770250368188,0.013993541442411194,2411.0843814631226,0,0,0.0,19478.62207262134,0.0,0.0
06,085,512024,06085512024,5120.24,Census Tract 5120.24,G5020,S,1553293,44640,+37.2596678,-121.8690336,Census Tract 5120.24; Santa Clara County; California,4977,2539,115,1805,174,88,2187,66,91,137275,1737,133,4977,2273,164,1008,1222,6,85,512024,Santa Clara,1.5979321829468836,0.04529342260732572,0.07656879677605066,0.06183536825521859,3114.6503294160384,0,0,0.0,12022.5746884844,0.0,0.0
06,085,512025,06085512025,5120.25,Census Tract 5120.25,G5020,S,1247992,0,+37.2608921,-121.8525836,Census Tract 5120.25; Santa Clara County; California,2983,1470,23,808,169,12,1070,44,0,226364,968,50,2983,1170,61,894,634,6,85,512025,Santa Clara,1.2479899739552656,0.015646258503401362,0.05165289256198347,0.029931972789115645,2390.2435614494175,0,0,0.0,12118.941398685218,0.0,0.0
06,085,512026,06085512026,5120.26,Census Tract 5120.26,G5020,S,2206485,0,+37.2584565,-121.8379668,Census Tract 5120.26; Santa Clara County; California,3680,2122,60,1418,291,44,1813,176,97,117162,1274,23,3680,805,162,1301,1211,6,85,512026,Santa Clara,2.2064860393714985,0.02827521206409048,0.01805337519623234,0.1286522148916117,1667.8102350687075,0,0,0.0,12655.78060506129,0.0,0.0
06,001,406000,06001406000,4060,Census Tract 4060,G5020,S,2113649,525188,+37.7923700,-122.2603108,Census Tract 4060; Alameda County; California,4735,2530,500,1367,138,65,2219,42,90,56763,1816,438,4735,830,910,1939,963,6,1,406000,Alameda,2.638839221755628,0.1976284584980237,0.24118942731277532,0.05217391304347826,1794.3495613384848,0,0,10.425678252793368,1780.008309442056,0.0,0.0
06,001,423902,06001423902,4239.02,Census Tract 4239.02,G5020,S,294981,0,+37.8548712,-122.2576020,Census Tract 4239.02; Alameda County; California,1512,926,197,281,10,107,660,49,50,171583,659,97,1512,1041,90,212,107,6,1,423902,Alameda,0.2949812248271235,0.21274298056155508,0.1471927162367223,0.10691144708423327,5125.749955395031,0,0,14.169319944228715,1086.0734011970283,0.0,0.0
06,001,443200,06001443200,4432,Census Tract 4432,G5020,S,14504924,0,+37.4877231,-121.8955045,Census Tract 4432; Alameda County; California,3611,1563,10,801,51,21,883,112,7,250001,1131,8,3611,516,11,2860,37,6,1,443200,Alameda,14.504925461454624,0.006397952655150352,0.007073386383731211,0.07613563659628919,248.94991770870303,0,0,0.0,4197.546833550823,0.0,0.0
06,001,404200,06001404200,4042,Census Tract 4042,G5020,S,2728225,0,+37.8361052,-122.2344831,Census Tract 4042; Alameda County; California,3894,1865,246,871,90,76,1283,116,10,247619,1460,26,3894,2606,192,435,286,6,1,404200,Alameda,2.728228265869257,0.1319034852546917,0.01780821917808219,0.06756032171581769,1427.2999252719455,0,0,0.0,1755.8834045407866,0.0,0.0
06,085,509109,06085509109,5091.09,Census Tract 5091.09,G5020,S,2096588,0,+37.3914589,-122.0596946,Census Tract 5091.09; Santa Clara County; California,6572,3932,243,2021,300,34,2849,136,66,218105,2471,176,6572,2132,42,2064,1716,6,85,509109,Santa Clara,2.096587240496226,0.06180061037639878,0.07122622420072845,0.05137334689725331,3134.617951049116,0,0,0.0,15061.831847625348,0.0,0.0
06,085,509201,06085509201,5092.01,Census Tract 5092.01,G5020,S,1569209,0,+37.4011514,-122.0743742,Census Tract 5092.01; Santa Clara County; California,5611,3483,214,1523,165,161,2367,25,75,155404,2715,251,5611,2430,347,1945,664,6,85,509201,Santa Clara,1.569199638707477,0.0614412862474878,0.09244935543278085,0.02871088142405972,3575.708190081974,0,0,0.0,16248.236323216623,0.0,0.0
06,001,400300,06001400300,4003,Census Tract 4003,G5020,S,1110840,0,+37.8405841,-122.2544782,Census Tract 4003; Alameda County; California,5619,3301,921,918,115,97,2224,299,91,164000,2638,367,5619,3290,529,635,568,6,1,400300,Alameda,1.1108356631829017,0.2790063617085732,0.13912054586808187,0.11814601635867919,5058.353981811996,2,1,61.633686146729474,541.8895354890224,1.8004463362918655,20.8
06,085,512027,06085512027,5120.27,Census Tract 5120.27,G5020,S,1674893,68672,+37.2542237,-121.8543848,Census Tract 5120.27; Santa Clara County; California,4237,2156,99,1313,219,26,1678,318,55,117194,1466,179,4237,1638,29,1268,1077,6,85,512027,Santa Clara,1.7435700808091825,0.04591836734693878,0.12210095497953616,0.1730055658627087,2430.0715220082398,0,0,0.0,12919.760428721256,0.0,0.0
06,001,427900,06001427900,4279,Census Tract 4279,G5020,S,825214,0,+37.7698045,-122.2582454,Census Tract 4279; Alameda County; California,4686,2567,436,1322,104,50,2053,435,267,108691,2009,214,4686,2441,31,1182,645,6,1,427900,Alameda,0.8252203867519385,0.16984807167900273,0.10652065704330513,0.27347097779509155,5678.483075829066,0,0,0.0,3053.0518287589384,0.0,0.0
06,001,421500,06001421500,4215,Census Tract 4215,G5020,S,1580941,0,+37.8917124,-122.2594986,Census Tract 4215; Alameda County; California,4064,1915,180,633,113,63,1052,143,28,201950,1565,32,4064,3312,65,368,185,6,1,421500,Alameda,1.580942844588396,0.09399477806788512,0.020447284345047924,0.08929503916449086,2570.617915702118,0,0,0.0,2516.200446439283,0.0,0.0
06,001,407500,06001407500,4075,Census Tract 4075,G5020,S,494502,0,+37.7695150,-122.1976093,Census Tract 4075; Alameda County; California,3988,1491,77,983,205,3,1337,57,25,46019,1292,268,3988,280,910,751,1912,6,1,407500,Alameda,0.49450220244686577,0.051643192488262914,0.20743034055727555,0.05499664654594232,8064.675910980417,0,0,0.0,1770.5881137231268,0.0,0.0
06,001,451401,06001451401,4514.01,Census Tract 4514.01,G5020,S,4633031,0,+37.6959835,-121.7629309,Census Tract 4514.01; Alameda County; California,6166,3132,106,2056,468,81,2758,290,226,113639,2250,52,6166,2426,330,552,2344,6,1,451401,Alameda,4.633033033973133,0.03384418901660281,0.02311111111111111,0.16475095785440613,1330.8776248271743,0,0,0.0,12018.90571782334,0.0,0.0
06,001,443103,06001443103,4431.03,Census Tract 4431.03,G5020,S,16687127,0,+37.5270917,-121.9015820,Census Tract 4431.03; Alameda County; California,4125,1950,112,1119,117,10,1358,147,18,233906,1227,32,4125,775,50,3065,137,6,1,443103,Alameda,16.68712410873942,0.057435897435897436,0.026079869600651995,0.08461538461538462,247.19657941775867,0,0,0.0,4325.404813228098,0.0,0.0
06,001,430600,06001430600,4306,Census Tract 4306,G5020,S,2261413,0,+37.7041757,-122.0969638,Census Tract 4306; Alameda County; California,6244,3309,160,2061,237,41,2513,286,73,144922,2207,64,6244,2404,245,2468,1002,6,1,430600,Alameda,2.2614170349965654,0.04835297673012995,0.028998640688717717,0.10849199153822907,2761.1006299903825,0,0,0.0,2398.4636443436116,0.0,0.0
06,001,451300,06001451300,4513,Census Tract 4513,G5020,S,11926523,744296,+37.6930926,-121.8176792,Census Tract 4513; Alameda County; California,6393,3527,52,2520,135,81,2805,339,18,119928,2359,215,6393,3446,78,735,1696,6,1,451300,Alameda,12.670825585138667,0.014743407995463568,0.09114031369224247,0.10121916643039411,504.5448662396718,0,0,0.0,7478.741971665843,0.0,0.0
06,001,421600,06001421600,4216,Census Tract 4216,G5020,S,1324489,0,+37.8839086,-122.2560313,Census Tract 4216; Alameda County; California,3854,1674,232,714,28,103,1207,260,39,218390,1493,52,3854,2746,93,428,150,6,1,421600,Alameda,1.3244883009353954,0.13859020310633213,0.034829202947086406,0.17861409796893668,2909.8029761970593,0,0,0.0,1862.9043222981422,0.0,0.0
06,001,408300,06001408300,4083,Census Tract 4083,G5020,S,1538489,0,+37.7711951,-122.1646018,Census Tract 4083; Alameda County; California,4791,2552,373,1427,157,0,2008,248,90,129295,1856,98,4791,1046,1827,539,1007,6,1,408300,Alameda,1.5384931861909992,0.14615987460815047,0.052801724137931036,0.13244514106583072,3114.0859400629233,0,0,0.0,3434.7541679442656,0.0,0.0
06,001,450607,06001450607,4506.07,Census Tract 4506.07,G5020,S,4742197,0,+37.6571981,-121.8877285,Census Tract 4506.07; Alameda County; California,5182,3025,127,1715,232,146,2275,152,62,98214,2302,270,5182,1703,89,2320,753,6,1,450607,Alameda,4.742197146918268,0.04198347107438016,0.11728931364031277,0.07074380165289257,1092.7424228593152,0,0,0.0,5040.21578543255,0.0,0.0
06,085,513500,06085513500,5135,Census Tract 5135,G5020,S,1528907498,9778597,+37.2480990,-121.5279664,Census Tract 5135; Santa Clara County; California,1362,629,0,391,39,27,465,66,23,111964,341,0,1362,700,8,119,516,6,85,513500,Santa Clara,1538.6862505013285,0.0,0.0,0.14149443561208266,0.8851707094648039,0,0,0.0,34789.185356863214,0.0,0.0
06,001,401800,06001401800,4018,Census Tract 4018,G5020,S,301016,0,+37.8095098,-122.2982554,Census Tract 4018; Alameda County; California,1709,965,315,330,63,12,804,101,37,72401,693,192,1709,417,649,78,454,6,1,401800,Alameda,0.3010133647339851,0.32642487046632124,0.27705627705627706,0.14300518134715026,5677.488776986021,0,0,90.24184952756387,578.6546637217587,0.0,0.0
06,085,509202,06085509202,5092.02,Census Tract 5092.02,G5020,S,1564102,0,+37.4059123,-122.0838789,Census Tract 5092.02; Santa Clara County; California,4137,2430,65,1475,276,66,2009,112,85,190579,1667,118,4137,1959,44,1466,606,6,85,509202,Santa Clara,1.5640966458856445,0.026748971193415638,0.07078584283143372,0.08106995884773663,2644.977221121455,0,0,0.0,16658.526985345885,0.0,0.0
06,085,509302,06085509302,5093.02,Census Tract 5093.02,G5020,S,1053380,0,+37.4092345,-122.1006445,Census Tract 5093.02; Santa Clara County; California,3535,1765,52,757,134,27,1115,56,23,185625,1298,92,3535,1621,490,884,335,6,85,509302,Santa Clara,1.0533815113650886,0.029461756373937678,0.07087827426810478,0.04475920679886686,3355.859165801149,0,0,0.0,17598.43710232146,0.0,0.0
06,041,101200,06041101200,1012,Census Tract 1012,G5020,S,10510875,10778,+38.0982747,-122.5403703,Census Tract 1012; Marin County; California,2770,1526,52,896,146,5,1164,148,6,153500,1064,0,2770,1798,91,156,466,6,41,101200,Marin,10.521655529741405,0.03407601572739188,0.0,0.10091743119266056,263.2665545997094,0,0,0.0,24751.009447285855,0.0,0.0
06,041,117000,06041117000,1170,Census Tract 1170,G5020,S,2714841,0,+37.9746220,-122.5640075,Census Tract 1170; Marin County; California,4452,2299,100,1428,78,146,1752,185,58,172891,1813,139,4452,3615,16,225,422,6,41,117000,Marin,2.714839213464651,0.04349717268377556,0.0766685052399338,0.1056981296215746,1639.876121546956,0,0,0.0,18978.96130392137,0.0,0.0
06,041,110100,06041110100,1101,Census Tract 1101,G5020,S,6836688,186928,+37.9840195,-122.5112814,Census Tract 1101; Marin County; California,5703,2356,288,1088,141,136,1657,279,73,116122,2321,29,5703,4160,122,544,828,6,41,110100,Marin,7.023611441614891,0.12224108658743633,0.012494614390348987,0.1494057724957555,811.9754413249187,0,0,0.0,14587.729982645053,0.0,0.0
06,041,133000,06041133000,1330,Census Tract 1330,G5020,S,507931091,24322392,+38.1836090,-122.8025005,Census Tract 1330; Marin County; California,2960,1654,3,1023,128,129,1295,155,132,132500,1242,4,2960,2575,16,26,273,6,41,133000,Marin,532.2535317507627,0.0018137847642079807,0.00322061191626409,0.1735187424425635,5.561259481479727,0,0,0.0,46575.75238696018,0.0,0.0
06,041,114100,06041114100,1141,Census Tract 1141,G5020,S,8083473,0,+37.9758046,-122.5935768,Census Tract 1141; Marin County; California,5031,2634,77,1200,132,186,1680,242,39,131566,2124,12,5031,4104,64,184,399,6,41,114100,Marin,8.08347414205008,0.029233105542900532,0.005649717514124294,0.10668185269552012,622.380910928982,0,0,0.0,21542.62245294425,0.0,0.0
06,041,124200,06041124200,1242,Census Tract 1242,G5020,S,10372011,7552972,+37.8787769,-122.4496504,Census Tract 1242; Marin County; California,5703,2166,344,778,51,42,1252,147,40,205179,2184,13,5703,4554,8,437,274,6,41,124200,Marin,17.924983204232223,0.15881809787626963,0.005952380952380952,0.08633425669436749,318.15929393191726,0,0,0.0,10606.623336668628,0.0,0.0
06,041,114200,06041114200,1142,Census Tract 1142,G5020,S,4474566,0,+38.0029324,-122.5996143,Census Tract 1142; Marin County; California,3352,1652,37,980,59,40,1241,192,27,120121,1395,78,3352,2887,46,25,232,6,41,114200,Marin,4.474561323803757,0.022397094430992737,0.05591397849462366,0.13256658595641646,749.1237145791346,0,0,0.0,22843.945304693432,0.0,0.0
06,041,108100,06041108100,1081,Census Tract 1081,G5020,S,6824224,0,+38.0176560,-122.5616702,Census Tract 1081; Marin County; California,6701,3420,210,1676,158,65,2160,270,15,136970,2608,103,6701,5249,62,499,621,6,41,108100,Marin,6.8242244373451015,0.06140350877192982,0.03949386503067485,0.08333333333333333,981.9430854778509,0,0,0.0,20387.444235826188,0.0,0.0
06,041,128100,06041128100,1281,Census Tract 1281,G5020,S,9260490,0,+37.8716996,-122.5316069,Census Tract 1281; Marin County; California,7360,3586,260,1629,417,105,2480,198,104,228652,2647,106,7360,5636,22,502,609,6,41,128100,Marin,9.260489424025021,0.07250418293363078,0.04004533434076313,0.08421639709983268,794.774408024864,0,0,0.0,14569.143386530915,0.0,0.0
06,041,121200,06041121200,1212,Census Tract 1212,G5020,S,6087275,3768437,+37.9424206,-122.4988472,Census Tract 1212; Marin County; California,6256,3317,134,1722,58,28,1968,185,95,211083,2599,64,6256,4563,89,365,599,6,41,121200,Marin,9.855708852287972,0.04039794995477841,0.024624855713736054,0.08441362677117878,634.7590106162369,0,0,0.0,12925.306342673543,0.0,0.0
06,041,126200,06041126200,1262,Census Tract 1262,G5020,S,3423395,429422,+37.8999750,-122.5225708,Census Tract 1262; Marin County; California,4180,1760,72,1272,28,26,1401,192,0,164615,1762,174,4180,2710,117,774,190,6,41,126200,Marin,3.852820177050459,0.04090909090909091,0.09875141884222474,0.10909090909090909,1084.9195674634404,0,0,0.0,15358.310607507456,0.0,0.0
06,041,110200,06041110200,1102,Census Tract 1102,G5020,S,9423311,3907484,+37.9856330,-122.4741650,Census Tract 1102; Marin County; California,5261,2641,138,1640,47,0,1835,204,117,212411,2177,22,5261,4553,0,269,243,6,41,110200,Marin,13.330800795790385,0.052252934494509656,0.010105649977032614,0.12154486936766376,394.64995993798993,0,0,0.0,11714.858165094582,0.0,0.0
06,041,113000,06041113000,1130,Census Tract 1130,G5020,S,25374581,0,+38.0139328,-122.6665068,Census Tract 1130; Marin County; California,3612,2117,74,1414,37,42,1585,146,151,135491,1607,69,3612,2919,78,81,253,6,41,113000,Marin,25.37458006697622,0.03495512517713746,0.042937149968886125,0.14029286726499765,142.34718330179746,0,0,0.0,28801.112971775685,0.0,0.0
06,001,400400,06001400400,4004,Census Tract 4004,G5020,S,716138,0,+37.8482840,-122.2574447,Census Tract 4004; Alameda County; California,4278,2455,516,752,170,110,1749,172,80,158836,1760,249,4278,2740,499,373,306,6,1,400400,Alameda,0.7161367037768908,0.21018329938900204,0.14147727272727273,0.10264765784114054,5973.719790422573,0,0,56.96036678407126,666.9185119547903,0.0,0.0
06,001,401000,06001401000,4010,Census Tract 4010,G5020,S,1149000,0,+37.8312043,-122.2718866,Census Tract 4010; Alameda County; California,6277,3942,742,1200,249,103,2584,175,53,153654,2302,356,6277,2095,1478,464,1389,6,1,401000,Alameda,1.149000525767229,0.18822932521562658,0.15464813205907907,0.0578386605783866,5463.008814385546,0,0,71.60937348701619,485.0636464843263,0.0,0.0
06,085,509303,06085509303,5093.03,Census Tract 5093.03,G5020,S,573576,0,+37.4060297,-122.0922777,Census Tract 5093.03; Santa Clara County; California,3816,2166,169,1003,198,74,1698,140,19,177692,1738,292,3816,1394,41,1599,438,6,85,509303,Santa Clara,0.5735779391348613,0.07802400738688828,0.16800920598388952,0.07340720221606649,6652.9755411370015,0,0,0.0,17225.218119606332,0.0,0.0
06,085,512402,06085512402,5124.02,Census Tract 5124.02,G5020,S,49390719,607393,+37.0945979,-121.5669408,Census Tract 5124.02; Santa Clara County; California,5246,2368,31,1534,180,124,1881,365,133,140000,1620,76,5246,2328,8,484,2214,6,85,512402,Santa Clara,49.99811602965886,0.013091216216216216,0.04691358024691358,0.21030405405405406,104.92395347232834,0,0,0.0,40458.13006237404,0.0,0.0
06,085,505304,06085505304,5053.04,Census Tract 5053.04,G5020,S,1022409,0,+37.3596272,-121.9815400,Census Tract 5053.04; Santa Clara County; California,3598,2063,56,1384,87,16,1574,62,20,224435,1124,39,3598,947,20,2004,596,6,85,505304,Santa Clara,1.0224071842977538,0.02714493456131847,0.03469750889679715,0.03974793989335919,3519.145850360301,0,0,0.0,9495.17014291501,0.0,0.0
06,085,505305,06085505305,5053.05,Census Tract 5053.05,G5020,S,1528585,0,+37.3590161,-121.9905860,Census Tract 5053.05; Santa Clara County; California,5626,3230,92,2120,243,16,2509,55,53,190595,2188,76,5626,1992,0,2764,778,6,85,505305,Santa Clara,1.5285833213490139,0.02848297213622291,0.03473491773308958,0.03343653250773994,3680.532111939381,0,0,0.0,10298.012618798783,0.0,0.0
06,085,505401,06085505401,5054.01,Census Tract 5054.01,G5020,S,1169115,0,+37.3490022,-121.9872253,Census Tract 5054.01; Santa Clara County; California,6630,4232,163,2574,164,111,3243,153,32,164598,2899,143,6630,1622,148,3861,744,6,85,505401,Santa Clara,1.169115373972648,0.03851606805293006,0.04932735426008968,0.043714555765595464,5670.954422121141,0,0,0.0,10180.398679317268,0.0,0.0
06,001,401400,06001401400,4014,Census Tract 4014,G5020,S,754768,0,+37.8207423,-122.2734090,Census Tract 4014; Alameda County; California,5392,3202,850,1532,255,93,2875,272,149,95011,1741,286,5392,1380,1716,731,1175,6,1,401400,Alameda,0.7547683062579701,0.2654590880699563,0.16427340608845492,0.13148032479700186,7143.914172460077,0,0,23.192529607303953,1048.8119229572726,0.0,0.0
06,085,512029,06085512029,5120.29,Census Tract 5120.29,G5020,S,1903945,0,+37.2476813,-121.8160666,Census Tract 5120.29; Santa Clara County; California,7849,3978,70,3086,328,27,3515,402,55,155000,2516,52,7849,3292,93,1401,2694,6,85,512029,Santa Clara,1.9039459720599723,0.017596782302664656,0.02066772655007949,0.11488185017596782,4122.490929460452,0,0,0.0,14396.401744345685,0.0,0.0
06,001,423601,06001423601,4236.01,Census Tract 4236.01,G5020,S,523435,0,+37.8588898,-122.2587190,Census Tract 4236.01; Alameda County; California,2738,1565,264,561,62,165,1167,135,58,155857,1122,114,2738,1715,102,352,358,6,1,423601,Alameda,0.523435054148741,0.16869009584664538,0.10160427807486631,0.12332268370607029,5230.83041209915,0,0,7.063734405241018,1165.4057866191204,0.0,0.0
06,001,435102,06001435102,4351.02,Census Tract 4351.02,G5020,S,4174115,0,+37.6551310,-122.0456272,Census Tract 4351.02; Alameda County; California,6137,2869,139,1756,376,174,2454,358,50,138859,1643,9,6137,1519,888,1337,1655,6,1,435102,Alameda,4.174117087963425,0.04844893691181596,0.005477784540474742,0.14220982920878356,1470.2510424771713,0,0,0.0,2522.377112724615,0.0,0.0
06,001,431200,06001431200,4312,Census Tract 4312,G5020,S,2025757,26007,+37.6871184,-122.0834504,Census Tract 4312; Alameda County; California,5865,2798,129,2160,166,0,2455,267,152,106250,2462,240,5865,2114,830,812,1618,6,1,431200,Alameda,2.051761478963843,0.046104360257326664,0.09748172217709179,0.14974982130092923,2858.5194040010315,2,1,31.968539614285756,862.6123172173978,0.9747721752774191,11.8
06,001,440332,06001440332,4403.32,Census Tract 4403.32,G5020,S,2297853,0,+37.5828284,-122.0858891,Census Tract 4403.32; Alameda County; California,3203,1511,81,959,72,0,1116,148,106,184620,897,24,3203,258,50,2494,271,6,1,440332,Alameda,2.2978557004984252,0.053606882859033755,0.026755852842809364,0.16810059563203178,1393.9082420646523,0,0,0.0,6112.255107328239,0.0,0.0
06,001,404400,06001404400,4044,Census Tract 4044,G5020,S,4152683,0,+37.8462275,-122.2149841,Census Tract 4044; Alameda County; California,5823,2895,302,1436,201,34,1989,34,0,184737,2450,72,5823,3417,142,1095,182,6,1,404400,Alameda,4.152682892567713,0.10431778929188255,0.029387755102040815,0.011744386873920553,1402.2260188519924,0,0,0.0,3189.1989813744067,0.0,0.0
06,001,404600,06001404600,4046,Census Tract 4046,G5020,S,4877912,0,+37.8199301,-122.1912387,Census Tract 4046; Alameda County; California,4934,2215,312,995,120,47,1503,227,74,222617,1935,72,4934,2872,263,662,216,6,1,404600,Alameda,4.877915105751636,0.14085778781038374,0.037209302325581395,0.13589164785553048,1011.4977183965817,0,0,0.0,5781.183231218956,0.0,0.0
06,001,406700,06001406700,4067,Census Tract 4067,G5020,S,1683727,0,+37.8033164,-122.2022249,Census Tract 4067; Alameda County; California,5380,3162,292,1574,281,26,2258,225,71,143887,2083,88,5380,2465,366,1082,919,6,1,406700,Alameda,1.6837249206052407,0.09234661606578115,0.04224675948151704,0.09361163820366857,3195.296294638246,0,0,0.0,3699.7170705064605,0.0,0.0
06,001,436500,06001436500,4365,Census Tract 4365,G5020,S,1969166,0,+37.6586484,-122.0688949,Census Tract 4365; Alameda County; California,5289,2562,229,1700,293,0,2253,315,125,85319,1765,96,5289,689,508,1208,2579,6,1,436500,Alameda,1.9691671171149463,0.08938329430132709,0.054390934844192634,0.1717408274785324,2685.907129989549,0,0,4.051434308420723,2011.2235725403805,0.0,0.0
06,001,430800,06001430800,4308,Census Tract 4308,G5020,S,1801249,0,+37.6992109,-122.0650346,Census Tract 4308; Alameda County; California,5814,2953,159,1946,322,79,2506,129,182,98038,2045,55,5814,2472,49,2038,943,6,1,430800,Alameda,1.8012508140827994,0.05384354893328818,0.02689486552567237,0.10531662715882154,3227.7570422420604,0,0,6.748836871063032,1321.8257855796917,0.0,0.0
06,085,512030,06085512030,5120.30,Census Tract 5120.30,G5020,S,1191726,0,+37.2327046,-121.8241916,Census Tract 5120.30; Santa Clara County; California,2922,1329,41,885,113,0,1053,95,37,182344,905,32,2922,1336,67,907,409,6,85,512030,Santa Clara,1.1917262250276406,0.030850263355906696,0.03535911602209945,0.09932279909706546,2451.9054281382687,0,0,0.0,15741.861413508957,0.0,0.0
06,001,401100,06001401100,4011,Census Tract 4011,G5020,S,873332,0,+37.8304839,-122.2638399,Census Tract 4011; Alameda County; California,5537,3480,1314,1107,69,67,2720,248,171,93121,2649,410,5537,2325,906,1005,658,6,1,401100,Alameda,0.8733296470828744,0.3775862068965517,0.15477538693846735,0.12040229885057471,6340.103096802996,4,1,83.85465277732978,333.97965269292587,4.58017200419216,20.9
06,085,512034,06085512034,5120.34,Census Tract 5120.34,G5020,S,1043039,0,+37.2293395,-121.7707429,Census Tract 5120.34; Santa Clara County; California,2932,1534,52,1061,147,0,1297,213,101,169219,988,31,2932,1160,0,793,850,6,85,512034,Santa Clara,1.043038730980355,0.03389830508474576,0.03137651821862348,0.2046936114732725,2811.0173792340433,0,0,0.0,17997.19420089865,0.0,0.0
06,085,509304,06085509304,5093.04,Census Tract 5093.04,G5020,S,1559710,0,+37.4174151,-122.0952078,Census Tract 5093.04; Santa Clara County; California,2936,1733,31,1122,112,96,1460,35,7,160859,1157,12,2936,983,12,907,880,6,85,509304,Santa Clara,1.5597107078205272,0.01788805539526832,0.010371650821089023,0.024235429890363532,1882.4003613481889,0,0,0.0,16680.976934131657,0.0,0.0
06,001,401200,06001401200,4012,Census Tract 4012,G5020,S,663620,0,+37.8306009,-122.2579159,Census Tract 4012; Alameda County; California,2994,2005,544,614,150,25,1473,228,0,115045,1429,163,2994,1718,239,441,387,6,1,401200,Alameda,0.6636221412153112,0.2713216957605985,0.11406578026592022,0.11371571072319202,4511.603537695409,0,0,33.170648954732606,821.5856930138024,0.0,0.0
06,001,401300,06001401300,4013,Census Tract 4013,G5020,S,861889,0,+37.8181386,-122.2667055,Census Tract 4013; Alameda County; California,4608,3085,665,983,145,380,2474,402,128,104226,2401,749,4608,1657,1325,827,393,6,1,401300,Alameda,0.8618928881081405,0.21555915721231766,0.3119533527696793,0.17179902755267423,5346.371995381683,0,0,38.42535852256002,1130.8063324048496,0.0,0.0
06,085,511702,06085511702,5117.02,Census Tract 5117.02,G5020,S,2629241,0,+37.3534047,-122.0975415,Census Tract 5117.02; Santa Clara County; California,2829,1113,6,677,37,0,736,19,0,250001,994,8,2829,1634,0,873,105,6,85,511702,Santa Clara,2.6292437700891638,0.005390835579514825,0.008048289738430584,0.017070979335130278,1075.9747849108956,0,0,0.0,19319.12161751503,0.0,0.0
06,085,511905,06085511905,5119.05,Census Tract 5119.05,G5020,S,1264613,0,+37.2147222,-121.8583082,Census Tract 5119.05; Santa Clara County; California,2969,1348,28,792,111,0,940,128,29,241440,1009,7,2969,1491,21,1305,77,6,85,511905,Santa Clara,1.2646154177513627,0.020771513353115726,0.006937561942517344,0.11646884272997032,2347.74933021079,0,0,0.0,17153.154208297616,0.0,0.0
06,085,512505,06085512505,5125.05,Census Tract 5125.05,G5020,S,2656752,0,+37.0245729,-121.5925004,Census Tract 5125.05; Santa Clara County; California,7947,3693,56,2798,503,42,3459,574,152,125716,2293,10,7947,1258,76,1085,5332,6,85,512505,Santa Clara,2.656748402683864,0.015163823449769834,0.00436109899694723,0.1965881397238018,2991.2505045535704,0,0,0.0,45684.4309592679,0.0,0.0
06,041,112100,06041112100,1121,Census Tract 1121,G5020,S,2944261,0,+37.9610214,-122.5206079,Census Tract 1121; Marin County; California,4352,2481,73,1537,58,92,1775,143,0,113558,1933,24,4352,2899,11,152,1150,6,41,112100,Marin,2.944259399138105,0.029423619508262798,0.012415933781686497,0.05763804917372027,1478.1306298195034,0,0,0.0,14944.629298772928,0.0,0.0
06,041,103100,06041103100,1031,Census Tract 1031,G5020,S,40933443,470057,+38.1332320,-122.6580087,Census Tract 1031; Marin County; California,7228,3499,197,2285,316,54,2863,308,76,158977,2705,39,7228,5486,124,159,903,6,41,103100,Marin,41.40350279072901,0.0563018005144327,0.014417744916820702,0.10974564161188911,174.57460149044394,0,0,0.0,32486.48333181816,0.0,0.0
06,041,104300,06041104300,1043,Census Tract 1043,G5020,S,10864708,2329631,+38.0870092,-122.5144599,Census Tract 1043; Marin County; California,1742,989,7,726,45,0,783,85,17,161923,722,6,1742,1426,0,86,173,6,41,104300,Marin,13.194341638492974,0.007077856420626896,0.008310249307479225,0.10313447927199192,132.02629185513246,0,0,0.0,20807.053287695147,0.0,0.0
06,041,107000,06041107000,1070,Census Tract 1070,G5020,S,20125721,0,+38.0384996,-122.5839959,Census Tract 1070; Marin County; California,6334,3157,128,1844,118,74,2224,94,160,216524,2420,75,6334,4898,79,484,391,6,41,107000,Marin,20.12572128683516,0.04054482103262591,0.030991735537190084,0.08045612923661705,314.72163952420726,0,0,0.0,23196.80470055069,0.0,0.0
06,041,118100,06041118100,1181,Census Tract 1181,G5020,S,4012311,0,+37.9638025,-122.5614951,Census Tract 1181; Marin County; California,2537,1077,49,546,56,114,772,57,29,250001,884,34,2537,2188,21,103,111,6,41,118100,Marin,4.012311833250904,0.04549675023212628,0.038461538461538464,0.07985143918291551,632.3037952771584,0,0,0.0,18532.471851716702,0.0,0.0
06,041,127000,06041127000,1270,Census Tract 1270,G5020,S,4482312,0,+37.9104369,-122.5585065,Census Tract 1270; Marin County; California,4588,2287,175,1126,180,38,1586,308,102,210865,1773,17,4588,3944,130,201,154,6,41,127000,Marin,4.482314774693363,0.0765194578049847,0.009588268471517203,0.17927415828596416,1023.5782694029708,0,0,0.0,18266.04648292066,0.0,0.0
06,041,116000,06041116000,1160,Census Tract 1160,G5020,S,1411760,0,+37.9796410,-122.5758726,Census Tract 1160; Marin County; California,3143,1766,82,908,69,77,1206,131,37,178705,1291,53,3143,2778,6,118,30,6,41,116000,Marin,1.4117560633002935,0.0464326160815402,0.041053446940356314,0.09513023782559456,2226.3052957268974,0,0,0.0,20119.790996251573,0.0,0.0
06,041,124100,06041124100,1241,Census Tract 1241,G5020,S,5906174,3072805,+37.9026341,-122.4888202,Census Tract 1241; Marin County; California,5430,2963,182,1428,377,0,2025,194,35,202153,2251,14,5430,4302,46,611,126,6,41,124100,Marin,8.978977410416435,0.061424232197097535,0.006219458018658374,0.07728653391832602,604.7459250427229,0,0,0.0,12534.827901006918,0.0,0.0
06,041,132200,06041132200,1322,Census Tract 1322,G5020,S,300565956,56154232,+38.0652782,-122.8839193,Census Tract 1322; Marin County; California,1806,885,0,489,37,24,550,150,23,76088,1008,46,1806,1603,0,0,102,6,41,132200,Marin,356.72026455509615,0.0,0.04563492063492063,0.19548022598870057,5.0627905937792885,0,0,0.0,46411.80784784156,0.0,0.0
06,041,104102,06041104102,1041.02,Census Tract 1041.02,G5020,S,2075039,43053,+38.0879383,-122.5585807,Census Tract 1041.02; Marin County; California,5274,2497,97,1921,91,26,2214,129,47,99174,1915,4,5274,2043,324,462,2215,6,41,104102,Marin,2.118091570967357,0.03884661593912695,0.0020887728459530026,0.07048458149779736,2489.977332562304,0,0,0.0,24729.1339312868,0.0,0.0
06,041,104200,06041104200,1042,Census Tract 1042,G5020,S,17471799,0,+38.0608177,-122.5689222,Census Tract 1042; Marin County; California,5668,3068,93,2160,242,0,2559,292,120,105741,2385,99,5668,3803,83,162,951,6,41,104200,Marin,17.471799723556163,0.0303129074315515,0.04150943396226415,0.13428943937418514,324.408480504626,0,0,0.0,23419.55447368674,0.0,0.0
06,001,402900,06001402900,4029,Census Tract 4029,G5020,S,407131,0,+37.8071852,-122.2667035,Census Tract 4029; Alameda County; California,1828,918,347,186,12,79,663,81,17,37973,1236,727,1828,365,408,806,182,6,1,402900,Alameda,0.4071324088065156,0.3779956427015251,0.5881877022653722,0.10675381263616558,4489.939784844624,3,1,100.0,202.37130100867523,7.3686101501826435,27.866666666666664
06,041,122000,06041122000,1220,Census Tract 1220,G5020,S,630378,0,+37.9411316,-122.4920858,Census Tract 1220; Marin County; California,1559,0,0,0,0,0,0,0,0,-666666666,0,0,1559,357,571,78,454,6,41,122000,Marin,0.6303772522809542,,,,2473.12223650032,0,0,0.0,12207.045758110457,0.0,0.0
06,041,123000,06041123000,1230,Census Tract 1230,G5020,S,1346102,4888515,+37.8735672,-122.4709947,Census Tract 1230; Marin County; California,2312,875,58,361,16,48,498,76,18,250001,879,9,2312,2024,12,69,130,6,41,123000,Marin,6.234618477613029,0.06628571428571428,0.010238907849829351,0.10742857142857143,370.83263527701325,0,0,0.0,10768.990181734725,0.0,0.0
06,041,125000,06041125000,1250,Census Tract 1250,G5020,S,2480948,1377123,+37.8886599,-122.5058805,Census Tract 1250; Marin County; California,4534,2116,175,1293,100,61,1654,168,37,119069,1912,99,4534,3085,98,395,593,6,41,125000,Marin,3.858068047103634,0.08270321361058601,0.05177824267782427,0.09688090737240075,1175.1995933311255,0,0,0.0,14328.268998167092,0.0,0.0
06,041,115000,06041115000,1150,Census Tract 1150,G5020,S,10612825,0,+38.0060117,-122.5832526,Census Tract 1150; Marin County; California,7965,3748,167,2326,120,119,2858,496,128,167306,2829,61,7965,6162,179,392,670,6,41,115000,Marin,10.612824239503194,0.04455709711846318,0.02156238953693885,0.1664887940234792,750.5071053897767,0,0,0.0,21609.22511442381,0.0,0.0
06,001,441924,06001441924,4419.24,Census Tract 4419.24,G5020,S,2184643,0,+37.5647659,-121.9732496,Census Tract 4419.24; Alameda County; California,7199,3485,299,1893,254,0,2516,508,129,177589,2542,69,7199,1191,109,4638,748,6,1,441924,Alameda,2.1846456447464915,0.08579626972740316,0.02714398111723053,0.18278335724533715,3295.2712570625517,2,1,33.76458673867552,858.8851773123414,0.9154802770002922,21.0
06,041,103200,06041103200,1032,Census Tract 1032,G5020,S,4677522,0,+38.0983060,-122.5861375,Census Tract 1032; Marin County; California,7457,2826,142,1904,155,77,2392,122,138,96731,2678,252,7457,4915,230,504,1503,6,41,103200,Marin,4.67751905869729,0.05024769992922859,0.09410007468259896,0.09200283085633404,1594.2211899991291,0,0,0.0,27203.574194996327,0.0,0.0
06,041,101100,06041101100,1011,Census Tract 1011,G5020,S,33179391,1325196,+38.1284235,-122.5334443,Census Tract 1011; Marin County; California,2496,1129,27,603,76,44,794,110,9,165938,1106,0,2496,1820,0,496,98,6,41,101100,Marin,34.50458529381158,0.023914968999114262,0.0,0.1054030115146147,72.33821182739035,0,0,0.0,27266.653776766674,0.0,0.0
06,041,119100,06041119100,1191,Census Tract 1191,G5020,S,6675930,49346,+37.9436158,-122.5533733,Census Tract 1191; Marin County; California,5149,2175,125,1052,134,61,1404,156,14,197847,1985,152,5149,4279,54,169,470,6,41,119100,Marin,6.725277993204331,0.05747126436781609,0.0765743073047859,0.07816091954022988,765.6189090180201,0,0,0.0,17589.6587611403,0.0,0.0
06,001,440100,06001440100,4401,Census Tract 4401,G5020,S,27383597,0,+37.6164242,-121.9814908,Census Tract 4401; Alameda County; California,2661,772,49,500,90,5,648,70,27,104271,1013,162,2661,1077,138,653,550,6,1,440100,Alameda,27.383602668006635,0.06347150259067358,0.15992102665350444,0.12564766839378239,97.17494196294899,0,0,0.0,4250.208369067004,0.0,0.0
06,001,451601,06001451601,4516.01,Census Tract 4516.01,G5020,S,3936359,0,+37.6683795,-121.7607445,Census Tract 4516.01; Alameda County; California,5367,2655,30,1811,97,18,2014,172,22,194662,1786,20,5367,3774,0,828,497,6,1,451601,Alameda,3.9363577026992833,0.011299435028248588,0.011198208286674132,0.07306967984934086,1363.4431637957293,0,0,0.0,12744.505285367093,0.0,0.0
06,041,121100,06041121100,1211,Census Tract 1211,G5020,S,3651425,54053,+37.9240821,-122.5231872,Census Tract 1211; Marin County; California,5749,2413,237,1102,180,12,1597,189,13,177754,2379,50,5749,4535,89,245,529,6,41,121100,Marin,3.705479826891336,0.09821798590965602,0.021017234131988232,0.08371322005801907,1551.4859798394987,0,0,0.0,14960.570607057776,0.0,0.0
06,041,126100,06041126100,1261,Census Tract 1261,G5020,S,5298994,0,+37.9121527,-122.5404887,Census Tract 1261; Marin County; California,6105,2866,134,1345,193,241,1971,126,46,230057,2367,15,6105,5648,10,160,107,6,41,126100,Marin,5.298996411795966,0.04675505931612003,0.0063371356147021544,0.06001395673412421,1152.1049507430896,0,0,0.0,16674.110479113988,0.0,0.0
06,041,128200,06041128200,1282,Census Tract 1282,G5020,S,3940700,38514,+37.8939641,-122.5498544,Census Tract 1282; Marin County; California,5297,2404,109,1183,144,19,1484,80,89,239625,1934,30,5297,4302,23,330,359,6,41,128200,Marin,3.979214427531719,0.04534109816971714,0.015511892450879007,0.07029950083194675,1331.1672684313457,0,0,0.0,17165.39757097237,0.0,0.0
06,085,509401,06085509401,5094.01,Census Tract 5094.01,G5020,S,665317,0,+37.4069801,-122.1144634,Census Tract 5094.01; Santa Clara County; California,4318,2772,102,1284,121,101,1860,28,90,147823,2126,243,4318,1591,42,1627,686,6,85,509401,Santa Clara,0.6653179923134488,0.0367965367965368,0.11429915333960489,0.04256854256854257,6490.129607025082,0,0,0.0,18740.629547189736,0.0,0.0
06,085,509403,06085509403,5094.03,Census Tract 5094.03,G5020,S,526424,0,+37.3981136,-122.0968319,Census Tract 5094.03; Santa Clara County; California,4895,3166,169,1436,321,43,2250,98,56,138750,2155,139,4895,1535,52,1468,1550,6,85,509403,Santa Clara,0.5264215134667499,0.053379658875552745,0.06450116009280743,0.04864181933038535,9298.632131813853,0,0,0.0,18092.98851186506,0.0,0.0
06,085,509404,06085509404,5094.04,Census Tract 5094.04,G5020,S,1048713,0,+37.4018859,-122.1055733,Census Tract 5094.04; Santa Clara County; California,6382,3659,187,1866,170,164,2629,95,0,165250,3007,279,6382,2209,13,2728,1056,6,85,509404,Santa Clara,1.0487164890379541,0.051106859797758954,0.09278350515463918,0.02596337797212353,6085.534142649519,0,0,0.0,18435.814866424178,0.0,0.0
06,085,509500,06085509500,5095,Census Tract 5095,G5020,S,982162,0,+37.3944485,-122.0896590,Census Tract 5095; Santa Clara County; California,5409,3309,164,2168,131,46,2654,115,87,146587,2358,189,5409,1941,264,1189,1855,6,85,509500,Santa Clara,0.9821592735205968,0.0495618011483832,0.08015267175572519,0.06104563312178906,5507.253401590539,0,0,0.0,17654.35419862766,0.0,0.0
06,085,512005,06085512005,5120.05,Census Tract 5120.05,G5020,S,2420988,0,+37.2700187,-121.8655792,Census Tract 5120.05; Santa Clara County; California,6633,3291,250,1854,375,35,2523,147,60,176855,2113,12,6633,3063,46,1437,1666,6,85,512005,Santa Clara,2.4209881423570936,0.07596475235490732,0.005679129200189304,0.06289881494986327,2739.790370696346,0,0,0.0,10974.563643534191,0.0,0.0
06,085,509600,06085509600,5096,Census Tract 5096,G5020,S,1048685,0,+37.3908184,-122.0804567,Census Tract 5096; Santa Clara County; California,3630,2296,231,1227,110,92,1758,131,24,190556,1712,104,3630,1479,30,1003,851,6,85,509600,Santa Clara,1.0486847924594405,0.10060975609756098,0.06074766355140187,0.06750871080139373,3461.478631235511,0,0,0.0,16890.956719193207,0.0,0.0
06,085,509700,06085509700,5097,Census Tract 5097,G5020,S,1047255,0,+37.3853602,-122.0731927,Census Tract 5097; Santa Clara County; California,3040,1704,75,914,74,53,1195,28,24,192125,1349,57,3040,1672,107,749,345,6,85,509700,Santa Clara,1.0472546935177043,0.04401408450704225,0.04225352112676056,0.03051643192488263,2902.8277636920493,0,0,0.0,16344.497716913005,0.0,0.0
06,085,509802,06085509802,5098.02,Census Tract 5098.02,G5020,S,928671,0,+37.3787663,-122.0823277,Census Tract 5098.02; Santa Clara County; California,3158,1536,35,905,62,98,1181,5,12,204632,1118,38,3158,1518,11,910,358,6,85,509802,Santa Clara,0.9286735512558625,0.022786458333333332,0.03398926654740608,0.011067708333333334,3400.5490903982113,0,0,0.0,17273.46256147548,0.0,0.0
06,085,509901,06085509901,5099.01,Census Tract 5099.01,G5020,S,1393369,0,+37.3694638,-122.0863812,Census Tract 5099.01; Santa Clara County; California,2472,1238,7,688,47,90,863,27,40,250001,776,13,2472,1681,18,526,28,6,85,509901,Santa Clara,1.393370659707359,0.005654281098546042,0.01675257731958763,0.05411954765751212,1774.1151521872714,0,0,0.0,17857.05702858215,0.0,0.0
06,041,129000,06041129000,1290,Census Tract 1290,G5020,S,1350016,0,+37.8688708,-122.5128206,Census Tract 1290; Marin County; California,2922,1411,145,773,53,127,1153,151,47,70147,1208,102,2922,1011,802,297,449,6,41,129000,Marin,1.3500152613235847,0.10276399716513111,0.08443708609271523,0.1403260099220411,2164.4199763602724,0,0,0.0,13174.175532826108,0.0,0.0
06,041,132100,06041132100,1321,Census Tract 1321,G5020,S,42866847,10752772,+37.9216421,-122.6984111,Census Tract 1321; Marin County; California,1742,933,0,569,47,58,693,168,18,96875,806,0,1742,1447,0,29,222,6,41,132100,Marin,53.61962206926898,0.0,0.0,0.19935691318327975,32.48810664404874,0,0,0.0,28169.908784619005,0.0,0.0
06,041,102100,06041102100,1021,Census Tract 1021,G5020,S,9412887,0,+38.1315685,-122.5915685,Census Tract 1021; Marin County; California,2105,950,61,585,59,0,722,143,0,121845,985,12,2105,1478,13,182,298,6,41,102100,Marin,9.412888358095545,0.06421052631578947,0.012182741116751269,0.15052631578947367,223.62955130447256,0,0,0.0,30100.315873083615,0.0,0.0
06,041,106002,06041106002,1060.02,Census Tract 1060.02,G5020,S,11217384,2026278,+38.0055375,-122.5028107,Census Tract 1060.02; Marin County; California,5991,2688,95,1455,234,49,1892,96,52,119600,2226,141,5991,3453,553,305,1259,6,41,106002,Marin,13.243666822544016,0.035342261904761904,0.06334231805929919,0.05505952380952381,452.36716388861635,0,0,0.0,15131.973543829341,0.0,0.0
06,085,508602,06085508602,5086.02,Census Tract 5086.02,G5020,S,1340637,0,+37.3727792,-122.0289163,Census Tract 5086.02; Santa Clara County; California,5575,3610,185,1787,300,68,2532,128,24,179087,2518,207,5575,2385,52,1716,801,6,85,508602,Santa Clara,1.3406380863574259,0.05124653739612189,0.08220810166799047,0.042105263157894736,4158.467566103188,0,0,0.0,12879.251003918267,0.0,0.0
06,085,509902,06085509902,5099.02,Census Tract 5099.02,G5020,S,2229055,0,+37.3700086,-122.0718854,Census Tract 5099.02; Santa Clara County; California,5157,2288,51,1391,61,27,1714,105,53,245521,1790,209,5157,2370,134,2126,249,6,85,509902,Santa Clara,2.229053016519933,0.022290209790209792,0.11675977653631285,0.06905594405594405,2313.538512444746,0,0,0.0,16603.326054005174,0.0,0.0
06,075,026201,06075026201,262.01,Census Tract 262.01,G5020,S,437178,0,+37.7097064,-122.4583017,Census Tract 262.01; San Francisco County; California,3651,1901,530,824,282,46,1698,207,31,124250,968,62,3651,143,63,2324,985,6,75,26201,San Francisco,0.4371756859859161,0.2788006312467123,0.0640495867768595,0.1251972645975802,8351.333610345428,2,1,100.0,1006.0873145136013,4.574819835850686,0.0
06,075,026202,06075026202,262.02,Census Tract 262.02,G5020,S,337319,0,+37.7134049,-122.4483179,Census Tract 262.02; San Francisco County; California,3863,2161,824,980,158,48,2066,379,65,138545,1036,143,3863,340,22,2363,1138,6,75,26202,San Francisco,0.3373175775441326,0.3813049514113836,0.13803088803088803,0.20546043498380379,11452.11592032908,3,1,99.99999999999997,930.7390516418454,8.893696029248574,0.0
06,075,012405,06075012405,124.05,Census Tract 124.05,G5020,S,295197,0,+37.7795195,-122.4174620,Census Tract 124.05; San Francisco County; California,3921,2690,763,377,9,536,1780,86,85,102358,2524,1760,3921,1282,683,971,597,6,75,12405,San Francisco,0.29519745741430514,0.28364312267657993,0.6973058637083994,0.06356877323420074,13282.634729800318,15,1,100.0,315.2472697676392,50.81344579112593,0.0
06,075,020101,06075020101,201.01,Census Tract 201.01,G5020,S,305225,0,+37.7702373,-122.4201473,Census Tract 201.01; San Francisco County; California,3924,2721,745,508,80,560,2231,14,117,135223,1861,885,3924,1432,409,609,1184,6,75,20101,San Francisco,0.3052218321861312,0.27379639838294745,0.4755507791509941,0.04814406468210217,12856.223199679425,7,1,99.99999999999997,563.7034763913115,22.934139245095814,0.0
06,075,017603,06075017603,176.03,Census Tract 176.03,G5020,S,248651,0,+37.7763092,-122.4143407,Census Tract 176.03; San Francisco County; California,4815,2690,1096,249,0,480,1935,39,83,90590,2409,1616,4815,1307,262,2540,517,6,75,17603,San Francisco,0.24865145943751987,0.4074349442379182,0.6708177667081777,0.04535315985130112,19364.455012217186,13,1,100.0,344.6223625562071,52.28201768615232,0.0
06,075,017803,06075017803,178.03,Census Tract 178.03,G5020,S,189846,0,+37.7734260,-122.4120419,Census Tract 178.03; San Francisco County; California,2523,1377,416,89,70,339,1209,54,0,87132,1195,676,2523,821,69,971,472,6,75,17803,San Francisco,0.18984720271329578,0.3021060275962237,0.5656903765690376,0.0392156862745098,13289.634842869897,6,1,100.0,679.7911682169184,31.60436347888204,0.0
06,075,012503,06075012503,125.03,Census Tract 125.03,G5020,S,108926,0,+37.7834657,-122.4105086,Census Tract 125.03; San Francisco County; California,4368,1767,569,242,4,713,1587,136,59,39133,1919,1447,4368,831,466,1503,1405,6,75,12503,San Francisco,0.10892654792091692,0.322014714204867,0.7540385617509119,0.11035653650254669,40100.41705508986,8,1,100.0,304.2442943094938,73.44398728038436,0.0
06,075,017804,06075017804,178.04,Census Tract 178.04,G5020,S,320289,0,+37.7776291,-122.4067243,Census Tract 178.04; San Francisco County; California,3482,2522,329,349,86,769,1775,101,0,124674,1841,849,3482,1178,48,1746,387,6,75,17804,San Francisco,0.3202893412916158,0.13045202220459953,0.46116241173275396,0.04004758128469469,10871.420153909281,10,1,100.0,652.4272755234642,31.22176954023343,0.0
06,085,508403,06085508403,5084.03,Census Tract 5084.03,G5020,S,1272926,0,+37.3556397,-122.0415378,Census Tract 5084.03; Santa Clara County; California,3320,1388,47,702,73,15,940,26,29,249500,988,0,3320,1695,14,1110,275,6,85,508403,Santa Clara,1.2729277874421714,0.03386167146974063,0.0,0.03962536023054755,2608.1605199861556,0,0,0.0,14618.88506882756,0.0,0.0
06,075,017602,06075017602,176.02,Census Tract 176.02,G5020,S,273225,0,+37.7821241,-122.4070181,Census Tract 176.02; San Francisco County; California,3199,2012,289,191,160,549,1333,9,118,69671,1594,1017,3199,938,710,1002,296,6,75,17602,San Francisco,0.2732240959972848,0.14363817097415507,0.6380175658720201,0.06312127236580517,11708.33775960884,17,2,99.99999999999996,273.7112925892139,62.2199880942014,50.4
06,075,061503,06075061503,615.03,Census Tract 615.03,G5020,S,234864,0,+37.7857922,-122.3965353,Census Tract 615.03; San Francisco County; California,3205,2532,309,367,0,1075,1927,248,8,221781,1747,872,3205,1271,25,1427,458,6,75,61503,San Francisco,0.23486472084549564,0.12203791469194313,0.499141385231826,0.10110584518167456,13646.153362081102,5,1,99.99999999999999,577.823579370594,21.288850798878475,0.0
06,075,060703,06075060703,607.03,Census Tract 607.03,G5020,S,346694,0,+37.7749279,-122.3957079,Census Tract 607.03; San Francisco County; California,6256,4498,706,879,12,917,2828,174,70,235371,2763,808,6256,2740,25,2492,662,6,75,60703,San Francisco,0.3466936310260834,0.15695864828812806,0.29243575823380386,0.0542463317029791,18044.750292887067,13,1,100.0,1479.9626100979135,37.49708340913234,0.0
06,075,061402,06075061402,614.02,Census Tract 614.02,G5020,S,393751,0,+37.7565832,-122.3947008,Census Tract 614.02; San Francisco County; California,2331,1603,222,293,48,201,1024,128,16,174675,1163,91,2331,1187,118,625,218,6,75,61402,San Francisco,0.39375180834826,0.13849033063006863,0.07824591573516768,0.08983156581409857,5919.972811752296,8,1,99.99999999999996,2139.6581143887834,20.317367007300888,0.0
06,075,061502,06075061502,615.02,Census Tract 615.02,G5020,S,215314,0,+37.7817147,-122.3929796,Census Tract 615.02; San Francisco County; California,1901,1096,384,150,0,229,915,76,246,93403,1355,604,1901,1312,47,179,227,6,75,61502,San Francisco,0.21531336348331384,0.35036496350364965,0.44575645756457566,0.2937956204379562,8828.99216865061,2,1,99.99999999999996,1118.5381486588224,9.288787131668185,0.0
06,075,017903,06075017903,179.03,Census Tract 179.03,G5020,S,2502565,2519031,+37.8194586,-122.3704229,Census Tract 179.03; San Francisco County; California,3136,1712,609,623,163,126,1575,232,85,96000,626,94,3136,938,500,325,973,6,75,17903,San Francisco,5.021588274745884,0.3557242990654206,0.1501597444089457,0.18516355140186916,624.5036089022444,13,1,70.80632794828496,3775.4073959481284,2.588822358332008,0.0
06,075,045201,06075045201,452.01,Census Tract 452.01,G5020,S,353928,0,+37.7770419,-122.4696013,Census Tract 452.01; San Francisco County; California,3104,1662,529,499,57,81,1352,140,18,139659,1333,327,3104,1203,133,1455,138,6,75,45201,San Francisco,0.3539285318718399,0.31829121540312877,0.245311327831958,0.0950661853188929,8770.132160817091,8,1,99.99999999999997,4578.918720563769,22.60343340416776,0.0
06,075,035102,06075035102,351.02,Census Tract 351.02,G5020,S,543295,0,+37.7547780,-122.4990243,Census Tract 351.02; San Francisco County; California,4458,2147,518,933,198,72,1824,386,12,162721,1307,114,4458,1250,47,2550,194,6,75,35102,San Francisco,0.543295619746231,0.24126688402421984,0.08722264728385616,0.18537494177922684,8205.47753004579,7,1,99.99999999999997,5833.259053200898,12.88432990361609,0.0
06,075,980600,06075980600,9806,Census Tract 9806,G5020,S,2069958,2078453,+37.7231655,-122.3685424,Census Tract 9806; San Francisco County; California,1172,674,127,302,44,3,524,24,8,136250,525,59,1172,119,255,421,226,6,75,980600,San Francisco,4.148411093121552,0.1884272997032641,0.11238095238095239,0.04747774480712166,282.51780590001897,6,1,53.809395977927664,5563.035098292552,1.4463368902731346,0.0
06,081,606800,06081606800,6068,Census Tract 6068,G5020,S,2887440,0,+37.5294842,-122.3377710,Census Tract 6068; San Mateo County; California,3809,1791,62,1152,45,16,1309,118,0,195313,1315,15,3809,1875,0,1467,170,6,81,606800,San Mateo,2.8874377976833743,0.03461753210496929,0.011406844106463879,0.06588498045784479,1319.1626164400861,0,0,0.0,8973.84370556612,0.0,0.0
06,081,606000,06081606000,6060,Census Tract 6060,G5020,S,767869,3615,+37.5813140,-122.3324333,Census Tract 6060; San Mateo County; California,5476,3249,201,1897,359,34,2821,229,0,103813,2453,69,5476,1695,323,1209,1463,6,81,606000,San Mateo,0.771481914927799,0.061865189289012,0.028128821850794947,0.07048322560787934,7098.027697139841,0,0,0.0,5415.433188812578,0.0,0.0
06,081,609100,06081609100,6091,Census Tract 6091,G5020,S,3331093,2037,+37.5092723,-122.2562667,Census Tract 6091; San Mateo County; California,1478,868,47,407,25,15,499,58,4,214038,566,4,1478,852,9,352,122,6,81,609100,San Mateo,3.3331359701338146,0.05414746543778802,0.007067137809187279,0.07142857142857142,443.4262548073198,0,0,0.0,15325.624333714688,0.0,0.0
06,081,610304,06081610304,6103.04,Census Tract 6103.04,G5020,S,2995727,757523,+37.5341910,-122.2577671,Census Tract 6103.04; San Mateo County; California,4497,2306,106,1248,194,0,1602,61,22,188802,1789,88,4497,1908,8,1921,292,6,81,610304,San Mateo,3.7532519000003717,0.04596704249783174,0.049189491335941866,0.035993061578490894,1198.1609867431373,0,0,0.0,14019.0110802815,0.0,0.0
06,081,606100,06081606100,6061,Census Tract 6061,G5020,S,2567202,2677425,+37.5807361,-122.3144888,Census Tract 6061; San Mateo County; California,5091,2693,36,1796,380,50,2412,82,0,138108,1482,70,5091,1014,0,878,2726,6,81,606100,San Mateo,5.244628865120217,0.013367991088005942,0.04723346828609987,0.030449313033791312,970.7073905377869,0,0,0.0,6677.602215410154,0.0,0.0
06,081,606300,06081606300,6063,Census Tract 6063,G5020,S,1019000,0,+37.5653494,-122.3193395,Census Tract 6063; San Mateo County; California,3817,1835,214,962,235,57,1482,133,8,119102,1770,324,3817,1690,64,872,739,6,81,606300,San Mateo,1.0189993492015241,0.11662125340599455,0.18305084745762712,0.0768392370572207,3745.8316366845143,0,0,0.0,7102.31424024804,0.0,0.0
06,081,606400,06081606400,6064,Census Tract 6064,G5020,S,916559,0,+37.5613820,-122.3256207,Census Tract 6064; San Mateo County; California,4739,2426,211,1465,29,30,1816,342,53,147546,2439,238,4739,2168,151,1787,489,6,81,606400,San Mateo,0.916561066837963,0.08697444352844189,0.0975809758097581,0.1628194558944765,5170.413812523196,0,0,0.0,6911.460117161765,0.0,0.0
06,081,603900,06081603900,6039,Census Tract 6039,G5020,S,1971407,0,+37.6141010,-122.4171185,Census Tract 6039; San Mateo County; California,5633,2673,208,1454,516,25,2239,96,21,126188,2101,46,5633,2470,285,1633,1115,6,81,603900,San Mateo,1.9714074230440328,0.07781518892630004,0.021894336030461686,0.04377104377104377,2857.349492629045,0,0,0.0,2220.907288354663,0.0,0.0
06,081,613200,06081613200,6132,Census Tract 6132,G5020,S,40192072,143548,+37.3746166,-122.2171166,Census Tract 6132; San Mateo County; California,6851,2797,37,1396,102,54,1726,57,31,248269,2540,116,6851,5143,4,433,943,6,81,613200,San Mateo,40.33562067335201,0.013228459063282088,0.04566929133858268,0.031462281015373614,169.8498717915145,0,0,0.0,28320.251815691794,0.0,0.0
06,095,253203,06095253203,2532.03,Census Tract 2532.03,G5020,S,1833889,0,+38.3622131,-121.9967680,Census Tract 2532.03; Solano County; California,3922,1724,0,1452,39,33,1554,101,176,89135,1421,18,3922,2200,141,129,959,6,95,253203,Solano,1.8338877606824386,0.0,0.012667135819845179,0.16067285382830626,2138.625974874558,0,0,0.0,38434.42336755429,0.0,0.0
06,095,253402,06095253402,2534.02,Census Tract 2534.02,G5020,S,16728312,22211,+38.4426719,-121.8165138,Census Tract 2534.02; Solano County; California,8310,4279,0,3491,469,59,4076,145,74,90857,2959,123,8310,3506,83,295,3782,6,95,253402,Solano,16.750525201784587,0.0,0.04156809733017911,0.051180182285580744,496.1038474850126,0,0,0.0,47805.859800564875,0.0,0.0
06,095,252903,06095252903,2529.03,Census Tract 2529.03,G5020,S,227823174,822751,+38.4377715,-122.0314619,Census Tract 2529.03; Solano County; California,4508,2052,0,1530,193,34,1772,179,59,117991,1682,0,4508,3066,213,133,807,6,95,252903,Solano,228.6459305876996,0.0,0.0,0.11598440545808966,19.716073618335876,0,0,0.0,47201.92170160843,0.0,0.0
06,081,610202,06081610202,6102.02,Census Tract 6102.02,G5020,S,1706723,22375,+37.4894615,-122.2304251,Census Tract 6102.02; San Mateo County; California,4681,3269,307,1379,231,206,2238,50,7,173125,2226,385,4681,1663,259,1465,948,6,81,610202,San Mateo,1.7290956974446545,0.09391251147139798,0.17295597484276728,0.01743652493117161,2707.195447260565,0,0,0.0,18542.319329781018,0.0,0.0
06,081,603400,06081603400,6034,Census Tract 6034,G5020,S,11576466,0,+37.5945277,-122.4628764,Census Tract 6034; San Mateo County; California,5819,2380,30,1717,61,0,1869,245,27,145809,2101,14,5819,3706,0,604,1012,6,81,603400,San Mateo,11.576460942536237,0.012605042016806723,0.006663493574488339,0.11428571428571428,502.65793914777726,0,0,0.0,6312.677746201692,0.0,0.0
06,081,611800,06081611800,6118,Census Tract 6118,G5020,S,4543407,1540578,+37.4772604,-122.1329779,Census Tract 6118; San Mateo County; California,4558,2252,89,1203,358,89,1897,71,18,116548,1014,22,4558,190,669,242,2726,6,81,611800,San Mateo,6.08398183100444,0.03952042628774423,0.021696252465483234,0.03952042628774423,749.180409575203,0,0,0.0,15755.236026429146,0.0,0.0
06,081,608100,06081608100,6081,Census Tract 6081,G5020,S,725108,124675,+37.5620350,-122.2617686,Census Tract 6081; San Mateo County; California,3564,1927,57,1149,249,3,1486,119,51,209313,1325,6,3564,790,266,1933,182,6,81,608100,San Mateo,0.8497833648835327,0.029579657498702647,0.004528301886792453,0.08822003113648158,4194.010082191318,0,0,0.0,11839.636348342885,0.0,0.0
06,081,613300,06081613300,6133,Census Tract 6133,G5020,S,9295390,0,+37.4406529,-122.2489961,Census Tract 6133; San Mateo County; California,2734,1269,0,749,55,15,852,14,0,250001,847,5,2734,1999,31,292,208,6,81,613300,San Mateo,9.295387863817334,0.0,0.0059031877213695395,0.01103230890464933,294.1243593118049,0,0,0.0,21507.609680395257,0.0,0.0
06,081,607300,06081607300,6073,Census Tract 6073,G5020,S,1294024,0,+37.5342152,-122.3119515,Census Tract 6073; San Mateo County; California,3853,2154,138,1317,93,59,1657,190,34,237321,1255,24,3853,2149,24,934,483,6,81,607300,San Mateo,1.2940223883565418,0.06406685236768803,0.019123505976095617,0.10399257195914577,2977.537355357088,0,0,0.0,9871.037511560806,0.0,0.0
06,081,613600,06081613600,6136,Census Tract 6136,G5020,S,20738364,6143667,+37.5411764,-122.5000467,Census Tract 6136; San Mateo County; California,5814,2883,142,1510,259,15,2085,60,42,165913,2120,44,5814,4035,14,210,1309,6,81,613600,San Mateo,26.882034533543695,0.0492542490461325,0.020754716981132074,0.03537981269510926,216.27827286454928,0,0,0.0,12063.947457074417,0.0,0.0
06,081,600100,06081600100,6001,Census Tract 6001,G5020,S,14582849,2117751,+37.6877413,-122.4084093,Census Tract 6001; San Mateo County; California,5175,2517,163,1588,250,0,2047,159,56,148724,2090,31,5175,1974,1,1887,1151,6,81,600100,San Mateo,16.700596102923466,0.06475963448549861,0.014832535885167464,0.08541914978148589,309.8691788069833,0,0,7.7634418116375405,3997.975877980919,0.0,0.0
06,081,603100,06081603100,6031,Census Tract 6031,G5020,S,7276055,1056576,+37.6187443,-122.4730158,Census Tract 6031; San Mateo County; California,3368,1773,88,1215,54,129,1503,98,10,196447,1132,13,3368,1793,57,598,551,6,81,603100,San Mateo,8.332632464687588,0.049633389734912575,0.011484098939929329,0.06091370558375635,404.1939944276991,0,0,0.0,6408.176458038469,0.0,0.0
06,081,605600,06081605600,6056,Census Tract 6056,G5020,S,8587671,0,+37.5648850,-122.3690847,Census Tract 6056; San Mateo County; California,6032,2533,50,1531,147,21,1866,132,66,250001,1785,39,6032,3036,19,1945,289,6,81,605600,San Mateo,8.587665820057012,0.01973943939992104,0.021848739495798318,0.07816818002368733,702.4027397423756,0,0,0.0,4226.441065493204,0.0,0.0
06,081,604600,06081604600,6046,Census Tract 6046,G5020,S,1422218,0,+37.6002716,-122.4182149,Census Tract 6046; San Mateo County; California,2565,1248,67,731,127,0,939,93,34,158516,873,21,2565,876,0,1362,154,6,81,604600,San Mateo,1.4222189729561674,0.05368589743589743,0.024054982817869417,0.10176282051282051,1803.5197453937024,0,0,0.0,2766.2377688939064,0.0,0.0
06,081,606500,06081606500,6065,Census Tract 6065,G5020,S,1430267,0,+37.5533155,-122.3309357,Census Tract 6065; San Mateo County; California,3479,1618,81,765,78,150,1082,39,0,226875,1338,18,3479,2439,26,557,214,6,81,606500,San Mateo,1.4302635966201709,0.050061804697156986,0.013452914798206279,0.024103831891223733,2432.418757088665,0,0,0.0,7174.426642905979,0.0,0.0
06,081,606600,06081606600,6066,Census Tract 6066,G5020,S,1119340,0,+37.5528991,-122.3170375,Census Tract 6066; San Mateo County; California,3838,2041,129,1238,65,57,1536,154,91,209224,1478,21,3838,2231,0,897,374,6,81,606600,San Mateo,1.1193382622987278,0.06320431161195493,0.014208389715832206,0.12003919647231749,3428.811583835342,0,0,0.0,8096.078957991939,0.0,0.0
06,081,606700,06081606700,6067,Census Tract 6067,G5020,S,1955326,0,+37.5404786,-122.3234600,Census Tract 6067; San Mateo County; California,2497,1278,56,787,54,38,963,74,25,172420,959,44,2497,1358,31,686,235,6,81,606700,San Mateo,1.955325184975379,0.04381846635367762,0.045881126173096975,0.07746478873239436,1277.0254376033322,0,0,0.0,8678.991756417998,0.0,0.0
06,081,606900,06081606900,6069,Census Tract 6069,G5020,S,3436894,0,+37.5199653,-122.3457246,Census Tract 6069; San Mateo County; California,2797,1320,27,724,127,82,969,53,4,250001,931,9,2797,1498,88,853,180,6,81,606900,San Mateo,3.436895215741172,0.020454545454545454,0.00966702470461869,0.04318181818181818,813.8159077965438,0,0,0.0,9628.442634978408,0.0,0.0
06,081,600600,06081600600,6006,Census Tract 6006,G5020,S,769391,0,+37.6975475,-122.4665757,Census Tract 6006; San Mateo County; California,4845,2773,472,1512,400,61,2536,242,28,103567,1502,165,4845,253,26,2627,1795,6,81,600600,San Mateo,0.7693906082190431,0.1702127659574468,0.10985352862849534,0.09736747205192932,6297.191502265704,0,0,31.780484586182713,985.4503184373325,0.0,0.0
06,081,601100,06081601100,6011,Census Tract 6011,G5020,S,976408,0,+37.6921620,-122.4894101,Census Tract 6011; San Mateo County; California,6277,3444,459,2093,360,17,3022,384,46,148381,1873,49,6277,1078,99,3956,592,6,81,601100,San Mateo,0.9764105823088501,0.1332752613240418,0.02616123865456487,0.1248548199767712,6428.648064380063,0,0,0.0,2210.9989798552997,0.0,0.0
06,081,601200,06081601200,6012,Census Tract 6012,G5020,S,1961782,0,+37.6932893,-122.4784394,Census Tract 6012; San Mateo County; California,6754,3657,504,2168,227,41,2992,201,134,133873,2109,100,6754,1790,126,3076,1496,6,81,601200,San Mateo,1.9617818108634728,0.13781788351107466,0.0474158368895211,0.0916051408258135,3442.788572408695,0,0,8.890787798910816,1446.2159175710897,0.0,0.0
06,081,613502,06081613502,6135.02,Census Tract 6135.02,G5020,S,24118359,2262242,+37.5209859,-122.4708313,Census Tract 6135.02; San Mateo County; California,6164,3171,105,2241,101,22,2479,288,38,215336,2434,23,6164,5250,21,230,565,6,81,613502,San Mateo,26.380606886745163,0.033112582781456956,0.009449465899753493,0.10280668558814254,233.65648965024678,0,0,0.0,11479.517300237156,0.0,0.0
06,081,612900,06081612900,6129,Census Tract 6129,G5020,S,1591316,0,+37.4321826,-122.2034339,Census Tract 6129; San Mateo County; California,4441,2022,62,1125,90,14,1394,69,36,250001,1605,35,4441,3053,2,871,317,6,81,612900,San Mateo,1.5913150716563804,0.03066271018793274,0.021806853582554516,0.05192878338278932,2790.7735426507443,0,0,0.0,24094.54979183209,0.0,0.0
06,081,605700,06081605700,6057,Census Tract 6057,G5020,S,8068889,0,+37.5480176,-122.3482411,Census Tract 6057; San Mateo County; California,5226,2360,27,1486,68,0,1687,199,25,250001,1698,29,5226,2762,8,1821,197,6,81,605700,San Mateo,8.068884038182874,0.011440677966101695,0.01707891637220259,0.09491525423728814,647.6732067619233,0,0,0.0,6725.936979522192,0.0,0.0
06,055,201402,06055201402,2014.02,Census Tract 2014.02,G5020,S,31907006,103808,+38.3227889,-122.2248883,Census Tract 2014.02; Napa County; California,2415,1104,8,788,116,16,951,48,9,169028,1021,18,2415,2206,2,20,146,6,55,201402,Napa,32.01081194939934,0.007246376811594203,0.01762977473065622,0.051630434782608696,75.44325972791565,0,0,0.0,39773.46104967861,0.0,0.0
06,055,201403,06055201403,2014.03,Census Tract 2014.03,G5020,S,236012977,2175542,+38.4219801,-122.1823391,Census Tract 2014.03; Napa County; California,739,410,0,250,56,16,322,15,0,198603,259,0,739,580,0,6,31,6,55,201403,Napa,238.18854406107238,0.0,0.0,0.036585365853658534,3.102584143637562,0,0,0.0,47811.59856176673,0.0,0.0
06,055,201101,06055201101,2011.01,Census Tract 2011.01,G5020,S,1730353,0,+38.3068422,-122.3458092,Census Tract 2011.01; Napa County; California,1894,895,21,611,93,13,763,48,36,116226,811,13,1894,1263,21,75,468,6,55,201101,Napa,1.7303536683757366,0.02346368715083799,0.016029593094944512,0.09385474860335195,1094.5739212827377,0,0,0.0,41141.369738796646,0.0,0.0
06,055,201005,06055201005,2010.05,Census Tract 2010.05,G5020,S,29355343,9617125,+38.2033546,-122.2809609,Census Tract 2010.05; Napa County; California,2688,1171,7,892,152,13,1071,70,65,100600,604,13,2688,604,78,686,1039,6,55,201005,Napa,38.97246171520475,0.005977796754910333,0.02152317880794702,0.11528608027327071,68.9717785764429,0,0,0.0,30272.881759500146,0.0,0.0
06,055,201401,06055201401,2014.01,Census Tract 2014.01,G5020,S,102675985,407924,+38.4066026,-122.2800482,Census Tract 2014.01; Napa County; California,2548,1165,21,836,27,29,940,56,106,145682,1122,30,2548,1918,31,17,411,6,55,201401,Napa,103.08393565380635,0.018025751072961373,0.026737967914438502,0.13905579399141632,24.71772137762685,0,0,0.0,48388.90714541193,0.0,0.0
06,097,151800,06097151800,1518,Census Tract 1518,G5020,S,2522624,0,+38.4427045,-122.6913822,Census Tract 1518; Sonoma County; California,4786,2698,43,2001,257,12,2360,88,114,121456,1996,30,4786,3741,71,112,642,6,97,151800,Sonoma,2.522622488710182,0.015937731653076354,0.01503006012024048,0.0748702742772424,1897.2319565925554,0,0,0.0,63553.14925592671,0.0,0.0
06,075,015701,06075015701,157.01,Census Tract 157.01,G5020,S,479211,0,+37.7784855,-122.4507192,Census Tract 157.01; San Francisco County; California,4926,2730,922,746,12,434,2252,204,29,148542,1187,156,4926,2126,171,1445,805,6,75,15701,San Francisco,0.4792127567608341,0.33772893772893775,0.13142375737152484,0.08534798534798535,10279.359074863845,15,1,100.0,3099.69924022034,31.301337012374677,0.0
06,075,015402,06075015402,154.02,Census Tract 154.02,G5020,S,327153,0,+37.7855854,-122.4514018,Census Tract 154.02; San Francisco County; California,2848,1951,403,404,402,28,1237,81,60,231313,1297,116,2848,1836,0,449,434,6,75,15402,San Francisco,0.3271551693706851,0.20656073808303435,0.08943716268311488,0.07227063044592516,8705.349224584792,6,1,100.0,3369.98125182298,18.339921119209535,0.0
06,075,015702,06075015702,157.02,Census Tract 157.02,G5020,S,357460,0,+37.7794926,-122.4443716,Census Tract 157.02; San Francisco County; California,3273,2256,483,704,94,57,1686,63,61,209803,1309,142,3273,1851,73,323,354,6,75,15702,San Francisco,0.3574612846265579,0.21409574468085107,0.10847975553857907,0.0549645390070922,9156.236327576913,11,1,99.99999999999993,2682.0290808905024,30.77256327630493,0.0
06,075,016602,06075016602,166.02,Census Tract 166.02,G5020,S,138982,0,+37.7699467,-122.4511458,Census Tract 166.02; San Francisco County; California,2098,1726,483,293,125,100,1101,100,175,207640,1052,289,2098,1509,209,175,118,6,75,16602,San Francisco,0.13898149141492325,0.27983777520278097,0.2747148288973384,0.1593279258400927,15095.535230202067,6,1,99.99999999999997,2811.9277909084176,43.171216101626506,0.0
06,075,016601,06075016601,166.01,Census Tract 166.01,G5020,S,204186,0,+37.7708668,-122.4449409,Census Tract 166.01; San Francisco County; California,3202,2173,750,335,34,250,1539,116,52,158854,1458,574,3202,2348,112,222,135,6,75,16601,San Francisco,0.2041865105096817,0.3451449608835711,0.3936899862825789,0.07731247123791993,15681.74112975095,11,1,100.0,2304.1538501559403,53.87231493668346,0.0
06,075,012504,06075012504,125.04,Census Tract 125.04,G5020,S,26295,0,+37.7811411,-122.4129545,Census Tract 125.04; San Francisco County; California,612,205,160,0,0,0,177,30,33,25667,340,260,612,67,28,286,187,6,75,12504,San Francisco,0.02629447257073309,0.7804878048780488,0.7647058823529411,0.3073170731707317,23274.85361623808,3,1,100.0,204.82743956339021,114.09241968744156,0.0
06,075,020102,06075020102,201.02,Census Tract 201.02,G5020,S,140244,0,+37.7650522,-122.4196880,Census Tract 201.02; San Francisco County; California,3310,1900,642,473,69,302,1539,42,54,116076,1385,800,3310,1020,285,912,937,6,75,20102,San Francisco,0.1402427953968283,0.33789473684210525,0.5776173285198556,0.05052631578947368,23601.925436769056,8,2,100.0,14.230170621838823,57.04392854808231,50.4
06,081,607100,06081607100,6071,Census Tract 6071,G5020,S,1242286,0,+37.5272105,-122.3046072,Census Tract 6071; San Mateo County; California,2998,1484,116,921,64,0,1127,188,5,250001,1056,30,2998,1747,26,669,353,6,81,607100,San Mateo,1.2422862886876511,0.07816711590296496,0.028409090909090908,0.13005390835579514,2413.2923524150633,0,0,0.0,10883.47009025536,0.0,0.0
06,081,607200,06081607200,6072,Census Tract 6072,G5020,S,1008532,0,+37.5331700,-122.2974907,Census Tract 6072; San Mateo County; California,4424,2635,482,1463,178,169,2292,258,25,118848,1689,153,4424,1428,36,1211,1586,6,81,607200,San Mateo,1.0085329138983885,0.18292220113851992,0.0905861456483126,0.10740037950664137,4386.5697777769565,0,0,0.0,10845.940397251325,0.0,0.0
06,081,607400,06081607400,6074,Census Tract 6074,G5020,S,1133446,0,+37.5442997,-122.3122363,Census Tract 6074; San Mateo County; California,4799,2596,273,1290,274,95,2045,149,33,149028,1983,217,4799,2333,14,1200,854,6,81,607400,San Mateo,1.1334436071440464,0.1051617873651772,0.10943015632879476,0.07010785824345146,4233.99979474242,0,0,0.0,9050.479099073698,0.0,0.0
06,081,607500,06081607500,6075,Census Tract 6075,G5020,S,1962254,0,+37.5467322,-122.2997355,Census Tract 6075; San Mateo County; California,6214,3675,456,1791,161,282,2746,186,46,202120,2511,192,6214,1680,246,2453,1569,6,81,607500,San Mateo,1.9622533751475126,0.12408163265306123,0.07646356033452807,0.06312925170068028,3166.7673903391105,0,0,0.0,9713.24480189484,0.0,0.0
06,013,304002,06013304002,3040.02,Census Tract 3040.02,G5020,S,85051380,11433541,+37.8583363,-121.6220116,Census Tract 3040.02; Contra Costa County; California,1997,750,0,580,118,23,721,244,49,78304,577,17,1997,1117,2,51,818,6,13,304002,Contra Costa,96.48492718812089,0.0,0.029462738301559793,0.39066666666666666,20.69753336815357,0,0,0.0,21888.743583145242,0.0,0.0
06,075,020802,06075020802,208.02,Census Tract 208.02,G5020,S,138386,0,+37.7618332,-122.4193778,Census Tract 208.02; San Francisco County; California,2523,1797,515,362,0,89,1492,107,48,119030,1162,533,2523,1100,32,367,956,6,75,20802,San Francisco,0.13838530627690057,0.2865887590428492,0.45869191049913943,0.08625486922648859,18231.704419193396,4,1,100.0,372.9987072641423,28.904802884175027,0.0
06,075,020801,06075020801,208.01,Census Tract 208.01,G5020,S,207712,0,+37.7578341,-122.4189960,Census Tract 208.01; San Francisco County; California,3743,2253,859,548,38,244,1908,84,133,101696,1511,590,3743,1054,227,508,1698,6,75,20801,San Francisco,0.20771210203452742,0.3812694185530404,0.39046988749172734,0.09631602308033733,18020.13442325961,3,1,99.99999999999999,603.1083312711999,14.443067932080906,0.0
06,075,061401,06075061401,614.01,Census Tract 614.01,G5020,S,413811,0,+37.7537616,-122.3999432,Census Tract 614.01; San Francisco County; California,2989,1398,265,468,57,45,962,162,12,139038,1468,406,2989,1581,127,519,442,6,75,61401,San Francisco,0.4138099313381906,0.18955650929899856,0.276566757493188,0.12446351931330472,7223.122921033057,23,1,99.99999999999999,1634.6801163426917,55.58107299557053,0.0
06,075,020702,06075020702,207.02,Census Tract 207.02,G5020,S,138854,0,+37.7615686,-122.4237834,Census Tract 207.02; San Francisco County; California,2248,1545,454,312,98,154,1061,29,0,144048,1198,596,2248,1186,24,466,510,6,75,20702,San Francisco,0.1388545390342159,0.29385113268608415,0.4974958263772955,0.018770226537216828,16189.603995920206,4,1,100.0,535.179123730784,28.80712454790072,0.0
06,075,060702,06075060702,607.02,Census Tract 607.02,G5020,S,548503,0,+37.7680890,-122.4003072,Census Tract 607.02; San Francisco County; California,1945,1299,230,668,51,179,1157,93,17,141333,1030,342,1945,918,20,594,202,6,75,60702,San Francisco,0.5485031467620307,0.17705927636643573,0.3320388349514563,0.08468052347959969,3546.0142963297208,17,1,99.99999999999996,1727.7118994533218,30.993441150439722,0.0
06,081,607701,06081607701,6077.01,Census Tract 6077.01,G5020,S,1231412,0,+37.5711424,-122.3033906,Census Tract 6077.01; San Mateo County; California,4298,2395,198,1528,199,0,1955,130,0,149333,1388,32,4298,1044,17,1310,1379,6,81,607701,San Mateo,1.2314162827887767,0.0826722338204593,0.023054755043227664,0.054279749478079335,3490.290050628826,0,0,0.0,8036.583573227468,0.0,0.0
06,081,607702,06081607702,6077.02,Census Tract 6077.02,G5020,S,619407,0,+37.5649305,-122.3026880,Census Tract 6077.02; San Mateo County; California,3299,1457,77,1038,142,22,1301,89,12,152875,833,28,3299,852,79,799,1034,6,81,607702,San Mateo,0.6194070057086211,0.05284831846259437,0.03361344537815126,0.06932052161976665,5326.061813307779,0,0,0.0,8393.14752344677,0.0,0.0
06,081,607800,06081607800,6078,Census Tract 6078,G5020,S,1034694,29260,+37.5604085,-122.2954266,Census Tract 6078; San Mateo County; California,3432,1670,27,1004,152,20,1208,73,7,177014,1111,14,3432,1390,88,1118,594,6,81,607800,San Mateo,1.0639542218067364,0.016167664670658683,0.012601260126012601,0.04790419161676647,3225.70269439977,0,0,0.0,9217.422265180046,0.0,0.0
06,081,607900,06081607900,6079,Census Tract 6079,G5020,S,1335448,292996,+37.5615414,-122.2864296,Census Tract 6079; San Mateo County; California,3182,1927,109,1087,124,87,1447,120,28,133802,1713,98,3182,1633,109,1045,237,6,81,607900,San Mateo,1.6284430639177272,0.05656460819927348,0.057209573847051956,0.07680332122470161,1954.0136652642357,0,0,0.0,9850.357447962495,0.0,0.0
06,081,608002,06081608002,6080.02,Census Tract 6080.02,G5020,S,850705,302827,+37.5485489,-122.2676162,Census Tract 6080.02; San Mateo County; California,3551,1530,41,777,106,18,1002,55,29,210179,1307,10,3551,1223,23,1721,304,6,81,608002,San Mateo,1.153534169449195,0.02679738562091503,0.0076511094108645756,0.054901960784313725,3078.365681786071,0,0,0.0,11992.467640108665,0.0,0.0
06,075,012001,06075012001,120.01,Census Tract 120.01,G5020,S,62922,0,+37.7884288,-122.4186288,Census Tract 120.01; San Francisco County; California,1912,1395,307,131,53,395,1027,62,18,87796,1110,727,1912,608,23,470,390,6,75,12001,San Francisco,0.0629215505231696,0.22007168458781362,0.6549549549549549,0.05734767025089606,30387.045203152524,8,1,99.99999999999999,1074.4573292622388,127.14244854875534,0.0
06,075,010101,06075010101,101.01,Census Tract 101.01,G5020,S,667587,676264,+37.8083492,-122.4093204,Census Tract 101.01; San Francisco County; California,2121,1022,244,179,15,106,581,13,0,83816,1222,486,2121,705,150,897,265,6,75,10101,San Francisco,1.3438515832990934,0.23874755381604695,0.397708674304419,0.012720156555772993,1578.2992901589946,25,1,100.0,2137.519082530022,18.603244815641144,0.0
06,075,010102,06075010102,101.02,Census Tract 101.02,G5020,S,79556,0,+37.8046900,-122.4139437,Census Tract 101.02; San Francisco County; California,1908,841,265,264,26,98,670,82,0,-666666666,922,354,1908,469,338,775,286,6,75,10102,San Francisco,0.0795558850186787,0.3151010701545779,0.3839479392624729,0.09750297265160524,23983.14090217243,7,1,100.0,1987.28375275099,87.98846242935377,0.0
06,075,060701,06075060701,607.01,Census Tract 607.01,G5020,S,1218377,817817,+37.7743735,-122.3835948,Census Tract 607.01; San Francisco County; California,7879,5217,1113,927,286,928,3394,278,578,222692,3168,806,7879,1713,993,4077,625,6,75,60701,San Francisco,2.0361923214055873,0.21334100057504313,0.25441919191919193,0.16407897258961088,3869.4773166422274,16,1,98.24912418166541,2127.621633194825,7.857803917537205,0.0
06,075,033001,06075033001,330.01,Census Tract 330.01,G5020,S,575942,0,+37.7404650,-122.4907650,Census Tract 330.01; San Francisco County; California,4075,2143,617,766,100,130,1748,260,10,148239,1360,23,4075,1109,95,2435,226,6,75,33001,San Francisco,0.575943332658421,0.28791413905739616,0.016911764705882352,0.12599160055996267,7075.348856268105,15,1,100.0,4031.1163014206677,26.044228918778302,0.0
06,075,033002,06075033002,330.02,Census Tract 330.02,G5020,S,931475,8871,+37.7381305,-122.4812569,Census Tract 330.02; San Francisco County; California,4288,2257,505,725,228,109,1581,220,0,173281,1524,141,4288,1664,0,1877,398,6,75,33002,San Francisco,0.9403462404366028,0.22374833850243686,0.09251968503937008,0.0974745237040319,4560.022484919046,7,1,99.99999999999996,3541.8400677265986,7.444066556537622,0.0
06,075,031401,06075031401,314.01,Census Tract 314.01,G5020,S,329171,0,+37.7128911,-122.4571078,Census Tract 314.01; San Francisco County; California,2533,1292,336,621,158,6,1164,90,17,97143,616,74,2533,329,197,1334,555,6,75,31401,San Francisco,0.3291703878695836,0.26006191950464397,0.12012987012987013,0.08281733746130031,7695.102880893307,15,1,99.99999999999997,1271.8799236863338,45.56910509806538,0.0
06,075,025501,06075025501,255.01,Census Tract 255.01,G5020,S,536658,0,+37.7256849,-122.4411925,Census Tract 255.01; San Francisco County; California,4397,2308,746,516,95,3,1815,420,19,150438,1071,21,4397,812,144,1680,1439,6,75,25501,San Francisco,0.536658046189345,0.32322357019064124,0.0196078431372549,0.19020797227036396,8193.299310840184,8,1,100.0,702.3379234672775,14.907071750448369,0.0
06,075,010202,06075010202,102.02,Census Tract 102.02,G5020,S,331839,295796,+37.8106454,-122.4245951,Census Tract 102.02; San Francisco County; California,1859,1406,352,234,60,278,1022,21,27,208750,1084,173,1859,1179,58,329,63,6,75,10202,San Francisco,0.627635615814077,0.2503556187766714,0.1595940959409594,0.034139402560455195,2961.9096704523013,22,1,100.0,2736.983824857758,35.05218544913966,0.0
06,075,061504,06075061504,615.04,Census Tract 615.04,G5020,S,95344,0,+37.7852562,-122.3924125,Census Tract 615.04; San Francisco County; California,1567,1187,108,156,17,363,675,94,0,247063,815,161,1567,433,5,967,46,6,75,61504,San Francisco,0.09534312323991187,0.09098567818028644,0.19754601226993865,0.07919123841617523,16435.375166565063,0,0,99.99999999999994,913.0352372745585,0.0,0.0
06,075,061507,06075061507,615.07,Census Tract 615.07,G5020,S,336431,299328,+37.7907617,-122.3891967,Census Tract 615.07; San Francisco County; California,1772,1337,381,67,37,675,1160,90,50,118370,742,487,1772,374,0,1082,316,6,75,61507,San Francisco,0.635761444845789,0.2849663425579656,0.6563342318059299,0.10471204188481675,2787.2089670832715,23,2,99.99999999999993,636.454320687913,36.17709155920725,50.4
06,075,025502,06075025502,255.02,Census Tract 255.02,G5020,S,540288,0,+37.7304262,-122.4333557,Census Tract 255.02; San Francisco County; California,3846,1935,537,818,170,12,1551,105,0,161400,1238,155,3846,1295,102,1543,657,6,75,25502,San Francisco,0.5402848832163898,0.2775193798449612,0.12520193861066237,0.05426356589147287,7118.4667931189115,21,1,99.99999999999991,309.9412118443872,38.86838342576629,0.0
06,075,016101,06075016101,161.01,Census Tract 161.01,G5020,S,122728,0,+37.7795615,-122.4319544,Census Tract 161.01; San Francisco County; California,2355,788,278,128,0,67,528,84,12,28522,1555,882,2355,1007,358,749,155,6,75,16101,San Francisco,0.12272820654331275,0.35279187817258884,0.5672025723472669,0.1218274111675127,19188.742884211242,7,1,100.0,1589.8998954677013,57.036603052857195,0.0
06,075,990200,06075990200,9902,Census Tract 9902,G5020,S,0,121097323,+37.8046349,-122.3728662,Census Tract 9902; San Francisco County; California,0,0,0,0,0,0,0,0,0,-666666666,0,0,0,0,0,0,0,6,75,990200,San Francisco,121.09734284610158,,,,0.0,0,0,3.3567302939431714,2501.750911805747,0.0,0.0
06,075,016102,06075016102,161.02,Census Tract 161.02,G5020,S,246170,0,+37.7801932,-122.4270222,Census Tract 161.02; San Francisco County; California,2618,875,542,272,0,36,863,142,0,-666666666,1179,654,2618,311,1127,569,312,6,75,16102,San Francisco,0.24617169419378518,0.6194285714285714,0.55470737913486,0.16228571428571428,10634.853891605924,6,1,99.99999999999999,1158.9695589309001,24.373232753871484,0.0
06,075,012801,06075012801,128.01,Census Tract 128.01,G5020,S,298228,0,+37.7974428,-122.4438958,Census Tract 128.01; San Francisco County; California,2591,1549,198,428,207,159,1034,144,0,250001,1213,230,2591,1880,0,158,407,6,75,12801,San Francisco,0.2982252604536796,0.12782440284054228,0.18961253091508656,0.09296320206584893,8688.063499578819,9,1,100.0,3312.0475754964996,30.178530102743867,0.0
06,075,010402,06075010402,104.02,Census Tract 104.02,G5020,S,193510,0,+37.8018998,-122.4052575,Census Tract 104.02; San Francisco County; California,2077,1290,192,233,0,283,749,105,42,202050,1293,459,2077,1325,9,395,181,6,75,10402,San Francisco,0.19350999840926003,0.14883720930232558,0.35498839907192575,0.11395348837209303,10733.295525160882,14,1,99.99999999999999,1242.133555972974,72.34768288505168,0.0
06,075,061101,06075061101,611.01,Census Tract 611.01,G5020,S,197478,0,+37.7956249,-122.4033562,Census Tract 611.01; San Francisco County; California,1861,638,152,48,0,391,596,89,21,19531,910,615,1861,45,12,1711,15,6,75,61101,San Francisco,0.1974810834034249,0.23824451410658307,0.6758241758241759,0.1724137931034483,9423.687413129337,12,1,100.0,635.615252801877,60.76531378697047,0.0
06,075,047904,06075047904,479.04,Census Tract 479.04,G5020,S,774489,4096057,+37.7824917,-122.5098754,Census Tract 479.04; San Francisco County; California,3145,1486,353,644,45,0,1073,151,46,84880,1407,506,3145,1799,62,509,320,6,75,47904,San Francisco,4.870547733171928,0.23755047106325708,0.35963041933191187,0.1325706594885599,645.7179299527836,11,1,28.442628687293485,8854.87804743055,2.258472886957272,0.0
06,075,061102,06075061102,611.02,Census Tract 611.02,G5020,S,42382,0,+37.7954828,-122.4073658,Census Tract 611.02; San Francisco County; California,2393,931,193,203,31,425,877,82,58,27450,969,671,2393,0,70,2110,79,6,75,61102,San Francisco,0.04238334399545611,0.20730397422126745,0.6924664602683178,0.15037593984962405,56460.85878114176,3,1,100.0,859.744714658633,70.78252250038666,0.0
06,075,061501,06075061501,615.01,Census Tract 615.01,G5020,S,416352,0,+37.7878384,-122.4001079,Census Tract 615.01; San Francisco County; California,1656,1064,103,240,0,552,938,17,0,239147,1104,335,1656,767,0,724,36,6,75,61501,San Francisco,0.4163532492124575,0.09680451127819549,0.30344202898550726,0.015977443609022556,3977.391801630863,32,2,100.0,193.12207152612513,76.85781259190074,50.4
06,075,012403,06075012403,124.03,Census Tract 124.03,G5020,S,45994,0,+37.7829458,-122.4166093,Census Tract 124.03; San Francisco County; California,2431,1112,485,205,61,184,1023,55,25,34732,1190,896,2431,446,45,1201,577,6,75,12403,San Francisco,0.04599478383895161,0.43615107913669066,0.7529411764705882,0.07194244604316546,52853.81943552605,6,1,100.0,456.83372321913,130.4495749128574,0.0
06,075,047903,06075047903,479.03,Census Tract 479.03,G5020,S,392133,0,+37.7754210,-122.5037400,Census Tract 479.03; San Francisco County; California,3981,2032,331,624,372,71,1484,101,24,147768,1436,144,3981,1666,59,1840,272,6,75,47903,San Francisco,0.39213374902679665,0.16289370078740156,0.10027855153203342,0.061515748031496065,10152.148367438673,9,1,100.0,7475.208237224003,22.951352752310488,0.0
06,075,035101,06075035101,351.01,Census Tract 351.01,G5020,S,382398,0,+37.7616792,-122.4993329,Census Tract 351.01; San Francisco County; California,4018,1938,241,877,174,9,1722,69,20,98580,1552,246,4018,1736,154,1262,584,6,75,35101,San Francisco,0.38239776880750354,0.12435500515995872,0.15850515463917525,0.04592363261093911,10507.383483251007,5,1,99.99999999999997,6363.395496380904,13.07539009861997,0.0
06,075,061506,06075061506,615.06,Census Tract 615.06,G5020,S,112895,0,+37.7876594,-122.3910165,Census Tract 615.06; San Francisco County; California,4541,3811,323,405,51,1076,2134,68,264,250001,2696,569,4541,1721,50,2398,316,6,75,61506,San Francisco,0.11289413383290803,0.08475465757019154,0.211053412462908,0.08711624245604828,40223.524870840745,1,1,100.0,773.1618709431347,8.857856170632184,0.0
06,075,061505,06075061505,615.05,Census Tract 615.05,G5020,S,21283,0,+37.7891027,-122.3906438,Census Tract 615.05; San Francisco County; California,1061,852,110,151,129,123,540,207,0,250001,524,17,1061,317,79,572,70,6,75,61505,San Francisco,0.021283163168750965,0.12910798122065728,0.03244274809160305,0.24295774647887325,49851.61235609069,0,0,100.0,691.3162033152076,0.0,0.0
06,075,045202,06075045202,452.02,Census Tract 452.02,G5020,S,238296,0,+37.7772373,-122.4656240,Census Tract 452.02; San Francisco County; California,3358,1948,466,656,87,81,1465,182,17,154375,1419,363,3358,1816,57,1110,204,6,75,45202,San Francisco,0.23829632890185565,0.23921971252566734,0.2558139534883721,0.10215605749486653,14091.698413797305,12,1,99.99999999999997,4251.870981467476,50.35746901893021,0.0
06,075,012406,06075012406,124.06,Census Tract 124.06,G5020,S,62825,0,+37.7830940,-122.4192115,Census Tract 124.06; San Francisco County; California,1533,725,161,87,0,353,632,12,0,32589,979,774,1533,475,190,554,237,6,75,12406,San Francisco,0.06282583460985704,0.22206896551724137,0.7906026557711952,0.016551724137931035,24400.79004950426,7,1,99.99999999999999,619.7426938917645,111.41913264613818,0.0
06,075,012404,06075012404,124.04,Census Tract 124.04,G5020,S,45978,0,+37.7831562,-122.4149685,Census Tract 124.04; San Francisco County; California,2586,1182,559,56,0,319,1182,17,0,27852,1532,1312,2586,790,247,557,922,6,75,12404,San Francisco,0.04597763608991007,0.47292724196277497,0.856396866840731,0.014382402707275803,56244.73591776298,2,1,100.0,423.00682210159175,43.499409062461694,0.0
06,075,017604,06075017604,176.04,Census Tract 176.04,G5020,S,111719,0,+37.7798582,-122.4117434,Census Tract 176.04; San Francisco County; California,3146,1925,438,208,13,671,1668,41,0,100036,2040,1404,3146,979,385,807,784,6,75,17604,San Francisco,0.11171877609535905,0.22753246753246753,0.6882352941176471,0.0212987012987013,28159.993422365187,13,2,99.99999999999997,188.877137911951,116.36360918332723,50.4
06,075,015401,06075015401,154.01,Census Tract 154.01,G5020,S,392339,0,+37.7833424,-122.4507276,Census Tract 154.01; San Francisco County; California,3338,2239,639,380,166,175,1496,120,40,133925,1697,372,3338,1550,1,1264,298,6,75,15401,San Francisco,0.3923384769212423,0.28539526574363555,0.21921037124337064,0.07146047342563644,8507.95982640792,13,1,99.99999999999996,3269.753543575803,33.13465480626212,0.0
06,075,010901,06075010901,109.01,Census Tract 109.01,G5020,S,122908,0,+37.7982726,-122.4188607,Census Tract 109.01; San Francisco County; California,2007,1519,451,403,73,198,1291,129,0,183194,1045,440,2007,1221,11,419,266,6,75,10901,San Francisco,0.12290858744434252,0.2969058591178407,0.42105263157894735,0.08492429229756418,16329.20890014168,13,1,99.99999999999997,1818.556125975985,105.76966402682703,0.0
06,075,012204,06075012204,122.04,Census Tract 122.04,G5020,S,46065,0,+37.7859515,-122.4155341,Census Tract 122.04; San Francisco County; California,2720,1547,271,107,22,734,1257,0,29,62704,1598,1416,2720,1058,0,772,803,6,75,12204,San Francisco,0.0460651057089374,0.17517776341305752,0.886107634543179,0.01874595992243051,59046.863306606385,2,1,100.0,731.1044599873321,43.416811254857635,0.0
06,075,015202,06075015202,152.02,Census Tract 152.02,G5020,S,186159,0,+37.7877048,-122.4319111,Census Tract 152.02; San Francisco County; California,2212,1425,305,265,26,208,947,18,0,146250,1022,401,2212,1058,460,465,177,6,75,15202,San Francisco,0.1861600808892544,0.21403508771929824,0.3923679060665362,0.01263157894736842,11882.246663375197,6,1,100.0,1832.306639635498,32.23032548835949,0.0
06,075,010902,06075010902,109.02,Census Tract 109.02,G5020,S,127739,0,+37.7978102,-122.4221947,Census Tract 109.02; San Francisco County; California,2502,1849,213,296,68,223,1008,54,39,137141,1363,787,2502,1673,45,406,272,6,75,10902,San Francisco,0.12773861579448192,0.11519740400216333,0.5774027879677183,0.05029745808545159,19586.872649578858,9,1,99.99999999999997,1959.015547608464,70.45637643733403,0.0
06,075,015201,06075015201,152.01,Census Tract 152.01,G5020,S,93037,0,+37.7883324,-122.4269759,Census Tract 152.01; San Francisco County; California,1612,996,260,319,139,108,843,80,13,92254,1049,547,1612,1031,58,350,64,6,75,15201,San Francisco,0.09303588041587849,0.26104417670682734,0.5214489990467112,0.09337349397590361,17326.648523066797,1,1,100.0,1517.1905110646346,10.748541267411163,0.0
06,075,020701,06075020701,207.01,Census Tract 207.01,G5020,S,208251,0,+37.7575672,-122.4233994,Census Tract 207.01; San Francisco County; California,3139,2233,532,388,22,431,1583,116,65,246500,1326,347,3139,1684,137,463,502,6,75,20701,San Francisco,0.20824967328734859,0.23824451410658307,0.2616892911010558,0.08105687416032244,15073.252939363425,0,0,99.99999999999999,715.2736940059297,0.0,0.0
06,075,011001,06075011001,110.01,Census Tract 110.01,G5020,S,118009,0,+37.7934678,-122.4196321,Census Tract 110.01; San Francisco County; California,2618,1836,416,291,78,406,1369,41,12,114137,1446,735,2618,1356,27,1145,68,6,75,11001,San Francisco,0.11800737029729444,0.22657952069716775,0.508298755186722,0.02886710239651416,22185.05499617953,6,1,100.0,1456.6005008662958,50.844281885820166,0.0
06,075,011102,06075011102,111.02,Census Tract 111.02,G5020,S,125690,0,+37.7898365,-122.4189044,Census Tract 111.02; San Francisco County; California,2218,1524,375,147,0,631,1394,61,77,92000,1362,1002,2218,927,144,734,297,6,75,11102,San Francisco,0.12569012600114324,0.24606299212598426,0.73568281938326,0.09055118110236221,17646.573128423992,7,1,100.0,1165.7997920450637,55.692521144710526,0.0
06,075,012002,06075012002,120.02,Census Tract 120.02,G5020,S,62307,0,+37.7874957,-122.4184249,Census Tract 120.02; San Francisco County; California,2102,1187,256,102,123,312,1035,94,43,53125,1339,991,2102,765,160,595,544,6,75,12002,San Francisco,0.06230782765751827,0.21566975568660487,0.7401045556385362,0.11541701769165964,33735.72918564696,2,1,100.0,979.7056169510552,32.098695704706905,0.0
06,075,010401,06075010401,104.01,Census Tract 104.01,G5020,S,142234,0,+37.8027796,-122.4106880,Census Tract 104.01; San Francisco County; California,2437,1144,91,308,83,284,863,37,0,173750,996,337,2437,1461,8,362,448,6,75,10401,San Francisco,0.1422341595021525,0.07954545454545454,0.33835341365461846,0.032342657342657344,17133.71814850932,11,1,99.99999999999993,1632.601928834546,77.33725877455993,0.0
06,075,010701,06075010701,107.01,Census Tract 107.01,G5020,S,97964,0,+37.7974989,-122.4092568,Census Tract 107.01; San Francisco County; California,3424,1270,612,172,0,314,1100,153,67,24085,1886,1589,3424,69,0,3247,54,6,75,10701,San Francisco,0.09796489861240676,0.4818897637795276,0.8425238600212089,0.1732283464566929,34951.29427476759,9,1,100.0,1138.8111406363168,91.86964032503164,0.0
06,075,010702,06075010702,107.02,Census Tract 107.02,G5020,S,85204,0,+37.7996811,-122.4109547,Census Tract 107.02; San Francisco County; California,1458,883,167,113,57,325,708,66,41,77524,675,358,1458,344,0,796,205,6,75,10702,San Francisco,0.0852026260450597,0.18912797281993204,0.5303703703703704,0.12117780294450736,17112.148623552188,11,1,100.0,1422.9852165610362,129.10400196095614,0.0
06,075,011002,06075011002,110.02,Census Tract 110.02,G5020,S,121170,0,+37.7952617,-122.4199592,Census Tract 110.02; San Francisco County; California,1907,1279,147,263,115,424,1037,52,0,-666666666,1212,465,1907,1051,0,686,65,6,75,11002,San Francisco,0.1211697803311752,0.11493354182955434,0.38366336633663367,0.040656763096168884,15738.247562947483,18,1,100.0,1617.2214902049986,148.55189099793114,0.0
06,075,012203,06075012203,122.03,Census Tract 122.03,G5020,S,45984,0,+37.7857412,-122.4171743,Census Tract 122.03; San Francisco County; California,1763,725,220,89,0,274,694,140,13,33750,1091,896,1763,960,154,344,226,6,75,12203,San Francisco,0.045983888615350146,0.30344827586206896,0.8212648945921174,0.2110344827586207,38339.5152756064,3,1,100.0,757.0499765945093,65.24024153534837,0.0
06,075,031402,06075031402,314.02,Census Tract 314.02,G5020,S,441372,0,+37.7160857,-122.4571712,Census Tract 314.02; San Francisco County; California,4545,2503,527,1084,305,23,1978,87,105,139643,1232,207,4545,566,368,2478,1007,6,75,31402,San Francisco,0.4413709811762824,0.2105473431881742,0.1680194805194805,0.07670795045944866,10297.459946023817,8,1,99.99999999999996,1058.722973944423,18.12534203920584,0.0
06,075,013401,06075013401,134.01,Census Tract 134.01,G5020,S,177880,0,+37.7901590,-122.4383313,Census Tract 134.01; San Francisco County; California,1370,863,222,256,61,21,723,71,14,197581,755,161,1370,816,4,134,173,6,75,13401,San Francisco,0.17787889246458335,0.2572421784472769,0.21324503311258278,0.0984936268829664,7701.869406864979,7,1,100.0,2458.1089325568805,39.35261740733931,0.0
06,075,013402,06075013402,134.02,Census Tract 134.02,G5020,S,176296,0,+37.7895361,-122.4432888,Census Tract 134.02; San Francisco County; California,2107,1353,215,473,106,20,903,75,0,213607,1164,198,2107,1669,115,86,145,6,75,13402,San Francisco,0.17629667811812952,0.1589061345158906,0.17010309278350516,0.05543237250554324,11951.444703842812,3,1,100.0,2819.177630475215,17.016769867835045,0.0
06,075,012802,06075012802,128.02,Census Tract 128.02,G5020,S,199611,0,+37.7983583,-122.4385354,Census Tract 128.02; San Francisco County; California,2027,1336,262,176,53,69,771,37,18,250001,925,181,2027,1456,3,158,365,6,75,12802,San Francisco,0.19961077458596962,0.19610778443113772,0.19567567567567568,0.04116766467065868,10154.762458110692,10,1,100.0,3019.9890991020247,50.09749609329399,0.0
06,075,013002,06075013002,130.02,Census Tract 130.02,G5020,S,184367,0,+37.7968323,-122.4337546,Census Tract 130.02; San Francisco County; California,2609,1767,397,302,51,159,975,266,7,210637,1236,419,2609,1794,0,262,215,6,75,13002,San Francisco,0.18436677906522453,0.2246745897000566,0.3389967637540453,0.15449915110356535,14151.139447291633,8,1,100.0,2605.6448832278847,43.39176526574667,0.0
06,075,020202,06075020202,202.02,Census Tract 202.02,G5020,S,197727,0,+37.7687818,-122.4242369,Census Tract 202.02; San Francisco County; California,4113,2875,904,320,14,180,1826,107,29,164327,2024,925,4113,2066,212,590,683,6,75,20202,San Francisco,0.19772831571079125,0.3144347826086957,0.45701581027667987,0.04730434782608696,20801.269586577117,3,1,100.0,562.255446299331,15.172333761179516,0.0
06,075,020601,06075020601,206.01,Census Tract 206.01,G5020,S,321062,0,+37.7609052,-122.4300824,Census Tract 206.01; San Francisco County; California,3044,2217,773,411,183,80,1576,79,53,149781,1443,537,3044,1957,119,536,320,6,75,20601,San Francisco,0.32106091549707183,0.34866937302661255,0.37214137214137216,0.05953991880920163,9481.066841434837,14,1,100.0,1025.1282697830575,43.60543225364248,0.0
06,075,020201,06075020201,202.01,Census Tract 202.01,G5020,S,140617,0,+37.7647879,-122.4240946,Census Tract 202.01; San Francisco County; California,1920,1314,464,166,84,102,1052,66,84,116103,1063,519,1920,880,123,263,588,6,75,20201,San Francisco,0.14061841820195928,0.3531202435312024,0.48824082784571965,0.1141552511415525,13653.972392453268,1,1,100.0,384.1995176351059,7.111443954402743,0.0
06,075,061508,06075061508,615.08,Census Tract 615.08,G5020,S,214282,165959,+37.7860679,-122.3863351,Census Tract 615.08; San Francisco County; California,2222,1271,331,71,0,473,986,61,0,171915,1090,382,2222,945,26,937,251,6,75,61508,San Francisco,0.3802385306544039,0.26042486231313927,0.3504587155963303,0.04799370574350905,5843.700258824007,4,1,99.99999999999993,1247.9113157031386,10.519712437126925,0.0
06,075,013001,06075013001,130.01,Census Tract 130.01,G5020,S,181456,0,+37.7976627,-122.4272277,Census Tract 130.01; San Francisco County; California,1592,1201,203,445,90,148,1116,87,4,191541,896,245,1592,1354,0,177,48,6,75,13001,San Francisco,0.181455457211405,0.16902581182348042,0.2734375,0.07577019150707744,8773.50300986119,5,1,100.0,2266.8695585435767,27.554971764639415,0.0
06,075,010201,06075010201,102.01,Census Tract 102.01,G5020,S,186873,0,+37.8013029,-122.4212147,Census Tract 102.01; San Francisco County; California,2473,1728,250,279,59,265,998,117,59,147427,1308,432,2473,1759,185,175,266,6,75,10201,San Francisco,0.18687028248105308,0.14467592592592593,0.3302752293577982,0.10185185185185185,13233.778892857077,10,1,100.0,2183.761114904543,53.51305658251952,0.0
06,075,011101,06075011101,111.01,Census Tract 111.01,G5020,S,121412,0,+37.7916822,-122.4192656,Census Tract 111.01; San Francisco County; California,2502,1818,473,298,45,484,1454,202,109,116897,1495,804,2502,1036,70,1073,228,6,75,11101,San Francisco,0.12141137113383124,0.2601760176017602,0.5377926421404682,0.17106710671067107,20607.624941835606,17,1,99.99999999999997,1305.1280471349,140.01983373749212,0.0
06,081,608023,06081608023,6080.23,Census Tract 6080.23,G5020,S,805954,119028,+37.5411567,-122.2711431,Census Tract 6080.23; San Mateo County; California,2366,1109,58,586,79,7,747,50,58,234659,773,9,2366,828,6,1220,254,6,81,608023,San Mateo,0.9249821174167319,0.05229936880072137,0.01164294954721863,0.09738503155996393,2557.887288251268,0,0,0.0,12160.171614100245,0.0,0.0
06,081,608200,06081608200,6082,Census Tract 6082,G5020,S,1018269,114412,+37.5683879,-122.2596172,Census Tract 6082; San Mateo County; California,3798,1816,71,1039,244,8,1397,151,30,166250,1422,44,3798,1055,83,1555,652,6,81,608200,San Mateo,1.132685441641881,0.03909691629955947,0.030942334739803096,0.09966960352422907,3353.09333056724,0,0,0.0,11813.974841570498,0.0,0.0
06,081,608300,06081608300,6083,Census Tract 6083,G5020,S,1002073,541758,+37.5590519,-122.2489100,Census Tract 6083; San Mateo County; California,3196,1709,28,1169,108,1,1318,73,23,188594,1289,70,3196,741,61,2088,178,6,81,608300,San Mateo,1.543830261836683,0.016383850204798128,0.05430566330488751,0.056173200702165006,2070.1757693217796,0,0,0.0,13001.90554629601,0.0,0.0
06,081,608400,06081608400,6084,Census Tract 6084,G5020,S,1251238,404164,+37.5436595,-122.2787295,Census Tract 6084; San Mateo County; California,5243,3085,103,1883,337,205,2875,168,80,150350,2131,203,5243,1478,229,1851,1500,6,81,608400,San Mateo,1.6554047261269387,0.033387358184764994,0.09526044110746129,0.08038897893030794,3167.2012996282574,0,0,0.0,10827.444921921217,0.0,0.0
06,081,608501,06081608501,6085.01,Census Tract 6085.01,G5020,S,1247551,0,+37.5373868,-122.2888778,Census Tract 6085.01; San Mateo County; California,5120,2885,210,1971,127,39,2367,164,49,168050,1621,62,5120,1832,56,1091,1753,6,81,608501,San Mateo,1.2475505642665694,0.07279029462738301,0.03824799506477483,0.07383015597920277,4104.04206983789,0,0,0.0,11109.278527167045,0.0,0.0
06,081,608502,06081608502,6085.02,Census Tract 6085.02,G5020,S,507264,0,+37.5317393,-122.2825699,Census Tract 6085.02; San Mateo County; California,2628,1562,119,865,215,18,1318,193,29,152667,1164,36,2628,1030,41,1124,204,6,81,608502,San Mateo,0.5072636427944504,0.0761843790012804,0.030927835051546393,0.14212548015364918,5180.737940378863,0,0,0.0,11937.688559011332,0.0,0.0
06,081,608600,06081608600,6086,Census Tract 6086,G5020,S,1693101,12648,+37.5263341,-122.2736047,Census Tract 6086; San Mateo County; California,4598,2501,258,1312,96,116,1793,144,74,138967,1976,255,4598,1979,58,1307,804,6,81,608600,San Mateo,1.705748828122583,0.10315873650539784,0.12904858299595143,0.08716513394642143,2695.5903027415516,0,0,0.0,12893.998680360663,0.0,0.0
06,081,608700,06081608700,6087,Census Tract 6087,G5020,S,2511915,0,+37.5208244,-122.2883185,Census Tract 6087; San Mateo County; California,7315,3958,170,2150,114,78,2629,211,38,210804,2768,58,7315,3413,139,2200,1008,6,81,608700,San Mateo,2.5119137863439667,0.04295098534613441,0.020953757225433526,0.06291056088933805,2912.1222391341767,0,0,0.0,12385.055717754007,0.0,0.0
06,081,609000,06081609000,6090,Census Tract 6090,G5020,S,1364621,0,+37.5133939,-122.2803174,Census Tract 6090; San Mateo County; California,2637,1198,29,750,85,97,1005,84,49,166181,934,63,2637,1262,103,541,354,6,81,609000,San Mateo,1.3646176929051996,0.024207011686143573,0.06745182012847965,0.11101836393989983,1932.4093581008503,0,0,0.0,13469.36568696324,0.0,0.0
06,081,609300,06081609300,6093,Census Tract 6093,G5020,S,953571,0,+37.4907830,-122.2518537,Census Tract 6093; San Mateo County; California,3449,1733,13,1082,66,15,1201,71,32,243750,1162,36,3449,2264,0,576,356,6,81,609300,San Mateo,0.9535688243245877,0.0075014425851125215,0.03098106712564544,0.05943450663589152,3616.93871697507,0,0,0.0,17023.266497522152,0.0,0.0
06,081,609900,06081609900,6099,Census Tract 6099,G5020,S,1259961,0,+37.4800834,-122.2479926,Census Tract 6099; San Mateo County; California,2949,1429,28,861,65,42,1018,18,0,227614,1069,22,2949,2106,96,220,317,6,81,609900,San Mateo,1.2599593723368465,0.01959412176347096,0.0205799812909261,0.012596221133659902,2340.5516596384296,0,0,0.0,18121.60710077101,0.0,0.0
06,081,610000,06081610000,6100,Census Tract 6100,G5020,S,1375797,0,+37.4844284,-122.2412155,Census Tract 6100; San Mateo County; California,4780,2640,199,1162,6,111,1572,103,0,153303,1980,108,4780,2815,58,478,979,6,81,610000,San Mateo,1.3757964231788928,0.07537878787878788,0.05454545454545454,0.03901515151515152,3474.3512335607106,0,0,0.0,18185.91199434272,0.0,0.0
06,081,610100,06081610100,6101,Census Tract 6101,G5020,S,504285,0,+37.4932339,-122.2387004,Census Tract 6101; San Mateo County; California,2551,1466,64,905,209,6,1238,73,45,122250,914,34,2551,1046,12,186,1052,6,81,610100,San Mateo,0.5042849079306934,0.04365620736698499,0.037199124726477024,0.08049113233287858,5058.648315429257,0,0,0.0,17669.832841171024,0.0,0.0
06,081,610201,06081610201,6102.01,Census Tract 6102.01,G5020,S,1447140,0,+37.4847800,-122.2138236,Census Tract 6102.01; San Mateo County; California,5256,2917,123,1634,607,236,2691,52,14,75184,1795,277,5256,700,101,364,3905,6,81,610201,San Mateo,1.4471432413177943,0.04216660953033939,0.1543175487465181,0.022625985601645526,3631.983241143284,0,0,0.0,19941.762070978806,0.0,0.0
06,081,610203,06081610203,6102.03,Census Tract 6102.03,G5020,S,602056,0,+37.4797864,-122.2233247,Census Tract 6102.03; San Mateo County; California,3134,1734,162,923,234,45,1502,53,4,75597,931,99,3134,301,67,95,2396,6,81,610203,San Mateo,0.6020586290791872,0.09342560553633218,0.10633727175080558,0.0328719723183391,5205.473102832637,0,0,0.0,19681.15568104827,0.0,0.0
06,081,610303,06081610303,6103.03,Census Tract 6103.03,G5020,S,3457170,1538235,+37.5414900,-122.2385413,Census Tract 6103.03; San Mateo County; California,7091,3576,214,2111,159,75,2614,207,43,202632,2870,170,7091,2923,12,3124,384,6,81,610303,San Mateo,4.9954071715207435,0.059843400447427295,0.059233449477351915,0.06991051454138703,1419.5039075946434,0,0,0.0,14581.159773665442,0.0,0.0
06,081,610400,06081610400,6104,Census Tract 6104,G5020,S,1009614,0,+37.4825400,-122.1915154,Census Tract 6104; San Mateo County; California,5981,2875,25,1958,484,102,2600,126,23,94861,1462,49,5981,903,19,368,4449,6,81,610400,San Mateo,1.0096122142649755,0.008695652173913044,0.033515731874145006,0.05182608695652174,5924.056697703808,0,0,0.0,19518.067329684458,0.0,0.0
06,081,610500,06081610500,6105,Census Tract 6105,G5020,S,1171321,0,+37.4798388,-122.2044791,Census Tract 6105; San Mateo County; California,4729,2265,66,1706,205,20,2010,80,9,95708,1353,41,4729,505,47,319,3835,6,81,610500,San Mateo,1.1713192439497833,0.02913907284768212,0.030303030303030304,0.039293598233995586,4037.328016616059,0,0,0.0,20609.65788658169,0.0,0.0
06,081,610601,06081610601,6106.01,Census Tract 6106.01,G5020,S,917086,0,+37.4714067,-122.2091124,Census Tract 6106.01; San Mateo County; California,5993,2824,91,1786,651,0,2575,92,34,96042,1527,75,5993,709,68,254,4874,6,81,610601,San Mateo,0.9170794087189065,0.032223796033994334,0.04911591355599214,0.04461756373937677,6534.8757621456,0,0,0.0,21235.367340896846,0.0,0.0
06,081,610602,06081610602,6106.02,Census Tract 6106.02,G5020,S,1095152,0,+37.4745729,-122.1975109,Census Tract 6106.02; San Mateo County; California,2996,1541,43,970,104,33,1185,41,53,162188,1041,0,2996,1168,125,299,1279,6,81,610602,San Mateo,1.0951543545641989,0.027903958468526932,0.0,0.06099935107073329,2735.687428455887,0,0,0.0,20484.460578538245,0.0,0.0
06,095,250400,06095250400,2504,Census Tract 2504,G5020,S,1097197,0,+38.0949864,-122.2238939,Census Tract 2504; Solano County; California,3511,1651,46,1172,313,0,1553,173,81,82711,1284,41,3511,1580,342,190,1017,6,95,250400,Solano,1.0971961997313866,0.02786190187764991,0.031931464174454825,0.15384615384615385,3199.9746270170785,0,0,0.0,20219.550183757125,0.0,0.0
06,095,250501,06095250501,2505.01,Census Tract 2505.01,G5020,S,1299785,0,+38.0933279,-122.2138367,Census Tract 2505.01; Solano County; California,2473,1312,53,811,339,0,1227,82,99,110250,905,18,2473,1141,224,130,784,6,95,250501,Solano,1.2997840256629747,0.040396341463414635,0.019889502762430938,0.13795731707317074,1902.6237830078028,0,0,0.0,19367.42534100943,0.0,0.0
06,095,250502,06095250502,2505.02,Census Tract 2505.02,G5020,S,1869501,7011,+38.0910546,-122.2030664,Census Tract 2505.02; Solano County; California,3250,1550,35,1135,158,48,1382,86,52,104145,1357,0,3250,1086,471,744,472,6,95,250502,Solano,1.8765077041491913,0.02258064516129032,0.0,0.08903225806451613,1731.9406644661499,0,0,0.0,18390.26630965692,0.0,0.0
06,095,250601,06095250601,2506.01,Census Tract 2506.01,G5020,S,2392508,28927,+38.0816906,-122.2234633,Census Tract 2506.01; Solano County; California,5270,2271,46,1736,286,0,2131,323,122,84668,1473,37,5270,649,1024,613,2807,6,95,250601,Solano,2.421437069742438,0.02025539409951563,0.025118805159538356,0.19594892118009688,2176.3935416089735,0,0,0.0,19268.26221635115,0.0,0.0
06,001,401700,06001401700,4017,Census Tract 4017,G5020,S,5751456,5771096,+37.8211635,-122.3187951,Census Tract 4017; Alameda County; California,3276,2224,431,1017,147,0,1681,240,30,145833,1406,60,3276,1487,452,551,549,6,1,401700,Alameda,11.522543398043563,0.19379496402877697,0.04267425320056899,0.12140287769784172,284.31222923892295,0,0,0.44104804764516103,2419.170034754117,0.0,0.0
06,085,506804,06085506804,5068.04,Census Tract 5068.04,G5020,S,1542091,0,+37.2397512,-121.9339441,Census Tract 5068.04; Santa Clara County; California,4602,2440,0,1657,78,10,1791,66,68,216938,1587,49,4602,2827,42,994,327,6,85,506804,Santa Clara,1.5420922660030623,0.0,0.03087586641461878,0.05491803278688524,2984.257233795673,0,0,0.0,15237.829792994438,0.0,0.0
06,075,990100,06075990100,9901,Census Tract 9901,G5020,S,0,70939179,+37.7621600,-122.5518622,Census Tract 9901; San Francisco County; California,0,0,0,0,0,0,0,0,0,-666666666,0,0,0,0,0,0,0,6,75,990100,San Francisco,70.93920259458794,,,,0.0,0,0,1.1831794403544036,9578.427971688885,0.0,0.0
06,097,990100,06097990100,9901,Census Tract 9901,G5020,S,0,381152626,+38.5339212,-123.3162791,Census Tract 9901; Sonoma County; California,0,0,0,0,0,0,0,0,0,-666666666,0,0,0,0,0,0,0,6,97,990100,Sonoma,381.15255397812217,,,,0.0,0,0,0.0,107223.46744354253,0.0,0.0
06,001,433600,06001433600,4336,Census Tract 4336,G5020,S,1581524,0,+37.6860856,-122.1437723,Census Tract 4336; Alameda County; California,5844,2627,216,1705,279,11,2258,486,77,85886,2174,397,5844,1656,296,2386,1156,6,1,433600,Alameda,1.581512649718144,0.08222306813856109,0.18261269549218032,0.21431290445374954,3695.196494976827,0,0,0.0,1938.6746506239072,0.0,0.0
06,081,613900,06081613900,6139,Census Tract 6139,G5020,S,2726905,0,+37.4623895,-122.1619860,Census Tract 6139; San Mateo County; California,6358,2936,114,1376,119,98,2010,205,0,224223,2013,188,6358,3845,176,973,829,6,81,613900,San Mateo,2.7269027253825073,0.0388283378746594,0.09339294585196224,0.06982288828337875,2331.58298637446,0,0,0.0,19145.762917051637,0.0,0.0
06,075,020402,06075020402,204.02,Census Tract 204.02,G5020,S,590505,0,+37.7528393,-122.4444126,Census Tract 204.02; San Francisco County; California,4169,2790,569,1150,196,73,2126,164,86,152138,2354,319,4169,2659,69,689,563,6,75,20402,San Francisco,0.5905068054073186,0.2039426523297491,0.13551401869158877,0.08960573476702509,7060.037177936189,19,1,99.99999999999994,2278.8866241858095,32.175751110766996,0.0
06,075,980900,06075980900,9809,Census Tract 9809,G5020,S,3602295,258160,+37.7462860,-122.3894769,Census Tract 9809; San Francisco County; California,315,176,50,80,12,0,153,8,8,-666666666,156,29,315,45,25,213,10,6,75,980900,San Francisco,3.8604520205432427,0.2840909090909091,0.1858974358974359,0.09090909090909091,81.59666233999023,48,1,94.75582620295421,2660.259970145149,12.433777118474701,0.0
06,013,336202,06013336202,3362.02,Census Tract 3362.02,G5020,S,687628,0,+37.9550367,-122.0446082,Census Tract 3362.02; Contra Costa County; California,6012,2909,117,1538,596,255,2785,100,152,71314,1728,81,6012,1165,264,742,3708,6,13,336202,Contra Costa,0.6876277342030854,0.04022000687521485,0.046875,0.08662770711584737,8743.102846146114,0,0,0.0,2486.6759216506434,0.0,0.0
06,013,355115,06013355115,3551.15,Census Tract 3551.15,G5020,S,2205696,0,+37.7626429,-121.9121996,Census Tract 3551.15; Contra Costa County; California,10013,4955,229,2669,236,194,3409,503,251,156916,3802,86,10013,2313,558,5733,784,6,13,355115,Contra Costa,2.205694733906959,0.04621594349142281,0.022619673855865333,0.15216952573158427,4539.612778720253,0,0,0.0,6870.999438713277,0.0,0.0
06,013,351103,06013351103,3511.03,Census Tract 3511.03,G5020,S,3013902,0,+37.8644359,-122.0638053,Census Tract 3511.03; Contra Costa County; California,1929,253,0,155,18,3,185,24,9,94444,1294,80,1929,1545,2,353,29,6,13,351103,Contra Costa,3.0139035843877178,0.0,0.061823802163833076,0.13043478260869565,640.0337456023436,0,0,0.0,4606.3476584164,0.0,0.0
06,013,351101,06013351101,3511.01,Census Tract 3511.01,G5020,S,2419322,0,+37.8525912,-122.0650875,Census Tract 3511.01; Contra Costa County; California,2737,318,7,215,0,0,222,7,8,76068,2029,108,2737,2431,0,245,16,6,13,351101,Contra Costa,2.4193201492554333,0.0220125786163522,0.05322819122720552,0.04716981132075472,1131.3095543978895,0,0,0.0,5916.033174081988,0.0,0.0
06,013,365003,06013365003,3650.03,Census Tract 3650.03,G5020,S,2532659,25820,+37.9821375,-122.3264034,Census Tract 3650.03; Contra Costa County; California,5416,2536,272,1201,439,0,2001,431,241,77653,2279,193,5416,1035,1576,867,1300,6,13,365003,Contra Costa,2.558479351498571,0.10725552050473186,0.08468626590609916,0.26498422712933756,2116.8824351963995,0,0,0.0,5566.461615675288,0.0,0.0
06,013,339001,06013339001,3390.01,Census Tract 3390.01,G5020,S,1131291,0,+37.8917794,-122.0584254,Census Tract 3390.01; Contra Costa County; California,3659,2389,343,1236,163,183,2005,310,124,91188,1939,130,3659,2016,236,473,707,6,13,339001,Contra Costa,1.1312910076542861,0.14357471745500208,0.06704486848891181,0.18166596902469653,3234.3578931002717,0,0,0.0,1740.6938887439574,0.0,0.0
06,013,345111,06013345111,3451.11,Census Tract 3451.11,G5020,S,2313872,0,+37.7570588,-121.9526204,Census Tract 3451.11; Contra Costa County; California,5850,2878,140,1452,195,185,2026,245,164,153185,2037,72,5850,1695,78,3002,861,6,13,345111,Contra Costa,2.3138713828133195,0.048644892286309936,0.035346097201767304,0.14211257817929118,2528.230412222515,0,0,0.0,6719.745152983272,0.0,0.0
06,013,345114,06013345114,3451.14,Census Tract 3451.14,G5020,S,5681638,0,+37.7992956,-121.9650894,Census Tract 3451.14; Contra Costa County; California,6571,2714,41,1754,46,0,1857,86,128,189967,2472,0,6571,5112,10,922,217,6,13,345114,Contra Costa,5.681638886697721,0.015106853352984525,0.0,0.07885040530582167,1156.5324954714242,0,0,0.0,11528.823045473442,0.0,0.0
06,013,345116,06013345116,3451.16,Census Tract 3451.16,G5020,S,1274878,0,+37.7642579,-121.9742235,Census Tract 3451.16; Contra Costa County; California,2961,1560,70,1043,58,14,1185,123,92,208393,921,30,2961,1506,79,862,348,6,13,345116,Contra Costa,1.2748782488360995,0.04487179487179487,0.03257328990228013,0.13782051282051283,2322.5747264126953,0,0,0.0,8230.719845335732,0.0,0.0
06,041,120002,06041120002,1200.02,Census Tract 1200.02,G5020,S,4198265,261208,+37.9337978,-122.5370667,Census Tract 1200.02; Marin County; California,4780,2113,213,860,136,89,1320,222,29,203393,2069,121,4780,3698,0,94,344,6,41,120002,Marin,4.459466290782136,0.10080454330336015,0.058482358627356214,0.11878845243729295,1071.8771458998172,0,0,0.0,16103.815889115554,0.0,0.0
06,041,112204,06041112204,1122.04,Census Tract 1122.04,G5020,S,215404,54896,+37.9659228,-122.5057650,Census Tract 1122.04; Marin County; California,4266,2280,229,876,791,95,2193,265,23,71210,1000,116,4266,139,18,76,3904,6,41,112204,Marin,0.2703004479717344,0.10043859649122808,0.116,0.12631578947368421,15782.43777252674,0,0,0.0,13776.36072080426,0.0,0.0
06,041,104103,06041104103,1041.03,Census Tract 1041.03,G5020,S,3041443,0,+38.0844628,-122.5745218,Census Tract 1041.03; Marin County; California,2884,1591,79,1036,22,0,1161,85,24,135341,1117,0,2884,1863,36,71,447,6,41,104103,Marin,3.041442732925451,0.049654305468258955,0.0,0.06851037083595223,948.2341945087315,0,0,0.0,25428.585122899654,0.0,0.0
06,041,108202,06041108202,1082.02,Census Tract 1082.02,G5020,S,3812078,0,+37.9991444,-122.5498145,Census Tract 1082.02; Marin County; California,4777,1914,120,972,148,325,1635,269,19,109958,2003,463,4777,3109,143,413,871,6,41,108202,Marin,3.812077764796828,0.06269592476489028,0.23115327009485773,0.15047021943573669,1253.1223901342944,0,0,0.0,18599.913060978095,0.0,0.0
06,041,130204,06041130204,1302.04,Census Tract 1302.04,G5020,S,1620444,3843644,+37.8564340,-122.4784450,Census Tract 1302.04; Marin County; California,2448,1404,60,685,28,17,919,100,69,126694,1417,43,2448,2134,0,131,110,6,41,130204,Marin,5.464088359631194,0.042735042735042736,0.030345800988002825,0.12037037037037036,448.0161810862866,0,0,0.0,11215.466611932825,0.0,0.0
06,041,130203,06041130203,1302.03,Census Tract 1302.03,G5020,S,695510,0,+37.8653197,-122.5026377,Census Tract 1302.03; Marin County; California,2100,1118,95,399,21,18,539,135,0,141172,1185,56,2100,1636,14,137,276,6,41,130203,Marin,0.6955079118221756,0.08497316636851521,0.04725738396624472,0.12075134168157424,3019.376148429665,0,0,0.0,12263.444051348471,0.0,0.0
06,041,105001,06041105001,1050.01,Census Tract 1050.01,G5020,S,2166497,0,+38.0494844,-122.5270678,Census Tract 1050.01; Marin County; California,4324,1555,71,1121,222,0,1441,101,25,90804,1390,47,4324,1675,446,570,1470,6,41,105001,Marin,2.1664987296141502,0.04565916398713826,0.03381294964028777,0.08102893890675242,1995.8470046137977,0,0,0.0,19745.21734203926,0.0,0.0
06,041,105002,06041105002,1050.02,Census Tract 1050.02,G5020,S,6853655,1253575,+38.0600944,-122.5064097,Census Tract 1050.02; Marin County; California,3030,1465,157,681,28,11,901,109,66,125169,1286,40,3030,2054,5,382,405,6,41,105002,Marin,8.107234866789806,0.10716723549488055,0.03110419906687403,0.11945392491467577,373.74025173638256,0,0,0.0,19075.21810334678,0.0,0.0
06,041,111002,06041111002,1110.02,Census Tract 1110.02,G5020,S,1817876,0,+37.9698609,-122.5395198,Census Tract 1110.02; Marin County; California,4018,2392,100,1410,139,12,1702,81,25,87349,2156,216,4018,3156,23,51,734,6,41,111002,Marin,1.8178730978754376,0.04180602006688963,0.10018552875695733,0.04431438127090301,2210.2752962766585,0,0,0.0,16766.850013654694,0.0,0.0
06,041,108201,06041108201,1082.01,Census Tract 1082.01,G5020,S,990711,0,+37.9972146,-122.5387300,Census Tract 1082.01; Marin County; California,2365,970,32,752,43,70,897,121,0,88750,1063,257,2365,1014,56,114,1146,6,41,108201,Marin,0.9907119826852762,0.032989690721649485,0.24176857949200375,0.12474226804123711,2387.1720957586317,0,0,0.0,17618.531265785725,0.0,0.0
06,041,111001,06041111001,1110.01,Census Tract 1110.01,G5020,S,493886,0,+37.9718673,-122.5269970,Census Tract 1110.01; Marin County; California,850,666,58,167,8,104,421,69,48,92339,474,73,850,663,0,115,72,6,41,111001,Marin,0.49388636301013344,0.08708708708708708,0.1540084388185654,0.17567567567567569,1721.0436725149261,0,0,0.0,15750.261961769906,0.0,0.0
06,041,112203,06041112203,1122.03,Census Tract 1122.03,G5020,S,108443,0,+37.9647246,-122.5035931,Census Tract 1122.03; Marin County; California,2498,1359,225,361,642,21,1352,189,19,94038,446,29,2498,32,0,51,2334,6,41,112203,Marin,0.10844296848332902,0.16556291390728478,0.06502242152466367,0.15305371596762327,23035.149580804944,0,0,0.0,13566.872984938318,0.0,0.0
06,041,120001,06041120001,1200.01,Census Tract 1200.01,G5020,S,591382,21146,+37.9480362,-122.5465157,Census Tract 1200.01; Marin County; California,1615,997,47,678,93,32,859,105,10,127396,706,0,1615,1285,0,137,29,6,41,120001,Marin,0.6125248212066856,0.04714142427281846,0.0,0.11534603811434303,2636.6278460657627,0,0,0.0,16896.785734949983,0.0,0.0
06,041,104104,06041104104,1041.04,Census Tract 1041.04,G5020,S,2962354,0,+38.0739639,-122.5535516,Census Tract 1041.04; Marin County; California,5173,2554,106,1649,366,16,2137,263,19,145995,2010,131,5173,3214,42,339,1352,6,41,104104,Marin,2.962353347360196,0.04150352388410337,0.06517412935323383,0.11041503523884104,1746.2467820085506,0,0,0.0,23273.77460779536,0.0,0.0
06,013,359105,06013359105,3591.05,Census Tract 3591.05,G5020,S,1788234,882620,+38.0168819,-122.2866998,Census Tract 3591.05; Contra Costa County; California,4927,2731,210,1737,100,35,2125,343,245,155170,1805,46,4927,570,954,2211,925,6,13,359105,Contra Costa,2.670855747841873,0.07689491028927133,0.02548476454293629,0.21530574880995973,1844.7271081491974,0,0,0.0,10507.290396012195,0.0,0.0
06,001,438204,06001438204,4382.04,Census Tract 4382.04,G5020,S,1489858,0,+37.6270595,-122.0596257,Census Tract 4382.04; Alameda County; California,6371,2706,154,1925,356,0,2462,294,42,98194,1987,83,6371,604,257,2544,2277,6,1,438204,Alameda,1.4898565058593984,0.056910569105691054,0.04177151484650227,0.12416851441241686,4276.250749614975,0,0,40.380050792349756,835.068790656953,0.0,0.0
06,001,440336,06001440336,4403.36,Census Tract 4403.36,G5020,S,1194635,0,+37.5810200,-122.0173599,Census Tract 4403.36; Alameda County; California,4248,2046,269,1161,147,9,1635,265,77,155625,1305,75,4248,624,534,2162,432,6,1,440336,Alameda,1.1946348733783339,0.13147605083088953,0.05747126436781609,0.16715542521994134,3555.8982034292944,0,0,16.197094698288385,1077.6601828590012,0.0,0.0
06,001,441926,06001441926,4419.26,Census Tract 4419.26,G5020,S,410207,0,+37.5408120,-121.9787200,Census Tract 4419.26; Alameda County; California,4210,1977,146,1139,154,64,1600,187,62,112941,1640,109,4210,540,137,2302,1038,6,1,441926,Alameda,0.4102070061380383,0.0738492665655033,0.06646341463414634,0.125948406676783,10263.110909868998,0,0,0.0,1859.483507356746,0.0,0.0
06,001,442301,06001442301,4423.01,Census Tract 4423.01,G5020,S,1412758,0,+37.5277810,-121.9613408,Census Tract 4423.01; Alameda County; California,5397,2354,55,1460,247,49,1851,254,44,148590,1525,69,5397,1061,128,3121,794,6,1,442301,Alameda,1.4127603233203674,0.02336448598130841,0.04524590163934426,0.1265930331350892,3820.1808975747535,0,0,0.0,3430.7966055927163,0.0,0.0
06,001,442601,06001442601,4426.01,Census Tract 4426.01,G5020,S,1181582,0,+37.5443060,-121.9976615,Census Tract 4426.01; Alameda County; California,3924,1544,97,959,274,16,1362,142,66,159000,1210,65,3924,1090,136,1449,1091,6,1,442601,Alameda,1.181577121743579,0.06282383419689119,0.05371900826446281,0.13471502590673576,3320.985086618468,0,0,0.0,2360.421637070437,0.0,0.0
06,001,443104,06001443104,4431.04,Census Tract 4431.04,G5020,S,1847039,0,+37.5313774,-121.9266867,Census Tract 4431.04; Alameda County; California,5567,2391,100,1283,236,53,1708,170,15,205515,1679,44,5567,752,349,4166,113,6,1,443104,Alameda,1.8470445130430617,0.04182350480970305,0.026206075044669448,0.07737348389795065,3014.004243367259,0,0,0.0,3419.6722523977655,0.0,0.0
06,001,444601,06001444601,4446.01,Census Tract 4446.01,G5020,S,3055836,0,+37.5270567,-122.0162477,Census Tract 4446.01; Alameda County; California,6081,3321,39,1807,533,87,2475,300,42,213021,1812,20,6081,1016,73,3632,1099,6,1,444601,Alameda,3.055837835889733,0.011743450767841012,0.011037527593818985,0.10298102981029811,1989.961616608319,0,0,0.0,4860.511394895001,0.0,0.0
06,001,450746,06001450746,4507.46,Census Tract 4507.46,G5020,S,1733950,0,+37.6736928,-121.8685808,Census Tract 4507.46; Alameda County; California,3229,1420,53,1068,56,11,1204,101,29,171736,1173,65,3229,1506,14,1039,600,6,1,450746,Alameda,1.733950012089457,0.03732394366197183,0.05541346973572037,0.09154929577464789,1862.2220810788926,0,0,0.0,4113.837155206937,0.0,0.0
06,001,451505,06001451505,4515.05,Census Tract 4515.05,G5020,S,1373458,0,+37.6894445,-121.7246715,Census Tract 4515.05; Alameda County; California,3159,1758,12,1421,40,14,1561,142,81,221417,1189,0,3159,2095,32,444,402,6,1,451505,Alameda,1.3734569248939024,0.006825938566552901,0.0,0.12684869169510807,2300.0357293651773,0,0,0.0,15431.447601150941,0.0,0.0
06,001,983200,06001983200,9832,Census Tract 9832,G5020,S,494542,154630,+37.7959455,-122.2772680,Census Tract 9832; Alameda County; California,896,698,149,168,14,13,355,67,4,176103,535,11,896,485,124,171,43,6,1,983200,Alameda,0.6491740917761547,0.2134670487106017,0.020560747663551402,0.1017191977077364,1380.2152786913048,0,0,27.67413116686096,992.8227471308682,0.0,0.0
06,001,451506,06001451506,4515.06,Census Tract 4515.06,G5020,S,851134,0,+37.6833516,-121.7291862,Census Tract 4515.06; Alameda County; California,3548,1878,32,1165,422,11,1681,89,123,123571,984,3,3548,1322,141,593,1294,6,1,451506,Alameda,0.8511353560322238,0.01703940362087327,0.003048780487804878,0.11288604898828541,4168.5496611724275,0,0,0.0,15112.057190030922,0.0,0.0
06,001,451704,06001451704,4517.04,Census Tract 4517.04,G5020,S,2005363,0,+37.6621234,-121.7900629,Census Tract 4517.04; Alameda County; California,4320,2160,20,1553,89,10,1691,109,25,149875,1566,20,4320,3001,10,671,519,6,1,451704,Alameda,2.0053643034644075,0.009259259259259259,0.01277139208173691,0.062037037037037036,2154.2220495981187,0,0,0.0,10570.31881118678,0.0,0.0
06,001,405902,06001405902,4059.02,Census Tract 4059.02,G5020,S,487280,0,+37.7909447,-122.2409530,Census Tract 4059.02; Alameda County; California,3138,1611,223,967,112,60,1396,248,15,69097,923,124,3138,389,234,1270,916,6,1,405902,Alameda,0.48727941295158145,0.13842333954065797,0.13434452871072589,0.1632526381129733,6439.837014644835,0,0,0.0,2250.932544817687,0.0,0.0
06,001,410500,06001410500,4105,Census Tract 4105,G5020,S,716693,0,+37.8100772,-122.2889321,Census Tract 4105; Alameda County; California,3081,1199,364,546,151,29,1095,120,6,46031,1003,237,3081,662,1814,126,373,6,1,410500,Alameda,0.7166926956448764,0.3035863219349458,0.23629112662013957,0.10508757297748124,4298.913633028912,0,0,49.30422737429031,791.5828985774144,0.0,0.0
06,001,425104,06001425104,4251.04,Census Tract 4251.04,G5020,S,1087240,0,+37.8326584,-122.2833245,Census Tract 4251.04; Alameda County; California,4014,2484,472,848,86,39,1539,191,52,119083,1978,395,4014,1668,624,949,388,6,1,425104,Alameda,1.087234405883541,0.19001610305958133,0.19969666329625885,0.09782608695652174,3691.9361439247527,0,0,0.0,1474.9378131622377,0.0,0.0
06,001,433104,06001433104,4331.04,Census Tract 4331.04,G5020,S,1053445,0,+37.7142641,-122.1469937,Census Tract 4331.04; Alameda County; California,4398,1973,443,1060,205,40,1793,229,62,75841,1717,401,4398,1042,766,431,1673,6,1,433104,Alameda,1.0534471728490067,0.22453117080587937,0.2335468841001747,0.14749113025848962,4174.865255089898,0,0,0.0,1470.1823434643459,0.0,0.0
06,001,440333,06001440333,4403.33,Census Tract 4403.33,G5020,S,2505503,0,+37.6053298,-122.0738277,Census Tract 4403.33; Alameda County; California,2732,1280,66,823,130,0,1067,119,28,113313,877,24,2732,194,22,2239,146,6,1,440333,Alameda,2.5055020561042145,0.0515625,0.027366020524515394,0.11484375,1090.4002227194198,0,0,0.0,3539.9422873774156,0.0,0.0
06,001,441524,06001441524,4415.24,Census Tract 4415.24,G5020,S,1680738,0,+37.5594780,-122.0506929,Census Tract 4415.24; Alameda County; California,4111,1952,133,881,182,0,1196,160,40,247656,1247,37,4111,215,15,3760,41,6,1,441524,Alameda,1.680734660866543,0.06813524590163934,0.02967121090617482,0.10245901639344263,2445.954198314965,0,0,0.0,4553.591984709879,0.0,0.0
06,001,442602,06001442602,4426.02,Census Tract 4426.02,G5020,S,1321053,0,+37.5481936,-122.0049837,Census Tract 4426.02; Alameda County; California,4663,2004,54,1208,87,8,1370,127,14,136513,1619,179,4663,1364,484,1605,812,6,1,442602,Alameda,1.3210538261567906,0.02694610778443114,0.11056207535515751,0.07035928143712575,3529.7577643490868,0,0,0.0,2702.8993858089902,0.0,0.0
06,001,443322,06001443322,4433.22,Census Tract 4433.22,G5020,S,1148269,0,+37.4829831,-121.9198352,Census Tract 4433.22; Alameda County; California,3311,1457,25,884,102,4,1018,57,0,203906,981,46,3311,621,36,2239,222,6,1,443322,Alameda,1.148268427393542,0.017158544955387784,0.046890927624872576,0.03912148249828414,2883.4721229039183,0,0,0.0,2754.2167879004037,0.0,0.0
06,001,450745,06001450745,4507.45,Census Tract 4507.45,G5020,S,5341893,1969293,+37.6803328,-121.8519308,Census Tract 4507.45; Alameda County; California,6295,3046,430,1593,75,67,2224,426,277,200729,2255,100,6295,2093,28,3563,436,6,1,450745,Alameda,7.3111833373135156,0.14116874589625739,0.04434589800443459,0.23079448456992777,861.0097311980538,0,0,0.0,4624.079442865656,0.0,0.0
06,001,981900,06001981900,9819,Census Tract 9819,G5020,S,3824795,1387910,+37.7998452,-122.3173831,Census Tract 9819; Alameda County; California,25,25,0,0,20,0,20,0,0,-666666666,15,0,25,15,0,0,10,6,1,981900,Alameda,5.2127058811739095,0.0,0.0,0.0,4.795973640156724,0,0,9.666157523957065,2166.0390913764527,0.0,0.0
06,001,428700,06001428700,4287,Census Tract 4287,G5020,S,7640768,4458410,+37.7817406,-122.3026484,Census Tract 4287; Alameda County; California,5078,2035,189,1015,177,50,1543,125,57,117153,1495,283,5078,1147,899,1946,683,6,1,428700,Alameda,12.099183005340617,0.09287469287469287,0.18929765886287625,0.08943488943488943,419.6977595725724,0,0,0.0,2641.2198033492377,0.0,0.0
06,001,403701,06001403701,4037.01,Census Tract 4037.01,G5020,S,173946,0,+37.8112134,-122.2586656,Census Tract 4037.01; Alameda County; California,2909,1853,323,645,87,126,1335,88,132,84063,1752,453,2909,1222,632,573,305,6,1,403701,Alameda,0.17394591398388728,0.1743119266055046,0.2585616438356164,0.11872638963842418,16723.589151220087,0,0,12.501899374848549,950.7622675489724,0.0,0.0
06,001,404102,06001404102,4041.02,Census Tract 4041.02,G5020,S,230172,0,+37.8260219,-122.2510667,Census Tract 4041.02; Alameda County; California,2701,1446,276,511,109,101,1024,88,17,98472,1628,480,2701,1430,155,408,293,6,1,404102,Alameda,0.2301739365107725,0.1908713692946058,0.29484029484029484,0.07261410788381743,11734.604017052074,0,0,0.0,1432.0598320846887,0.0,0.0
06,097,150203,06097150203,1502.03,Census Tract 1502.03,G5020,S,4511497,0,+38.2775429,-122.4621651,Census Tract 1502.03; Sonoma County; California,4759,1834,51,1136,61,37,1366,103,162,95313,2389,307,4759,3883,133,60,597,6,97,150203,Sonoma,4.511489577402679,0.027808069792802616,0.12850565089995813,0.1444929116684842,1054.862239699513,0,0,0.0,39067.14088142859,0.0,0.0
06,097,150204,06097150204,1502.04,Census Tract 1502.04,G5020,S,2695924,0,+38.2867706,-122.4510104,Census Tract 1502.04; Sonoma County; California,3742,1776,12,1434,61,82,1610,334,23,107125,1761,51,3742,3141,9,55,370,6,97,150204,Sonoma,2.6959220342866446,0.006756756756756757,0.028960817717206135,0.20101351351351351,1388.0223361096396,0,0,0.0,39840.63598597665,0.0,0.0
06,097,150306,06097150306,1503.06,Census Tract 1503.06,G5020,S,12786753,0,+38.3392390,-122.4691776,Census Tract 1503.06; Sonoma County; California,3902,1931,0,1173,212,18,1421,180,21,113802,1590,109,3902,2349,132,83,1109,6,97,150306,Sonoma,12.7867508931086,0.0,0.06855345911949685,0.10409114448472294,305.15961659212246,0,0,0.0,45879.12419760958,0.0,0.0
06,001,425102,06001425102,4251.02,Census Tract 4251.02,G5020,S,735811,0,+37.8398785,-122.2946351,Census Tract 4251.02; Alameda County; California,3969,2894,529,864,263,241,1947,202,136,124375,2291,357,3969,1170,507,1589,399,6,1,425102,Alameda,0.735809273692865,0.1827919834139599,0.1558271497162811,0.11679336558396683,5394.060855037151,0,0,0.0,2629.0457537247567,0.0,0.0
06,001,425103,06001425103,4251.03,Census Tract 4251.03,G5020,S,876085,0,+37.8425607,-122.2898163,Census Tract 4251.03; Alameda County; California,3103,2170,307,797,308,150,1631,170,38,119301,1721,147,3103,971,826,928,215,6,1,425103,Alameda,0.8760881738857638,0.14147465437788018,0.08541545613015689,0.09585253456221199,3541.880934469287,0,0,0.0,2111.2474936155995,0.0,0.0
06,001,435103,06001435103,4351.03,Census Tract 4351.03,G5020,S,51789791,0,+37.6516747,-121.9827815,Census Tract 4351.03; Alameda County; California,7774,4126,264,2380,545,0,3189,609,178,232569,2461,18,7774,2699,575,3170,487,6,1,435103,Alameda,51.78979322406454,0.06398448860882211,0.007314099959366111,0.19074163839069316,150.10679742176976,0,0,0.0,6830.500295370021,0.0,0.0
06,001,437702,06001437702,4377.02,Census Tract 4377.02,G5020,S,371488,0,+37.6384440,-122.0734492,Census Tract 4377.02; Alameda County; California,3880,1983,110,1124,670,0,1965,213,171,82034,1026,22,3880,215,74,114,3298,6,1,437702,Alameda,0.371489555419427,0.05547150781643974,0.021442495126705652,0.19364599092284418,10444.438998074442,0,0,0.0,1500.5113778119874,0.0,0.0
06,097,152906,06097152906,1529.06,Census Tract 1529.06,G5020,S,26280728,21574,+38.4725689,-122.8006952,Census Tract 1529.06; Sonoma County; California,6235,3352,110,2410,171,63,2800,0,151,119407,2180,0,6235,4120,12,489,966,6,97,152906,Sonoma,26.30230665710457,0.03281622911694511,0.0,0.04504773269689737,237.051452607707,0,0,0.0,71175.96959919635,0.0,0.0
06,097,153806,06097153806,1538.06,Census Tract 1538.06,G5020,S,1572603,0,+38.5532547,-122.8024814,Census Tract 1538.06; Sonoma County; California,2608,1224,0,982,47,0,1038,32,0,101298,1103,103,2608,1761,14,44,745,6,97,153806,Sonoma,1.5726012515354117,0.0,0.09338168631006347,0.026143790849673203,1658.3987819249635,0,0,0.0,78991.85960663199,0.0,0.0
06,001,440334,06001440334,4403.34,Census Tract 4403.34,G5020,S,1015383,0,+37.5938189,-122.0649125,Census Tract 4403.34; Alameda County; California,4041,1865,85,1207,225,0,1536,169,7,146523,1039,33,4041,430,233,2753,514,6,1,440334,Alameda,1.0153829080033778,0.045576407506702415,0.03176130895091434,0.09436997319034852,3979.779419318881,0,0,0.0,4213.155716651044,0.0,0.0
06,001,441523,06001441523,4415.23,Census Tract 4415.23,G5020,S,467064,0,+37.5647764,-122.0464882,Census Tract 4415.23; Alameda County; California,4264,2022,108,923,123,0,1368,181,28,178417,1417,16,4264,486,179,3197,280,6,1,441523,Alameda,0.46706461061755433,0.05341246290801187,0.011291460832745237,0.10336300692383778,9129.357915518638,0,0,0.0,3865.734961607796,0.0,0.0
06,097,150612,06097150612,1506.12,Census Tract 1506.12,G5020,S,173544806,7309432,+38.2116884,-122.5343549,Census Tract 1506.12; Sonoma County; California,4987,2632,35,1969,146,128,2322,254,63,148077,1900,61,4987,3421,142,135,1022,6,97,150612,Sonoma,180.85424830398864,0.013297872340425532,0.032105263157894734,0.12044072948328267,27.574690928009648,0,0,0.0,35339.48985772534,0.0,0.0
06,097,150611,06097150611,1506.11,Census Tract 1506.11,G5020,S,2955014,0,+38.2329343,-122.5790470,Census Tract 1506.11; Sonoma County; California,4522,2293,22,1578,255,24,1884,91,19,118866,1489,18,4522,2829,154,230,1045,6,97,150611,Sonoma,2.955013886838544,0.009594417793283908,0.01208865010073875,0.04797208896641954,1530.2804565964034,0,0,0.0,39453.36337832381,0.0,0.0
06,097,150609,06097150609,1506.09,Census Tract 1506.09,G5020,S,2300629,0,+38.2600055,-122.6438313,Census Tract 1506.09; Sonoma County; California,5040,2368,57,1554,218,13,1842,268,55,86932,2097,61,5040,3242,95,352,964,6,97,150609,Sonoma,2.300629279612111,0.024070945945945946,0.029089175011921792,0.13640202702702703,2190.7049713153915,0,0,0.0,44042.63837027158,0.0,0.0
06,097,153807,06097153807,1538.07,Census Tract 1538.07,G5020,S,59150785,69200,+38.5685691,-122.7506682,Census Tract 1538.07; Sonoma County; California,3919,2187,0,1780,182,15,2030,37,18,137321,1541,13,3919,2671,56,143,802,6,97,153807,Sonoma,59.21999577367142,0.0,0.008436080467229072,0.025148605395518976,66.17697196362087,0,0,0.0,78875.46616427974,0.0,0.0
06,097,153808,06097153808,1538.08,Census Tract 1538.08,G5020,S,3016036,0,+38.5426788,-122.8080843,Census Tract 1538.08; Sonoma County; California,3572,1767,29,1470,196,0,1695,63,50,90945,1473,87,3572,2156,53,19,992,6,97,153808,Sonoma,3.0160349568552167,0.016411997736276173,0.059063136456211814,0.06395019807583475,1184.33640561132,0,0,0.0,78223.51519143958,0.0,0.0
06,097,154201,06097154201,1542.01,Census Tract 1542.01,G5020,S,26676840,18555,+38.8133955,-123.0170717,Census Tract 1542.01; Sonoma County; California,3656,1951,12,1525,222,92,1870,46,37,75469,1403,105,3656,1715,0,108,1712,6,97,154201,Sonoma,26.695395136904477,0.006150691952844695,0.07483962936564505,0.04254228600717581,136.95245870123276,0,0,0.0,113406.87601568997,0.0,0.0
06,097,152905,06097152905,1529.05,Census Tract 1529.05,G5020,S,1240408,0,+38.4702327,-122.7593510,Census Tract 1529.05; Sonoma County; California,4138,1954,17,1571,131,9,1728,8,63,119526,1507,55,4138,2426,130,246,990,6,97,152905,Sonoma,1.2404059049862983,0.008700102354145343,0.0364963503649635,0.036335721596724664,3336.0047572860503,0,0,0.0,69133.30600957984,0.0,0.0
06,097,153103,06097153103,1531.03,Census Tract 1531.03,G5020,S,1586978,0,+38.4198166,-122.7341732,Census Tract 1531.03; Sonoma County; California,4834,2301,26,1699,259,49,2115,33,92,70724,1531,144,4834,1399,69,331,2946,6,97,153103,Sonoma,1.5869775605252152,0.011299435028248588,0.09405617243631613,0.054324206866579745,3046.0418094381703,0,0,0.0,63207.95552177584,0.0,0.0
06,097,153804,06097153804,1538.04,Census Tract 1538.04,G5020,S,1244828,0,+38.5565366,-122.8126594,Census Tract 1538.04; Sonoma County; California,3662,1868,5,1524,175,12,1716,104,98,143527,1171,24,3662,2417,72,29,738,6,97,153804,Sonoma,1.2448282157726065,0.0026766595289079227,0.02049530315969257,0.10813704496788008,2941.771365398533,0,0,0.0,79752.56961027409,0.0,0.0
06,085,503326,06085503326,5033.26,Census Tract 5033.26,G5020,S,4260151,0,+37.3249229,-121.7641570,Census Tract 5033.26; Santa Clara County; California,7172,3157,49,2268,299,8,2624,226,97,189612,1918,15,7172,980,0,4941,775,6,85,503326,Santa Clara,4.260151019014351,0.015521064301552107,0.007820646506777894,0.10231232182451695,1683.5083939487547,0,0,0.0,10909.768917650781,0.0,0.0
06,085,512603,06085512603,5126.03,Census Tract 5126.03,G5020,S,2088701,0,+37.0017257,-121.5626711,Census Tract 5126.03; Santa Clara County; California,4357,2183,32,1624,364,49,2081,190,162,90101,1089,50,4357,463,61,57,3701,6,85,512603,Santa Clara,2.088704442052102,0.014658726523133303,0.04591368227731864,0.16124599175446633,2085.9820625072985,0,0,0.0,49266.34739816481,0.0,0.0
06,085,512042,06085512042,5120.42,Census Tract 5120.42,G5020,S,663334,0,+37.2661049,-121.8145090,Census Tract 5120.42; Santa Clara County; California,2991,1459,65,1033,164,0,1318,136,12,112969,815,83,2991,195,201,1197,1222,6,85,512042,Santa Clara,0.6633334645129981,0.04455106237148732,0.10184049079754601,0.10143934201507881,4509.044334429762,0,0,0.0,12565.219758143334,0.0,0.0
06,085,511301,06085511301,5113.01,Census Tract 5113.01,G5020,S,975747,0,+37.4431681,-122.1532785,Census Tract 5113.01; Santa Clara County; California,3925,2078,58,724,94,183,1308,47,0,215625,1616,123,3925,2292,311,638,203,6,85,511301,Santa Clara,0.9757471770834515,0.02791145332050048,0.07611386138613861,0.022617901828681425,4022.55839646084,0,0,0.0,19994.154802260087,0.0,0.0
06,085,512312,06085512312,5123.12,Census Tract 5123.12,G5020,S,1394562,0,+37.1330765,-121.6430656,Census Tract 5123.12; Santa Clara County; California,3493,1855,95,1086,232,0,1429,303,105,185375,1155,0,3493,1572,5,651,1038,6,85,512312,Santa Clara,1.394562083712116,0.05121293800539083,0.0,0.21994609164420484,2504.7289330440963,0,0,0.0,33251.23415950879,0.0,0.0
06,085,503327,06085503327,5033.27,Census Tract 5033.27,G5020,S,1440282,0,+37.3080270,-121.7887155,Census Tract 5033.27; Santa Clara County; California,4522,1920,13,1141,333,15,1533,74,22,144688,1391,235,4522,462,46,2492,1258,6,85,503327,Santa Clara,1.4402836928524325,0.0067708333333333336,0.1689432063263839,0.05,3139.6592368857096,0,0,0.0,10148.971621271288,0.0,0.0
06,085,512039,06085512039,5120.39,Census Tract 5120.39,G5020,S,1391959,0,+37.2488508,-121.7864273,Census Tract 5120.39; Santa Clara County; California,6127,3029,73,2180,561,0,2872,246,32,134594,1445,72,6127,480,299,2184,3135,6,85,512039,Santa Clara,1.3919603568350942,0.024100363156157146,0.04982698961937716,0.09177946517002311,4401.705817205157,0,0,0.0,15423.122959205664,0.0,0.0
06,055,201200,06055201200,2012,Census Tract 2012,G5020,S,59607681,225407,+38.3694953,-122.3628375,Census Tract 2012; Napa County; California,4587,1749,11,1291,316,0,1641,122,54,74154,1962,78,4587,2691,0,186,1620,6,55,201200,Napa,59.833087794528424,0.006289308176100629,0.039755351681957186,0.10062893081761007,76.66326725025662,0,0,0.0,49479.45355897389,0.0,0.0
06,001,406900,06001406900,4069,Census Tract 4069,G5020,S,873127,0,+37.7932754,-122.1903789,Census Tract 4069; Alameda County; California,3865,2320,85,1194,175,155,1622,170,45,137943,1579,92,3865,1533,656,887,323,6,1,406900,Alameda,0.8731261312941719,0.036637931034482756,0.058264724509183026,0.09267241379310345,4426.622754115936,0,0,0.0,3600.5324518596585,0.0,0.0
06,001,422100,06001422100,4221,Census Tract 4221,G5020,S,551942,0,+37.8733067,-122.2965336,Census Tract 4221; Alameda County; California,3200,1848,224,779,56,63,1205,160,29,124583,1368,124,3200,1495,374,455,641,6,1,422100,Alameda,0.5519446714240793,0.12121212121212122,0.09064327485380116,0.10227272727272728,5797.682567971243,0,0,0.0,1139.5665994640442,0.0,0.0
06,001,422200,06001422200,4222,Census Tract 4222,G5020,S,675011,0,+37.8728828,-122.2878171,Census Tract 4222; Alameda County; California,3280,1762,408,495,80,94,1189,189,12,105750,1424,161,3280,2054,83,360,239,6,1,422200,Alameda,0.6750129277440656,0.23155505107832008,0.11306179775280899,0.11407491486946651,4859.166195471189,2,1,89.87097281700164,391.4736282444219,2.962906216750725,21.0
06,001,422300,06001422300,4223,Census Tract 4223,G5020,S,560048,0,+37.8740722,-122.2779151,Census Tract 4223; Alameda County; California,3567,1732,330,447,155,187,1336,105,40,93750,1654,393,3567,1875,444,717,245,6,1,422300,Alameda,0.5600466433042897,0.1905311778290993,0.23760580411124546,0.08371824480369515,6369.112363489241,0,0,94.80728757691473,491.3300869920639,0.0,0.0
06,001,422400,06001422400,4224,Census Tract 4224,G5020,S,475566,0,+37.8752396,-122.2695878,Census Tract 4224; Alameda County; California,4187,2272,542,452,68,569,1647,47,72,69717,1853,622,4187,1580,134,1650,522,6,1,422400,Alameda,0.47556614922159746,0.238556338028169,0.335671883432272,0.05237676056338028,8804.243125489998,0,0,77.77054175037595,583.4364851351838,0.0,0.0
06,075,011901,06075011901,119.01,Census Tract 119.01,G5020,S,62294,0,+37.7904728,-122.4139142,Census Tract 119.01; San Francisco County; California,2387,1657,280,176,18,739,1336,155,22,119464,1297,805,2387,1089,74,540,500,6,75,11901,San Francisco,0.06229481865321877,0.16898008449004223,0.6206630686198921,0.10681955340977671,38317.7935437599,4,1,99.99999999999999,865.5970298014156,64.21079772728932,0.0
06,075,012901,06075012901,129.01,Census Tract 129.01,G5020,S,180876,0,+37.8019597,-122.4272490,Census Tract 129.01; San Francisco County; California,2816,2103,426,520,76,125,1320,181,71,220096,1385,282,2816,1943,2,469,265,6,75,12901,San Francisco,0.18087587155508486,0.20256776034236804,0.2036101083032491,0.11982881597717546,15568.687939355144,6,1,99.99999999999999,2599.190430180124,33.17192032533057,0.0
06,075,015802,06075015802,158.02,Census Tract 158.02,G5020,S,170743,0,+37.7780790,-122.4385024,Census Tract 158.02; San Francisco County; California,3340,2366,658,459,161,193,1659,202,49,158523,1633,536,3340,1828,272,440,363,6,75,15802,San Francisco,0.17074319685724082,0.2781065088757396,0.32823025107164727,0.10608622147083685,19561.54073179612,7,1,99.99999999999997,2171.1648449535396,40.99724105466253,0.0
06,085,508900,06085508900,5089,Census Tract 5089,G5020,S,913577,0,+37.3910614,-122.0063863,Census Tract 5089; Santa Clara County; California,4782,2539,127,1698,211,12,2083,75,9,129762,1648,64,4782,802,6,2265,1491,6,85,508900,Santa Clara,0.913578003665809,0.05001969279243797,0.038834951456310676,0.03308389129578574,5234.36420405463,0,0,0.0,10421.09762083073,0.0,0.0
06,085,512019,06085512019,5120.19,Census Tract 5120.19,G5020,S,1078547,0,+37.2707459,-121.8458034,Census Tract 5120.19; Santa Clara County; California,4404,2018,12,1525,112,21,1693,209,76,126326,1485,18,4404,1607,72,1405,1096,6,85,512019,Santa Clara,1.078546825130407,0.005946481665014866,0.012121212121212121,0.14122893954410307,4083.271952024441,0,0,0.0,11161.738933274297,0.0,0.0
06,085,512021,06085512021,5120.21,Census Tract 5120.21,G5020,S,1597133,12748,+37.2635211,-121.8239467,Census Tract 5120.21; Santa Clara County; California,6133,3386,0,2160,465,13,2638,156,16,144632,2036,128,6133,2271,222,2393,931,6,85,512021,Santa Clara,1.6098794017653533,0.0,0.06286836935166994,0.050797401063201415,3809.6021312371017,0,0,0.0,12478.642864002202,0.0,0.0
06,085,512022,06085512022,5120.22,Census Tract 5120.22,G5020,S,1027095,0,+37.2551956,-121.8109259,Census Tract 5120.22; Santa Clara County; California,6217,2776,47,1995,373,33,2472,108,58,89831,1854,157,6217,1211,131,2936,1659,6,85,512022,Santa Clara,1.0270941663868813,0.016930835734870316,0.08468176914778856,0.05979827089337176,6052.999036953159,0,0,0.0,13800.05644174055,0.0,0.0
06,085,509102,06085509102,5091.02,Census Tract 5091.02,G5020,S,3131612,0,+37.3915529,-122.0385404,Census Tract 5091.02; Santa Clara County; California,4865,3134,248,1569,318,111,2420,20,52,192237,2236,138,4865,1417,119,2776,286,6,85,509102,Santa Clara,3.1316057341071963,0.07913209955328654,0.061717352415026835,0.02297383535417996,1553.5161233784702,0,0,0.0,13209.82279761984,0.0,0.0
06,097,154202,06097154202,1542.02,Census Tract 1542.02,G5020,S,175450309,14292823,+38.7861401,-123.1049627,Census Tract 1542.02; Sonoma County; California,6544,3110,2,2414,162,106,2713,119,48,110529,2524,40,6544,4581,32,75,1680,6,97,154202,Sonoma,189.74314247611574,0.0006430868167202572,0.01584786053882726,0.05369774919614148,34.488729946188904,0,0,0.0,114126.01177363144,0.0,0.0
06,097,150305,06097150305,1503.05,Census Tract 1503.05,G5020,S,3285527,0,+38.3261142,-122.4927508,Census Tract 1503.05; Sonoma County; California,6072,3011,14,2110,561,87,2823,106,52,90532,1728,44,6072,1688,7,32,4006,6,97,150305,Sonoma,3.2855270082723664,0.004649618067087346,0.02546296296296296,0.05247426104284291,1848.1053373512973,0,0,0.0,44974.78602249486,0.0,0.0
06,097,151601,06097151601,1516.01,Census Tract 1516.01,G5020,S,54684284,43997,+38.4497800,-122.5588359,Census Tract 1516.01; Sonoma County; California,2697,510,0,362,0,0,362,8,17,79464,1650,111,2697,2300,7,81,232,6,97,151601,Sonoma,54.72829050168944,0.0,0.06727272727272728,0.049019607843137254,49.279814430102554,0,0,0.0,61238.14247962041,0.0,0.0
06,075,031301,06075031301,313.01,Census Tract 313.01,G5020,S,451592,0,+37.7193281,-122.4678661,Census Tract 313.01; San Francisco County; California,3868,2213,410,1136,210,39,1914,126,53,128571,1534,71,3868,791,402,2201,303,6,75,31301,San Francisco,0.45159021037943337,0.1852688657930411,0.046284224250325946,0.08088567555354723,8565.287535241396,11,1,100.0,1451.2399073301356,24.358366827211828,0.0
06,075,031302,06075031302,313.02,Census Tract 313.02,G5020,S,685810,0,+37.7133984,-122.4671038,Census Tract 313.02; San Francisco County; California,4536,2584,681,937,265,29,1939,144,39,117014,1725,146,4536,420,477,2601,681,6,75,31302,San Francisco,0.6858096487403447,0.26354489164086686,0.08463768115942029,0.0708204334365325,6614.080172729359,20,1,100.0,806.0206100093901,29.162610990870192,0.0
06,075,032601,06075032601,326.01,Census Tract 326.01,G5020,S,417682,0,+37.7624894,-122.4807987,Census Tract 326.01; San Francisco County; California,4915,2701,418,974,353,84,2119,143,83,145903,1799,310,4915,1565,176,2276,606,6,75,32601,San Francisco,0.41768511818810755,0.15475749722325063,0.17231795441912173,0.08367271380970011,11767.237533673617,17,1,100.0,5275.606773446611,40.70051639317426,0.0
06,085,510002,06085510002,5100.02,Census Tract 5100.02,G5020,S,1914543,0,+37.3465424,-122.0718652,Census Tract 5100.02; Santa Clara County; California,4075,1941,0,1080,16,6,1173,9,7,250001,1328,7,4075,1925,4,1549,424,6,85,510002,Santa Clara,1.914546141863204,0.0,0.005271084337349397,0.00824317362184441,2128.441781003136,0,0,0.0,17480.82562686367,0.0,0.0
06,085,510100,06085510100,5101,Census Tract 5101,G5020,S,2024331,0,+37.3407497,-122.0798238,Census Tract 5101; Santa Clara County; California,2970,1209,20,617,116,0,780,18,20,250001,1059,0,2970,1498,19,1180,174,6,85,510100,Santa Clara,2.0243319198589735,0.016542597187758478,0.0,0.03143093465674111,1467.1507033327357,0,0,0.0,18387.311937053535,0.0,0.0
06,075,032902,06075032902,329.02,Census Tract 329.02,G5020,S,504600,0,+37.7526804,-122.4906464,Census Tract 329.02; San Francisco County; California,3907,1804,383,872,267,0,1594,217,28,107582,1359,106,3907,901,24,2671,263,6,75,32902,San Francisco,0.504599702334216,0.2123059866962306,0.07799852832965416,0.13580931263858093,7742.771115255716,9,1,99.99999999999999,5121.360250427091,17.835920152879815,0.0
06,075,047802,06075047802,478.02,Census Tract 478.02,G5020,S,339447,0,+37.7792040,-122.4973930,Census Tract 478.02; San Francisco County; California,3664,1963,520,712,160,144,1637,130,6,125682,1400,187,3664,1513,20,1724,319,6,75,47802,San Francisco,0.3394469800980425,0.26490066225165565,0.13357142857142856,0.06928171166581763,10794.02738814093,10,1,100.0,6871.841351040482,29.459681736192497,0.0
06,075,012301,06075012301,123.01,Census Tract 123.01,G5020,S,92144,0,+37.7859203,-122.4107460,Census Tract 123.01; San Francisco County; California,1901,746,327,31,13,249,669,24,40,25625,1291,1068,1901,556,165,568,520,6,75,12301,San Francisco,0.09214339727475265,0.4383378016085791,0.8272656855151046,0.08579088471849866,20630.886815813934,6,1,99.99999999999999,327.67735077551646,65.11589736711394,0.0
06,085,503312,06085503312,5033.12,Census Tract 5033.12,G5020,S,15066853,0,+37.3488536,-121.7629460,Census Tract 5033.12; Santa Clara County; California,3540,1733,13,1552,84,4,1653,89,42,175927,1073,30,3540,897,462,1035,1064,6,85,503312,Santa Clara,15.066853319735243,0.0075014425851125215,0.027958993476234855,0.07559145989613388,234.9528415042807,0,0,0.0,10119.537966551328,0.0,0.0
06,085,505100,06085505100,5051,Census Tract 5051,G5020,S,6966454,0,+37.3628140,-121.9239928,Census Tract 5051; Santa Clara County; California,4389,2525,48,1793,85,145,2178,127,23,103378,2050,459,4389,818,169,1660,1607,6,85,505100,Santa Clara,6.966452528699396,0.01900990099009901,0.22390243902439025,0.0594059405940594,630.0193652248149,0,0,0.0,4399.547970279286,0.0,0.0
06,085,507205,06085507205,5072.05,Census Tract 5072.05,G5020,S,3377650,0,+37.2576127,-121.9812179,Census Tract 5072.05; Santa Clara County; California,4652,2126,10,1396,80,23,1556,81,17,211711,1824,18,4652,2894,47,1131,332,6,85,507205,Santa Clara,3.3776527346746623,0.004703668861712135,0.009868421052631578,0.04609595484477893,1377.2878283912996,0,0,0.0,15512.658032754987,0.0,0.0
06,085,508800,06085508800,5088,Census Tract 5088,G5020,S,695179,0,+37.3851461,-122.0247804,Census Tract 5088; Santa Clara County; California,3575,2408,133,1599,213,39,2082,80,14,133684,1416,61,3575,838,72,1082,1285,6,85,508800,Santa Clara,0.6951811028155533,0.055232558139534885,0.04307909604519774,0.03903654485049834,5142.5448498540745,0,0,0.0,12150.449150689474,0.0,0.0
06,085,512023,06085512023,5120.23,Census Tract 5120.23,G5020,S,949056,0,+37.2550468,-121.8243560,Census Tract 5120.23; Santa Clara County; California,5737,2992,33,2105,446,2,2628,175,29,98722,1927,43,5737,1088,358,1309,2524,6,85,512023,Santa Clara,0.9490575209434526,0.011029411764705883,0.022314478463933574,0.06818181818181818,6044.944456366439,0,0,0.0,13373.911464862678,0.0,0.0
06,081,600800,06081600800,6008,Census Tract 6008,G5020,S,592260,0,+37.6999363,-122.4806606,Census Tract 6008; San Mateo County; California,8390,4796,1111,2916,364,47,4598,438,59,86671,2649,448,8390,1366,221,3725,2608,6,81,600800,San Mateo,0.592264348719446,0.231651376146789,0.169120422801057,0.10362802335279399,14165.971695139664,0,0,22.567445524303686,1247.4857853052124,0.0,0.0
06,081,600900,06081600900,6009,Census Tract 6009,G5020,S,1985792,306980,+37.7056085,-122.4922777,Census Tract 6009; San Mateo County; California,4035,1811,201,954,201,28,1459,134,9,138929,1362,192,4035,1296,0,1857,473,6,81,600900,San Mateo,2.292777336497683,0.11098840419657648,0.14096916299559473,0.078961899503037,1759.874339199304,0,0,52.61219031100881,1897.8214595042095,0.0,0.0
06,095,250300,06095250300,2503,Census Tract 2503,G5020,S,1097782,0,+38.1048704,-122.2235767,Census Tract 2503; Solano County; California,3526,1703,0,1287,251,20,1575,301,165,70278,1226,86,3526,1048,501,741,1072,6,95,250300,Solano,1.09778066357925,0.0,0.0701468189233279,0.2736347621843805,3211.9348764111787,0,0,0.0,20770.1425172868,0.0,0.0
06,081,601000,06081601000,6010,Census Tract 6010,G5020,S,2701564,1452216,+37.6727071,-122.4929607,Census Tract 6010; San Mateo County; California,7202,3938,520,2230,481,69,3420,136,27,136445,2213,48,7202,1293,349,3276,1402,6,81,601000,San Mateo,4.153774029717185,0.13204672422549518,0.021690013556258474,0.04139156932453022,1733.8449199390748,0,0,0.0,2595.0751136364593,0.0,0.0
06,001,406601,06001406601,4066.01,Census Tract 4066.01,G5020,S,747403,0,+37.7936093,-122.2079606,Census Tract 4066.01; Alameda County; California,4531,2450,218,1280,390,38,1958,158,96,75000,1836,45,4531,1034,1302,808,1069,6,1,406601,Alameda,0.7474010040219906,0.08897959183673469,0.024509803921568627,0.1036734693877551,6062.341334326981,0,0,0.0,2518.9218475363373,0.0,0.0
06,001,405402,06001405402,4054.02,Census Tract 4054.02,G5020,S,285369,0,+37.7933319,-122.2461006,Census Tract 4054.02; Alameda County; California,3673,1907,379,830,156,28,1584,136,0,61204,1232,210,3673,746,561,1315,862,6,1,405402,Alameda,0.285367888411721,0.19874147876245413,0.17045454545454544,0.0713162034609334,12871.104805950332,0,0,0.0,1740.861145824027,0.0,0.0
06,081,601700,06081601700,6017,Census Tract 6017,G5020,S,1241828,0,+37.6626736,-122.4560776,Census Tract 6017; San Mateo County; California,4561,2421,221,1511,352,0,2120,125,63,173333,1338,69,4561,1262,56,1998,1123,6,81,601700,San Mateo,1.2418299284965604,0.0912845931433292,0.0515695067264574,0.07765386204047914,3672.805667940248,0,0,12.786378557492636,1059.857575863416,0.0,0.0
06,081,601800,06081601800,6018,Census Tract 6018,G5020,S,1847468,0,+37.6552995,-122.4460522,Census Tract 6018; San Mateo County; California,6141,3627,395,2380,311,69,3292,400,80,124196,2205,100,6141,1739,1,2657,1594,6,81,601800,San Mateo,1.847467819383586,0.10890543148607665,0.045351473922902494,0.13234077750206782,3324.009184662803,0,0,27.214334912614373,1028.0603281995186,0.0,0.0
06,001,437102,06001437102,4371.02,Census Tract 4371.02,G5020,S,870005,0,+37.6298655,-122.1002746,Census Tract 4371.02; Alameda County; California,4457,2042,2,1512,207,58,1877,98,51,82443,1509,156,4457,437,308,1554,1894,6,1,437102,Alameda,0.8700047451027635,0.0009794319294809011,0.10337972166998012,0.07296767874632713,5122.96056439732,0,0,0.0,3825.533550831697,0.0,0.0
06,001,435601,06001435601,4356.01,Census Tract 4356.01,G5020,S,946094,0,+37.6746707,-122.1022676,Census Tract 4356.01; Alameda County; California,5449,2403,85,1913,170,0,2186,129,17,81788,1533,125,5449,666,566,765,3092,6,1,435601,Alameda,0.9460932885643277,0.03537245110278818,0.08153946510110893,0.06075738660008323,5759.474320200196,0,0,0.0,1454.8378028509126,0.0,0.0
06,001,437701,06001437701,4377.01,Census Tract 4377.01,G5020,S,484105,0,+37.6348665,-122.0697491,Census Tract 4377.01; Alameda County; California,3597,1593,94,974,297,57,1442,114,71,69592,1019,34,3597,358,562,742,1786,6,1,437701,Alameda,0.48410304050507125,0.059008160703075956,0.033366045142296366,0.11613308223477715,7430.2363320156,0,0,10.725278520249205,1104.6214225918152,0.0,0.0
06,081,611400,06081611400,6114,Census Tract 6114,G5020,S,8805615,82320,+37.4463000,-122.2147667,Census Tract 6114; San Mateo County; California,4251,1719,38,811,173,58,1122,43,25,250001,1268,21,4251,2815,80,797,381,6,81,611400,San Mateo,8.887939081763827,0.02210587550901687,0.016561514195583597,0.03955788248981966,478.2886067167307,0,0,0.0,22951.398622760902,0.0,0.0
06,081,609603,06081609603,6096.03,Census Tract 6096.03,G5020,S,5981604,0,+37.4815170,-122.2815962,Census Tract 6096.03; San Mateo County; California,4757,2483,151,1709,156,27,2147,110,33,250001,1875,30,4757,3426,52,723,187,6,81,609603,San Mateo,5.981604277359189,0.0608135320177205,0.016,0.05759162303664921,795.2715992941215,0,0,0.0,16133.775934311992,0.0,0.0
06,081,602300,06081602300,6023,Census Tract 6023,G5020,S,10104665,3291438,+37.6516256,-122.3991322,Census Tract 6023; San Mateo County; California,4419,2537,206,1496,424,71,2214,75,87,155345,1286,57,4419,260,85,1318,1902,6,81,602300,San Mateo,13.396098999313534,0.08119826566811195,0.04432348367029549,0.06385494678754434,329.87215160372034,0,0,5.081520944352596,2380.8342285962726,0.0,0.0
06,081,609602,06081609602,6096.02,Census Tract 6096.02,G5020,S,996738,0,+37.4889090,-122.2762011,Census Tract 6096.02; San Mateo County; California,1786,880,33,547,9,6,611,63,22,250001,649,7,1786,1026,42,390,169,6,81,609602,San Mateo,0.9967370139775106,0.0375,0.01078582434514638,0.09659090909090909,1791.8467709681117,0,0,0.0,15759.121942013891,0.0,0.0
06,081,613000,06081613000,6130,Census Tract 6130,G5020,S,4650300,3133,+37.4229973,-122.2028024,Census Tract 6130; San Mateo County; California,3460,1584,105,713,59,53,1075,82,67,249479,1237,55,3460,2252,26,657,299,6,81,613000,San Mateo,4.653436807701784,0.06628787878787878,0.0444624090541633,0.09406565656565656,743.5364748637916,0,0,0.0,25126.13596155716,0.0,0.0
06,081,603000,06081603000,6030,Census Tract 6030,G5020,S,3540583,623386,+37.6364758,-122.4859426,Census Tract 6030; San Mateo County; California,4575,2818,135,1867,200,26,2249,159,49,142134,2012,121,4575,2570,174,595,804,6,81,603000,San Mateo,4.163972355253722,0.047906316536550746,0.060139165009940355,0.07381121362668559,1098.7104643544717,0,0,0.0,4813.886330103195,0.0,0.0
06,081,604500,06081604500,6045,Census Tract 6045,G5020,S,1626558,0,+37.6062140,-122.4100762,Census Tract 6045; San Mateo County; California,3756,1688,91,1069,221,8,1449,143,16,149427,1293,113,3756,1454,48,1460,561,6,81,604500,San Mateo,1.6265574657886996,0.05390995260663507,0.08739365815931942,0.09419431279620853,2309.1714120157185,0,0,0.0,1931.5912507053183,0.0,0.0
06,081,607600,06081607600,6076,Census Tract 6076,G5020,S,1304925,0,+37.5581261,-122.3066879,Census Tract 6076; San Mateo County; California,3978,2140,115,1344,51,0,1554,53,95,119357,1770,129,3978,1579,66,975,832,6,81,607600,San Mateo,1.3049246721756205,0.053738317757009345,0.07288135593220339,0.0691588785046729,3048.451826240457,0,0,0.0,8475.951660205868,0.0,0.0
06,081,611100,06081611100,6111,Census Tract 6111,G5020,S,3346675,10047,+37.4580008,-122.2524753,Census Tract 6111; San Mateo County; California,6426,3245,49,2082,266,28,2491,136,27,220644,2293,14,6426,3916,82,964,873,6,81,611100,San Mateo,3.3567194757363414,0.01510015408320493,0.006105538595726123,0.05023112480739599,1914.3690875718385,0,0,0.0,19779.064633971644,0.0,0.0
06,081,607000,06081607000,6070,Census Tract 6070,G5020,S,2278373,0,+37.5247705,-122.3231914,Census Tract 6070; San Mateo County; California,3436,1700,15,1177,160,0,1394,70,10,160341,1411,10,3436,1653,62,1119,319,6,81,607000,San Mateo,2.278373112189961,0.008823529411764706,0.007087172218284904,0.047058823529411764,1508.0936399821421,0,0,0.0,10091.154811048003,0.0,0.0
06,081,604900,06081604900,6049,Census Tract 6049,G5020,S,1544633,0,+37.5892853,-122.3981155,Census Tract 6049; San Mateo County; California,3040,1297,122,812,126,0,1085,55,0,101667,1188,51,3040,772,6,1832,99,6,81,604900,San Mateo,1.544629382872439,0.09406322282189669,0.04292929292929293,0.04240555127216654,1968.1096538165843,0,0,8.977390394417345,1568.5491001141293,0.0,0.0
06,081,610302,06081610302,6103.02,Census Tract 6103.02,G5020,S,24044818,9471694,+37.5289207,-122.2112234,Census Tract 6103.02; San Mateo County; California,4398,2419,132,1549,216,15,1959,93,23,134924,1514,42,4398,1238,88,617,2306,6,81,610302,San Mateo,33.51651277961213,0.05456800330715172,0.02774108322324967,0.04795369987598181,131.2189018266624,0,0,0.0,18328.559442963957,0.0,0.0
06,081,613400,06081613400,6134,Census Tract 6134,G5020,S,45125070,14986,+37.4225313,-122.2858204,Census Tract 6134; San Mateo County; California,3067,1331,0,846,73,43,1013,95,23,250001,1042,12,3067,2662,0,109,192,6,81,613400,San Mateo,45.14006220689375,0.0,0.011516314779270634,0.08865514650638617,67.94408004895506,0,0,0.0,22413.642092581194,0.0,0.0
06,081,602900,06081602900,6029,Census Tract 6029,G5020,S,1360939,842095,+37.6532841,-122.4918058,Census Tract 6029; San Mateo County; California,3703,2194,78,1457,233,0,1839,82,8,154348,1546,40,3703,1785,127,787,725,6,81,602900,San Mateo,2.2030333530293893,0.03555150410209663,0.0258732212160414,0.04102096627164995,1680.8642478825877,0,0,0.0,4179.127006199745,0.0,0.0
06,081,602800,06081602800,6028,Census Tract 6028,G5020,S,1198207,0,+37.6593942,-122.4838467,Census Tract 6028; San Mateo County; California,4734,2437,318,1619,148,0,2111,104,53,151676,1501,7,4734,1202,126,1582,1381,6,81,602800,San Mateo,1.198203757087459,0.1304883052933935,0.004663557628247834,0.0644234714813295,3950.914001060386,0,0,0.0,3209.7801874445845,0.0,0.0
06,081,603200,06081603200,6032,Census Tract 6032,G5020,S,4523801,1796604,+37.5908694,-122.5079606,Census Tract 6032; San Mateo County; California,3733,1731,26,1194,220,13,1461,105,32,147059,1358,12,3733,2542,4,462,633,6,81,603200,San Mateo,6.320404765405706,0.015020219526285385,0.008836524300441826,0.07914500288850375,590.6267301791041,0,0,0.0,9536.913586744726,0.0,0.0
06,081,613501,06081613501,6135.01,Census Tract 6135.01,G5020,S,85005599,5409388,+37.5392855,-122.4240902,Census Tract 6135.01; San Mateo County; California,4247,2062,0,1056,255,146,1520,73,0,149327,1376,11,4247,2501,1,322,1233,6,81,613501,San Mateo,90.41499770015615,0.0,0.007994186046511628,0.03540252182347236,46.972295614985846,0,0,0.0,7737.84161269584,0.0,0.0
06,081,609700,06081609700,6097,Census Tract 6097,G5020,S,5392871,7218,+37.4681137,-122.2808530,Census Tract 6097; San Mateo County; California,4783,2418,11,1489,67,62,1667,57,11,250001,1688,0,4783,3500,17,569,401,6,81,609700,San Mateo,5.400096322571356,0.004549214226633582,0.0,0.028122415219189414,885.7249416103907,0,0,0.0,17970.00849746915,0.0,0.0
06,081,609500,06081609500,6095,Census Tract 6095,G5020,S,1905428,0,+37.5048267,-122.2774924,Census Tract 6095; San Mateo County; California,5029,2486,50,1286,126,18,1642,207,8,250001,1711,72,5029,3085,0,1118,558,6,81,609500,San Mateo,1.9054273711005651,0.02011263073209976,0.04208065458796026,0.08648431214802896,2639.302907197809,0,0,0.0,14334.127437806366,0.0,0.0
06,081,604700,06081604700,6047,Census Tract 6047,G5020,S,1104430,0,+37.5936829,-122.4066696,Census Tract 6047; San Mateo County; California,2801,1421,95,886,131,6,1118,83,4,208625,933,45,2801,907,7,1491,196,6,81,604700,San Mateo,1.1044308356773493,0.06685432793807178,0.04823151125401929,0.061224489795918366,2536.147950163074,0,0,0.0,1892.5038340272472,0.0,0.0
06,081,600300,06081600300,6003,Census Tract 6003,G5020,S,2190246,0,+37.7021431,-122.4318027,Census Tract 6003; San Mateo County; California,4088,1954,388,1137,213,0,1755,357,129,175139,1383,0,4088,835,121,2612,402,6,81,600300,San Mateo,2.1902449977786573,0.1985670419651996,0.0,0.24872057318321392,1866.4578639129606,0,0,46.606579808230315,2577.454313179204,0.0,0.0
06,081,609601,06081609601,6096.01,Census Tract 6096.01,G5020,S,2410138,0,+37.4953796,-122.2832578,Census Tract 6096.01; San Mateo County; California,3675,1754,69,1065,30,20,1220,82,35,229167,1274,35,3675,2259,56,891,265,6,81,609601,San Mateo,2.4101353930578107,0.03933865450399088,0.027472527472527472,0.06670467502850627,1524.8106021701203,0,0,0.0,14808.578578888386,0.0,0.0
06,081,603300,06081603300,6033,Census Tract 6033,G5020,S,7993755,0,+37.5808809,-122.4857578,Census Tract 6033; San Mateo County; California,6427,3453,173,2396,264,0,2847,252,17,147589,2360,96,6427,4587,141,774,601,6,81,603300,San Mateo,7.993758753443741,0.050101361135244715,0.04067796610169491,0.07790327251665219,804.0022470319391,0,0,0.0,8793.53709175514,0.0,0.0
06,081,608001,06081608001,6080.01,Census Tract 6080.01,G5020,S,583779,25097,+37.5511200,-122.2576522,Census Tract 6080.01; San Mateo County; California,3531,1746,65,1166,122,12,1387,180,0,180000,1396,36,3531,1734,21,1389,259,6,81,608001,San Mateo,0.608875176769406,0.03722794959908362,0.025787965616045846,0.10309278350515463,5799.218189079279,0,0,0.0,12555.600290453764,0.0,0.0
06,081,605000,06081605000,6050,Census Tract 6050,G5020,S,4098301,0,+37.5814599,-122.3897966,Census Tract 6050; San Mateo County; California,8194,3972,355,2546,146,127,3296,225,17,200893,2797,84,8194,3800,46,3647,469,6,81,605000,San Mateo,4.098306066668346,0.08937562940584089,0.03003217733285663,0.06092648539778449,1999.3626309762617,0,0,4.869875350444099,2099.391420873794,0.0,0.0
06,081,608900,06081608900,6089,Census Tract 6089,G5020,S,6109858,11005,+37.5039000,-122.3034945,Census Tract 6089; San Mateo County; California,7303,3578,189,1845,257,18,2325,212,14,148988,3111,270,7303,3228,44,2556,967,6,81,608900,San Mateo,6.1208626395115795,0.05282280603689212,0.08678881388621022,0.06316377864728899,1193.1324765985519,0,0,0.0,12587.985323843724,0.0,0.0
06,081,602700,06081602700,6027,Census Tract 6027,G5020,S,1804160,0,+37.6486213,-122.4752474,Census Tract 6027; San Mateo County; California,5702,3360,326,1881,230,22,2584,148,60,152454,1941,37,5702,1196,131,2603,1240,6,81,602700,San Mateo,1.8041567395993299,0.09702380952380953,0.0190623390005152,0.06190476190476191,3160.4792836715005,0,0,0.0,3247.616475919081,0.0,0.0
06,081,604200,06081604200,6042,Census Tract 6042,G5020,S,1743787,0,+37.6273901,-122.4061479,Census Tract 6042; San Mateo County; California,4055,2236,259,1240,327,206,2035,142,0,139350,917,56,4055,355,32,1014,1947,6,81,604200,San Mateo,1.7437842007053361,0.11583184257602862,0.061068702290076333,0.06350626118067978,2325.4024198406028,0,0,31.032699306828004,1458.0125435350785,0.0,0.0
06,081,601400,06081601400,6014,Census Tract 6014,G5020,S,1471931,0,+37.6810989,-122.4788078,Census Tract 6014; San Mateo County; California,6884,3678,227,2241,494,70,3124,212,106,117143,2094,150,6884,817,34,5131,574,6,81,601400,San Mateo,1.4719341637474253,0.061718325176726485,0.07163323782234957,0.0864600326264274,4676.839609778397,0,0,15.902806470726173,1180.8927780481301,0.0,0.0
06,013,302006,06013302006,3020.06,Census Tract 3020.06,G5020,S,6786050,7714519,+38.0090152,-121.7022020,Census Tract 3020.06; Contra Costa County; California,4183,2443,77,2015,152,0,2300,525,253,136106,1305,55,4183,1879,329,456,1270,6,13,302006,Contra Costa,14.50056341459492,0.03151862464183381,0.0421455938697318,0.31846090871878835,288.47154971852893,0,0,0.0,5877.646015945605,0.0,0.0
06,013,302005,06013302005,3020.05,Census Tract 3020.05,G5020,S,3576977,0,+37.9993130,-121.7329343,Census Tract 3020.05; Contra Costa County; California,7539,3674,29,3010,426,0,3521,453,922,95269,2279,98,7539,3693,1082,300,1792,6,13,302005,Contra Costa,3.576977724775473,0.007893304300489928,0.04300131636682756,0.37425149700598803,2107.6452189741335,0,0,0.0,4181.185872247962,0.0,0.0
06,013,313204,06013313204,3132.04,Census Tract 3132.04,G5020,S,16995725,0,+37.9888812,-121.9237120,Census Tract 3132.04; Contra Costa County; California,5864,2736,89,1838,330,0,2360,332,197,93006,1927,69,5864,1272,680,852,2768,6,13,313204,Contra Costa,16.995724617490264,0.03252923976608187,0.03580695381421899,0.19334795321637427,345.0279486151105,0,0,0.0015317328391547553,3790.19015130887,0.0,0.0
06,001,450743,06001450743,4507.43,Census Tract 4507.43,G5020,S,4278807,0,+37.6930411,-121.8924273,Census Tract 4507.43; Alameda County; California,7435,4248,352,2648,149,129,3555,724,183,155274,2832,111,7435,1486,588,3945,944,6,1,450743,Alameda,4.278807352717722,0.08286252354048965,0.03919491525423729,0.21351224105461394,1737.6337346147623,2,1,20.776560960703623,1125.959792858807,0.4674199689616038,11.8
06,001,451404,06001451404,4514.04,Census Tract 4514.04,G5020,S,1675247,0,+37.6852758,-121.7803514,Census Tract 4514.04; Alameda County; California,6631,3565,172,2143,686,145,3225,230,181,105387,2146,167,6631,2098,70,423,3916,6,1,451404,Alameda,1.6752456070196295,0.0482468443197756,0.07781919850885369,0.1152875175315568,3958.22557135188,0,0,0.0,10625.766071205018,0.0,0.0
06,001,403501,06001403501,4035.01,Census Tract 4035.01,G5020,S,669873,0,+37.8177398,-122.2600504,Census Tract 4035.01; Alameda County; California,4904,3069,720,1163,58,177,2359,246,101,104167,2714,749,4904,1874,740,1525,387,6,1,403501,Alameda,0.6698756702680195,0.23460410557184752,0.2759764185703758,0.11306614532420985,7320.761475092673,0,0,15.651576641841041,1318.216258883656,0.0,0.0
06,013,313206,06013313206,3132.06,Census Tract 3132.06,G5020,S,1730248,0,+38.0139154,-121.8993653,Census Tract 3132.06; Contra Costa County; California,6290,2618,129,1800,450,106,2495,440,279,81090,1604,62,6290,856,629,939,3741,6,13,313206,Contra Costa,1.7302466794388702,0.0492742551566081,0.03865336658354115,0.27463712757830405,3635.3197926898415,0,0,28.67511299766809,960.7025065460933,0.0,0.0
06,013,338101,06013338101,3381.01,Census Tract 3381.01,G5020,S,1128292,0,+37.9489174,-122.0424911,Census Tract 3381.01; Contra Costa County; California,5543,2528,184,1533,492,30,2370,152,61,74156,1836,149,5543,2019,45,743,2527,6,13,338101,Contra Costa,1.128288554860207,0.07278481012658228,0.08115468409586056,0.08425632911392406,4912.750356389787,0,0,0.0,2565.0288461684995,0.0,0.0
06,013,338102,06013338102,3381.02,Census Tract 3381.02,G5020,S,1562768,0,+37.9412497,-122.0417539,Census Tract 3381.02; Contra Costa County; California,3231,1762,279,986,91,8,1365,216,81,168922,1269,55,3231,1938,65,483,626,6,13,338102,Contra Costa,1.562770838512202,0.1583427922814983,0.04334121355397951,0.1685584562996595,2067.4816296649064,0,0,0.0,1894.0502922197177,0.0,0.0
06,001,406500,06001406500,4065,Census Tract 4065,G5020,S,745016,0,+37.7880811,-122.2169865,Census Tract 4065; Alameda County; California,6494,3124,411,2130,235,0,2836,322,69,67717,1920,226,6494,777,861,1370,3183,6,1,406500,Alameda,0.745015605284979,0.13156209987195902,0.11770833333333333,0.12516005121638923,8716.59593964606,0,0,0.0,1594.912411245867,0.0,0.0
06,095,250105,06095250105,2501.05,Census Tract 2501.05,G5020,S,3445682,0,+38.1295384,-122.2141788,Census Tract 2501.05; Solano County; California,7595,3000,203,2275,198,0,2676,593,263,109918,2518,25,7595,1221,956,3888,949,6,95,250105,Solano,3.445688173868996,0.06766666666666667,0.009928514694201748,0.2853333333333333,2204.204099952534,0,0,0.0,21740.273921818072,0.0,0.0
06,095,250605,06095250605,2506.05,Census Tract 2506.05,G5020,S,3049557,1155622,+38.0700529,-122.2027379,Census Tract 2506.05; Solano County; California,3969,2127,96,1426,326,0,1857,127,293,133125,1470,0,3969,1252,583,906,823,6,95,250605,Solano,4.205176309122965,0.045133991537376586,0.0,0.19746121297602257,943.8367640827354,0,0,0.0,17356.94348445604,0.0,0.0
06,095,250604,06095250604,2506.04,Census Tract 2506.04,G5020,S,2064899,587717,+38.0687077,-122.2191793,Census Tract 2506.04; Solano County; California,4057,1784,40,1232,240,6,1585,137,108,104805,1487,29,4057,759,834,1443,804,6,95,250604,Solano,2.652615505570572,0.02242152466367713,0.019502353732347006,0.13733183856502243,1529.433870638311,0,0,0.0,18351.691725838664,0.0,0.0
06,095,250103,06095250103,2501.03,Census Tract 2501.03,G5020,S,2018951,1216,+38.1164727,-122.2218481,Census Tract 2501.03; Solano County; California,4232,1971,83,1284,325,52,1800,111,214,105903,1407,75,4232,877,643,1410,989,6,95,250103,Solano,2.0201671300690576,0.04211060375443937,0.053304904051172705,0.16489091831557584,2094.8761798016844,0,0,0.0,21388.38775871668,0.0,0.0
06,095,252311,06095252311,2523.11,Census Tract 2523.11,G5020,S,7982777,22168,+38.2949139,-122.0506429,Census Tract 2523.11; Solano County; California,4305,2379,30,1754,155,20,2006,213,172,152560,1489,33,4305,1273,832,880,673,6,95,252311,Solano,8.00494313246358,0.012610340479192938,0.02216252518468771,0.16183270281630938,537.7927024292431,0,0,0.0,31889.0621361841,0.0,0.0
06,095,252310,06095252310,2523.10,Census Tract 2523.10,G5020,S,24825681,23108,+38.3003328,-122.0817683,Census Tract 2523.10; Solano County; California,3099,1216,11,815,148,0,1006,114,37,162750,1236,108,3099,1659,409,530,271,6,95,252310,Solano,24.848786206923997,0.009046052631578948,0.08737864077669903,0.12417763157894737,124.71434114300835,0,0,0.0,33216.44592261864,0.0,0.0
06,095,252313,06095252313,2523.13,Census Tract 2523.13,G5020,S,7128131,9535,+38.3036981,-122.0262255,Census Tract 2523.13; Solano County; California,4835,1929,48,1408,179,0,1676,122,210,95103,2080,253,4835,2181,614,1061,596,6,95,252313,Solano,7.137666401022491,0.024883359253499222,0.12163461538461538,0.17210990150336963,677.3922635705379,0,0,0.0,32506.77906708517,0.0,0.0
06,095,252312,06095252312,2523.12,Census Tract 2523.12,G5020,S,1619622,0,+38.2753544,-122.0561706,Census Tract 2523.12; Solano County; California,3769,1745,19,1312,74,13,1426,185,23,94712,1336,58,3769,1571,471,590,740,6,95,252312,Solano,1.61961958997446,0.010888252148997135,0.04341317365269461,0.11919770773638969,2327.0896594054125,0,0,0.0,30139.723363770732,0.0,0.0
06,095,252611,06095252611,2526.11,Census Tract 2526.11,G5020,S,943239,0,+38.2638850,-122.0138480,Census Tract 2526.11; Solano County; California,3846,1678,0,1459,101,31,1591,211,32,91771,1089,23,3846,511,636,407,1776,6,95,252611,Solano,0.9432393295878269,0.0,0.021120293847566574,0.14481525625744934,4077.4381213308934,0,0,0.0,27901.588490131362,0.0,0.0
06,095,252911,06095252911,2529.11,Census Tract 2529.11,G5020,S,4216645,16755,+38.3695164,-121.9443944,Census Tract 2529.11; Solano County; California,5330,2209,11,1620,176,14,1821,120,34,76812,2593,188,5330,3277,291,577,960,6,95,252911,Solano,4.233398651095038,0.004979628791308284,0.07250289240262245,0.06971480307831598,1259.0356919543376,0,0,0.0,39071.44406382773,0.0,0.0
06,081,601501,06081601501,6015.01,Census Tract 6015.01,G5020,S,717017,0,+37.6750754,-122.4856364,Census Tract 6015.01; San Mateo County; California,5503,3145,179,1994,745,31,2989,278,27,169583,1520,71,5503,311,344,4106,678,6,81,601501,San Mateo,0.7170178902189116,0.056915739268680446,0.04671052631578947,0.09697933227344992,7674.843368719695,0,0,0.0,2017.7511498180581,0.0,0.0
06,081,601502,06081601502,6015.02,Census Tract 6015.02,G5020,S,816587,0,+37.6691797,-122.4783648,Census Tract 6015.02; San Mateo County; California,5451,3016,436,1540,665,155,2810,275,132,92208,1721,169,5451,602,207,3243,1236,6,81,601502,San Mateo,0.8165853453648764,0.14456233421750664,0.09819872167344568,0.13494694960212203,6675.358590429172,0,0,0.0,2027.0141234231078,0.0,0.0
06,081,601603,06081601603,6016.03,Census Tract 6016.03,G5020,S,1182662,0,+37.6554243,-122.4609313,Census Tract 6016.03; San Mateo County; California,6251,3133,302,1975,308,58,2723,191,83,100772,1985,274,6251,452,111,4135,822,6,81,601603,San Mateo,1.1826581085155883,0.09639323332269391,0.1380352644836272,0.08745611235237791,5285.551212975603,0,0,0.0,1778.313669997316,0.0,0.0
06,081,609800,06081609800,6098,Census Tract 6098,G5020,S,2048015,0,+37.4722049,-122.2530460,Census Tract 6098; San Mateo County; California,4581,2066,6,1387,166,1,1648,55,23,208239,1669,0,4581,2864,127,661,779,6,81,609800,San Mateo,2.0480173617804853,0.002904162633107454,0.0,0.0377541142303969,2236.797443952045,0,0,0.0,18488.796301977953,0.0,0.0
06,095,253403,06095253403,2534.03,Census Tract 2534.03,G5020,S,7539791,6653,+38.4410051,-121.8456708,Census Tract 2534.03; Solano County; California,5032,2619,0,2345,147,16,2526,134,98,106397,1636,8,5032,2604,0,228,1903,6,95,253403,Solano,7.546445092418006,0.0,0.004889975550122249,0.08858342878961435,666.8040300267611,0,0,0.0,46866.70881510036,0.0,0.0
06,095,252802,06095252802,2528.02,Census Tract 2528.02,G5020,S,3603664,0,+38.2715195,-121.9462484,Census Tract 2528.02; Solano County; California,990,602,0,365,89,72,594,4,0,86500,182,6,990,554,44,80,197,6,95,252802,Solano,3.6036658619659407,0.0,0.03296703296703297,0.006644518272425249,274.7202537418151,0,0,0.0,28077.577105908804,0.0,0.0
06,095,252912,06095252912,2529.12,Census Tract 2529.12,G5020,S,2524729,0,+38.3572492,-121.9443570,Census Tract 2529.12; Solano County; California,5495,2926,0,2308,284,23,2677,163,72,153542,1944,34,5495,2964,205,745,1190,6,95,252912,Solano,2.5247290726222515,0.0,0.01748971193415638,0.08031442241968557,2176.4711547020547,0,0,0.0,37607.059204536505,0.0,0.0
06,095,252913,06095252913,2529.13,Census Tract 2529.13,G5020,S,1778096,0,+38.3255211,-121.9657382,Census Tract 2529.13; Solano County; California,4622,2302,21,1805,109,0,1972,163,46,106694,1633,41,4622,2817,247,339,939,6,95,252913,Solano,1.7780920603015642,0.009122502172024326,0.02510716472749541,0.09079061685490877,2599.415465145325,0,0,0.0,34131.89038594305,0.0,0.0
06,095,253404,06095253404,2534.04,Census Tract 2534.04,G5020,S,2611533,0,+38.4601521,-121.8307255,Census Tract 2534.04; Solano County; California,6656,3524,16,2775,221,88,3191,190,289,93337,2175,99,6656,3715,322,138,2405,6,95,253404,Solano,2.6115325685917568,0.004540295119182747,0.04551724137931035,0.13592508513053347,2548.6950000356237,0,0,0.0,49539.560448332784,0.0,0.0
06,095,252315,06095252315,2523.15,Census Tract 2523.15,G5020,S,1704106,21531,+38.2840121,-122.0150107,Census Tract 2523.15; Solano County; California,3852,1829,13,1466,168,5,1679,146,124,126650,1291,12,3852,1398,755,946,511,6,95,252315,Solano,1.7256368974472802,0.007107709130672498,0.009295120061967466,0.14762165117550574,2232.2193073747035,0,0,0.0,30119.552748490503,0.0,0.0
06,081,601604,06081601604,6016.04,Census Tract 6016.04,G5020,S,1477521,0,+37.6695269,-122.4691340,Census Tract 6016.04; San Mateo County; California,2431,1709,255,1009,101,13,1429,23,72,117875,1102,53,2431,496,57,1304,433,6,81,601604,San Mateo,1.4775216549207646,0.1492100643651258,0.04809437386569873,0.05558806319485079,1645.3227551039636,0,0,3.2331323220453996,1700.4865585994073,0.0,0.0
06,081,601605,06081601605,6016.05,Census Tract 6016.05,G5020,S,944259,0,+37.6569608,-122.4698327,Census Tract 6016.05; San Mateo County; California,5947,3092,238,1921,399,126,2835,72,63,144250,1848,111,5947,344,161,4877,368,6,81,601605,San Mateo,0.9442583716155435,0.07697283311772316,0.060064935064935064,0.043661060802069857,6298.0643632793035,0,0,0.0,2401.7524547771814,0.0,0.0
06,095,252914,06095252914,2529.14,Census Tract 2529.14,G5020,S,2441297,1432,+38.3324109,-121.9437750,Census Tract 2529.14; Solano County; California,5750,2451,6,2011,206,0,2253,209,258,125233,1840,55,5750,2176,645,545,1662,6,95,252914,Solano,2.442730419347248,0.0024479804161566705,0.029891304347826088,0.1905344757241942,2353.923279645622,0,0,0.0,34869.28755246368,0.0,0.0
06,081,608800,06081608800,6088,Census Tract 6088,G5020,S,2861401,0,+37.5164993,-122.3109497,Census Tract 6088; San Mateo County; California,6278,3218,177,2143,179,24,2569,277,85,250001,2148,47,6278,3424,60,1628,716,6,81,608800,San Mateo,2.861401321085592,0.05500310752019888,0.021880819366852888,0.1124922311995028,2194.0298810018644,0,0,0.0,11462.676046711791,0.0,0.0
06,081,609400,06081609400,6094,Census Tract 6094,G5020,S,1087523,0,+37.4946511,-122.2631297,Census Tract 6094; San Mateo County; California,3408,1838,28,1041,85,0,1198,91,0,250001,1041,7,3408,2228,7,615,162,6,81,609400,San Mateo,1.0875241589444162,0.015233949945593036,0.0067243035542747355,0.04951033732317737,3133.7234874008755,0,0,0.0,16025.028313358898,0.0,0.0
06,081,613800,06081613800,6138,Census Tract 6138,G5020,S,467817426,17465118,+37.2827241,-122.3443974,Census Tract 6138; San Mateo County; California,4064,2471,0,1586,330,70,1986,354,0,208703,1525,36,4064,2745,0,160,791,6,81,613800,San Mateo,485.2826119804583,0.0,0.02360655737704918,0.14326183731282882,8.37450157839913,0,0,0.0,36774.41656836874,0.0,0.0
06,081,600200,06081600200,6002,Census Tract 6002,G5020,S,1137963,0,+37.7044761,-122.4157978,Census Tract 6002; San Mateo County; California,4246,2041,224,1085,326,115,1784,163,0,111000,1058,95,4246,88,255,2272,1153,6,81,600200,San Mateo,1.1379604012176254,0.10975012248897599,0.08979206049149338,0.07986281234688879,3731.2370408115703,10,1,93.66855188476164,3382.7156078660446,8.787652003795502,0.0
06,075,030900,06075030900,309,Census Tract 309,G5020,S,1881363,0,+37.7282698,-122.4683645,Census Tract 309; San Francisco County; California,6627,3327,600,1247,479,204,2577,119,17,178516,2339,140,6627,2529,39,2563,639,6,75,30900,San Francisco,1.881370000035314,0.18034265103697025,0.059854638734501926,0.04087766756837992,3522.4331204790174,44,1,99.99999999999999,1973.2033796797089,23.387212509593596,0.0
06,075,031100,06075031100,311,Census Tract 311,G5020,S,1071960,0,+37.7296129,-122.4462246,Census Tract 311; San Francisco County; California,6286,3799,885,1328,253,8,2632,197,0,188591,2398,211,6286,2377,282,2168,1064,6,75,31100,San Francisco,1.07196000594984,0.23295604106343776,0.08798999165971642,0.051855751513556196,5864.024744496055,29,2,100.0,880.500308435953,27.05324810537474,50.4
06,075,031000,06075031000,310,Census Tract 310,G5020,S,818834,0,+37.7286248,-122.4571615,Census Tract 310; San Francisco County; California,4140,2046,305,928,47,42,1418,234,29,190000,1512,173,4140,1350,206,1680,470,6,75,31000,San Francisco,0.8188365418267876,0.1490713587487781,0.11441798941798942,0.12854349951124144,5055.954135563914,18,1,100.0,1142.1041399471776,21.982409285060495,0.0
06,075,032700,06075032700,327,Census Tract 327,G5020,S,844707,0,+37.7601691,-122.4911696,Census Tract 327; San Francisco County; California,6721,3616,670,1334,66,442,2887,317,15,145147,2436,220,6721,2307,29,3149,685,6,75,32700,San Francisco,0.8447127228942882,0.18528761061946902,0.090311986863711,0.0918141592920354,7956.551165669019,12,1,100.0,5744.129310714085,14.20601309150844,0.0
06,075,033100,06075033100,331,Census Tract 331,G5020,S,892075,0,+37.7322046,-122.4871887,Census Tract 331; San Francisco County; California,3980,1862,168,1020,138,82,1440,171,44,165592,1415,105,3980,1148,54,2250,179,6,75,33100,San Francisco,0.8920771821486188,0.09022556390977443,0.07420494699646643,0.11546723952738991,4461.497367765806,16,1,100.0,3294.7628443119784,17.93566781011379,0.0
06,075,033201,06075033201,332.01,Census Tract 332.01,G5020,S,933928,0,+37.7263801,-122.4798147,Census Tract 332.01; San Francisco County; California,3730,1789,615,317,67,413,1484,249,10,53906,621,200,3730,1010,348,1121,1040,6,75,33201,San Francisco,0.933928914831267,0.3437674678591392,0.322061191626409,0.14477361654555618,3993.8799846173506,24,1,99.99999999999993,2426.5697161300745,25.697887300486975,0.0
06,075,035201,06075035201,352.01,Census Tract 352.01,G5020,S,939755,630051,+37.7566323,-122.5104356,Census Tract 352.01; San Francisco County; California,5305,2893,508,1363,284,49,2371,310,161,132277,1849,184,5305,1397,42,2992,488,6,75,35201,San Francisco,1.569803039417251,0.1755962668510197,0.09951325040562466,0.16280677497407536,3379.404846845847,16,1,99.99999999999997,6535.045573732142,10.192361460798029,0.0
06,075,035300,06075035300,353,Census Tract 353,G5020,S,1122296,0,+37.7425282,-122.4978589,Census Tract 353; San Francisco County; California,7157,3643,830,1413,206,69,2688,357,170,146620,2590,298,7157,2186,10,4183,639,6,75,35300,San Francisco,1.1222923592599778,0.22783420258029097,0.11505791505791506,0.1446609936865221,6377.126192607437,23,1,100.0,4761.440130242631,20.493768678213083,0.0
06,075,035400,06075035400,354,Census Tract 354,G5020,S,1030801,557642,+37.7421123,-122.5072288,Census Tract 354; San Francisco County; California,7431,3549,804,1638,350,0,3086,606,29,139477,2430,479,7431,2822,64,2809,393,6,75,35400,San Francisco,1.5884378762487965,0.2265426880811496,0.19711934156378602,0.178923640462102,4678.181067772577,29,1,100.0,5230.161993277616,18.256930556507164,0.0
06,075,040100,06075040100,401,Census Tract 401,G5020,S,419128,0,+37.7851587,-122.4618150,Census Tract 401; San Francisco County; California,4228,2608,738,741,119,254,1923,338,104,136429,1682,329,4228,1731,0,1577,605,6,75,40100,San Francisco,0.41912672209005286,0.28297546012269936,0.19560047562425684,0.16947852760736196,10087.641224392224,8,1,99.99999999999993,4263.620862495706,19.087306006418586,0.0
06,075,040200,06075040200,402,Census Tract 402,G5020,S,531470,0,+37.7843303,-122.4683869,Census Tract 402; San Francisco County; California,5464,3421,664,1216,304,88,2416,255,32,184617,2387,729,5464,2383,77,1975,595,6,75,40200,San Francisco,0.5314682459542929,0.19409529377375037,0.3054042731462086,0.08389359836305174,10280.95289152969,13,1,100.0,4778.418271673028,24.460539456421298,0.0
06,075,042700,06075042700,427,Census Tract 427,G5020,S,409396,0,+37.7822707,-122.4881761,Census Tract 427; San Francisco County; California,5229,2889,572,1252,426,57,2381,249,23,104414,2523,433,5229,1708,303,2544,337,6,75,42700,San Francisco,0.4093959848817619,0.19799238490827276,0.17162108600871978,0.09415022499134648,12772.475043960661,20,1,100.0,6311.436512130567,48.85245761698474,0.0
06,075,042800,06075042800,428,Census Tract 428,G5020,S,566490,318183,+37.7880433,-122.4885865,Census Tract 428; San Francisco County; California,2348,1215,63,593,34,33,749,68,8,250001,878,27,2348,1350,30,594,137,6,75,42800,San Francisco,0.8846740233247262,0.05185185185185185,0.030751708428246014,0.06255144032921811,2654.0849376088768,4,1,87.26437640497319,6602.677294634002,4.521439416710182,0.0
06,075,047600,06075047600,476,Census Tract 476,G5020,S,531173,0,+37.7767733,-122.4755440,Census Tract 476; San Francisco County; California,5121,3102,677,852,506,48,2310,222,211,169563,2234,347,5121,1832,40,2431,185,6,75,47600,San Francisco,0.5311745878883412,0.21824629271437782,0.15532676812891674,0.1395873629916183,9640.897958538053,14,1,99.99999999999997,5074.079703559106,26.356682565813855,0.0
06,075,023400,06075023400,234,Census Tract 234,G5020,S,858134,0,+37.7215886,-122.3900583,Census Tract 234; San Francisco County; California,4039,1600,374,882,284,16,1600,298,10,78664,1140,191,4039,321,1034,1147,1356,6,75,23400,San Francisco,0.8581351072995865,0.23375,0.1675438596491228,0.1925,4706.718051321877,18,1,100.0,4035.8925263698,20.975717980637235,0.0
06,075,025100,06075025100,251,Census Tract 251,G5020,S,552278,0,+37.7439404,-122.4076933,Census Tract 251; San Francisco County; California,3408,1908,190,868,48,68,1364,242,24,131801,1355,70,3408,1682,162,486,820,6,75,25100,San Francisco,0.5522857458184894,0.09958071278825996,0.05166051660516605,0.13941299790356393,6170.718737180754,14,1,99.99999999999997,1336.00502713872,25.349196690296523,0.0
06,075,047701,06075047701,477.01,Census Tract 477.01,G5020,S,364728,0,+37.7782559,-122.4840627,Census Tract 477.01; San Francisco County; California,4848,2602,629,849,123,88,1776,182,33,125658,2048,515,4848,1573,0,2433,377,6,75,47701,San Francisco,0.36472941574793705,0.24173712528823982,0.25146484375,0.08262874711760185,13292.045529309411,12,1,99.99999999999999,5840.753332616099,32.90110279532033,0.0
06,075,060100,06075060100,601,Census Tract 601,G5020,S,6126570,20328116,+37.8073470,-122.4749184,Census Tract 601; San Francisco County; California,3952,2269,332,831,102,216,1697,147,95,236445,1331,56,3952,2210,54,276,970,6,75,60100,San Francisco,26.454686228055476,0.14631996474217718,0.042073628850488355,0.10665491405905686,149.38752121009327,28,1,29.825886096682495,6968.960258189272,1.058413611812402,0.0
06,085,503710,06085503710,5037.10,Census Tract 5037.10,G5020,S,601268,0,+37.3547002,-121.8469654,Census Tract 5037.10; Santa Clara County; California,3334,1481,97,1036,41,0,1174,71,93,56582,1044,247,3334,163,20,1117,1780,6,85,503710,Santa Clara,0.6012668216004833,0.06549628629304524,0.23659003831417624,0.11073598919648886,5544.959209831977,0,0,0.0,2889.972930567979,0.0,0.0
06,085,503711,06085503711,5037.11,Census Tract 5037.11,G5020,S,965822,0,+37.3498677,-121.8443656,Census Tract 5037.11; Santa Clara County; California,4780,2148,25,1364,450,65,2064,76,35,96650,978,14,4780,127,71,1544,2975,6,85,503711,Santa Clara,0.9658221185152083,0.011638733705772812,0.014314928425357873,0.051675977653631286,4949.151513892081,0,0,0.0,3386.426738493625,0.0,0.0
06,075,047902,06075047902,479.02,Census Tract 479.02,G5020,S,410921,0,+37.7792384,-122.5041008,Census Tract 479.02; San Francisco County; California,3350,1708,244,696,114,84,1227,128,27,126944,1494,214,3350,1393,0,1179,474,6,75,47902,San Francisco,0.4109187983353426,0.14285714285714285,0.14323962516733602,0.09074941451990633,8152.462271307753,10,1,100.0,7582.391730471409,24.33570827256046,0.0
06,085,503332,06085503332,5033.32,Census Tract 5033.32,G5020,S,7849296,0,+37.2815210,-121.7383531,Census Tract 5033.32; Santa Clara County; California,5993,2204,44,1198,220,0,1484,222,30,133872,2833,53,5993,3200,8,1581,814,6,85,503332,Santa Clara,7.849295773148389,0.019963702359346643,0.018708083303918106,0.11433756805807622,763.5079850731856,0,0,0.0,15458.360014879067,0.0,0.0
06,085,503330,06085503330,5033.30,Census Tract 5033.30,G5020,S,17811691,0,+37.3089937,-121.7397926,Census Tract 5033.30; Santa Clara County; California,7156,3258,69,1983,96,105,2303,130,165,250001,2001,12,7156,494,365,5701,486,6,85,503330,Santa Clara,17.811690677159312,0.02117863720073665,0.005997001499250375,0.0905463474524248,401.7586050478882,0,0,0.0,13642.854145426396,0.0,0.0
06,085,504423,06085504423,5044.23,Census Tract 5044.23,G5020,S,556890,0,+37.4335965,-121.8706784,Census Tract 5044.23; Santa Clara County; California,2101,945,27,683,80,0,805,81,14,176528,566,3,2101,580,110,975,235,6,85,504423,Santa Clara,0.5568886275908551,0.02857142857142857,0.00530035335689046,0.10052910052910052,3772.7471812256153,0,0,0.0,3184.2761460221336,0.0,0.0
06,085,511707,06085511707,5117.07,Census Tract 5117.07,G5020,S,112950380,372433,+37.2923684,-122.1192678,Census Tract 5117.07; Santa Clara County; California,3090,1179,5,546,63,7,630,5,0,211250,1186,120,3090,1581,80,1174,177,6,85,511707,Santa Clara,113.32281247290415,0.004240882103477523,0.10118043844856661,0.004240882103477523,27.26723713055418,0,0,0.0,23113.121947115153,0.0,0.0
06,085,511704,06085511704,5117.04,Census Tract 5117.04,G5020,S,15393824,0,+37.3610552,-122.1406585,Census Tract 5117.04; Santa Clara County; California,4577,2039,16,1337,58,19,1464,16,36,250001,1684,36,4577,2277,0,1982,167,6,85,511704,Santa Clara,15.39381607775154,0.00784698381559588,0.021377672209026127,0.02550269740068661,297.32718494766686,0,0,0.0,22740.032139034916,0.0,0.0
06,085,511609,06085511609,5116.09,Census Tract 5116.09,G5020,S,1537877,0,+37.4385457,-122.1744126,Census Tract 5116.09; Santa Clara County; California,3274,1629,33,674,20,372,1384,27,17,150192,1632,167,3274,1863,42,632,518,6,85,511609,Santa Clara,1.53787431741891,0.020257826887661142,0.10232843137254902,0.027010435850214856,2128.9125924769423,0,0,0.0,21874.175823541344,0.0,0.0
06,085,512510,06085512510,5125.10,Census Tract 5125.10,G5020,S,23158850,0,+36.9775587,-121.5863518,Census Tract 5125.10; Santa Clara County; California,6844,3160,0,2320,190,0,2536,362,209,105833,2514,202,6844,2628,49,924,2944,6,85,512510,Santa Clara,23.15885211786514,0.0,0.08035003977724742,0.18069620253164556,295.5241462386825,0,0,0.0,50417.3216610766,0.0,0.0
06,085,512509,06085512509,5125.09,Census Tract 5125.09,G5020,S,4848125,0,+36.9879101,-121.5714927,Census Tract 5125.09; Santa Clara County; California,8056,3497,154,2308,361,16,2847,581,277,183036,1937,63,8056,1487,542,1204,4132,6,85,512509,Santa Clara,4.848125678866068,0.04403774663997712,0.03252452245740836,0.24535315985130113,1661.6730946389625,0,0,0.0,50122.1332200607,0.0,0.0
06,085,512310,06085512310,5123.10,Census Tract 5123.10,G5020,S,3971870,0,+37.1170325,-121.6337601,Census Tract 5123.10; Santa Clara County; California,5395,2293,31,1721,199,66,2060,273,113,101500,1764,62,5395,1475,216,878,2635,6,85,512310,Santa Clara,3.971872071392622,0.013519406890536415,0.035147392290249435,0.16833842128216311,1358.3015522724022,0,0,0.0,35167.5780714529,0.0,0.0
06,085,503331,06085503331,5033.31,Census Tract 5033.31,G5020,S,1365613,0,+37.2948911,-121.7588008,Census Tract 5033.31; Santa Clara County; California,3725,1453,38,1067,36,24,1206,113,81,119663,1381,90,3725,1171,2,1733,524,6,85,503331,Santa Clara,1.3656121705167312,0.02615278733654508,0.06517016654598118,0.13351686166551963,2727.714412936511,0,0,0.0,13116.306779447363,0.0,0.0
06,085,510600,06085510600,5106,Census Tract 5106,G5020,S,2071917,0,+37.4087715,-122.1302626,Census Tract 5106; Santa Clara County; California,6100,2636,84,1351,95,128,1699,91,10,159250,2132,79,6100,2645,135,1729,1053,6,85,510600,Santa Clara,2.0719192726981843,0.03186646433990895,0.037054409005628515,0.03831562974203338,2944.1301504262733,0,0,0.0,19802.147223897577,0.0,0.0
06,085,511705,06085511705,5117.05,Census Tract 5117.05,G5020,S,12543868,0,+37.4057029,-122.1619140,Census Tract 5117.05; Santa Clara County; California,2047,980,38,432,19,28,862,0,0,250001,612,14,2047,1389,63,345,158,6,85,511705,Santa Clara,12.54386335148403,0.03877551020408163,0.02287581699346405,0.0,163.18736442212798,0,0,0.0,22392.347464907838,0.0,0.0
06,085,513000,06085513000,5130,Census Tract 5130,G5020,S,2759139,0,+37.4288643,-122.1617975,Census Tract 5130; Santa Clara County; California,10780,4674,97,846,130,1209,3873,75,18,50346,2522,1009,10780,4575,414,3099,1829,6,85,513000,Santa Clara,2.759136146525294,0.020753102267864785,0.40007930214115783,0.01989730423620026,3907.019961148255,0,0,0.0,21266.021038877498,0.0,0.0
06,085,512053,06085512053,5120.53,Census Tract 5120.53,G5020,S,1092624,0,+37.2436327,-121.8534640,Census Tract 5120.53; Santa Clara County; California,5205,2736,17,1735,141,24,1961,204,33,138750,1610,43,5205,1681,371,611,2233,6,85,512053,Santa Clara,1.0926236891209078,0.0062134502923976605,0.02670807453416149,0.08662280701754387,4763.762722541543,0,0,0.0,14004.9473407304,0.0,0.0
06,075,020300,06075020300,203,Census Tract 203,G5020,S,286010,0,+37.7649354,-122.4294366,Census Tract 203; San Francisco County; California,3474,2592,723,454,28,176,1548,163,66,172151,2142,809,3474,2220,79,398,499,6,75,20300,San Francisco,0.2860098036452531,0.2789351851851852,0.3776844070961718,0.08834876543209877,12146.436785463868,18,1,100.0,852.1413954954775,62.93490562416512,0.0
06,075,020900,06075020900,209,Census Tract 209,G5020,S,312680,0,+37.7518211,-122.4184134,Census Tract 209; San Francisco County; California,4098,2601,1271,375,103,113,1999,279,152,117813,1690,657,4098,1382,131,643,1655,6,75,20900,San Francisco,0.3126812318934329,0.4886582083813918,0.38875739644970414,0.16570549788542868,13105.999279792619,13,2,100.0,67.30078358023975,41.57588839368083,50.4
06,075,021000,06075021000,210,Census Tract 210,G5020,S,311804,0,+37.7515888,-122.4228445,Census Tract 210; San Francisco County; California,3820,2292,566,655,86,92,1682,75,61,151118,1849,567,3820,2390,31,602,524,6,75,21000,San Francisco,0.3118018443046815,0.2469458987783595,0.30665224445646294,0.059336823734729496,12251.370765681662,4,1,100.0,391.78618003453323,12.828660487624777,0.0
06,075,021100,06075021100,211,Census Tract 211,G5020,S,424228,0,+37.7539709,-122.4298155,Census Tract 211; San Francisco County; California,3959,2694,692,616,30,150,1772,295,101,228125,1998,401,3959,2781,0,577,259,6,75,21100,San Francisco,0.424228417936327,0.25686711210096513,0.2007007007007007,0.14699331848552338,9332.23667395665,12,1,99.99999999999999,1008.8357654024309,28.286648165567012,0.0
06,075,021200,06075021200,212,Census Tract 212,G5020,S,345793,0,+37.7531762,-122.4381261,Census Tract 212; San Francisco County; California,2984,1789,456,531,35,43,1226,144,68,191156,1423,241,2984,1852,29,347,300,6,75,21200,San Francisco,0.3457916317804818,0.2548910005589715,0.16936050597329586,0.11850195640022358,8629.474301143086,16,1,100.0,1727.314570443089,46.270639684413325,0.0
06,075,021300,06075021300,213,Census Tract 213,G5020,S,312668,0,+37.7492624,-122.4384746,Census Tract 213; San Francisco County; California,2663,1582,263,698,49,49,1143,146,57,183417,1153,122,2663,1705,93,287,286,6,75,21300,San Francisco,0.31266648003636405,0.16624525916561314,0.10581092801387684,0.12831858407079647,8517.062653119341,15,1,100.0,1790.7697523344493,47.974442281933946,0.0
06,075,021400,06075021400,214,Census Tract 214,G5020,S,354535,0,+37.7495712,-122.4293939,Census Tract 214; San Francisco County; California,3500,2222,484,520,80,123,1410,157,41,217353,1714,387,3500,2499,0,539,261,6,75,21400,San Francisco,0.35453759057980333,0.21782178217821782,0.22578763127187865,0.0891089108910891,9872.013837167939,14,1,100.0,1008.0832312469628,39.48805534867176,0.0
06,075,021500,06075021500,215,Census Tract 215,G5020,S,474360,0,+37.7449640,-122.4269056,Census Tract 215; San Francisco County; California,5559,3687,1243,1068,72,46,2809,273,20,200938,2416,196,5559,3084,64,1081,907,6,75,21500,San Francisco,0.47436182270410454,0.33713045836723626,0.08112582781456953,0.0794684024952536,11718.902605422296,12,1,99.99999999999996,1109.9970111592388,25.297145397565668,0.0
06,075,021600,06075021600,216,Census Tract 216,G5020,S,597918,0,+37.7454960,-122.4381399,Census Tract 216; San Francisco County; California,4414,2679,394,1007,40,0,1518,163,76,218988,2055,307,4414,2254,194,962,585,6,75,21600,San Francisco,0.5979177846987771,0.14706980216498694,0.14939172749391727,0.08921239268383725,7382.285847583064,24,1,100.0,1417.808123455842,40.1392977666501,0.0
06,075,021700,06075021700,217,Census Tract 217,G5020,S,1236558,0,+37.7402533,-122.4392771,Census Tract 217; San Francisco County; California,4602,2158,483,659,219,38,1425,235,0,141250,1801,83,4602,2334,508,634,384,6,75,21700,San Francisco,1.2365545244425171,0.22381835032437442,0.04608550805108273,0.10889712696941613,3721.63128194832,34,1,100.0,925.3311327101903,27.495754799270507,0.0
06,075,021800,06075021800,218,Census Tract 218,G5020,S,504786,0,+37.7379203,-122.4291348,Census Tract 218; San Francisco County; California,4121,2670,453,800,66,79,1627,180,43,232500,1776,170,4121,2461,62,575,619,6,75,21800,San Francisco,0.5047863174901547,0.1696629213483146,0.09572072072072071,0.08352059925093633,8163.850439706848,28,1,99.99999999999997,647.1673503679141,55.46901536321081,0.0
06,075,022600,06075022600,226,Census Tract 226,G5020,S,1280042,556866,+37.7601234,-122.3852679,Census Tract 226; San Francisco County; California,3849,3150,586,615,105,458,2240,188,147,239625,2042,597,3849,1838,124,1139,400,6,75,22600,San Francisco,1.836909336113786,0.18603174603174602,0.292360430950049,0.10634920634920635,2095.3674328549314,20,1,97.06661505442892,3010.914537229831,10.88785363915267,0.0
06,075,022802,06075022802,228.02,Census Tract 228.02,G5020,S,291253,0,+37.7589131,-122.4062337,Census Tract 228.02; San Francisco County; California,2369,1175,280,248,100,107,874,120,66,131042,744,228,2369,1008,144,408,736,6,75,22802,San Francisco,0.29125548475300383,0.23829787234042554,0.3064516129032258,0.15829787234042553,8133.752406444829,10,1,99.99999999999996,1293.98750270188,34.33411737629729,0.0
06,075,022902,06075022902,229.02,Census Tract 229.02,G5020,S,161833,0,+37.7513440,-122.4103787,Census Tract 229.02; San Francisco County; California,2096,1244,212,314,58,213,914,37,0,190875,714,195,2096,763,60,382,755,6,75,22902,San Francisco,0.16183335145215771,0.17041800643086816,0.27310924369747897,0.0297427652733119,12951.594842424269,6,1,99.99999999999997,719.8690320983844,37.07517607564199,0.0
06,075,022903,06075022903,229.03,Census Tract 229.03,G5020,S,311266,0,+37.7517619,-122.4062182,Census Tract 229.03; San Francisco County; California,2850,1893,537,331,39,89,1309,281,60,209659,1087,237,2850,1285,92,345,875,6,75,22903,San Francisco,0.3112662222952773,0.2836767036450079,0.21803127874885003,0.18013734812466983,9156.149289132944,13,1,99.99999999999997,1078.351815897335,41.76489149429062,0.0
06,075,023001,06075023001,230.01,Census Tract 230.01,G5020,S,666244,0,+37.7351925,-122.4017617,Census Tract 230.01; San Francisco County; California,5719,2465,775,1201,232,76,2284,307,53,95052,1288,64,5719,512,404,3387,1196,6,75,23001,San Francisco,0.6662407791725532,0.3144016227180527,0.049689440993788817,0.1460446247464503,8583.983716972098,20,1,100.0,2413.625356685521,30.01917718822206,0.0
06,075,023003,06075023003,230.03,Census Tract 230.03,G5020,S,409147,0,+37.7326749,-122.3958349,Census Tract 230.03; San Francisco County; California,4157,2100,387,919,305,80,1854,86,71,103472,1234,156,4157,344,770,2213,645,6,75,23003,San Francisco,0.40914540197939747,0.18428571428571427,0.12641815235008103,0.07476190476190477,10160.202167466436,14,1,100.0,2963.072444548546,34.21766426377919,0.0
06,013,359103,06013359103,3591.03,Census Tract 3591.03,G5020,S,2535285,115898,+38.0008360,-122.2941567,Census Tract 3591.03; Contra Costa County; California,5435,2846,70,1830,319,2,2250,188,129,99424,1949,110,5435,1646,730,1606,1130,6,13,359103,Contra Costa,2.651184476899785,0.024595924104005622,0.05643919958953309,0.11138439915671117,2050.027090666857,0,0,0.0,8930.201476379372,0.0,0.0
06,013,317000,06013317000,3170,Census Tract 3170,G5020,S,1621419,0,+38.0176878,-122.1262123,Census Tract 3170; Contra Costa County; California,1934,983,63,718,20,10,828,77,37,61250,968,57,1934,1432,41,145,207,6,13,317000,Contra Costa,1.621420373815139,0.06408952187182096,0.058884297520661155,0.11597151576805696,1192.7813608566996,0,0,0.0,9053.635868945199,0.0,0.0
06,013,328000,06013328000,3280,Census Tract 3280,G5020,S,1082448,0,+37.9756132,-122.0378060,Census Tract 3280; Contra Costa County; California,2326,1197,280,710,68,33,1091,244,27,52099,1432,347,2326,1101,107,461,589,6,13,328000,Contra Costa,1.0824462115685782,0.23391812865497075,0.24231843575418993,0.22639933166248954,2148.836565864443,0,0,47.15986398848578,788.4765911879391,0.0,0.0
06,001,450744,06001450744,4507.44,Census Tract 4507.44,G5020,S,2626683,0,+37.6969031,-121.8651217,Census Tract 4507.44; Alameda County; California,5818,2553,130,1565,46,75,1823,151,160,193214,2040,75,5818,2733,0,2008,757,6,1,450744,Alameda,2.626680841406365,0.0509204857030944,0.03676470588235294,0.1218174696435566,2214.962666299783,0,0,0.0,3049.7980297490462,0.0,0.0
06,001,405901,06001405901,4059.01,Census Tract 4059.01,G5020,S,452598,0,+37.7877859,-122.2357701,Census Tract 4059.01; Alameda County; California,3757,1685,293,813,220,20,1435,233,51,51292,1089,184,3757,189,643,1248,1266,6,1,405901,Alameda,0.45259409590893884,0.17388724035608308,0.1689623507805326,0.1685459940652819,8301.036257344156,0,0,0.0,1766.3960340456783,0.0,0.0
06,001,450101,06001450101,4501.01,Census Tract 4501.01,G5020,S,1811639,0,+37.7050855,-121.8851378,Census Tract 4501.01; Alameda County; California,6883,4034,480,1991,272,145,2970,523,257,166898,2613,74,6883,1561,204,4113,546,6,1,450101,Alameda,1.8116434825314067,0.11898859692612791,0.028319938767699962,0.19335647000495787,3799.312649739669,0,0,24.221078590794242,1297.8533682893863,0.0,0.0
06,013,330000,06013330000,3300,Census Tract 3300,G5020,S,2161034,0,+37.9884601,-122.0261933,Census Tract 3300; Contra Costa County; California,5587,3052,282,1933,354,1,2591,330,283,124833,2032,29,5587,2642,66,589,1780,6,13,330000,Contra Costa,2.1610320444576154,0.09239842726081259,0.014271653543307087,0.2008519003931848,2585.3388034337304,0,0,12.345985904756281,1652.8537726340514,0.0,0.0
06,013,332000,06013332000,3320,Census Tract 3320,G5020,S,3001375,0,+37.9815004,-121.9973254,Census Tract 3320; Contra Costa County; California,8109,4161,310,2593,359,82,3373,546,201,123525,2789,90,8109,3422,147,1348,2418,6,13,332000,Contra Costa,3.001372931996602,0.07450132179764479,0.0322696306920043,0.1795241528478731,2701.763554123097,0,0,0.0,2912.962836481935,0.0,0.0
06,013,372000,06013372000,3720,Census Tract 3720,G5020,S,1558791,0,+37.9485229,-122.3399385,Census Tract 3720; Contra Costa County; California,7610,4275,626,2902,449,109,4146,383,161,89964,2445,254,7610,777,433,1263,4856,6,13,372000,Contra Costa,1.5587895631359285,0.1464327485380117,0.10388548057259714,0.1272514619883041,4881.99316955293,0,0,0.0,1736.290788873538,0.0,0.0
06,013,373000,06013373000,3730,Census Tract 3730,G5020,S,827435,0,+37.9476192,-122.3538132,Census Tract 3730; Contra Costa County; California,4386,2181,417,1281,271,36,2016,211,139,83413,1349,104,4386,204,195,117,3550,6,13,373000,Contra Costa,0.8274330337539555,0.19119669876203577,0.0770941438102298,0.16047684548372307,5300.731081645715,0,0,0.45515694424492215,1205.384819613227,0.0,0.0
06,013,310000,06013310000,3100,Census Tract 3100,G5020,S,1979515,0,+38.0264788,-121.8917588,Census Tract 3100; Contra Costa County; California,6257,2839,167,1756,601,0,2629,354,298,67054,1988,334,6257,1077,985,327,3668,6,13,310000,Contra Costa,1.9795152844406985,0.058823529411764705,0.16800804828973842,0.22965833039802747,3160.874810707957,0,0,0.038925002575965255,1094.676559587662,0.0,0.0
06,013,374000,06013374000,3740,Census Tract 3740,G5020,S,992096,0,+37.9394176,-122.3414882,Census Tract 3740; Contra Costa County; California,4687,2089,235,1385,180,85,1907,247,34,83194,1780,230,4687,888,497,522,2635,6,13,374000,Contra Costa,0.9920933864332933,0.11249401627573001,0.12921348314606743,0.13451412158927717,4724.353638572659,0,0,18.842518839829296,1051.9560346617648,0.0,0.0
06,013,375000,06013375000,3750,Census Tract 3750,G5020,S,655839,0,+37.9402568,-122.3518215,Census Tract 3750; Contra Costa County; California,5271,2225,123,1624,318,50,2119,223,68,74306,1351,159,5271,381,723,175,3922,6,13,375000,Contra Costa,0.6558355766485319,0.05528089887640449,0.11769059955588453,0.13078651685393258,8037.0754312170775,2,1,94.939345929669,398.58815443546297,3.049544842047838,21.0
06,013,376000,06013376000,3760,Census Tract 3760,G5020,S,1200143,0,+37.9409897,-122.3623529,Census Tract 3760; Contra Costa County; California,6712,2831,252,1604,655,24,2717,329,243,64964,1763,171,6712,41,888,286,5160,6,13,376000,Contra Costa,1.2001348281589004,0.08901448251501236,0.09699376063528077,0.20204874602613918,5592.70495490638,0,0,28.33638625408012,938.7582472959014,0.0,0.0
06,013,377000,06013377000,3770,Census Tract 3770,G5020,S,1245112,0,+37.9337791,-122.3629918,Census Tract 3770; Contra Costa County; California,7826,2747,222,1553,484,102,2471,365,93,41264,2579,648,7826,366,1720,509,4998,6,13,377000,Contra Costa,1.245109082922689,0.08081543502002184,0.25126017836370684,0.16672733891518018,6285.393069039181,0,0,42.14680793556448,926.7872317753416,0.0,0.0
06,013,383000,06013383000,3830,Census Tract 3830,G5020,S,1341211,0,+37.9088884,-122.3116766,Census Tract 3830; Contra Costa County; California,5848,3286,419,1764,281,93,2615,197,77,105905,2259,125,5848,2810,321,1074,856,6,13,383000,Contra Costa,1.341213239834931,0.1275106512477176,0.05533421868083223,0.08338405356055995,4360.231338545196,0,0,10.407091797488246,1316.886903609763,0.0,0.0
06,013,385200,06013385200,3852,Census Tract 3852,G5020,S,638550,0,+37.9274762,-122.3087345,Census Tract 3852; Contra Costa County; California,1413,620,77,325,65,0,480,47,17,130804,557,10,1413,601,200,456,43,6,13,385200,Contra Costa,0.6385500652915757,0.12419354838709677,0.017953321364452424,0.1032258064516129,2212.8257074952985,0,0,45.97356658231577,757.3211368217256,0.0,0.0
06,013,387000,06013387000,3870,Census Tract 3870,G5020,S,801387,0,+37.9170443,-122.3059217,Census Tract 3870; Contra Costa County; California,3090,1601,224,797,59,65,1212,158,72,105524,1211,55,3090,1394,135,923,265,6,13,387000,Contra Costa,0.801386595914404,0.13991255465334165,0.04541701073492981,0.14366021236727045,3855.8169250063706,0,0,0.5005266551550464,1321.54788190151,0.0,0.0
06,013,391000,06013391000,3910,Census Tract 3910,G5020,S,1411582,0,+37.9070641,-122.2842554,Census Tract 3910; Contra Costa County; California,2568,1185,139,330,33,30,592,68,87,170625,1073,41,2568,1687,29,264,241,6,13,391000,Contra Costa,1.411582381136004,0.11729957805907174,0.03821062441752097,0.1308016877637131,1819.2349481815875,0,0,0.5120405344285885,1376.646295981406,0.0,0.0
06,013,315000,06013315000,3150,Census Tract 3150,G5020,S,40332569,8873231,+38.0369619,-122.0293919,Census Tract 3150; Contra Costa County; California,3772,2039,47,1686,142,12,1887,151,23,94737,1186,68,3772,1099,559,573,1489,6,13,315000,Contra Costa,49.205795008755324,0.0230505149583129,0.05733558178752108,0.0853359489946052,76.65763756746207,0,0,0.14695374759421861,3646.6551323667372,0.0,0.0
06,013,347000,06013347000,3470,Census Tract 3470,G5020,S,25371845,0,+37.9337512,-122.1201580,Census Tract 3470; Contra Costa County; California,6724,3163,386,1625,257,29,2338,427,167,237976,2226,44,6724,5069,44,690,530,6,13,347000,Contra Costa,25.371850905531396,0.12203604173253241,0.019766397124887692,0.18779639582674676,265.01811101743783,0,0,0.0,4522.90625669961,0.0,0.0
06,013,350000,06013350000,3500,Census Tract 3500,G5020,S,8578840,431202,+37.8798010,-122.1364828,Census Tract 3500; Contra Costa County; California,6150,3252,396,1744,152,63,2355,215,199,216875,2344,16,6150,4017,48,987,660,6,13,350000,Contra Costa,9.010042137454016,0.12177121771217712,0.006825938566552901,0.12730627306273062,682.5717245466531,0,0,8.588871609267972,2034.7188827292819,0.0,0.0
06,013,359102,06013359102,3591.02,Census Tract 3591.02,G5020,S,2059638,736214,+38.0067648,-122.3074125,Census Tract 3591.02; Contra Costa County; California,5061,2452,347,1541,311,50,2268,358,380,114129,1823,84,5061,1315,849,1504,1120,6,13,359102,Contra Costa,2.795848429224074,0.14151712887438825,0.04607789358200768,0.300978792822186,1810.183966734051,0,0,0.0,8678.753867888896,0.0,0.0
06,013,362000,06013362000,3620,Census Tract 3620,G5020,S,1313232,0,+37.9457158,-122.3152708,Census Tract 3620; Contra Costa County; California,2832,1605,179,953,56,16,1210,215,16,112344,1169,48,2832,1555,216,320,556,6,13,362000,Contra Costa,1.3132313025263274,0.11152647975077881,0.041060735671514116,0.14392523364485982,2156.512713755713,0,0,0.0,2284.425021186506,0.0,0.0
06,013,379000,06013379000,3790,Census Tract 3790,G5020,S,1684618,0,+37.9283069,-122.3567115,Census Tract 3790; Contra Costa County; California,8383,3292,142,2400,370,19,3049,250,54,64518,1937,149,8383,177,1509,173,5972,6,13,379000,Contra Costa,1.684616413411378,0.043134872417982986,0.07692307692307693,0.09234507897934387,4976.207006688412,0,0,9.079268379697897,988.2061760933423,0.0,0.0
06,013,382000,06013382000,3820,Census Tract 3820,G5020,S,1978212,0,+37.9161083,-122.3229325,Census Tract 3820; Contra Costa County; California,8477,3980,464,2571,519,50,3778,583,205,56378,3092,333,8477,1209,3521,559,2695,6,13,382000,Contra Costa,1.9782113349694264,0.11658291457286432,0.10769728331177232,0.19798994974874373,4285.184221801567,0,0,14.613894876925372,1136.3820737373865,0.0,0.0
06,013,388000,06013388000,3880,Census Tract 3880,G5020,S,658328,0,+37.9089645,-122.3022233,Census Tract 3880; Contra Costa County; California,2711,1445,260,571,153,28,1071,98,0,116250,1094,53,2711,1292,55,839,376,6,13,388000,Contra Costa,0.658326691188896,0.17993079584775087,0.048446069469835464,0.06782006920415225,4118.016231582692,0,0,52.90953459134865,762.1123713311254,0.0,0.0
06,013,389100,06013389100,3891,Census Tract 3891,G5020,S,686208,0,+37.9021831,-122.2980729,Census Tract 3891; Contra Costa County; California,2455,1452,358,518,80,51,1017,77,32,108333,1076,178,2455,843,195,825,351,6,13,389100,Contra Costa,0.6862064851150884,0.2465564738292011,0.1654275092936803,0.07506887052341597,3577.6403360400404,2,1,99.99999999999997,87.82645410854828,2.914574611845247,21.0
06,013,389200,06013389200,3892,Census Tract 3892,G5020,S,253610,0,+37.9010521,-122.3052141,Census Tract 3892; Contra Costa County; California,1955,1085,213,608,88,74,1022,88,42,85000,692,90,1955,384,48,952,469,6,13,389200,Contra Costa,0.2536080071118463,0.19631336405529953,0.13005780346820808,0.11981566820276497,7708.747141953627,0,0,91.02666058093656,574.549416041472,0.0,0.0
06,013,390100,06013390100,3901,Census Tract 3901,G5020,S,1009445,0,+37.9139339,-122.2934883,Census Tract 3901; Contra Costa County; California,2225,1044,93,525,104,0,742,113,44,174000,946,48,2225,1448,36,387,240,6,13,390100,Contra Costa,1.0094457221815931,0.08908045977011494,0.0507399577167019,0.1503831417624521,2204.179928754739,0,0,1.8501790987927864,1342.989837331025,0.0,0.0
06,013,390200,06013390200,3902,Census Tract 3902,G5020,S,627505,0,+37.9044740,-122.2911565,Census Tract 3902; Contra Costa County; California,1820,909,215,255,30,38,604,92,39,183611,790,43,1820,1205,4,347,171,6,13,390200,Contra Costa,0.6275040476672161,0.23652365236523654,0.05443037974683544,0.14411441144114412,2900.379697574795,0,0,50.105847229583034,709.6746378004417,0.0,0.0
06,013,333200,06013333200,3332,Census Tract 3332,G5020,S,2377314,0,+37.9689866,-121.9851343,Census Tract 3332; Contra Costa County; California,5866,2831,274,1716,252,30,2578,415,85,122700,2090,39,5866,3289,159,515,949,6,13,333200,Contra Costa,2.3773115244247607,0.09678558813140233,0.018660287081339714,0.17661603673613563,2467.493191250734,0,0,0.0,3888.67838624411,0.0,0.0
06,013,334001,06013334001,3340.01,Census Tract 3340.01,G5020,S,1303940,0,+37.9631644,-122.0017469,Census Tract 3340.01; Contra Costa County; California,3960,1938,139,1306,142,30,1640,194,28,110500,1392,145,3960,1879,18,961,688,6,13,334001,Contra Costa,1.3039407090543882,0.0717234262125903,0.10416666666666667,0.11455108359133127,3036.947901466911,0,0,0.0,2668.6092445027098,0.0,0.0
06,085,503123,06085503123,5031.23,Census Tract 5031.23,G5020,S,689066,0,+37.2977300,-121.8778357,Census Tract 5031.23; Santa Clara County; California,3777,1788,137,1276,90,45,1609,124,12,57772,1642,261,3777,718,204,591,1961,6,85,503123,Santa Clara,0.6890650524841089,0.07662192393736018,0.15895249695493302,0.07606263982102908,5481.340239769459,0,0,0.0,7868.7515557580855,0.0,0.0
06,013,335000,06013335000,3350,Census Tract 3350,G5020,S,1797536,0,+37.9691106,-122.0203707,Census Tract 3350; Contra Costa County; California,3612,1896,247,953,195,10,1476,198,133,150398,1159,16,3612,1733,27,451,851,6,13,335000,Contra Costa,1.7975419681382327,0.13027426160337552,0.013805004314063849,0.17457805907172996,2009.410664131005,2,1,42.46590448584991,919.4468139303067,1.1126304895520516,20.8
06,013,336101,06013336101,3361.01,Census Tract 3361.01,G5020,S,676674,0,+37.9667898,-122.0346276,Census Tract 3361.01; Contra Costa County; California,4438,2524,342,1547,262,17,2290,254,107,79554,1608,46,4438,801,240,346,2930,6,13,336101,Contra Costa,0.6766746241349361,0.13549920760697307,0.028606965174129355,0.143026941362916,6558.543562459668,0,0,31.995244097798302,914.1211982737462,0.0,0.0
06,013,338201,06013338201,3382.01,Census Tract 3382.01,G5020,S,3687157,0,+37.9314923,-122.0310450,Census Tract 3382.01; Contra Costa County; California,4019,1888,176,1060,69,17,1340,188,60,199773,1558,121,4019,2703,215,575,332,6,13,338201,Contra Costa,3.687155364866239,0.09322033898305085,0.07766367137355584,0.13135593220338984,1090.00017691031,0,0,0.0,2213.1339588169094,0.0,0.0
06,013,338301,06013338301,3383.01,Census Tract 3383.01,G5020,S,1964961,0,+37.9200316,-122.0196610,Census Tract 3383.01; Contra Costa County; California,2910,1331,137,590,71,5,818,191,47,204196,1086,25,2910,1998,9,414,220,6,13,338301,Contra Costa,1.9649615110283378,0.10293012772351616,0.02302025782688766,0.17881292261457551,1480.9450381942027,0,0,0.0,3319.5264803991818,0.0,0.0
06,013,311000,06013311000,3110,Census Tract 3110,G5020,S,1623108,0,+38.0214223,-121.8935623,Census Tract 3110; Contra Costa County; California,5392,2231,120,1566,424,27,2160,224,130,74667,1478,43,5392,598,525,500,3671,6,13,311000,Contra Costa,1.6231109961138728,0.05378753922008068,0.029093369418132613,0.15867324069923802,3322.015569427954,0,0,54.533701964704775,644.1948005070176,0.0,0.0
06,013,312000,06013312000,3120,Census Tract 3120,G5020,S,1427723,0,+38.0151349,-121.8694524,Census Tract 3120; Contra Costa County; California,2818,1020,141,661,88,19,925,185,139,49125,781,130,2818,191,551,385,1265,6,13,312000,Contra Costa,1.4277239674536855,0.13823529411764707,0.16645326504481434,0.3176470588235294,1973.7708858567678,0,0,6.350930075421207,1725.7301526007136,0.0,0.0
06,013,368002,06013368002,3680.02,Census Tract 3680.02,G5020,S,657215,0,+37.9610553,-122.3520991,Census Tract 3680.02; Contra Costa County; California,4102,1623,109,1158,225,65,1564,241,107,61855,1178,54,4102,213,423,247,3116,6,13,368002,Contra Costa,0.6572147007827802,0.06715958102279729,0.04584040747028863,0.2144177449168207,6241.491547761004,0,0,0.0,2698.109755838718,0.0,0.0
06,075,017700,06075017700,177,Census Tract 177,G5020,S,904078,0,+37.7680440,-122.4124918,Census Tract 177; San Francisco County; California,2080,1420,390,326,52,137,1012,77,79,156806,938,289,2080,748,29,440,745,6,75,17700,San Francisco,0.9040719970828573,0.2746478873239437,0.30810234541577824,0.10985915492957747,2300.701721446384,28,1,99.99999999999999,707.9041450676377,30.970984711778243,0.0
06,013,371000,06013371000,3710,Census Tract 3710,G5020,S,1316780,0,+37.9403079,-122.3299515,Census Tract 3710; Contra Costa County; California,5776,3406,301,2125,559,49,3151,662,60,94729,2113,36,5776,1543,590,888,2274,6,13,371000,Contra Costa,1.3167803802577356,0.08837345860246623,0.017037387600567912,0.21197886083382267,4386.456607797767,0,0,0.0,2033.7003828583486,0.0,0.0
06,013,345101,06013345101,3451.01,Census Tract 3451.01,G5020,S,2160433,0,+37.7318894,-121.9385114,Census Tract 3451.01; Contra Costa County; California,6622,3271,135,1657,360,4,2242,334,152,173388,2119,100,6622,2356,64,2827,869,6,13,345101,Contra Costa,2.16043053420737,0.04127178232956282,0.04719207173194903,0.14857841638642616,3065.1297948024576,0,0,0.0,3683.0700762199995,0.0,0.0
06,013,345102,06013345102,3451.02,Census Tract 3451.02,G5020,S,1766196,0,+37.7449859,-121.9480394,Census Tract 3451.02; Contra Costa County; California,4533,2158,71,1491,77,17,1732,312,10,186632,1335,29,4533,2441,103,1256,620,6,13,345102,Contra Costa,1.7661949801937646,0.032900834105653386,0.021722846441947566,0.14921223354958293,2566.534301610741,0,0,0.0,5319.3602223738235,0.0,0.0
06,013,352201,06013352201,3522.01,Census Tract 3522.01,G5020,S,6926359,0,+37.8529718,-122.1392991,Census Tract 3522.01; Contra Costa County; California,6070,2879,181,1372,222,88,1883,163,67,173828,2315,22,6070,3661,31,1536,514,6,13,352201,Contra Costa,6.926358492958606,0.06286905175408128,0.009503239740820735,0.0798888502952414,876.3623780332498,0,0,0.0,4649.416394782577,0.0,0.0
06,013,353002,06013353002,3530.02,Census Tract 3530.02,G5020,S,5090860,0,+37.8795036,-122.1684185,Census Tract 3530.02; Contra Costa County; California,4182,1910,340,839,87,0,1266,110,35,250001,1535,30,4182,3144,32,484,222,6,13,353002,Contra Costa,5.090866806037331,0.17801047120418848,0.019543973941368076,0.07591623036649214,821.4711088179536,0,0,9.912046592578685,1342.243118071406,0.0,0.0
06,013,356001,06013356001,3560.01,Census Tract 3560.01,G5020,S,15768459,0,+38.0245131,-122.2274445,Census Tract 3560.01; Contra Costa County; California,4025,1949,269,1314,196,3,1800,161,191,127662,1145,0,4025,790,460,1025,1168,6,13,356001,Contra Costa,15.768462203150799,0.13801949717804002,0.0,0.1806054386865059,255.25634320864458,0,0,0.0,13543.212218121958,0.0,0.0
06,013,358000,06013358000,3580,Census Tract 3580,G5020,S,6854575,4091308,+38.0481856,-122.2538488,Census Tract 3580; Contra Costa County; California,5859,2824,205,1917,301,55,2625,257,299,68452,2206,220,5859,1608,974,1218,1518,6,13,358000,Contra Costa,10.945886196895993,0.07259206798866856,0.09972801450589303,0.19688385269121814,535.269588465252,0,0,0.0,14668.197190685827,0.0,0.0
06,013,990000,06013990000,9900,Census Tract 9900,G5020,S,0,86174895,+38.0258765,-122.3116710,Census Tract 9900; Contra Costa County; California,0,0,0,0,0,0,0,0,0,-666666666,0,0,0,0,0,0,0,6,13,990000,Contra Costa,86.17490876556722,,,,0.0,0,0,0.0,8283.346527883998,0.0,0.0
06,013,359204,06013359204,3592.04,Census Tract 3592.04,G5020,S,3417079,0,+37.9995137,-122.2654330,Census Tract 3592.04; Contra Costa County; California,4340,2169,117,1559,158,0,1860,286,113,123250,1475,89,4340,700,886,1546,813,6,13,359204,Contra Costa,3.417081976876153,0.05394190871369295,0.06033898305084746,0.1839557399723375,1270.0895177140483,0,0,0.0,9413.067417957986,0.0,0.0
06,013,360200,06013360200,3602,Census Tract 3602,G5020,S,2254311,0,+37.9689431,-122.2944098,Census Tract 3602; Contra Costa County; California,5482,2819,153,2122,302,0,2612,493,86,114583,1803,42,5482,1268,538,1237,1707,6,13,360200,Contra Costa,2.2543070893995223,0.05427456544874069,0.02329450915141431,0.20539198297268535,2431.789362584241,0,0,0.0,5246.504652204808,0.0,0.0
06,013,364002,06013364002,3640.02,Census Tract 3640.02,G5020,S,2113413,0,+37.9937248,-122.3179579,Census Tract 3640.02; Contra Costa County; California,5426,2695,140,2064,258,0,2494,280,175,113519,1886,168,5426,1264,572,1246,2039,6,13,364002,Contra Costa,2.1134105870764657,0.05194805194805195,0.08907741251325557,0.16883116883116883,2567.4140335910415,0,0,0.0,7036.158640065735,0.0,0.0
06,013,366001,06013366001,3660.01,Census Tract 3660.01,G5020,S,1001620,0,+37.9761945,-122.3459994,Census Tract 3660.01; Contra Costa County; California,4690,2193,289,1563,129,0,2092,175,174,87778,1280,5,4690,350,350,1122,2625,6,13,366001,Contra Costa,1.0016216075091922,0.13178294573643412,0.00390625,0.15914272685818515,4682.40697369037,0,0,0.0,4422.83655636499,0.0,0.0
06,013,313102,06013313102,3131.02,Census Tract 3131.02,G5020,S,1949097,27064,+38.0054139,-121.8636983,Census Tract 3131.02; Contra Costa County; California,4796,2166,187,1720,143,49,2114,325,344,95707,1568,140,4796,748,1241,666,1859,6,13,313102,Contra Costa,1.9761616572557412,0.08633425669436749,0.08928571428571429,0.30886426592797783,2426.9269583239034,0,0,0.0,2575.1068553643054,0.0,0.0
06,013,314102,06013314102,3141.02,Census Tract 3141.02,G5020,S,4687850,875445,+38.0314112,-121.9170116,Census Tract 3141.02; Contra Costa County; California,6912,3622,341,2532,617,0,3520,783,209,93199,1923,145,6912,1093,598,1061,4031,6,13,314102,Contra Costa,5.56329272532633,0.09414688017669795,0.07540301612064483,0.27388183324130316,1242.429679914885,0,0,0.0,2823.484907928087,0.0,0.0
06,013,316000,06013316000,3160,Census Tract 3160,G5020,S,1507027,1370458,+38.0234589,-122.1383209,Census Tract 3160; Contra Costa County; California,1112,384,2,348,4,0,354,17,37,46528,561,77,1112,527,210,17,170,6,13,316000,Contra Costa,2.8774859830327277,0.005208333333333333,0.13725490196078433,0.140625,386.4484506812461,0,0,0.0,10294.792710304306,0.0,0.0
06,013,366002,06013366002,3660.02,Census Tract 3660.02,G5020,S,1036483,0,+37.9689923,-122.3509224,Census Tract 3660.02; Contra Costa County; California,6876,2936,188,1798,705,20,2769,407,164,77424,1806,226,6876,342,615,581,4588,6,13,366002,Contra Costa,1.0364839382673214,0.06403269754768393,0.12513842746400886,0.19448228882833787,6633.966766040323,0,0,0.0,3583.932981772438,0.0,0.0
06,013,367200,06013367200,3672,Census Tract 3672,G5020,S,1322255,0,+37.9660275,-122.3355517,Census Tract 3672; Contra Costa County; California,5869,2711,111,1930,359,56,2528,445,114,90941,1762,245,5869,292,755,1366,3158,6,13,367200,Contra Costa,1.322255008630255,0.040944300995942456,0.13904653802497163,0.20619697528587236,4438.62943357635,0,0,0.0,3592.49678668325,0.0,0.0
06,001,442700,06001442700,4427,Census Tract 4427,G5020,S,1234016,0,+37.5371513,-122.0081095,Census Tract 4427; Alameda County; California,3139,1366,53,833,160,14,1104,106,50,191760,1039,54,3139,946,33,1694,356,6,1,442700,Alameda,1.234015645576504,0.038799414348462666,0.0519730510105871,0.11420204978038068,2543.727878371859,0,0,0.0,3577.2234958514027,0.0,0.0
06,001,442800,06001442800,4428,Census Tract 4428,G5020,S,1278646,0,+37.5293619,-121.9931002,Census Tract 4428; Alameda County; California,3115,1570,59,982,134,0,1283,86,35,169310,922,3,3115,752,23,1763,484,6,1,442800,Alameda,1.2786473080726781,0.0375796178343949,0.0032537960954446853,0.07707006369426751,2436.1682696499633,0,0,0.0,3443.8982702722315,0.0,0.0
06,001,442900,06001442900,4429,Census Tract 4429,G5020,S,2066523,0,+37.5184093,-121.9748369,Census Tract 4429; Alameda County; California,7780,3639,159,2041,167,92,2554,275,53,172578,2290,68,7780,1178,401,4616,1050,6,1,442900,Alameda,2.066523496355376,0.043693322341302555,0.029694323144104803,0.09013465237702666,3764.7769375577855,0,0,0.0,3601.3456110817215,0.0,0.0
06,095,252204,06095252204,2522.04,Census Tract 2522.04,G5020,S,52839592,851127,+38.2395178,-122.1784603,Census Tract 2522.04; Solano County; California,5524,2310,14,1726,137,29,1910,321,56,161974,1662,22,5524,2431,559,1487,543,6,95,252204,Solano,53.690726035871585,0.006060606060606061,0.013237063778580024,0.1632034632034632,102.88555227041132,0,0,0.0,29588.707889073154,0.0,0.0
06,095,252203,06095252203,2522.03,Census Tract 2522.03,G5020,S,39811221,78902,+38.2685187,-122.1430770,Census Tract 2522.03; Solano County; California,4121,2238,75,1387,267,43,1816,256,56,134142,1498,79,4121,1699,183,1544,275,6,95,252203,Solano,39.89012032685419,0.03351206434316354,0.0527369826435247,0.13941018766756033,103.30878839755533,0,0,0.0,31871.98302694654,0.0,0.0
06,095,253501,06095253501,2535.01,Census Tract 2535.01,G5020,S,367197238,17247936,+38.2466064,-121.7607697,Census Tract 2535.01; Solano County; California,5982,1487,0,1000,169,0,1169,207,56,75402,3559,33,5982,3801,588,434,1037,6,95,253501,Solano,384.4451968173589,0.0,0.009272267490868222,0.1768661735036987,15.560085155237122,0,0,0.0,27845.347044614075,0.0,0.0
06,095,252205,06095252205,2522.05,Census Tract 2522.05,G5020,S,35360080,444610,+38.1513389,-122.1368881,Census Tract 2522.05; Solano County; California,8501,4291,89,3083,621,0,3861,658,206,156586,2233,49,8501,2296,775,3057,1601,6,95,252205,Solano,35.80467934707699,0.020741085993940808,0.0219435736677116,0.20135166627825682,237.42706693710417,0,0,0.0,19673.62867980205,0.0,0.0
06,095,252206,06095252206,2522.06,Census Tract 2522.06,G5020,S,18384355,50465,+38.1738614,-122.1668369,Census Tract 2522.06; Solano County; California,5955,2953,0,2029,224,12,2347,478,103,129914,1838,107,5955,1555,293,1496,1656,6,95,252206,Solano,18.434827694664076,0.0,0.05821545157780196,0.19674906874365053,323.02987034284365,0,0,0.0,22936.59193146486,0.0,0.0
06,095,253207,06095253207,2532.07,Census Tract 2532.07,G5020,S,4136566,12208,+38.3786708,-121.9871789,Census Tract 2532.07; Solano County; California,2539,1217,44,1086,21,2,1180,90,42,100357,966,0,2539,1545,111,157,699,6,95,253207,Solano,4.1487646724089124,0.036154478225143796,0.0,0.10846343467543139,611.989399371204,0,0,0.0,40203.596345387654,0.0,0.0
06,095,253502,06095253502,2535.02,Census Tract 2535.02,G5020,S,209950826,11633503,+38.1311499,-121.8217361,Census Tract 2535.02; Solano County; California,4559,1929,0,1624,187,33,1844,199,75,83856,1762,25,4559,2485,583,82,1301,6,95,253502,Solano,221.58434704691928,0.0,0.014188422247446084,0.14204250907205807,20.574557999056932,0,0,0.0,14744.135138314974,0.0,0.0
06,095,253208,06095253208,2532.08,Census Tract 2532.08,G5020,S,1568882,0,+38.3772973,-121.9802182,Census Tract 2532.08; Solano County; California,4842,2344,36,1729,378,0,2161,58,239,99643,1540,42,4842,1463,235,245,2814,6,95,253208,Solano,1.5688782687925724,0.015358361774744027,0.02727272727272727,0.12670648464163822,3086.2815148344566,0,0,0.0,39959.700956400266,0.0,0.0
06,001,443001,06001443001,4430.01,Census Tract 4430.01,G5020,S,768730,0,+37.5184218,-121.9515237,Census Tract 4430.01; Alameda County; California,2762,1293,28,893,61,41,1023,112,13,149803,834,26,2762,497,135,1023,888,6,1,443001,Alameda,0.768731733898845,0.02165506573859242,0.03117505995203837,0.09667440061871617,3592.930899303089,0,0,0.0,2087.2024182902715,0.0,0.0
06,001,443002,06001443002,4430.02,Census Tract 4430.02,G5020,S,1580322,0,+37.5168344,-121.9605916,Census Tract 4430.02; Alameda County; California,6599,2913,96,1950,113,11,2243,208,28,134309,1967,21,6599,1035,115,4032,1153,6,1,443002,Alameda,1.580318741919511,0.032955715756951595,0.010676156583629894,0.08101613456917267,4175.739883958233,0,0,0.0,2469.763152263409,0.0,0.0
06,001,443102,06001443102,4431.02,Census Tract 4431.02,G5020,S,2367415,0,+37.5072245,-121.9271486,Census Tract 4431.02; Alameda County; California,4816,1988,56,1218,83,38,1407,93,43,229008,1518,10,4816,509,0,3919,284,6,1,443102,Alameda,2.3674135532799347,0.028169014084507043,0.006587615283267457,0.06841046277665996,2034.2875850007995,0,0,5.6901717657402875,1208.5334439814535,0.0,0.0
06,001,443301,06001443301,4433.01,Census Tract 4433.01,G5020,S,1556745,0,+37.4707721,-121.9130472,Census Tract 4433.01; Alameda County; California,4399,1820,63,1168,72,38,1354,87,23,240927,1277,37,4399,791,45,3051,390,6,1,443301,Alameda,1.5567424393462557,0.03461538461538462,0.028974158183241974,0.06043956043956044,2825.772516259872,0,0,0.0,4205.5170731461685,0.0,0.0
06,001,444100,06001444100,4441,Census Tract 4441,G5020,S,2955571,60526,+37.5509780,-122.0361606,Census Tract 4441; Alameda County; California,7211,3575,265,2266,308,42,2943,308,69,158011,2601,159,7211,2084,477,2275,1791,6,1,444100,Alameda,3.0160985876755504,0.07412587412587412,0.06113033448673587,0.10545454545454545,2390.8369671554337,0,0,0.0,4699.3452825521745,0.0,0.0
06,001,444200,06001444200,4442,Census Tract 4442,G5020,S,2069720,0,+37.5425433,-122.0457280,Census Tract 4442; Alameda County; California,6782,3629,109,2311,485,100,3230,320,101,161307,2027,33,6782,1450,91,2821,2049,6,1,444200,Alameda,2.069723825761434,0.030035822540644807,0.016280217069560926,0.11600992008817856,3276.765680322088,0,0,0.0,5913.227564468804,0.0,0.0
06,001,444400,06001444400,4444,Census Tract 4444,G5020,S,1027755,0,+37.5362315,-122.0353380,Census Tract 4444; Alameda County; California,5367,2529,70,1515,411,57,2163,218,48,109107,1476,125,5367,790,154,1301,2880,6,1,444400,Alameda,1.027752976251894,0.0276789244760775,0.08468834688346884,0.1051799130090945,5222.071960883907,0,0,0.0,5689.713286396319,0.0,0.0
06,001,444500,06001444500,4445,Census Tract 4445,G5020,S,1959283,0,+37.5342653,-122.0273658,Census Tract 4445; Alameda County; California,6988,3104,132,2094,252,60,2555,277,140,148750,1944,14,6988,1287,322,1851,3099,6,1,444500,Alameda,1.9592802871378991,0.04252577319587629,0.00720164609053498,0.13434278350515463,3566.615785334121,0,0,0.0,5163.739560297226,0.0,0.0
06,001,450200,06001450200,4502,Census Tract 4502,G5020,S,1612601,0,+37.7224277,-121.9154123,Census Tract 4502; Alameda County; California,5272,2887,135,1953,49,0,2152,213,53,107111,2447,97,5272,2113,188,1839,486,6,1,450200,Alameda,1.6126027951218138,0.046761343955663316,0.039640375970576215,0.09213716660893662,3269.248953274796,0,0,0.0,2709.2653207249505,0.0,0.0
06,001,450300,06001450300,4503,Census Tract 4503,G5020,S,3133641,0,+37.7106517,-121.9177272,Census Tract 4503; Alameda County; California,5374,2710,206,1616,297,30,2219,331,113,136875,1879,103,5374,2542,337,1456,832,6,1,450300,Alameda,3.133632791014265,0.07601476014760147,0.05481639169771155,0.16383763837638377,1714.9424831811878,0,0,12.430672186555997,1527.3122936637867,0.0,0.0
